home_team,away_team,aerial_dominance_diff,attack_rating_diff,attacking_efficiency_diff,attacking_strength_diff,availability_pct_diff,availability_score_diff,available_squad_diff,avg_rating_diff,away_aerial_dominance,away_attack_rating,away_attacking_efficiency,away_attacking_strength,away_avg_rating,away_btts_rate,away_clean_sheet_rate,away_defence_rating,away_defensive_stability,away_defensive_strength,away_discipline_score,away_elo_momentum,away_expected_goals,away_fatigue_score,away_finishing_quality,away_formation_stability,away_goalkeeper_performance,away_goalkeeper_strength,away_group_position,away_implied_probability,away_injury_count,away_injury_impact,away_injury_market_value_loss,away_kaggle_attack_rating,away_kaggle_bench_strength,away_kaggle_defense_rating,away_kaggle_discipline_score,away_kaggle_starting_xi_strength,away_kaggle_suspension_risk,away_midfield_control,away_momentum_score,away_passing_dominance,away_passing_strength,away_player_availability_score,away_points,away_possession,away_pressing_intensity,away_pressing_strength,away_recent_form,away_red_cards,away_set_piece_strength,away_set_piece_threat,away_squad_availability,away_strength_of_schedule,away_substitution_impact,away_suspension_count,away_suspension_impact,away_tactical_stability,btts_rate_diff,clean_sheet_rate_diff,confidence_score,current_minute,current_score_diff,defence_rating_diff,defensive_stability_diff,defensive_strength_diff,discipline_score_diff,draw_implied_probability,elo_diff,elo_momentum_diff,expected_goals_diff,fatigue_score_diff,fifa_diff,finishing_quality_diff,form_diff,formation_stability_diff,gc_diff,goal_difference_diff,goalkeeper_performance_diff,goalkeeper_strength_diff,group_position_diff,gs_diff,h2h_factor,home_adv,home_aerial_dominance,home_attack_rating,home_attacking_efficiency,home_attacking_strength,home_avg_rating,home_btts_rate,home_clean_sheet_rate,home_defence_rating,home_defensive_stability,home_defensive_strength,home_discipline_score,home_elo_momentum,home_expected_goals,home_fatigue_score,home_finishing_quality,home_formation_stability,home_goalkeeper_performance,home_goalkeeper_strength,home_group_position,home_implied_probability,home_injury_count,home_injury_impact,home_injury_market_value_loss,home_kaggle_attack_rating,home_kaggle_bench_strength,home_kaggle_defense_rating,home_kaggle_discipline_score,home_kaggle_starting_xi_strength,home_kaggle_suspension_risk,home_midfield_control,home_momentum_score,home_passing_dominance,home_passing_strength,home_player_availability_score,home_points,home_possession,home_pressing_intensity,home_pressing_strength,home_recent_form,home_red_cards,home_set_piece_strength,home_set_piece_threat,home_squad_availability,home_strength_of_schedule,home_substitution_impact,home_suspension_count,home_suspension_impact,home_tactical_stability,inj_diff,injury_impact_diff,kaggle_attack_rating_diff,kaggle_bench_strength_diff,kaggle_defense_rating_diff,kaggle_discipline_score_diff,kaggle_starting_xi_strength_diff,kaggle_suspension_risk_diff,knockout_matches_diff,major_tournament_matches_diff,match_stage_weight,midfield_control_diff,missing_star_players_diff,momentum_score_diff,mv_diff,passing_dominance_diff,passing_strength_diff,points_diff,possession_diff,pressing_intensity_diff,pressing_strength_diff,recent_form_diff,red_card_diff,referee_strictness,set_piece_strength_diff,set_piece_threat_diff,squad_availability_diff,starting_xi_value_diff,strength_of_schedule_diff,substitution_impact_diff,susp_diff,suspension_impact_diff,tactical_stability_diff,time_remaining,world_cup_matches_played_diff,target
Brazil,France,0.0,0.0,0.0,0.0,-0.08620095165850628,-0.131,-116.1400000000001,0.0,0.0,0.0,0.0,0.0,0.0,0.0,0.0,0.0,0.5,0.5,1.0,0.0,1.471,1.0,0.5,0.5,0.0,0.0,1,0.333,0,0.0,0,0.7,1.0,0.512,0.9967,1.0,0.0115,0.542,0.5,0.562,0.0,0.957,9,40.9,1.0,0.0,0.5,0,0.0,0.0,0.951,1500.0,0.0,1,0.043,0.5,0.0,0.0,0.504,0,0,0.0,0.0,0.0,0.0,0.333,-103,0.0,3.3440000000000003,0.0,-3,0.0,0.0,0.0,0.0,-2,0.0,0.0,0,0.0,0.5,0,0.0,0.0,0.0,0.0,0.0,0.0,0.0,0.0,0.5,0.5,1.0,0.0,4.815,1.0,0.5,0.5,0.0,0.0,1,0.333,4,0.0,100.0,0.6844,1.0,0.3217,0.9746,1.0,0.1231,0.673,0.5,0.654,0.0,0.826,7,59.1,1.0,0.0,0.5,0,0.0,0.0,0.813,1500.0,0.0,0,0.0,0.5,-100.0,0.0,-0.015599999999999947,0.0,-0.19030000000000002,-0.02210000000000001,0.0,0.1116,0,0,3,0.131,0,0.0,-16.1400000000001,0.09199999999999997,0.0,-2,18.200000000000003,0.0,0.0,0.0,0,0.5,0.0,0.0,-0.138,55.0,0.0,0.0,0.0,-0.043,0.0,90,0,2
Brazil,Sweden,0.216,5.0,0.854,2.0,-0.08620095165850628,-0.08700000000000008,823.2599999999999,0.0,0.0,0.0,0.0,0.0,0.0,0.0,0.0,0.0,0.5,0.5,1.0,0.0,0.784,1.0,0.5,0.5,0.0,0.0,3,0.333,2,0.0,0.0,0.5369,0.9304,0.5667,0.9844,0.7194,0.0577,0.55,0.5,0.561,0.0,0.913,4,39.3,1.0,0.0,0.5,0,0.0,0.0,0.957,1500.0,0.0,0,0.0,0.5,1.0,0.0,0.673,0,0,2.0,-0.29300000000000004,-0.267,0.0,0.333,299,12.880677076445854,2.5570000000000004,-0.643,33,0.21899999999999997,2.0,0.5,2.0,6,0.0,0.317,2,5.0,0.5,0,0.216,5.0,0.854,2.0,0.0,1.0,0.0,2.0,0.207,0.233,1.0,12.880677076445854,3.341,0.357,0.719,1.0,0.0,0.317,1,0.333,4,0.0,100.0,0.6844,1.0,0.3217,0.9746,1.0,0.1231,0.682,1.0,0.643,0.669,0.826,7,60.7,1.0,0.95,1.0,0,0.0,0.0,0.813,2141.0,0.0,0,0.0,0.775,-100.0,0.0,0.14749999999999996,0.0696,-0.245,-0.009800000000000031,0.28059999999999996,0.0654,0,1,4,0.132,0,0.5,923.2599999999999,0.08199999999999996,0.669,3,21.400000000000006,0.0,0.95,0.5,0,0.5,0.0,0.0,-0.14400000000000002,693.2,641.0,0.0,0,0.0,0.275,90,1,2
Brazil,Mexico,0.186,5.0,0.881,2.0,-0.06405704004366741,-0.04400000000000004,854.74,0.0,0.0,0.0,0.0,0.0,0.0,0.0,0.0,0.0,0.5,0.5,1.0,0.0,0.896,1.0,0.5,0.5,0.0,0.0,1,0.333,3,0.0,4.65,0.4964,0.8192,0.3552,0.9812,0.2426,0.0231,0.614,0.5,0.602,0.0,0.87,9,46.3,1.0,0.0,0.5,0,0.0,0.0,0.93,1500.0,0.0,0,0.0,0.5,1.0,0.0,0.689,0,0,2.0,-0.252,-0.267,0.0,0.333,69,15.91505570219162,1.464,0.0,3,0.31399999999999995,2.0000000000000004,0.5,2.0,0,0.0,0.317,0,5.000000000000001,0.5,0,0.186,5.0,0.881,2.0,0.0,1.0,0.0,2.0,0.248,0.233,1.0,15.91505570219162,2.36,1.0,0.814,1.0,0.0,0.317,1,0.333,4,0.0,100.0,0.6844,1.0,0.3217,0.9746,1.0,0.1231,0.701,1.0,0.672,0.676,0.826,7,53.7,1.0,0.919,1.0,0,0.0,0.0,0.813,1940.0,0.0,0,0.0,0.925,-95.35,0.0,0.188,0.18079999999999996,-0.03350000000000003,-0.006599999999999939,0.7574,0.1,0,2,0,0.08699999999999997,0,0.5,950.0899999999999,0.07000000000000006,0.676,-2,7.400000000000006,0.0,0.919,0.5,0,0.5,0.0,0.0,-0.1170000000000001,711.45,440.0,0.0,0,0.0,0.42500000000000004,90,2,2
Brazil,England,0.144,3.894117555502952,0.852,2.0,0.09044958188355234,-0.04400000000000004,-86.5,0.0,0.0,0.0,0.0,0.0,0.0,0.0,0.0,0.0,0.5,0.5,1.0,0.0,1.538,1.0,0.5,0.5,0.0,0.0,1,0.333,3,0.0,246.0,0.7047,1.0,0.4644,0.9905,1.0,0.0346,0.679,0.5,0.658,0.0,0.87,7,46.7,0.967,0.0,0.5,0,0.0,0.0,0.78,1500.0,0.0,0,0.0,0.5,0.75,0.25,0.679,0,0,1.159837519345646,-0.134,-0.017000000000000015,0.0,0.333,-18,24.67123213843133,-0.671,-0.714,-1,0.252,2.0,0.5,1.1318035090763794,2,0.0,0.417,0,3.8622946782652114,0.5,0,0.144,3.894117555502952,0.852,2.0,0.0,0.75,0.25,1.159837519345646,0.366,0.483,1.0,24.67123213843133,0.867,0.286,0.752,1.0,0.0,0.417,1,0.333,4,0.0,100.0,0.6844,1.0,0.3217,0.9746,1.0,0.1231,0.724,1.0,0.685,0.687,0.826,7,53.3,0.867,0.894,1.0,0,0.0,0.0,0.813,1828.75,0.0,0,0.0,0.786,146.0,0.0,-0.020299999999999985,0.0,-0.1427,-0.015900000000000025,0.0,0.0885,0,4,0,0.04499999999999993,-2,0.5,-232.5,0.027000000000000024,0.687,0,6.599999999999994,-0.09999999999999998,0.894,0.5,0,0.5,0.0,0.0,0.03299999999999992,-58.0,328.75,0.0,0,0.0,0.28600000000000003,90,4,2
Brazil,Uruguay,0.089,3.2924964872664475,0.808,1.887,-0.08620095165850628,-0.08700000000000008,890.0999999999999,0.0,0.0,0.0,0.0,0.0,0.0,0.0,0.0,0.0,0.5,0.5,1.0,0.0,0.842,1.0,0.5,0.5,0.0,0.0,3,0.333,2,0.0,0.0,0.7259,0.8405,0.3833,0.9778,0.4614,0.0577,0.589,0.5,0.594,0.0,0.913,2,46.7,1.0,0.0,0.5,0,0.0,0.0,0.957,1500.0,0.0,0,0.0,0.5,0.7142857142857143,0.2857142857142857,0.679,0,0,1.3107016755072605,-0.06,0.08699999999999997,0.0,0.333,208,38.879547221433896,0.5750000000000001,-0.786,25,0.22399999999999998,2.0,0.30000000000000004,1.200471285591168,7,0.0,0.463,2,2.9308447995882414,0.5,0,0.089,3.2924964872664475,0.808,1.887,0.0,0.7142857142857143,0.2857142857142857,1.3107016755072605,0.44,0.587,1.0,38.879547221433896,1.417,0.214,0.724,0.8,0.0,0.463,1,0.333,4,0.0,100.0,0.6844,1.0,0.3217,0.9746,1.0,0.1231,0.719,1.0,0.718,0.713,0.826,7,53.3,1.0,0.834,0.962,0,0.0,0.0,0.813,1753.8,0.0,0,0.0,0.697,-100.0,0.0,-0.04149999999999998,0.15949999999999998,-0.06159999999999999,-0.0031999999999999806,0.5386,0.0654,0,7,3,0.13,0,0.5,990.0999999999999,0.124,0.713,5,6.599999999999994,0.0,0.834,0.46199999999999997,0,0.5,0.0,0.0,-0.14400000000000002,742.54,253.79999999999995,0.0,0,0.0,0.19699999999999995,90,7,2
Netherlands,Sweden,-0.192,-2.0,-0.694,-0.692,0.0,0.04399999999999993,403.1600000000002,0.0,0.192,2.0,0.694,0.692,0.0,1.0,0.0,5.0,0.0,0.0,1.0,-3.0343786257457657,0.686,1.0,1.0,1.0,0.0,0.25,3,0.333,2,0.0,0.0,0.5369,0.9304,0.5667,0.9844,0.7194,0.0577,0.487,0.0,0.52,0.55,0.913,4,36.8,1.0,0.85,0.0,0,0.0,0.0,0.957,2038.0,0.0,0,0.0,0.775,-1.0,0.0,0.521,0,0,-5.0,0.5,0.5,0.0,0.333,219,3.0343786257457657,1.887,0.0,28,-0.5,1.0,-0.5,-5.0,6,0.0,-0.25,2,-2.0,0.5,0,0.0,0.0,0.0,0.0,0.0,0.0,0.0,0.0,0.5,0.5,1.0,0.0,2.573,1.0,0.5,0.5,0.0,0.0,1,0.333,1,0.0,0.0,0.5837,1.0,0.4972,0.9877,1.0,0.0462,0.697,0.5,0.692,0.0,0.957,7,63.2,0.933,0.0,0.5,0,0.0,0.0,0.978,1500.0,0.0,0,0.0,0.5,0.0,0.0,0.04679999999999995,0.0696,-0.0695,0.0032999999999999696,0.28059999999999996,-0.011500000000000003,0,-1,0,0.20999999999999996,0,0.5,403.1600000000002,0.17199999999999993,-0.55,3,26.400000000000006,-0.06699999999999995,-0.85,0.5,0,0.5,0.0,0.0,0.02100000000000002,347.29,-538.0,0.0,0,0.0,-0.275,90,-1,1
Netherlands,Argentina,0.204,0.0,0.393,2.0,0.0,-0.04300000000000004,-63.4399999999996,0.0,0.0,0.0,0.0,0.0,0.0,0.0,0.0,0.0,0.5,0.5,1.0,0.0,0.132,1.0,0.5,0.5,0.0,0.0,1,0.333,0,0.0,0,0.5536,1.0,0.3083,0.9917,1.0,0.0231,0.6,0.5,0.594,0.0,1.0,9,43.6,1.0,0.0,0.5,0,0.0,0.0,1.0,1500.0,0.0,0,0.0,0.5,0.0,1.0,0.689,0,0,0.0,0.31799999999999995,0.5,0.0,0.333,-157,-5.582812416389391,2.335,-0.5,-7,-0.36,0.0,0.5,0.0,-1,0.0,0.65,0,0.0,0.5,0,0.204,0.0,0.393,2.0,0.0,0.0,1.0,0.0,0.818,1.0,1.0,-5.582812416389391,2.467,0.5,0.14,1.0,0.0,0.65,1,0.333,1,0.0,0.0,0.5837,1.0,0.4972,0.9877,1.0,0.0462,0.739,0.5,0.706,0.693,0.957,7,56.4,1.0,0.79,0.542,0,0.0,0.0,0.978,1739.0,0.0,0,0.0,0.775,0.0,0.0,0.030100000000000016,0.0,0.18889999999999996,-0.0040000000000000036,0.0,0.0231,0,1,0,0.139,0,0.0,-63.4399999999996,0.11199999999999999,0.693,-2,12.799999999999997,0.0,0.79,0.04200000000000004,0,0.5,0.0,0.0,-0.02200000000000002,-45.059999999999945,239.0,0.0,0,0.0,0.275,90,1,2
Netherlands,Brazil,0.07300000000000001,-1.2860265589998678,-0.17000000000000004,-0.15300000000000002,0.08620095165850628,0.131,-420.0999999999997,0.0,0.055,3.3781953450583533,0.798,1.858,0.0,0.7777777777777778,0.2222222222222222,1.2019913760444978,0.374,0.48,1.0,48.42942631923849,0.963,1.0,0.847,0.8,0.0,0.41,1,0.333,4,0.0,100.0,0.6844,1.0,0.3217,0.9746,1.0,0.1231,0.655,1.0,0.63,0.721,0.826,7,53.8,0.833,0.788,0.943,0,0.0,0.0,0.813,1801.4,0.0,0,0.0,0.804,-0.7777777777777778,0.7777777777777778,0.507,0,0,-1.2019913760444978,0.485,0.52,0.0,0.333,-80,-38.52484041969504,-0.20899999999999996,-0.786,-5,-0.19599999999999995,-0.5386149983554755,0.19999999999999996,-1.2207514959349464,0,0.0,0.24000000000000005,0,-1.102033858124717,0.5,0,0.128,2.0921687860584854,0.628,1.705,0.0,0.0,1.0,0.0,0.859,1.0,1.0,9.904585899543452,0.754,0.214,0.651,1.0,0.0,0.65,1,0.333,1,0.0,0.0,0.5837,1.0,0.4972,0.9877,1.0,0.0462,0.648,0.875,0.644,0.734,0.957,7,46.2,1.0,0.855,0.889,0,0.0,0.0,0.978,1780.6666666666667,0.0,0,0.0,0.963,100.0,0.0,-0.10070000000000001,0.0,0.1755,0.0131,0.0,-0.0769,0,-6,0,-0.007000000000000006,0,-0.125,-520.0999999999997,0.014000000000000012,0.013000000000000012,0,-7.599999999999994,0.16700000000000004,0.06699999999999995,-0.05399999999999994,0,0.5,0.0,0.0,0.16500000000000004,-345.90999999999997,-20.73333333333335,0.0,0,0.0,0.15899999999999992,90,-6,2
Netherlands,Germany,-0.0059999999999999915,2.06371420312246,0.329,-0.4770000000000001,0.10654307669769736,0.04399999999999993,-30.889999999999645,0.0,0.12,0.0,0.286,2.0,0.0,0.0,0.0,1.0,0.339,0.467,1.0,-18.36336350489696,1.41,1.0,0.107,1.0,0.0,0.383,1,0.333,2,0.0,80.0,0.7408,1.0,0.3347,0.9877,1.0,0.0462,0.578,0.0,0.59,0.71,0.913,6,45.0,0.733,0.792,0.248,0,0.0,0.0,0.849,1488.0,0.0,0,0.0,0.775,0.0,1.0,0.566,0,0,-1.0,0.5009999999999999,0.5329999999999999,0.0,0.333,50,40.530685807503275,0.619,-0.714,4,0.651,2.6386856562472927,0.0,-1.0,0,0.0,0.267,0,2.079995992269681,0.5,0,0.114,2.06371420312246,0.615,1.523,0.0,0.0,1.0,0.0,0.84,1.0,1.0,22.167322302606312,2.029,0.286,0.758,1.0,0.0,0.65,1,0.333,1,0.0,0.0,0.5837,1.0,0.4972,0.9877,1.0,0.0462,0.68,0.935,0.68,0.713,0.957,7,55.0,0.967,0.854,0.888,0,0.0,0.0,0.978,1845.0,0.0,0,0.0,0.975,80.0,0.0,-0.15710000000000002,0.0,0.16249999999999998,0.0,0.0,0.0,0,3,4,0.10200000000000009,0,0.935,-110.88999999999965,0.09000000000000008,0.0030000000000000027,1,10.0,0.23399999999999999,0.061999999999999944,0.64,0,0.5,0.0,0.0,0.129,-52.819999999999936,357.0,0.0,0,0.0,0.19999999999999996,90,3,0
Argentina,England,0.048,0.0,-0.13100000000000003,-1.603,0.08823962682914166,0.0,-505.35000000000014,0.0,0.06,0.0,0.28,1.819,0.0,0.0,0.0,1.0,0.363,0.467,1.0,-10.51761861782338,0.885,1.0,0.143,1.0,0.0,0.383,1,0.333,3,0.0,246.0,0.7047,1.0,0.4644,0.9905,1.0,0.0346,0.563,0.0,0.599,0.681,0.87,7,48.3,1.0,0.8,0.243,0,0.0,0.0,0.78,2038.0,0.0,0,0.0,0.775,0.0,0.0,0.342,0,0,3.0,-0.359,-0.467,0.0,0.333,59,-3.7168318690317257,0.73,0.0,1,0.05700000000000002,0.0,0.0,3.0,3,0.0,-0.133,0,0.0,0.5,0,0.108,0.0,0.149,0.216,0.0,0.0,0.0,4.0,0.004,0.0,1.0,-14.234450486855106,1.615,1.0,0.2,1.0,0.0,0.25,1,0.333,3,0.0,62.19,0.5536,1.0,0.3083,0.9917,1.0,0.0231,0.622,0.0,0.651,0.592,0.87,9,51.7,0.5,0.828,0.0,0,0.0,0.0,0.818,1958.0,0.0,0,0.0,0.775,183.81,0.0,-0.1511,0.0,-0.15609999999999996,0.0011999999999999789,0.0,-0.0115,0,0,2,0.05900000000000005,-2,0.0,-689.1600000000001,0.052000000000000046,-0.08900000000000008,2,3.4000000000000057,-0.5,0.027999999999999914,-0.243,0,0.5,0.0,0.0,0.03799999999999992,-371.78,-80.0,0.0,0,0.0,0.0,90,0,2
Argentina,Belgium,0.114,1.0748596906874992,0.383,0.887,-0.08841090671291696,-0.04300000000000004,101.22999999999968,0.0,0.0,0.0,0.0,0.0,0.0,0.0,0.0,0.0,0.5,0.5,1.0,0.0,1.034,1.0,0.5,0.5,0.0,0.0,1,0.333,2,0.0,0.0,0.5694,1.0,0.3031,0.9754,0.6806,0.0462,0.622,0.5,0.619,0.0,0.913,5,50.8,0.733,0.0,0.5,0,0.0,0.0,0.957,1500.0,0.0,0,0.0,0.5,0.5,0.0,0.541,0,0,2.387710463968751,-0.359,-0.383,0.0,0.333,231,-5.916469663128666,0.788,-0.786,13,0.16800000000000004,0.6495019919374339,0.0,2.350498008062566,3,0.0,0.283,0,1.099667994624956,0.5,0,0.114,1.0748596906874992,0.383,0.887,0.0,0.5,0.0,2.387710463968751,0.141,0.117,1.0,-5.916469663128666,1.822,0.214,0.668,0.5,0.0,0.283,1,0.333,3,0.0,62.19,0.5536,1.0,0.3083,0.9917,1.0,0.0231,0.683,0.583,0.687,0.6,0.87,9,49.2,0.967,0.73,0.339,0,0.0,0.0,0.818,2007.0,0.0,0,0.0,0.275,-62.19,0.0,-0.015800000000000036,0.0,0.005200000000000038,0.01629999999999998,0.3194,-0.0231,0,2,3,0.061000000000000054,0,0.08299999999999996,163.41999999999973,0.06800000000000006,0.6,4,-1.5999999999999943,0.23399999999999999,0.73,-0.16099999999999998,0,0.5,0.0,0.0,-0.139,101.08000000000004,507.0,0.0,0,0.0,-0.22499999999999998,90,2,2
Argentina,Germany,-0.07400000000000001,0.35561445060263974,0.046999999999999986,-0.4079999999999999,0.0181321699847804,-0.04300000000000004,-29.6400000000001,0.0,0.162,1.0748596906874992,0.429,1.603,0.0,0.5,0.0,1.0,0.281,0.467,1.0,-6.934101156729332,1.461,1.0,0.434,1.0,0.0,0.383,1,0.333,2,0.0,80.0,0.7408,1.0,0.3347,0.9877,1.0,0.0462,0.575,0.583,0.618,0.638,0.913,6,51.1,0.867,0.755,0.504,0,0.0,0.0,0.849,1723.0,0.0,0,0.0,0.862,-0.16666666666666669,0.3333333333333333,0.44,0,0,0.4698990398038956,0.07099999999999995,-0.05600000000000005,0.0,0.333,207,5.201669437655903,-0.14900000000000002,-0.714,11,0.25599999999999995,0.5425755105293528,-0.667,0.4061629189998581,1,0.0,0.02300000000000002,0,0.3617170070195681,0.5,0,0.088,1.430474141290139,0.476,1.195,0.0,0.3333333333333333,0.3333333333333333,1.4698990398038956,0.352,0.411,1.0,-1.7324317190734284,1.312,0.286,0.69,0.333,0.0,0.406,1,0.333,3,0.0,62.19,0.5536,1.0,0.3083,0.9917,1.0,0.0231,0.574,0.75,0.61,0.626,0.87,9,48.9,0.8,0.755,0.54,0,0.0,0.0,0.818,1966.0,0.0,0,0.0,0.408,17.810000000000002,0.0,-0.18720000000000003,0.0,-0.02639999999999998,0.0040000000000000036,0.0,-0.0231,0,1,3,-0.0010000000000000009,0,0.16700000000000004,-47.450000000000045,-0.008000000000000007,-0.01200000000000001,3,-2.200000000000003,-0.06699999999999995,0.0,0.03600000000000003,0,0.5,0.0,0.0,-0.031000000000000028,-20.68999999999994,243.0,0.0,0,0.0,-0.454,90,1,2
Brazil,Argentina,-0.07100000000000001,0.8574659606078885,0.19500000000000006,0.623,0.002209955054410684,-0.04400000000000004,418.85000000000014,0.0,0.117,1.915022171341853,0.574,1.185,0.0,0.5,0.25,1.6335531615669363,0.316,0.367,1.0,2.9270699180261417,1.023,1.0,0.865,0.5,0.0,0.383,1,0.333,3,0.0,62.19,0.5536,1.0,0.3083,0.9917,1.0,0.0231,0.534,0.87,0.568,0.609,0.87,9,35.9,0.9,0.752,0.605,0,0.0,0.0,0.818,1951.5,0.0,0,0.0,0.575,0.19999999999999996,-0.04999999999999999,0.557,0,0,-0.2884795980581205,-0.027000000000000024,-0.03999999999999998,0.0,0.333,-77,33.23961999814948,0.754,0.0,-2,-0.08099999999999996,-0.3183196632780705,0.5,-0.028647269926530772,-1,0.0,-0.03999999999999998,0,0.5640058869397135,0.5,0,0.046,2.7724881319497414,0.769,1.808,0.0,0.7,0.2,1.3450735635088158,0.289,0.327,1.0,36.16668991617562,1.777,1.0,0.784,1.0,0.0,0.343,1,0.333,4,0.0,100.0,0.6844,1.0,0.3217,0.9746,1.0,0.1231,0.73,0.65,0.715,0.706,0.826,7,64.1,1.0,0.785,0.82,0,0.0,0.0,0.813,1781.8,0.0,0,0.0,0.832,-37.81,0.0,0.13080000000000003,0.0,0.013399999999999967,-0.017100000000000004,0.0,0.1,0,6,0,0.19599999999999995,0,-0.21999999999999997,456.6600000000001,0.14700000000000002,0.09699999999999998,-2,28.199999999999996,0.09999999999999998,0.03300000000000003,0.21499999999999997,0,0.5,0.0,0.0,-0.0050000000000000044,313.78,-169.70000000000005,0.0,0,0.0,0.257,90,6,0
Belgium,Sweden,-0.18,0.7095139108948706,0.02300000000000002,0.824,0.0,0.0,303.18000000000006,0.0,0.3,0.8323902585822206,0.352,0.743,0.0,0.5,0.3333333333333333,1.112654726881824,0.34,0.68,1.0,19.59150210208607,0.0,0.5,0.633,1.0,0.0,0.49,0,0.333,2,0.0,0.0,0.5369,0.9304,0.5667,0.9844,0.7194,0.0577,0.487,0.565,0.0,0.474,0.913,0,0.0,1.0,0.9,0.325,0,0.0,0.0,0.957,1930.8,0.0,0,0.0,0.775,0.09999999999999998,-0.1333333333333333,0.547,0,0,0.2645719657748724,-0.05500000000000005,-0.24700000000000005,0.0,0.333,145,-8.878664105683669,0.0,0.0,22,0.08499999999999996,0.028528021718585483,0.0,0.736689696690421,0,0.0,-0.09299999999999997,0,0.8711487519141583,0.5,1,0.12,1.5419041694770912,0.375,1.567,0.0,0.6,0.2,1.3772266926566965,0.285,0.433,1.0,10.712837996402403,0.0,0.5,0.718,1.0,0.0,0.397,0,0.333,2,0.0,0.0,0.5694,1.0,0.3031,0.9754,0.6806,0.0462,0.622,0.585,0.0,0.612,0.913,0,0.0,0.733,0.719,0.384,0,0.0,0.0,0.957,1964.8,0.0,0,0.0,0.775,0.0,0.0,0.03249999999999997,0.0696,-0.2636,-0.009000000000000008,-0.03880000000000006,-0.011500000000000003,0,-1,0,0.135,0,0.020000000000000018,303.18000000000006,0.0,0.138,0,0.0,-0.267,-0.18100000000000005,0.059,0,0.5,0.0,0.0,0.0,278.34,34.0,0.0,0,0.0,0.0,90,-1,2
Netherlands,Czechia,0.0,-0.9161544426224786,-0.09500000000000003,0.0,0.04216989406922611,0.0,498.0200000000002,0.0,0.0,2.7601472200601753,0.275,0.0,0.0,1.0,0.0,2.0111454875650394,0.383,0.233,1.0,8.305514580173687,0.0,0.571,0.0,0.5,0.0,0.067,0,0.333,1,0.0,6.25,0.4928,0.7284,0.4347,0.9957,0.2866,0.0115,0.0,0.489,0.0,0.0,0.957,0,0.0,0.0,0.0,0.547,0,0.0,0.0,0.945,1753.75,0.0,0,0.0,0.5,-0.5,0.5,0.542,0,0,-1.1810789221660978,0.15400000000000003,0.29400000000000004,0.0,0.333,286,9.775545307537469,0.0,-0.07099999999999995,52,0.0,0.8303025154913366,0.0,-1.0545162067672083,0,0.0,0.10599999999999998,0,-0.8573560517638756,0.5,1,0.0,1.8439927774376967,0.18,0.0,0.0,0.5,0.5,0.8300665653989416,0.537,0.527,1.0,18.081059887711156,0.0,0.5,0.0,0.5,0.0,0.173,0,0.333,1,0.0,0.0,0.5837,1.0,0.4972,0.9877,1.0,0.0462,0.0,0.84,0.0,0.0,0.957,0,0.0,0.0,0.0,0.667,0,0.0,0.0,0.978,1772.2,0.0,0,0.0,0.5,6.25,0.0,0.09089999999999998,0.27159999999999995,0.0625,-0.008000000000000007,0.7134,0.034699999999999995,0,5,0,0.0,0,0.351,491.7700000000002,0.0,0.0,0,0.0,0.0,0.0,0.12,0,0.5,0.0,0.0,0.03300000000000003,420.09000000000003,18.450000000000045,0.0,0,0.0,0.0,90,5,2
Portugal,England,-0.3,0.4042224167206556,-0.29000000000000004,-1.042,0.06858746040405816,0.04300000000000004,-349.0100000000001,0.0,0.3,1.1762100177493633,0.44,1.042,0.0,0.5,0.3333333333333333,0.7771243245495992,0.43,0.633,1.0,-14.822885390206768,0.0,0.643,0.833,1.0,0.0,0.477,0,0.333,3,0.0,246.0,0.7047,1.0,0.4644,0.9905,1.0,0.0346,0.563,0.76,0.0,0.549,0.87,0,0.0,1.0,0.812,0.481,0,0.0,0.0,0.78,1855.8,0.0,0,0.0,0.775,0.0,-0.08333333333333331,0.342,0,0,0.17987308632413146,0.12400000000000005,-0.09099999999999997,0.0,0.333,-95,9.758291119539379,0.0,0.07099999999999995,-5,-0.833,-0.08408160388711239,-0.5,0.2036403048194637,0,0.0,-0.294,0,0.24533725771365011,0.5,1,0.0,1.580432434470019,0.15,0.0,0.0,0.5,0.25,0.9569974108737307,0.554,0.542,1.0,-5.0645942706673885,0.0,0.714,0.0,0.5,0.0,0.183,0,0.333,2,0.0,96.63,0.5771,1.0,0.6682,0.983,1.0,0.0462,0.0,0.663,0.0,0.0,0.913,0,0.0,0.0,0.0,0.573,0,0.0,0.0,0.833,1818.0,0.0,0,0.0,0.5,149.37,0.0,-0.12760000000000005,0.0,0.20380000000000004,-0.007500000000000062,0.0,0.0116,0,-2,0,-0.563,-1,-0.09699999999999998,-498.3800000000001,0.0,-0.549,0,0.0,-1.0,-0.812,0.09199999999999997,0,0.5,0.0,0.0,0.052999999999999936,-319.32000000000005,-37.799999999999955,0.0,0,0.0,-0.275,90,-2,2
Spain,Norway,0.0,-0.027855636147188223,0.0,0.0,0.07050475729721017,0.04300000000000004,541.8000000000002,0.0,0.0,1.344863060727914,0.14,0.0,0.0,0.2,0.6,0.7278029305577601,0.693,0.693,1.0,4.638357308283209,0.0,0.714,0.0,0.5,0.0,0.267,0,0.333,3,0.0,21.86,0.5445,1.0,0.3698,0.9935,1.0,0.0231,0.0,0.74,0.0,0.0,0.87,0,0.0,0.0,0.0,0.621,0,0.0,0.0,0.886,1831.0,0.0,0,0.0,0.5,0.0,0.20000000000000007,0.513,0,0,-0.5005812554229523,0.12,0.20000000000000007,0.0,0.333,224,-15.851705668403703,0.0,-0.285,10,0.0,0.1071058594670955,0.0,-0.4644232064505825,0,0.0,0.07999999999999996,0,-0.036242624681284585,0.5,1,0.0,1.3170074245807257,0.14,0.0,0.0,0.2,0.8,0.22722167513480787,0.813,0.893,1.0,-11.213348360120493,0.0,0.429,0.0,0.5,0.0,0.347,0,0.333,2,0.0,0.0,0.7433,1.0,0.7002,0.9915,1.0,0.0231,0.0,0.815,0.0,0.0,0.913,0,0.0,0.0,0.0,0.692,0,0.0,0.0,0.957,1711.2,0.0,0,0.0,0.5,21.86,0.0,0.19879999999999998,0.0,0.3304,-0.0020000000000000018,0.0,0.0,0,0,0,0.0,0,0.07499999999999996,519.94,0.0,0.0,0,0.0,0.0,0.0,0.07099999999999995,0,0.5,0.0,0.0,0.07099999999999995,464.67999999999995,-119.79999999999995,0.0,0,0.0,0.0,90,0,0
Czechia,France,0.0,-0.2483067838043791,0.0,0.0,0.15318471646281717,0.131,-804.48,0.0,0.0,2.2797919115650487,0.22,0.0,0.0,0.3333333333333333,0.6666666666666666,0.9021523956593591,0.797,0.847,1.0,-1.4382864223997966,0.0,0.357,0.0,0.5,0.0,0.333,0,0.333,3,0.0,229.78,0.7,1.0,0.512,0.9967,1.0,0.0115,0.0,1.0,0.0,0.0,0.826,0,0.0,0.0,0.0,0.863,0,0.0,0.0,0.758,1771.4,0.0,1,0.043,0.5,0.46666666666666673,-0.6666666666666666,0.422,0,0,0.8420568280594778,-0.397,-0.567,0.0,0.333,-469,6.51173915031235,0.0,0.0,-60,0.0,-1.9511917679376363,0.0,1.3428201109209479,0,0.0,-0.253,0,-0.3818371868005015,0.5,1,0.0,2.0314851277606696,0.22,0.0,0.0,0.8,0.0,1.744209223718837,0.4,0.28,1.0,5.073452727912553,0.0,0.357,0.0,0.5,0.0,0.08,0,0.333,1,0.0,6.25,0.4928,0.7284,0.4347,0.9957,0.2866,0.0115,0.0,0.32,0.0,0.0,0.957,0,0.0,0.0,0.0,0.475,0,0.0,0.0,0.945,1794.6,0.0,0,0.0,0.5,223.53,0.0,-0.20719999999999994,-0.27159999999999995,-0.07730000000000004,-0.0010000000000000009,-0.7134,0.0,0,-1,0,0.0,-1,-0.6799999999999999,-1028.01,0.0,0.0,0,0.0,0.0,0.0,-0.388,0,0.5,0.0,0.0,0.18699999999999994,-566.0,23.199999999999818,0.0,0.0,-0.043,0.0,90,-1,0
England,Germany,0.0,-1.1444244659209057,-0.14,0.0,-0.07010745684436126,-0.04300000000000004,475.71000000000004,0.0,0.0,2.4971519994490428,0.28,0.0,0.0,0.8888888888888888,0.0,1.542875803986359,0.433,0.373,1.0,-23.462727498273686,0.0,0.357,0.0,0.5,0.0,0.107,0,0.333,2,0.0,80.0,0.7408,1.0,0.3347,0.9877,1.0,0.0462,0.0,0.725,0.0,0.0,0.913,0,0.0,0.0,0.0,0.637,0,0.0,0.0,0.849,1598.8,0.0,0,0.0,0.5,-0.31746031746031744,0.2857142857142857,0.498,0,0,-0.2894450171469709,0.174,0.21399999999999997,0.0,0.333,148,-4.028311893356431,0.0,0.0,10,0.0,-0.286763726302377,0.0,-0.17455302550480267,0,0.0,0.106,0,-1.4430046855457856,0.5,1,0.0,1.352727533528137,0.14,0.0,0.0,0.5714285714285714,0.2857142857142857,1.2534307868393881,0.607,0.587,1.0,-27.491039391630117,0.0,0.357,0.0,0.5,0.0,0.213,0,0.333,3,0.0,246.0,0.7047,1.0,0.4644,0.9905,1.0,0.0346,0.0,0.55,0.0,0.0,0.87,0,0.0,0.0,0.0,0.542,0,0.0,0.0,0.78,1825.0,0.0,0,0.0,0.5,-166.0,0.0,-0.03610000000000002,0.0,0.12969999999999998,0.0028000000000000247,0.0,-0.0116,0,-1,0,0.0,2,-0.17499999999999993,641.71,0.0,0.0,0,0.0,0.0,0.0,-0.09499999999999997,0,0.5,0.0,0.0,-0.06899999999999995,351.09000000000003,226.20000000000005,0.0,0,0.0,0.0,90,-1,2
Portugal,Germany,0.0,-0.31843079533024166,-0.08000000000000002,0.0,-0.0015199964403030952,0.0,126.69999999999993,0.0,0.0,2.049415020441172,0.26,0.0,0.0,0.8,0.0,1.4455386885416648,0.433,0.373,1.0,-29.443179526071525,0.0,0.214,0.0,0.5,0.0,0.107,0,0.333,2,0.0,80.0,0.7408,1.0,0.3347,0.9877,1.0,0.0462,0.0,0.485,0.0,0.0,0.913,0,0.0,0.0,0.0,0.592,0,0.0,0.0,0.849,1633.2,0.0,0,0.0,0.5,-0.30000000000000004,0.3333333333333333,0.542,0,0,-0.5024549246563129,0.174,0.21399999999999997,0.0,0.333,53,39.39997331588866,0.0,0.0,5,0.0,1.1154204288475194,0.0,-0.4364283931441052,0,0.0,0.106,0,-0.5480756429248801,0.5,1,0.0,1.7309842251109304,0.18,0.0,0.0,0.5,0.3333333333333333,0.9430837638853519,0.607,0.587,1.0,9.956793789817134,0.0,0.214,0.0,0.5,0.0,0.213,0,0.333,2,0.0,96.63,0.5771,1.0,0.6682,0.983,1.0,0.0462,0.0,0.88,0.0,0.0,0.913,0,0.0,0.0,0.0,0.7,0,0.0,0.0,0.833,1811.0,0.0,0,0.0,0.5,-16.629999999999995,0.0,-0.16370000000000007,0.0,0.3335,-0.0047000000000000375,0.0,0.0,0,-3,0,0.0,1,0.395,143.32999999999993,0.0,0.0,0,0.0,0.0,0.0,0.10799999999999998,0,0.5,0.0,0.0,-0.016000000000000014,31.769999999999982,177.79999999999995,0.0,0,0.0,0.0,90,-3,2
Netherlands,France,0.0,-0.3041606144217752,-0.06,0.0,0.19535461053204328,0.131,-306.4599999999998,0.0,0.0,2.219839527791789,0.24,0.0,0.0,0.42857142857142855,0.5714285714285714,0.9231186812603649,0.71,0.74,1.0,-0.17856084816164142,0.0,0.357,0.0,0.5,0.0,0.28,0,0.333,3,0.0,229.78,0.7,1.0,0.512,0.9967,1.0,0.0115,0.0,1.0,0.0,0.0,0.826,0,0.0,0.0,0.0,0.863,0,0.0,0.0,0.758,1764.8,0.0,1,0.043,0.5,-0.011904761904761862,0.011904761904761973,0.506,0,0,-0.350794829195469,0.017000000000000015,0.04700000000000004,0.0,0.333,-183,19.59428856905044,0.0,0.0,-8,0.0,-0.2577024961716834,0.0,-0.2519195218904434,0,0.0,0.012999999999999956,0,-0.4056591286393594,0.5,1,0.0,1.9156789133700136,0.18,0.0,0.0,0.4166666666666667,0.5833333333333334,0.5723238520648959,0.727,0.787,1.0,19.4157277208888,0.0,0.357,0.0,0.5,0.0,0.293,0,0.333,1,0.0,0.0,0.5837,1.0,0.4972,0.9877,1.0,0.0462,0.0,0.96,0.0,0.0,0.957,0,0.0,0.0,0.0,0.771,0,0.0,0.0,0.978,1716.4,0.0,0,0.0,0.5,229.78,0.0,-0.11629999999999996,0.0,-0.014800000000000035,-0.009000000000000008,0.0,0.034699999999999995,0,4,0,0.0,-1,-0.040000000000000036,-536.2399999999998,0.0,0.0,0,0.0,0.0,0.0,-0.09199999999999997,0,0.5,0.0,0.0,0.21999999999999997,-145.90999999999997,-48.399999999999864,0.0,0.0,-0.043,0.0,90,4,2
Spain,France,0.0,-0.4015153000692626,-0.07999999999999999,0.0,0.19535461053204328,0.08700000000000008,-116.45000000000005,0.0,0.0,2.1760192085988534,0.24,0.0,0.0,0.5,0.5,1.337100658146755,0.59,0.54,1.0,-15.007231307547633,0.0,0.286,0.0,0.5,0.0,0.2,0,0.333,3,0.0,229.78,0.7,1.0,0.512,0.9967,1.0,0.0115,0.0,0.65,0.0,0.0,0.826,0,0.0,0.0,0.0,0.725,0,0.0,0.0,0.758,1805.8,0.0,1,0.043,0.5,-0.125,0.0,0.509,0,0,-0.31049070283397984,-0.06999999999999995,-0.06000000000000005,0.0,0.333,32,-9.188561297932518,0.0,0.0,1,0.0,0.025918260086366107,0.0,0.06337222613051963,0,0.0,-0.04000000000000001,0,-0.41822473602043897,0.5,1,0.0,1.7745039085295908,0.16,0.0,0.0,0.375,0.5,1.0266099553127752,0.52,0.48,1.0,-24.19579260548015,0.0,0.286,0.0,0.5,0.0,0.16,0,0.333,2,0.0,0.0,0.7433,1.0,0.7002,0.9915,1.0,0.0231,0.0,0.76,0.0,0.0,0.913,0,0.0,0.0,0.0,0.608,0,0.0,0.0,0.957,1699.8,0.0,0,0.0,0.5,229.78,0.0,0.043300000000000005,0.0,0.18820000000000003,-0.005199999999999982,0.0,0.0116,0,-1,0,0.0,-1,0.10999999999999999,-346.23,0.0,0.0,0,0.0,0.0,0.0,-0.11699999999999999,0,0.5,0.0,0.0,0.19899999999999995,21.289999999999964,-106.0,0.0,0.0,-0.043,0.0,90,-1,0
France,Portugal,0.0,0.14059674978072945,-0.01999999999999999,0.0,-0.08729153739404283,-0.08700000000000008,148.87000000000023,0.0,0.0,2.0023239108662985,0.24,0.0,0.0,0.375,0.5,0.5933011316623946,0.797,0.847,1.0,25.30068101254697,0.0,0.286,0.0,0.5,0.0,0.333,0,0.333,2,0.0,96.63,0.5771,1.0,0.6682,0.983,1.0,0.0462,0.0,1.0,0.0,0.0,0.913,0,0.0,0.0,0.0,0.875,0,0.0,0.0,0.833,1825.4,0.0,0,0.0,0.5,0.18055555555555558,-0.05555555555555558,0.46,0,0,0.6804113179639457,-0.19000000000000006,-0.26,0.0,0.333,180,-29.389473864484927,0.0,-0.07199999999999998,7,0.0,-0.7043468447729806,0.0,0.8685755056828638,0,0.0,-0.12000000000000002,0,-0.17141005546047428,0.5,1,0.0,2.142920660647028,0.22,0.0,0.0,0.5555555555555556,0.4444444444444444,1.2737124496263403,0.607,0.587,1.0,-4.088792851937958,0.0,0.214,0.0,0.5,0.0,0.213,0,0.333,3,0.0,229.78,0.7,1.0,0.512,0.9967,1.0,0.0115,0.0,0.75,0.0,0.0,0.826,0,0.0,0.0,0.0,0.725,0,0.0,0.0,0.758,1905.6,0.0,1,0.043,0.5,-133.15,0.0,0.12290000000000001,0.0,-0.1562,0.013700000000000045,0.0,-0.034699999999999995,0,1,0,0.0,0,-0.25,282.0200000000002,0.0,0.0,0,0.0,0.0,0.0,-0.15000000000000002,0,0.5,0.0,0.0,-0.07499999999999996,61.32000000000005,80.19999999999982,0.0,0.0,0.043,0.0,90,1,2
Saudi Arabia,Japan,0.0,-0.8271776553606238,-0.06,0.0,-0.056127703398558215,-0.04300000000000004,-150.00999999999993,0.0,0.0,2.6451664837363404,0.3,0.0,0.0,0.16666666666666666,0.6666666666666666,0.4367518169107908,0.727,0.787,1.0,-15.702987543624324,0.0,1.0,0.0,0.5,0.0,0.293,0,0.333,2,0.0,0.0,0.4989,0.8942,0.3604,0.9875,0.4305,0.0462,0.0,0.65,0.0,0.0,0.913,0,0.0,0.0,0.0,0.708,0,0.0,0.0,0.957,1422.0,0.0,0,0.0,0.5,0.23333333333333336,-0.2666666666666666,0.497,0,0,0.2203831345615821,0.0,0.0,0.0,0.333,-220,17.609567294151475,0.0,-0.5,-38,0.0,0.5121233705566193,0.0,-0.17194326387258252,0,0.0,0.0,0,-0.40493256852453463,0.5,1,0.0,1.8179888283757166,0.24,0.0,0.0,0.4,0.4,0.6571349514723729,0.727,0.787,1.0,1.9065797505271487,0.0,0.5,0.0,0.5,0.0,0.293,0,0.333,1,0.0,6.54,0.3742,0.1149,0.5194,0.975,0.0618,0.0692,0.0,0.8,0.0,0.0,0.87,0,0.0,0.0,0.0,0.775,0,0.0,0.0,0.901,1567.6,0.0,2,0.087,0.5,-6.54,0.0,-0.12470000000000003,-0.7793,0.15899999999999997,-0.012500000000000067,-0.36869999999999997,0.023,0,-3,0,0.0,0,0.15000000000000002,-143.4699999999999,0.0,0.0,0,0.0,0.0,0.0,0.06700000000000006,0,0.5,0.0,0.0,-0.05599999999999994,-127.38,145.5999999999999,0.0,0.0,0.087,0.0,90,0,0
Qatar,Uzbekistan,0.0,-0.5831840580025123,-0.16,0.0,0.08404083517704863,0.0,-29.109999999999985,0.0,0.0,2.405488612651605,0.26,0.0,0.0,0.4,0.2,1.7815725678216021,0.47,0.34,1.0,-34.35975437520628,0.0,0.429,0.0,0.5,0.0,0.12,0,0.333,2,0.0,13.719999999999999,0.3388,0.0884,0.4194,0.9833,0.159,0.0615,0.0,0.43,0.0,0.0,0.913,0,0.0,0.0,0.0,0.5,0,0.0,0.0,0.888,1458.2,0.0,0,0.0,0.5,0.03749999999999998,0.11249999999999999,0.518,0,0,-0.7502545508989136,0.06700000000000006,0.187,0.0,0.333,-114,54.34827931219708,0.0,0.0,-36,0.0,-0.02292021458068949,0.0,-0.7386578407728055,0,0.0,0.05299999999999999,0,-1.1082129964732987,0.5,1,0.0,1.8223045546490928,0.1,0.0,0.0,0.4375,0.3125,1.0313180169226885,0.537,0.527,1.0,19.988524936990803,0.0,0.429,0.0,0.5,0.0,0.173,0,0.333,2,0.0,1.94,0.3644,0.0434,0.5111,0.95,0.0276,0.0615,0.0,0.515,0.0,0.0,0.913,0,0.0,0.0,0.0,0.417,0,0.0,0.0,0.955,1643.8,0.0,0,0.0,0.5,11.78,0.0,0.02560000000000001,-0.045000000000000005,0.0917,-0.033299999999999996,-0.13140000000000002,0.0,0,4,0,0.0,0,0.08500000000000002,-40.889999999999986,0.0,0.0,0,0.0,0.0,0.0,-0.08300000000000002,0,0.5,0.0,0.0,0.06699999999999995,-25.25,185.5999999999999,0.0,0,0.0,0.0,90,0,1
Saudi Arabia,Qatar,0.0,-0.021097001471946264,0.08000000000000002,0.0,-0.03423895241130792,-0.04300000000000004,23.289999999999978,0.0,0.0,1.6980631102739268,0.12,0.0,0.0,0.47058823529411764,0.29411764705882354,1.0265861987229203,0.45,0.42,1.0,17.461870376313023,0.0,0.214,0.0,0.5,0.0,0.12,0,0.333,2,0.0,1.94,0.3644,0.0434,0.5111,0.95,0.0276,0.0615,0.0,0.525,0.0,0.0,0.913,0,0.0,0.0,0.0,0.417,0,0.0,0.0,0.955,1690.2,0.0,0,0.0,0.5,-0.01604278074866311,0.06951871657754011,0.505,0,0,0.20686459467538043,0.13999999999999996,0.12000000000000005,0.0,0.333,128,-13.986403662823154,0.0,0.0,41,0.0,0.48423696638786917,0.0,0.304434175013935,0,0.0,0.08000000000000002,0,0.36691515146358156,0.5,1,0.0,1.6769661088019805,0.2,0.0,0.0,0.45454545454545453,0.36363636363636365,1.2334507933983008,0.59,0.54,1.0,3.475466713489869,0.0,0.214,0.0,0.5,0.0,0.2,0,0.333,1,0.0,6.54,0.3742,0.1149,0.5194,0.975,0.0618,0.0692,0.0,0.53,0.0,0.0,0.87,0,0.0,0.0,0.0,0.6,0,0.0,0.0,0.901,1641.0,0.0,2,0.087,0.5,-4.6,0.0,0.009799999999999975,0.07150000000000001,0.008299999999999974,0.025000000000000022,0.0342,0.0076999999999999985,0,-4,0,0.0,0,0.0050000000000000044,27.889999999999986,0.0,0.0,0,0.0,0.0,0.0,0.183,0,0.5,0.0,0.0,-0.05399999999999994,19.210000000000008,-49.200000000000045,0.0,0.0,0.087,0.0,90,0,1
Japan,Uzbekistan,0.0,0.8598858389658193,0.08000000000000002,0.0,0.10592958616429893,0.0,144.1899999999999,0.0,0.0,2.0755874605092934,0.12,0.0,0.0,0.5,0.16666666666666666,1.5981191493547495,0.47,0.34,1.0,-37.52804479354453,0.0,0.214,0.0,0.5,0.0,0.12,0,0.333,2,0.0,13.719999999999999,0.3388,0.0884,0.4194,0.9833,0.159,0.0615,0.0,0.425,0.0,0.0,0.913,0,0.0,0.0,0.0,0.346,0,0.0,0.0,0.888,1540.4,0.0,0,0.0,0.5,-0.2142857142857143,0.40476190476190477,0.544,0,0,-1.0406773845349226,0.17000000000000004,0.34,0.0,0.333,234,26.22246517005704,0.0,0.0,43,0.0,1.117460466666706,0.0,-0.9143491768386265,0,0.0,0.12,0,0.8623979747319344,0.5,1,0.0,2.9354732994751127,0.2,0.0,0.0,0.2857142857142857,0.5714285714285714,0.557441764819827,0.64,0.68,1.0,-11.305579623487493,0.0,0.214,0.0,0.5,0.0,0.24,0,0.333,2,0.0,0.0,0.4989,0.8942,0.3604,0.9875,0.4305,0.0462,0.0,0.74,0.0,0.0,0.913,0,0.0,0.0,0.0,0.671,0,0.0,0.0,0.957,1540.6,0.0,0,0.0,0.5,13.719999999999999,0.0,0.16010000000000002,0.8058,-0.059,0.0042000000000000925,0.27149999999999996,-0.015300000000000001,0,3,0,0.0,0,0.315,130.4699999999999,0.0,0.0,0,0.0,0.0,0.0,0.32500000000000007,0,0.5,0.0,0.0,0.06899999999999995,121.34,0.1999999999998181,0.0,0,0.0,0.0,90,0,2
Japan,Qatar,0.0,2.5004833270091567,0.19999999999999998,0.0,0.021888750987250294,0.0,173.2999999999999,0.0,0.0,1.444495309414889,0.1,0.0,0.0,0.4444444444444444,0.3333333333333333,0.8732884777916778,0.553,0.573,1.0,19.728178191929608,0.0,0.214,0.0,0.5,0.0,0.187,0,0.333,2,0.0,1.94,0.3644,0.0434,0.5111,0.95,0.0276,0.0615,0.0,0.56,0.0,0.0,0.913,0,0.0,0.0,0.0,0.463,0,0.0,0.0,0.955,1658.2,0.0,0,0.0,0.5,-0.06944444444444442,0.16666666666666669,0.521,0,0,-0.22763217156588245,0.0,0.0,0.0,0.333,348,-26.906572679180478,0.0,0.0,79,0.0,1.014563994068156,0.0,0.15791247821653553,0,0.0,0.0,0,2.841077385387569,0.5,1,0.0,3.9449786364240453,0.3,0.0,0.0,0.375,0.5,0.6456563062257954,0.553,0.573,1.0,-7.17839448725087,0.0,0.214,0.0,0.5,0.0,0.187,0,0.333,2,0.0,0.0,0.4989,0.8942,0.3604,0.9875,0.4305,0.0462,0.0,0.84,0.0,0.0,0.913,0,0.0,0.0,0.0,0.708,0,0.0,0.0,0.957,1684.0,0.0,0,0.0,0.5,1.94,0.0,0.1345,0.8508,-0.1507,0.03750000000000009,0.4029,-0.015300000000000001,0,-1,0,0.0,0,0.2799999999999999,171.3599999999999,0.0,0.0,0,0.0,0.0,0.0,0.24499999999999994,0,0.5,0.0,0.0,0.0020000000000000018,146.59,25.799999999999955,0.0,0,0.0,0.0,90,0,1
Saudi Arabia,Uzbekistan,0.0,-0.4479962386016496,-0.06000000000000001,0.0,0.04980188276574071,-0.04300000000000004,-5.820000000000007,0.0,0.0,1.8451160653447238,0.14,0.0,0.0,0.5714285714285714,0.14285714285714285,2.9698815261929146,0.37,0.06,1.0,-41.65522992978116,0.0,0.214,0.0,0.5,0.0,0.04,0,0.333,2,0.0,13.719999999999999,0.3388,0.0884,0.4194,0.9833,0.159,0.0615,0.0,0.325,0.0,0.0,0.913,0,0.0,0.0,0.0,0.283,0,0.0,0.0,0.888,1618.8,0.0,0,0.0,0.5,-0.1547619047619047,0.27380952380952384,0.546,0,0,-1.9422647188384436,0.30700000000000005,0.587,0.0,0.333,14,42.49455471507645,0.0,0.0,5,0.0,0.5241192541246651,0.0,-2.348131292949587,0,0.0,0.213,0,-0.6712106747350987,0.5,1,0.0,1.3971198267430742,0.08,0.0,0.0,0.4166666666666667,0.4166666666666667,1.027616807354471,0.677,0.647,1.0,0.8393247852952896,0.0,0.214,0.0,0.5,0.0,0.253,0,0.333,1,0.0,6.54,0.3742,0.1149,0.5194,0.975,0.0618,0.0692,0.0,0.495,0.0,0.0,0.87,0,0.0,0.0,0.0,0.471,0,0.0,0.0,0.901,1614.2,0.0,2,0.087,0.5,7.179999999999999,0.0,0.03539999999999999,0.026499999999999996,0.09999999999999998,-0.008299999999999974,-0.09720000000000001,0.0076999999999999985,0,0,0,0.0,0,0.16999999999999998,-13.0,0.0,0.0,0,0.0,0.0,0.0,0.188,0,0.5,0.0,0.0,0.013000000000000012,-6.039999999999992,-4.599999999999909,0.0,0.0,0.087,0.0,90,0,2
Japan,Iraq,0.0,2.2556490072562463,0.19999999999999998,0.0,0.0,-0.08699999999999997,130.39999999999995,0.0,0.0,1.135557586953199,0.1,0.0,0.0,0.2222222222222222,0.5555555555555556,1.3009249774723193,0.453,0.293,1.0,-24.553736966353128,0.0,0.429,0.0,0.5,0.0,0.107,0,0.333,0,0.0,0,0.3313,0.085,0.4944,0.9667,0.0274,0.0615,0.0,0.325,0.0,0.0,1.0,0,0.0,0.0,0.0,0.321,0,0.0,0.0,1.0,1583.4,0.0,0,0.0,0.5,0.2222222222222222,-0.11111111111111116,0.534,0,0,-0.5886380924979208,0.014000000000000012,0.17400000000000004,0.0,0.333,238,9.75258680802829,0.0,-0.14300000000000002,45,0.0,1.228466098897645,0.0,-0.7723991129595971,0,0.0,0.02600000000000001,0,2.3946629038899125,0.5,1,0.0,3.391206594209445,0.3,0.0,0.0,0.4444444444444444,0.4444444444444444,0.7122868849743985,0.467,0.467,1.0,-14.801150158324837,0.0,0.286,0.0,0.5,0.0,0.133,0,0.333,2,0.0,0.0,0.4989,0.8942,0.3604,0.9875,0.4305,0.0462,0.0,0.745,0.0,0.0,0.913,0,0.0,0.0,0.0,0.708,0,0.0,0.0,0.957,1690.4,0.0,0,0.0,0.5,0.0,0.0,0.16760000000000003,0.8092,-0.134,0.02080000000000004,0.4031,-0.015300000000000001,0,3,0,0.0,0,0.42,130.39999999999995,0.0,0.0,0,0.0,0.0,0.0,0.38699999999999996,0,0.5,0.0,0.0,-0.04300000000000004,112.49000000000001,107.0,0.0,0,0.0,0.0,90,0,2
South Korea,Saudi Arabia,0.0,-0.3366944792966964,-0.04000000000000001,0.0,-0.009676683560572386,0.04300000000000004,30.14,0.0,0.0,2.143768617664074,0.2,0.0,0.0,0.42857142857142855,0.42857142857142855,1.0415699544762758,0.66,0.6,1.0,25.00312435228259,0.0,0.143,0.0,0.5,0.0,0.24,0,0.333,1,0.0,6.54,0.3742,0.1149,0.5194,0.975,0.0618,0.0692,0.0,0.78,0.0,0.0,0.87,0,0.0,0.0,0.0,0.633,0,0.0,0.0,0.901,1605.8,0.0,2,0.087,0.5,-0.22857142857142854,0.30476190476190473,0.503,0,0,-0.5086539908316715,-0.03700000000000003,0.03300000000000003,0.0,0.333,103,-3.92290929125533,0.0,0.07100000000000001,17,0.0,-0.0348442044119337,0.0,-0.4092987916948706,0,0.0,-0.012999999999999984,0,-0.5989490196799363,0.5,1,0.0,1.8070741383673774,0.16,0.0,0.0,0.2,0.7333333333333333,0.5329159636446043,0.623,0.633,1.0,21.08021506102726,0.0,0.214,0.0,0.5,0.0,0.227,0,0.333,2,0.0,9.87,0.4535,0.1998,0.5346,0.9544,0.0709,0.0731,0.0,0.74,0.0,0.0,0.913,0,0.0,0.0,0.0,0.633,0,0.0,0.0,0.919,1584.4,0.0,0,0.0,0.5,-3.329999999999999,0.0,0.07930000000000004,0.0849,0.015199999999999991,-0.02059999999999995,0.009100000000000004,0.0039000000000000007,0,3,0,0.0,0,-0.040000000000000036,33.47,0.0,0.0,0,0.0,0.0,0.0,0.0,0,0.5,0.0,0.0,0.018000000000000016,27.989999999999995,-21.399999999999864,0.0,0.0,-0.087,0.0,90,0,0
Japan,Saudi Arabia,0.0,1.2927158511655819,0.07999999999999999,0.0,0.056127703398558215,0.04300000000000004,150.00999999999993,0.0,0.0,2.1213834127427016,0.22,0.0,0.0,0.4666666666666667,0.4,1.0350973878992091,0.573,0.493,1.0,31.879189493969612,0.0,0.214,0.0,0.5,0.0,0.187,0,0.333,1,0.0,6.54,0.3742,0.1149,0.5194,0.975,0.0618,0.0692,0.0,0.86,0.0,0.0,0.87,0,0.0,0.0,0.0,0.633,0,0.0,0.0,0.901,1684.0,0.0,2,0.087,0.5,0.07878787878787874,-0.036363636363636376,0.501,0,0,-0.05811343445192907,-0.12299999999999994,-0.07300000000000001,0.0,0.333,220,-41.35111033313901,0.0,0.0,38,0.0,0.3168653354336568,0.0,0.015030444474647187,0,0.0,-0.067,0,1.398240013720868,1.0,1,0.0,3.4140992639082834,0.3,0.0,0.0,0.5454545454545454,0.36363636363636365,0.9769839534472801,0.45,0.42,1.0,-9.4719208391694,0.0,0.214,0.0,0.5,0.0,0.12,0,0.333,2,0.0,0.0,0.4989,0.8942,0.3604,0.9875,0.4305,0.0462,0.0,0.9,0.0,0.0,0.913,0,0.0,0.0,0.0,0.808,0,0.0,0.0,0.957,1633.0,0.0,0,0.0,0.5,6.54,0.0,0.12470000000000003,0.7793,-0.15899999999999997,0.012500000000000067,0.36869999999999997,-0.023,0,3,0,0.0,0,0.040000000000000036,143.4699999999999,0.0,0.0,0,0.0,0.0,0.0,0.17500000000000004,0,0.5,0.0,0.0,0.05599999999999994,127.38,-51.0,0.0,0.0,-0.087,0.0,90,0,2
France,Senegal,0.0,0.7504984886188857,0.07999999999999999,0.0,-0.12276352852882755,-0.04400000000000004,709.96,0.0,0.0,1.368225038589046,0.14,0.0,0.0,0.2,0.7,0.7252930657381785,0.607,0.587,1.0,26.235216653095165,0.0,0.571,0.0,0.5,0.0,0.213,3,0.333,3,0.0,18.509999999999998,0.6473,1.0,0.4454,0.9908,0.7102,0.0346,0.0,0.69,0.0,0.0,0.87,3,0.0,0.0,0.0,0.608,0,0.0,0.0,0.889,1757.4,0.0,0,0.0,0.5,0.39999999999999997,-0.29999999999999993,0.489,0,0,0.25606295271232504,0.0,0.0,0.0,0.333,266,-59.317135358708356,0.0,-0.21399999999999997,16,0.0,-0.06968840882386718,0.0,0.14652169679739968,6,0.0,0.0,2,0.7411945716031749,0.5,0,0.0,2.1187235272079317,0.22,0.0,0.0,0.6,0.4,0.9813560184505036,0.607,0.587,1.0,-33.08191870561319,0.0,0.357,0.0,0.5,0.0,0.213,1,0.333,3,0.0,229.78,0.7,1.0,0.512,0.9967,1.0,0.0115,0.0,0.65,0.0,0.0,0.826,9,0.0,0.0,0.0,0.658,0,0.0,0.0,0.758,1767.4,0.0,1,0.043,0.5,-211.27,0.0,0.05269999999999997,0.0,0.06659999999999999,0.005900000000000016,0.28979999999999995,-0.0231,0,-17,0,0.0,1,-0.039999999999999925,921.23,0.0,0.0,6,0.0,0.0,0.0,0.050000000000000044,0,0.5,0.0,0.0,-0.131,483.47,10.0,0.0,0.0,0.043,0.0,90,-9,0
Germany,Saudi Arabia,0.0,1.674070532501967,0.15999999999999998,0.0,-0.05041537329913914,0.04300000000000004,560.8899999999999,0.0,0.0,1.5508423405090075,0.14,0.0,0.0,0.45,0.25,1.2706507398933597,0.503,0.433,1.0,15.486943851463291,0.0,1.0,0.0,0.5,0.0,0.147,4,0.333,1,0.0,6.54,0.3742,0.1149,0.5194,0.975,0.0618,0.0692,0.0,0.8,0.0,0.0,0.87,2,0.0,0.0,0.0,0.55,0,0.0,0.0,0.901,1710.8,0.0,2,0.087,0.5,0.10000000000000003,0.04999999999999999,0.492,0,0,-0.025353293560071766,0.017000000000000015,0.046999999999999986,0.0,0.333,211,-28.10191246893212,0.0,0.0,36,0.0,-0.31779310051545595,0.0,-0.26331030330957916,10,0.0,0.013000000000000012,3,1.8246901717756818,0.5,0,0.0,3.2249128730109744,0.3,0.0,0.0,0.55,0.3,1.245297446333288,0.52,0.48,1.0,-12.614968617468827,0.0,1.0,0.0,0.5,0.0,0.16,1,0.333,2,0.0,80.0,0.7408,1.0,0.3347,0.9877,1.0,0.0462,0.0,0.63,0.0,0.0,0.913,6,0.0,0.0,0.0,0.675,0,0.0,0.0,0.849,1798.0,0.0,0,0.0,0.5,-73.46,0.0,0.36660000000000004,0.8851,-0.18469999999999998,0.012700000000000045,0.9382,-0.023,0,-4,0,0.0,0,-0.17000000000000004,634.3499999999999,0.0,0.0,4,0.0,0.0,0.0,0.125,0,0.5,0.0,0.0,-0.052000000000000046,502.94999999999993,87.20000000000005,0.0,0.0,-0.087,0.0,90,-1,2
Paraguay,South Africa,0.0,0.3352895715868549,-0.01999999999999999,0.0,0.0,0.0,38.690000000000055,0.0,0.0,1.0706162823063277,0.12,0.0,0.0,0.25,0.55,0.6867827716891738,0.763,0.753,1.0,23.267572740753018,0.0,0.714,0.0,0.5,0.0,0.307,2,0.333,0,0.0,0,0.4535,0.1998,0.5346,0.9544,0.0709,0.0731,0.0,0.86,0.0,0.0,1.0,4,0.0,0.0,0.0,0.608,0,0.0,0.0,1.0,1718.6,0.0,0,0.0,0.5,0.30000000000000004,-0.25000000000000006,0.444,0,0,1.1944658204722232,-0.41300000000000003,-0.613,0.0,0.333,166,-30.21380020605922,0.0,0.28600000000000003,34,0.0,-1.0887937932057024,0.0,1.7328748664915659,-1,0.0,-0.267,-1,-0.2836572716589738,0.5,0,0.0,1.4059058538931826,0.1,0.0,0.0,0.55,0.3,1.881248592161397,0.35,0.14,1.0,-6.946227465306199,0.0,1.0,0.0,0.5,0.0,0.04,3,0.333,0,0.0,0,0.3356,0.5458,0.5158,0.9569,0.2305,0.1615,0.0,0.51,0.0,0.0,1.0,4,0.0,0.0,0.0,0.329,0,0.0,0.0,1.0,1860.2,0.0,0,0.0,0.5,0,0.0,-0.1179,0.346,-0.018799999999999928,0.0024999999999999467,0.15960000000000002,0.0884,0,-6,0,0.0,0,-0.35,38.690000000000055,0.0,0.0,0,0.0,0.0,0.0,-0.27899999999999997,0,0.5,0.0,0.0,0.0,32.69999999999999,141.60000000000014,0.0,0,0.0,0.0,90,10,1
England,Sweden,0.0,0.395663318984925,0.07999999999999999,0.0,-0.17665053354205862,-0.04300000000000004,909.7599999999999,0.0,0.0,1.5168920585318697,0.1,0.0,0.0,0.45,0.55,0.8464031905511736,0.52,0.48,1.0,42.84928844113483,0.0,0.571,0.0,0.5,0.0,0.16,3,0.333,2,0.0,0.0,0.5369,0.9304,0.5667,0.9844,0.7194,0.0577,0.0,0.375,0.0,0.0,0.913,4,0.0,0.0,0.0,0.371,0,0.0,0.0,0.957,1871.2,0.0,0,0.0,0.5,0.10000000000000003,-0.25000000000000006,0.508,0,0,0.2562124262568851,0.0,0.0,0.0,0.333,317,-90.09888141011311,0.0,-0.07099999999999995,34,0.0,0.4618499602192878,0.0,0.08050946642996903,4,0.0,0.0,2,0.9268063750819786,0.3333333333333333,0,0.0,1.9125553775167947,0.18,0.0,0.0,0.55,0.3,1.1026156168080588,0.52,0.48,1.0,-47.24959296897828,0.0,0.5,0.0,0.5,0.0,0.16,1,0.333,3,0.0,246.0,0.7047,1.0,0.4644,0.9905,1.0,0.0346,0.0,0.54,0.0,0.0,0.87,7,0.0,0.0,0.0,0.488,0,0.0,0.0,0.78,1830.4,0.0,0,0.0,0.5,-246.0,0.0,0.16779999999999995,0.0696,-0.1023,0.006099999999999994,0.28059999999999996,-0.023100000000000002,0,-2,0,0.0,2,0.16500000000000004,1155.7599999999998,0.0,0.0,3,0.0,0.0,0.0,0.11699999999999999,0,0.5,0.0,0.0,-0.17699999999999994,751.2,-40.799999999999955,0.0,0,0.0,0.0,90,-2,1
Croatia,Mexico,0.0,-0.5128835594658201,-0.07999999999999999,0.0,-0.06745263827734527,0.0,85.98000000000008,0.0,0.0,1.8186630685344731,0.18,0.0,0.0,0.45,0.45,0.7519421481958014,0.71,0.74,1.0,-4.49880376086484,0.0,1.0,0.0,0.5,0.0,0.28,1,0.333,3,0.0,4.65,0.4964,0.8192,0.3552,0.9812,0.2426,0.0231,0.0,0.92,0.0,0.0,0.87,9,0.0,0.0,0.0,0.725,0,0.0,0.0,0.93,1694.2,0.0,0,0.0,0.5,-0.10000000000000003,0.10000000000000003,0.5,0,0,-0.3326009726987743,0.10299999999999998,0.15300000000000002,0.0,0.333,-85,-14.829469762251511,0.0,0.0,-7,0.0,-0.5703542399557344,0.0,-0.36363352967683493,-6,0.0,0.06699999999999995,-1,-0.5349768271316926,0.5,0,0.0,1.305779509068653,0.1,0.0,0.0,0.35,0.55,0.4193411754970271,0.813,0.893,1.0,-19.32827352311635,0.0,1.0,0.0,0.5,0.0,0.347,2,0.333,3,0.0,28.669999999999998,0.5234,1.0,0.4299,0.9915,0.629,0.0231,0.0,0.8,0.0,0.0,0.87,6,0.0,0.0,0.0,0.6,0,0.0,0.0,0.879,1634.2,0.0,0,0.0,0.5,-24.019999999999996,0.0,0.02699999999999997,0.18079999999999996,0.07469999999999999,0.010300000000000087,0.38639999999999997,0.0,0,-9,0,0.0,0,-0.12,110.00000000000009,0.0,0.0,-3,0.0,0.0,0.0,-0.125,0,0.5,0.0,0.0,-0.051000000000000045,73.76999999999998,-60.0,0.0,0,0.0,0.0,90,-9,0
Japan,Belgium,0.0,-0.15748004778362912,0.0,0.0,0.0,0.0,-280.0100000000002,0.0,0.0,1.3848892697529707,0.1,0.0,0.0,0.45,0.4,0.6158112691437183,0.727,0.787,1.0,13.105848138616274,0.0,0.643,0.0,0.5,0.0,0.293,1,0.333,2,0.0,0.0,0.5694,1.0,0.3031,0.9754,0.6806,0.0462,0.0,0.84,0.0,0.0,0.913,5,0.0,0.0,0.0,0.654,0,0.0,0.0,0.957,1853.6,0.0,0,0.0,0.5,0.10000000000000003,-0.2,0.462,0,0,0.656815247875163,-0.12,-0.20000000000000007,0.0,0.333,33,-35.001937722297924,0.0,0.07099999999999995,4,0.0,-0.9631157577688807,0.0,0.7911724938962975,0,0.0,-0.07999999999999999,-1,-0.11996181916119875,0.5,0,0.0,1.2274092219693415,0.1,0.0,0.0,0.55,0.2,1.2726265170188813,0.607,0.587,1.0,-21.89608958368165,0.0,0.714,0.0,0.5,0.0,0.213,2,0.333,2,0.0,0.0,0.4989,0.8942,0.3604,0.9875,0.4305,0.0462,0.0,0.475,0.0,0.0,0.913,5,0.0,0.0,0.0,0.517,0,0.0,0.0,0.957,1760.0,0.0,0,0.0,0.5,0.0,0.0,-0.07050000000000001,-0.1058,0.05730000000000002,0.0121,-0.2501,0.0,0,-5,0,0.0,0,-0.365,-280.0100000000002,0.0,0.0,0,0.0,0.0,0.0,-0.137,0,0.5,0.0,0.0,0.0,-253.79999999999998,-93.59999999999991,0.0,0,0.0,0.0,90,-11,1
France,Uruguay,0.0,0.39527984119281,0.03999999999999998,0.0,-0.19535461053204328,-0.08700000000000008,776.46,0.0,0.0,1.4137257933327185,0.14,0.0,0.0,0.5,0.35,1.1690599786768243,0.52,0.48,1.0,-11.46735996684574,0.0,0.357,0.0,0.5,0.0,0.16,3,0.333,2,0.0,0.0,0.7259,0.8405,0.3833,0.9778,0.4614,0.0577,0.0,0.49,0.0,0.0,0.913,2,0.0,0.0,0.0,0.496,0,0.0,0.0,0.957,1690.6,0.0,0,0.0,0.5,0.050000000000000044,0.050000000000000044,0.496,0,0,-0.18510700230879762,0.08699999999999997,0.10699999999999998,0.0,0.333,311,-43.29607031102912,0.0,0.07200000000000001,28,0.0,-0.16158865667297184,0.0,-0.11114428397335763,9,0.0,0.05299999999999999,2,0.11382080361119473,0.5,0,0.0,1.8090056345255285,0.18,0.0,0.0,0.55,0.4,0.9839529763680267,0.607,0.587,1.0,-54.76343027787486,0.0,0.429,0.0,0.5,0.0,0.213,1,0.333,3,0.0,229.78,0.7,1.0,0.512,0.9967,1.0,0.0115,0.0,0.39,0.0,0.0,0.826,9,0.0,0.0,0.0,0.533,0,0.0,0.0,0.758,1820.2,0.0,1,0.043,0.5,-229.78,0.0,-0.025900000000000034,0.15949999999999998,0.12870000000000004,0.018900000000000028,0.5386,-0.046200000000000005,0,-14,0,0.0,1,-0.09999999999999998,1006.24,0.0,0.0,7,0.0,0.0,0.0,0.03700000000000003,0,0.5,0.0,0.0,-0.19899999999999995,542.54,129.60000000000014,0.0,0.0,0.043,0.0,90,-20,1
Argentina,England,0.0,-0.09095665575613476,-0.06,0.0,0.08823962682914166,0.0,-505.35000000000014,0.0,0.0,1.7781453897674004,0.18,0.0,0.0,0.55,0.3,1.0737254747107023,0.52,0.48,1.0,-41.724244147229456,0.0,0.357,0.0,0.5,0.0,0.16,1,0.333,3,0.0,246.0,0.7047,1.0,0.4644,0.9905,1.0,0.0346,0.0,0.52,0.0,0.0,0.87,7,0.0,0.0,0.0,0.488,0,0.0,0.0,0.78,1786.6,0.0,0,0.0,0.5,0.0,0.15000000000000002,0.53,0,0,-0.3200081443611059,0.10299999999999998,0.15300000000000002,0.0,0.333,59,39.471275263855674,0.0,0.0,1,0.0,0.8571847242637283,0.0,-0.5355767935494173,3,0.0,0.067,0,-0.5146966167879139,0.6666666666666666,0,0.0,1.6871887340112657,0.12,0.0,0.0,0.55,0.45,0.7537173303495964,0.623,0.633,1.0,-2.2529688833737804,0.0,0.357,0.0,0.5,0.0,0.227,1,0.333,3,0.0,62.19,0.5536,1.0,0.3083,0.9917,1.0,0.0231,0.0,0.8,0.0,0.0,0.87,9,0.0,0.0,0.0,0.575,0,0.0,0.0,0.818,1799.0,0.0,0,0.0,0.5,183.81,0.0,-0.1511,0.0,-0.15609999999999996,0.0011999999999999789,0.0,-0.0115,0,10,0,0.0,-2,0.28,-689.1600000000001,0.0,0.0,2,0.0,0.0,0.0,0.08699999999999997,0,0.5,0.0,0.0,0.03799999999999992,-371.78,12.400000000000091,0.0,0,0.0,0.0,90,13,0
Spain,Paraguay,0.0,0.7490866395050544,0.06,0.0,0.1488995699468758,-0.04399999999999993,661.77,0.0,0.0,1.4959567322893141,0.14,0.0,0.0,0.6,0.25,1.9123863212433803,0.383,0.233,1.0,-18.068129646627163,0.0,0.357,0.0,0.5,0.0,0.067,3,0.333,1,0.0,29.43,0.3356,0.5458,0.5158,0.9569,0.2305,0.1615,0.0,0.525,0.0,0.0,0.957,4,0.0,0.0,0.0,0.412,0,0.0,0.0,0.922,1796.6,0.0,0,0.0,0.5,-0.04999999999999993,0.09999999999999998,0.541,0,0,-1.1989900840029204,0.257,0.44700000000000006,0.0,0.333,335,1.1312544970623435,0.0,0.0,26,0.0,0.8312299487764374,0.0,-1.355918926714136,7,0.0,0.173,2,0.8622593229895159,0.5,0,0.0,2.2450433717943685,0.2,0.0,0.0,0.55,0.35,0.7133962372404598,0.64,0.68,1.0,-16.93687514956482,0.0,0.357,0.0,0.5,0.0,0.24,1,0.333,2,0.0,0.0,0.7433,1.0,0.7002,0.9915,1.0,0.0231,0.0,0.74,0.0,0.0,0.913,7,0.0,0.0,0.0,0.671,0,0.0,0.0,0.957,1828.6,0.0,0,0.0,0.5,29.43,0.0,0.40769999999999995,0.45420000000000005,0.1844,0.034600000000000075,0.7695,-0.1384,0,-6,0,0.0,0,0.21499999999999997,632.3399999999999,0.0,0.0,3,0.0,0.0,0.0,0.25900000000000006,0,0.5,0.0,0.0,0.03499999999999992,568.7099999999999,32.0,0.0,0,0.0,0.0,90,-10,2
Mexico,Ecuador,0.0,0.9125363895785847,0.09999999999999999,0.0,0.13389113056556334,0.0,-314.8800000000003,0.0,0.0,0.7774968383318792,0.08,0.0,0.0,0.3,0.5,0.6618495672321187,0.71,0.74,1.0,-17.25259300683921,0.0,0.429,0.0,0.5,0.0,0.28,3,0.333,3,0.0,96.17999999999999,0.6952,0.5572,0.4946,0.9613,0.6396,0.1077,0.0,0.34,0.0,0.0,0.87,4,0.0,0.0,0.0,0.496,0,0.0,0.0,0.811,1713.0,0.0,0,0.0,0.5,0.10000000000000003,0.0,0.559,0,0,-0.03654187024245614,0.10299999999999998,0.15300000000000002,0.0,0.333,108,18.70094150928364,0.0,0.0,11,0.0,1.8793965632889658,0.0,-0.6160862599793866,6,0.0,0.06699999999999995,2,1.0,1.0,1,0.0,1.690033227910464,0.18,0.0,0.0,0.4,0.5,0.6253076969896626,0.813,0.893,1.0,1.448348502444433,0.0,0.429,0.0,0.5,0.0,0.347,1,0.333,3,0.0,4.65,0.4964,0.8192,0.3552,0.9812,0.2426,0.0231,0.0,1.0,0.0,0.0,0.87,9,0.0,0.0,0.0,0.85,0,0.0,0.0,0.93,1720.6,0.0,0,0.0,0.5,91.52999999999999,0.0,-0.19880000000000003,0.262,-0.13939999999999997,0.019899999999999918,-0.3969999999999999,-0.08460000000000001,0,-1,0,0.0,-1,0.6599999999999999,-406.4100000000002,0.0,0.0,5,0.0,0.0,0.0,0.354,0,0.5,0.0,0.0,0.119,-278.37,7.599999999999909,0.0,0,0.0,0.0,90,-1,2
Tunisia,Belgium,0.0,-0.5945499998964289,-0.09999999999999999,0.0,0.0,0.08699999999999997,-368.48000000000013,0.0,0.0,1.4851658932735106,0.12,0.0,0.0,0.5,0.4,0.808617718474321,0.623,0.633,1.0,32.27233912884047,0.0,0.429,0.0,0.5,0.0,0.227,1,0.333,2,0.0,0.0,0.5694,1.0,0.3031,0.9754,0.6806,0.0462,0.0,0.725,0.0,0.0,0.913,5,0.0,0.0,0.0,0.575,0,0.0,0.0,0.957,1847.2,0.0,0,0.0,0.5,-0.2,0.04999999999999999,0.453,0,0,0.18978754372552298,-0.016000000000000014,-0.04600000000000004,0.0,0.333,-258,-42.80720606536849,0.0,-0.07200000000000001,-60,0.0,-1.5677809937244394,0.0,0.34071331509614533,-14,0.0,-0.014000000000000012,-3,-1.086825649123317,0.5,0,0.0,0.8906158933770817,0.02,0.0,0.0,0.3,0.45,0.9984052621998439,0.607,0.587,1.0,-10.534866936528015,0.0,0.357,0.0,0.5,0.0,0.213,4,0.333,0,0.0,0,0.3577,0.16,0.5229,0.9958,0.1064,0.0115,0.0,0.1,0.0,0.0,1.0,0,0.0,0.0,0.0,0.267,0,0.0,0.0,1.0,1810.6,0.0,0,0.0,0.5,0.0,0.0,-0.2117,-0.84,0.21980000000000005,0.020399999999999974,-0.5742,-0.034699999999999995,0,11,0,0.0,0,-0.625,-368.48000000000013,0.0,0.0,-5,0.0,0.0,0.0,-0.30799999999999994,0,0.5,0.0,0.0,0.04300000000000004,-328.71999999999997,-36.600000000000136,0.0,0,0.0,0.0,90,-1,1
Senegal,Uruguay,0.0,0.036121033999116925,0.020000000000000018,0.0,-0.07259108200321573,-0.04300000000000004,66.49999999999997,0.0,0.0,1.2095067642084285,0.12,0.0,0.0,0.45,0.4,0.9916226433846796,0.607,0.587,1.0,-11.080486348984717,0.0,0.357,0.0,0.5,0.0,0.213,3,0.333,2,0.0,0.0,0.7259,0.8405,0.3833,0.9778,0.4614,0.0577,0.0,0.495,0.0,0.0,0.913,2,0.0,0.0,0.0,0.496,0,0.0,0.0,0.957,1750.2,0.0,0,0.0,0.5,-0.2,0.25,0.514,0,0,-0.30772199878590634,0.0,0.0,0.0,0.333,45,34.41800172814435,0.0,0.0,12,0.0,0.6187627796172233,0.0,-0.03173774976853083,3,0.0,0.0,0,0.22339150017185783,0.5,0,0.0,1.2456277982075454,0.14,0.0,0.0,0.25,0.65,0.6839006445987733,0.607,0.587,1.0,23.337515379159633,0.0,0.357,0.0,0.5,0.0,0.213,3,0.333,3,0.0,18.509999999999998,0.6473,1.0,0.4454,0.9908,0.7102,0.0346,0.0,0.705,0.0,0.0,0.87,3,0.0,0.0,0.0,0.608,0,0.0,0.0,0.889,1843.2,0.0,0,0.0,0.5,-18.509999999999998,0.0,-0.0786,0.15949999999999998,0.062100000000000044,0.013000000000000012,0.24880000000000008,-0.023100000000000002,0,3,0,0.0,0,0.20999999999999996,85.00999999999996,0.0,0.0,1,0.0,0.0,0.0,0.11199999999999999,0,0.5,0.0,0.0,-0.06799999999999995,59.06999999999999,93.0,0.0,0,0.0,0.0,90,-11,1
Sweden,Argentina,0.0,0.09193318533569705,0.0,0.0,0.08841090671291696,0.04300000000000004,-404.40999999999974,0.0,0.0,1.4375801959162207,0.1,0.0,0.0,0.55,0.4,0.7953208443675255,0.623,0.633,1.0,-20.484795192947637,0.0,0.357,0.0,0.5,0.0,0.227,1,0.333,3,0.0,62.19,0.5536,1.0,0.3083,0.9917,1.0,0.0231,0.0,0.55,0.0,0.0,0.87,9,0.0,0.0,0.0,0.529,0,0.0,0.0,0.818,1844.2,0.0,0,0.0,0.5,-0.050000000000000044,0.09999999999999998,0.501,0,0,0.09190843589075282,-0.08599999999999997,-0.10599999999999998,0.0,0.333,-376,70.07397046218048,0.0,0.0,-35,0.0,-0.15109960251200394,0.0,0.29815450772151286,-7,0.0,-0.05400000000000002,-2,0.28729693471448514,0.5,0,0.0,1.5295133812519177,0.1,0.0,0.0,0.5,0.5,0.8872292802582783,0.537,0.527,1.0,49.589175269232854,0.0,0.357,0.0,0.5,0.0,0.173,3,0.333,2,0.0,0.0,0.5369,0.9304,0.5667,0.9844,0.7194,0.0577,0.0,0.615,0.0,0.0,0.913,4,0.0,0.0,0.0,0.45,0,0.0,0.0,0.957,1920.0,0.0,0,0.0,0.5,62.19,0.0,-0.016699999999999937,-0.0696,0.25839999999999996,-0.007299999999999973,-0.28059999999999996,0.034600000000000006,0,-8,0,0.0,0,0.06499999999999995,-466.5999999999998,0.0,0.0,-5,0.0,0.0,0.0,-0.07900000000000001,0,0.5,0.0,0.0,0.139,-379.42,75.79999999999995,0.0,0,0.0,0.0,90,-11,1
South Africa,Spain,0.0,-1.1696843259683425,-0.07999999999999999,0.0,-0.2000503271263211,-0.04300000000000004,-702.83,0.0,0.0,2.3429045056575606,0.24,0.0,0.0,0.55,0.35,0.7387212501376577,0.553,0.573,1.0,-18.12610858445848,0.0,0.357,0.0,0.5,0.0,0.187,1,0.333,2,0.0,0.0,0.7433,1.0,0.7002,0.9915,1.0,0.0231,0.0,0.84,0.0,0.0,0.913,7,0.0,0.0,0.0,0.683,0,0.0,0.0,0.957,1802.4,0.0,0,0.0,0.5,-0.25000000000000006,0.20000000000000007,0.515,0,0,0.0151045641844465,0.244,0.274,0.0,0.333,-501,57.98708236626652,0.0,-0.07100000000000001,-60,0.0,0.2602757424029769,0.0,-0.3382119626016523,-6,0.0,0.14600000000000002,-1,-1.0702216172359764,0.5,0,0.0,1.173220179689218,0.16,0.0,0.0,0.3,0.55,0.7538258143221042,0.797,0.847,1.0,39.86097378180804,0.0,0.286,0.0,0.5,0.0,0.333,2,0.333,3,0.0,31.799999999999997,0.4535,0.1998,0.5346,0.9544,0.0709,0.0731,0.0,0.875,0.0,0.0,0.87,4,0.0,0.0,0.0,0.758,0,0.0,0.0,0.848,1719.2,0.0,0,0.0,0.5,-31.799999999999997,0.0,-0.28979999999999995,-0.8002,-0.16560000000000008,-0.03710000000000002,-0.9291,0.05,0,12,0,0.0,0,0.03500000000000003,-671.03,0.0,0.0,-3,0.0,0.0,0.0,0.07499999999999996,0,0.5,0.0,0.0,-0.10899999999999999,-601.02,-83.20000000000005,0.0,0,0.0,0.0,90,0,0
Ecuador,Croatia,0.0,-0.446771038952296,-0.07999999999999999,0.0,-0.06643849228821808,0.0,228.9000000000002,0.0,0.0,1.2479624903338649,0.12,0.0,0.0,0.35,0.55,0.5625390602176842,0.727,0.787,1.0,-9.542669390055588,0.0,0.357,0.0,0.5,0.0,0.293,2,0.333,3,0.0,28.669999999999998,0.5234,1.0,0.4299,0.9915,0.629,0.0231,0.0,0.71,0.0,0.0,0.87,6,0.0,0.0,0.0,0.633,0,0.0,0.0,0.879,1752.0,0.0,0,0.0,0.5,-0.04999999999999999,-0.050000000000000044,0.445,0,0,0.29300249123324307,-0.12,-0.20000000000000007,0.0,0.333,-23,-13.80793959644601,0.0,-0.07100000000000001,-4,0.0,-1.4369616015562134,0.0,0.7137694821097313,0,0.0,-0.07999999999999999,-1,-0.8285899445395257,0.5,0,0.0,0.8011914513815689,0.04,0.0,0.0,0.3,0.5,0.8555415514509273,0.607,0.587,1.0,-23.350608986501598,0.0,0.286,0.0,0.5,0.0,0.213,3,0.333,3,0.0,96.17999999999999,0.6952,0.5572,0.4946,0.9613,0.6396,0.1077,0.0,0.16,0.0,0.0,0.87,4,0.0,0.0,0.0,0.346,0,0.0,0.0,0.811,1822.2,0.0,0,0.0,0.5,-67.50999999999999,0.0,0.17180000000000006,-0.44279999999999997,0.06469999999999998,-0.030200000000000005,0.010599999999999943,0.08460000000000001,0,10,0,0.0,1,-0.5499999999999999,296.41000000000014,0.0,0.0,-2,0.0,0.0,0.0,-0.28700000000000003,0,0.5,0.0,0.0,-0.06799999999999995,204.60000000000002,70.20000000000005,0.0,0,0.0,0.0,90,10,2
Japan,Tunisia,0.0,0.4169647462750907,0.060000000000000005,0.0,0.21245335820895528,0.04300000000000004,124.90999999999991,0.0,0.0,0.8693607139810973,0.04,0.0,0.0,0.35,0.4,1.0059256990459846,0.52,0.48,1.0,-8.765032369326656,0.0,0.286,0.0,0.5,0.0,0.16,4,0.333,3,0.0,36.44,0.3577,0.16,0.5229,0.9958,0.1064,0.0115,0.0,0.215,0.0,0.0,0.87,0,0.0,0.0,0.0,0.267,0,0.0,0.0,0.844,1827.4,0.0,0,0.0,0.5,0.20000000000000007,-0.15000000000000002,0.531,0,0,0.17562212903444796,-0.017000000000000015,-0.046999999999999986,0.0,0.333,291,-11.342323541904127,0.0,0.07100000000000001,64,0.0,1.0005332084121086,0.0,-0.035377412824042054,14,0.0,-0.013000000000000012,2,0.5984158112678284,0.5,0,0.0,1.286325460256188,0.1,0.0,0.0,0.55,0.25,1.1815478280804326,0.503,0.433,1.0,-20.107355911230783,0.0,0.357,0.0,0.5,0.0,0.147,2,0.333,2,0.0,0.0,0.4989,0.8942,0.3604,0.9875,0.4305,0.0462,0.0,0.615,0.0,0.0,0.913,5,0.0,0.0,0.0,0.425,0,0.0,0.0,0.957,1808.2,0.0,0,0.0,0.5,36.44,0.0,0.1412,0.7342,-0.16250000000000003,-0.008299999999999974,0.3241,0.034699999999999995,0,-16,0,0.0,0,0.4,88.46999999999991,0.0,0.0,5,0.0,0.0,0.0,0.15799999999999997,0,0.5,0.0,0.0,0.11299999999999999,104.07000000000001,-19.200000000000045,0.0,0,0.0,0.0,90,-10,2
South Korea,Portugal,0.0,-1.2701600810233962,0.0,0.0,0.04225868617886985,0.0,-657.4499999999998,0.0,0.0,2.710322804263358,0.2,0.0,0.0,0.6,0.35,1.1799707868100178,0.557,0.447,1.0,-15.026455659936401,0.0,0.286,0.0,0.5,0.0,0.173,2,0.333,2,0.0,96.63,0.5771,1.0,0.6682,0.983,1.0,0.0462,0.0,0.61,0.0,0.0,0.913,5,0.0,0.0,0.0,0.508,0,0.0,0.0,0.833,1728.2,0.0,0,0.0,0.5,-0.14999999999999997,0.10000000000000003,0.499,0,0,-0.31831316205669435,-0.03700000000000003,0.032999999999999974,0.0,0.333,-161,36.878745174946395,0.0,0.0,-24,0.0,-0.059297286223331414,0.0,-0.22746644007904515,-6,0.0,-0.012999999999999984,-1,-0.47373743464960616,0.5,0,0.0,1.4401627232399616,0.2,0.0,0.0,0.45,0.45,0.8616576247533234,0.52,0.48,1.0,21.852289515009993,0.0,0.286,0.0,0.5,0.0,0.16,3,0.333,2,0.0,9.87,0.4535,0.1998,0.5346,0.9544,0.0709,0.0731,0.0,0.565,0.0,0.0,0.913,3,0.0,0.0,0.0,0.567,0,0.0,0.0,0.919,1907.2,0.0,0,0.0,0.5,86.75999999999999,0.0,-0.12359999999999993,-0.8002,-0.13360000000000005,-0.02859999999999996,-0.9291,0.0269,0,-6,0,0.0,-1,-0.04500000000000004,-744.2099999999998,0.0,0.0,-2,0.0,0.0,0.0,0.05899999999999994,0,0.5,0.0,0.0,0.08600000000000008,-506.72999999999996,179.0,0.0,0,0.0,0.0,90,-10,2
Germany,Paraguay,0.0,1.6667320518687172,0.13999999999999999,0.0,0.04235649324917845,-0.04399999999999993,502.64999999999986,0.0,0.0,1.6532961336904586,0.16,0.0,0.0,0.6,0.25,1.9156919225645392,0.367,0.187,1.0,-15.848136189693342,0.0,0.214,0.0,0.5,0.0,0.053,3,0.333,1,0.0,29.43,0.3356,0.5458,0.5158,0.9569,0.2305,0.1615,0.0,0.57,0.0,0.0,0.957,4,0.0,0.0,0.0,0.446,0,0.0,0.0,0.922,1862.8,0.0,0,0.0,0.5,-0.04999999999999993,0.04999999999999999,0.543,0,0,-1.0100803558238227,0.256,0.446,0.0,0.333,70,26.45510686984425,0.0,0.07199999999999998,13,0.0,0.619229230023715,0.0,-1.369949712370183,8,0.0,0.17400000000000002,2,1.496094198213496,0.5,0,0.0,3.320028185559176,0.3,0.0,0.0,0.55,0.3,0.9056115667407164,0.623,0.633,1.0,10.606970680150908,0.0,0.286,0.0,0.5,0.0,0.227,1,0.333,2,0.0,80.0,0.7408,1.0,0.3347,0.9877,1.0,0.0462,0.0,0.795,0.0,0.0,0.913,6,0.0,0.0,0.0,0.708,0,0.0,0.0,0.849,1729.6,0.0,0,0.0,0.5,-50.57,0.0,0.4052,0.45420000000000005,-0.18110000000000004,0.03080000000000005,0.7695,-0.11530000000000001,0,-2,0,0.0,0,0.2250000000000001,553.2199999999998,0.0,0.0,2,0.0,0.0,0.0,0.26199999999999996,0,0.5,0.0,0.0,-0.07300000000000006,454.3299999999999,-133.20000000000005,0.0,0,0.0,0.0,90,-5,2
Sweden,Senegal,0.0,-0.05613636920417142,-0.04000000000000001,0.0,0.07259108200321573,0.04300000000000004,0.3400000000000034,0.0,0.0,1.5118927600714998,0.16,0.0,0.0,0.3,0.65,1.0211114157950005,0.573,0.493,1.0,19.660176819299224,0.0,0.357,0.0,0.5,0.0,0.187,3,0.333,3,0.0,18.509999999999998,0.6473,1.0,0.4454,0.9908,0.7102,0.0346,0.0,0.62,0.0,0.0,0.87,3,0.0,0.0,0.0,0.529,0,0.0,0.0,0.889,1874.0,0.0,0,0.0,0.5,0.2,-0.15000000000000002,0.493,0,0,-0.118174073783895,-0.12299999999999994,-0.07300000000000001,0.0,0.333,-136,24.830948179985818,0.0,-0.07100000000000001,-20,0.0,-0.22964092485958898,0.0,-0.35277595666980743,-2,0.0,-0.067,0,-0.46759641909960203,0.5,0,0.0,1.4557563908673283,0.12,0.0,0.0,0.5,0.5,0.9029373420111055,0.45,0.42,1.0,44.49112499928504,0.0,0.286,0.0,0.5,0.0,0.12,3,0.333,2,0.0,0.0,0.5369,0.9304,0.5667,0.9844,0.7194,0.0577,0.0,0.585,0.0,0.0,0.913,4,0.0,0.0,0.0,0.45,0,0.0,0.0,0.957,1953.2,0.0,0,0.0,0.5,18.509999999999998,0.0,-0.11039999999999994,-0.0696,0.12129999999999996,-0.006399999999999961,0.009199999999999986,0.023100000000000002,0,-9,0,0.0,0,-0.03500000000000003,-18.169999999999987,0.0,0.0,1,0.0,0.0,0.0,-0.07900000000000001,0,0.5,0.0,0.0,0.06799999999999995,-9.72999999999999,79.20000000000005,0.0,0,0.0,0.0,90,2,0
Brazil,Belgium,0.0,1.480206717174333,0.12,0.0,-0.08620095165850628,-0.08700000000000008,520.0799999999998,0.0,0.0,1.6442854881945614,0.18,0.0,0.0,0.55,0.4,0.9985291376416274,0.52,0.48,1.0,36.89856233649554,0.0,0.214,0.0,0.5,0.0,0.16,1,0.333,2,0.0,0.0,0.5694,1.0,0.3031,0.9754,0.6806,0.0462,0.0,0.775,0.0,0.0,0.913,5,0.0,0.0,0.0,0.654,0,0.0,0.0,0.957,1830.6,0.0,0,0.0,0.5,-0.10000000000000003,0.04999999999999999,0.524,0,0,-0.20955506393105383,0.10299999999999998,0.15300000000000002,0.0,0.333,154,-18.89787353277762,0.0,0.07199999999999998,11,0.0,0.8540115116147087,0.0,-0.427005755807354,2,0.0,0.067,0,1.8788633548768578,0.5,0,0.0,3.1244922053688944,0.3,0.0,0.0,0.45,0.45,0.7889740737105736,0.623,0.633,1.0,18.000688803717917,0.0,0.286,0.0,0.5,0.0,0.227,1,0.333,4,0.0,100.0,0.6844,1.0,0.3217,0.9746,1.0,0.1231,0.0,1.0,0.0,0.0,0.826,7,0.0,0.0,0.0,0.875,0,0.0,0.0,0.813,1647.2,0.0,0,0.0,0.5,-100.0,0.0,0.11499999999999999,0.0,0.018600000000000005,-0.0008000000000000229,0.3194,0.0769,0,15,0,0.0,0,0.22499999999999998,620.0799999999998,0.0,0.0,2,0.0,0.0,0.0,0.22099999999999997,0,0.5,0.0,0.0,-0.14400000000000002,414.86,-183.39999999999986,0.0,0,0.0,0.0,90,18,2
England,Brazil,0.0,-1.2838045022483333,-0.15999999999999998,0.0,-0.09044958188355234,0.04400000000000004,86.5,0.0,0.0,2.9605611079979264,0.3,0.0,0.0,0.4,0.5,0.6571813706626056,0.71,0.74,1.0,21.623811312312842,0.0,0.286,0.0,0.5,0.0,0.28,1,0.333,4,0.0,100.0,0.6844,1.0,0.3217,0.9746,1.0,0.1231,0.0,1.0,0.0,0.0,0.826,7,0.0,0.0,0.0,0.875,0,0.0,0.0,0.813,1697.4,0.0,0,0.0,0.5,0.09999999999999998,-0.09999999999999998,0.489,0,0,0.01576779633267511,0.0,0.0,0.0,0.333,18,-53.02155895192264,0.0,0.14300000000000002,1,0.0,-1.0420255989625247,0.0,-0.2118620670103037,-2,0.0,0.0,0,-1.8788998702777828,0.16666666666666666,0,0.0,1.676756605749593,0.14,0.0,0.0,0.5,0.4,0.6729491669952807,0.71,0.74,1.0,-31.397747639609804,0.0,0.429,0.0,0.5,0.0,0.28,1,0.333,3,0.0,246.0,0.7047,1.0,0.4644,0.9905,1.0,0.0346,0.0,0.775,0.0,0.0,0.87,7,0.0,0.0,0.0,0.6,0,0.0,0.0,0.78,1849.6,0.0,0,0.0,0.5,-146.0,0.0,0.020299999999999985,0.0,0.1427,0.015900000000000025,0.0,-0.0885,0,-16,0,0.0,2,-0.22499999999999998,232.5,0.0,0.0,0,0.0,0.0,0.0,-0.275,0,0.5,0.0,0.0,-0.03299999999999992,58.0,152.19999999999982,0.0,0,0.0,0.0,90,-19,0
South Korea,Spain,0.0,-0.7735035654786311,-0.13999999999999999,0.0,-0.0658043869591306,0.0,-689.87,0.0,0.0,2.2471910524220533,0.3,0.0,0.0,0.55,0.35,0.9044347893957192,0.537,0.527,1.0,-17.149532334002622,0.0,0.429,0.0,0.5,0.0,0.173,1,0.333,2,0.0,0.0,0.7433,1.0,0.7002,0.9915,1.0,0.0231,0.0,0.825,0.0,0.0,0.913,7,0.0,0.0,0.0,0.808,0,0.0,0.0,0.957,1692.0,0.0,0,0.0,0.5,-0.10000000000000003,0.10000000000000003,0.5,0,0,-0.1257945020776381,0.06999999999999995,0.05999999999999994,0.0,0.333,-373,66.45307389526788,0.0,-0.14300000000000002,-32,0.0,-0.19747324008549194,0.0,-0.24039008872888945,-6,0.0,0.04000000000000001,-2,-1.1111807993742833,0.5,0,0.0,1.4736874869434222,0.16,0.0,0.0,0.45,0.45,0.7786402873180811,0.607,0.587,1.0,49.303541561265256,0.0,0.286,0.0,0.5,0.0,0.213,3,0.333,2,0.0,9.87,0.4535,0.1998,0.5346,0.9544,0.0709,0.0731,0.0,0.82,0.0,0.0,0.913,3,0.0,0.0,0.0,0.621,0,0.0,0.0,0.919,1906.2,0.0,0,0.0,0.5,-9.87,0.0,-0.28979999999999995,-0.8002,-0.16560000000000008,-0.03710000000000002,-0.9291,0.05,0,-3,0,0.0,0,-0.0050000000000000044,-680.0,0.0,0.0,-4,0.0,0.0,0.0,-0.18700000000000006,0,0.5,0.0,0.0,-0.03799999999999992,-589.3399999999999,214.20000000000005,0.0,0,0.0,0.0,90,-8,1
South Korea,Germany,0.0,-1.4492879822508355,-0.14,0.0,0.04073868973856676,0.0,-530.7499999999999,0.0,0.0,2.717702557020837,0.26,0.0,0.0,0.5,0.4,0.657313539656416,0.813,0.893,1.0,19.93227209220686,0.0,0.286,0.0,0.5,0.0,0.347,1,0.333,2,0.0,80.0,0.7408,1.0,0.3347,0.9877,1.0,0.0462,0.0,0.94,0.0,0.0,0.913,6,0.0,0.0,0.0,0.808,0,0.0,0.0,0.849,1764.8,0.0,0,0.0,0.5,-0.04999999999999999,0.09999999999999998,0.479,0,0,-0.023623146550272422,-0.08599999999999997,-0.10599999999999998,0.0,0.333,-108,35.906504578731614,0.0,-0.07199999999999998,-19,0.0,-0.5735274526047549,0.0,0.2347822815909934,-7,0.0,-0.05399999999999999,-2,-1.0173124074427933,0.5,0,0.0,1.2684145747700015,0.12,0.0,0.0,0.45,0.5,0.6336903931061436,0.727,0.787,1.0,55.83877667093847,0.0,0.214,0.0,0.5,0.0,0.293,3,0.333,2,0.0,9.87,0.4535,0.1998,0.5346,0.9544,0.0709,0.0731,0.0,0.765,0.0,0.0,0.913,3,0.0,0.0,0.0,0.667,0,0.0,0.0,0.919,1912.6,0.0,0,0.0,0.5,70.13,0.0,-0.2873,-0.8002,0.19989999999999997,-0.033299999999999996,-0.9291,0.0269,0,-7,0,0.0,0,-0.17499999999999993,-600.8799999999999,0.0,0.0,-3,0.0,0.0,0.0,-0.14100000000000001,0,0.5,0.0,0.0,0.07000000000000006,-474.96,147.79999999999995,0.0,0,0.0,0.0,90,-13,0
Germany,Brazil,0.0,-0.12832717763592383,-0.16000000000000003,0.0,-0.020342125039191084,0.08700000000000008,-389.21000000000004,0.0,0.0,2.584872561816819,0.28,0.0,0.0,0.4,0.55,0.5994433868318984,0.71,0.74,1.0,33.59664852355015,0.0,0.286,0.0,0.5,0.0,0.28,1,0.333,4,0.0,100.0,0.6844,1.0,0.3217,0.9746,1.0,0.1231,0.0,1.0,0.0,0.0,0.826,7,0.0,0.0,0.0,0.875,0,0.0,0.0,0.813,1801.0,0.0,0,0.0,0.5,0.04999999999999999,-0.10000000000000003,0.512,0,0,-0.048284985419203674,0.10299999999999998,0.15300000000000002,0.0,0.333,-130,-15.900907148877312,0.0,0.07100000000000001,-9,0.0,-0.2577024961716834,0.0,-0.42068957311400623,0,0.0,0.06699999999999995,0,-1.2856973094781603,0.5,0,0.0,2.4565453841808953,0.12,0.0,0.0,0.45,0.45,0.5511584014126947,0.813,0.893,1.0,17.69574137467284,0.0,0.357,0.0,0.5,0.0,0.347,1,0.333,2,0.0,80.0,0.7408,1.0,0.3347,0.9877,1.0,0.0462,0.0,0.96,0.0,0.0,0.913,6,0.0,0.0,0.0,0.746,0,0.0,0.0,0.849,1785.4,0.0,0,0.0,0.5,20.0,0.0,0.056400000000000006,0.0,0.013000000000000012,0.0131,0.0,-0.0769,0,-13,0,0.0,0,-0.040000000000000036,-409.21000000000004,0.0,0.0,-1,0.0,0.0,0.0,-0.129,0,0.5,0.0,0.0,0.03600000000000003,-293.09000000000003,-15.599999999999909,0.0,0,0.0,0.0,90,-16,0
France,England,0.0,0.15377402592126987,-0.06,0.0,-0.018704076989984664,-0.04400000000000004,-200.13999999999987,0.0,0.0,2.0244203726252783,0.2,0.0,0.0,0.7,0.25,1.0396948093048952,0.433,0.373,1.0,-35.12032021651063,0.0,0.571,0.0,0.5,0.0,0.107,0,0.333,3,0.0,246.0,0.7047,1.0,0.4644,0.9905,1.0,0.0346,0.0,0.535,0.0,0.0,0.87,0,0.0,0.0,0.0,0.454,0,0.0,0.0,0.78,1800.4,0.0,0,0.0,0.5,-0.5499999999999999,0.5,0.557,0,0,-0.9315736147953382,0.467,0.627,0.0,0.333,85,43.47550078753951,0.0,-0.07099999999999995,2,0.0,1.0483417816558729,0.0,-1.257702496171683,0,0.0,0.29300000000000004,0,-0.8868510565433321,0.3333333333333333,1,0.0,2.178194398546548,0.14,0.0,0.0,0.15,0.75,0.10812119450955708,0.9,1.0,1.0,8.355180571028882,0.0,0.5,0.0,0.5,0.0,0.4,0,0.333,3,0.0,229.78,0.7,1.0,0.512,0.9967,1.0,0.0115,0.0,0.84,0.0,0.0,0.826,0,0.0,0.0,0.0,0.704,0,0.0,0.0,0.758,1735.8,0.0,1,0.043,0.5,16.22,0.0,-0.0047000000000000375,0.0,0.04760000000000003,0.006199999999999983,0.0,-0.0231,0,-8,0,0.0,-1,0.30499999999999994,-216.3599999999999,0.0,0.0,0,0.0,0.0,0.0,0.24999999999999994,0,0.5,0.0,0.0,-0.02200000000000002,-258.0,-64.60000000000014,0.0,0.0,0.043,0.0,90,-11,2
Switzerland,Croatia,0.0,-0.207215871566101,-0.06000000000000001,0.0,0.08959654989218413,0.04300000000000004,-41.34000000000006,0.0,0.0,1.394521449144645,0.14,0.0,0.0,0.4,0.55,0.8109925032269512,0.607,0.587,1.0,-3.785289330340451,0.0,0.571,0.0,0.5,0.0,0.213,0,0.333,3,0.0,28.669999999999998,0.5234,1.0,0.4299,0.9915,0.629,0.0231,0.0,0.86,0.0,0.0,0.87,0,0.0,0.0,0.0,0.608,0,0.0,0.0,0.879,1764.2,0.0,0,0.0,0.5,0.25,-0.4,0.471,0,0,0.5582287672412682,-0.08699999999999997,-0.10699999999999998,0.0,0.333,30,-37.19124573986163,0.0,-0.07099999999999995,2,0.0,-0.8617261145774078,0.0,0.2176450412915435,0,0.0,-0.05299999999999999,0,-0.6440810732858637,0.5,1,0.0,1.187305577578544,0.08,0.0,0.0,0.65,0.15,1.3692212704682194,0.52,0.48,1.0,-40.97653507020208,0.0,0.5,0.0,0.5,0.0,0.16,0,0.333,2,0.0,0.0,0.6926,1.0,0.3736,0.9875,0.4914,0.0346,0.0,0.55,0.0,0.0,0.913,0,0.0,0.0,0.0,0.425,0,0.0,0.0,0.957,1653.0,0.0,0,0.0,0.5,28.669999999999998,0.0,0.16920000000000002,0.0,-0.05630000000000002,-0.0040000000000000036,-0.1376,0.0115,0,-3,0,0.0,0,-0.30999999999999994,-70.01000000000008,0.0,0.0,0,0.0,0.0,0.0,-0.183,0,0.5,0.0,0.0,0.07799999999999996,-41.389999999999986,-111.20000000000005,0.0,0,0.0,0.0,90,-1,1
Germany,Netherlands,0.0,0.19074007912505464,0.12,0.0,-0.10654307669769736,-0.04399999999999993,30.889999999999645,0.0,0.0,1.7875765492458817,0.14,0.0,0.0,0.35,0.5,0.547055778244044,0.727,0.787,1.0,-37.71985198835684,0.0,0.714,0.0,0.5,0.0,0.293,0,0.333,1,0.0,0.0,0.5837,1.0,0.4972,0.9877,1.0,0.0462,0.0,0.41,0.0,0.0,0.957,0,0.0,0.0,0.0,0.546,0,0.0,0.0,0.978,1770.2,0.0,0,0.0,0.5,0.15000000000000002,-0.15000000000000002,0.491,0,0,0.6914802493722328,-0.08399999999999996,-0.23399999999999999,0.0,0.333,-50,30.73990801119958,0.0,-0.07099999999999995,-4,0.0,0.36223510940748427,0.0,0.8814366011081518,0,0.0,-0.06599999999999998,0,1.0251979727677756,0.3333333333333333,1,0.0,1.9783166283709364,0.26,0.0,0.0,0.5,0.35,1.238536027616277,0.643,0.553,1.0,-6.979943977157253,0.0,0.643,0.0,0.5,0.0,0.227,0,0.333,2,0.0,80.0,0.7408,1.0,0.3347,0.9877,1.0,0.0462,0.0,0.53,0.0,0.0,0.913,0,0.0,0.0,0.0,0.625,0,0.0,0.0,0.849,1678.0,0.0,0,0.0,0.5,-80.0,0.0,0.15710000000000002,0.0,-0.16249999999999998,0.0,0.0,0.0,0,1,0,0.0,0,0.12000000000000005,110.88999999999965,0.0,0.0,0,0.0,0.0,0.0,0.07899999999999996,0,0.5,0.0,0.0,-0.129,52.819999999999936,-92.20000000000005,0.0,0,0.0,0.0,90,5,1
Croatia,France,0.0,-0.9676942107904245,-0.020000000000000018,0.0,0.10575806063985915,0.04400000000000004,-655.12,0.0,0.0,2.167969945365051,0.14,0.0,0.0,0.2,0.75,0.22505449551903756,0.813,0.893,1.0,11.6956189779278,0.0,0.286,0.0,0.5,0.0,0.347,0,0.333,3,0.0,229.78,0.7,1.0,0.512,0.9967,1.0,0.0115,0.0,0.9,0.0,0.0,0.826,0,0.0,0.0,0.0,0.692,0,0.0,0.0,0.758,1770.2,0.0,1,0.043,0.5,0.2,-0.19999999999999996,0.484,0,0,0.4729732208293236,-0.10299999999999998,-0.15300000000000002,0.0,0.333,-257,-14.804503507101106,0.0,0.0,-13,0.0,-0.2587689129959001,0.0,0.2057210514602994,0,0.0,-0.06699999999999995,0,-0.5003338276867328,0.0,1,0.0,1.2002757345746264,0.12,0.0,0.0,0.4,0.55,0.6980277163483611,0.71,0.74,1.0,-3.108884529173306,0.0,0.286,0.0,0.5,0.0,0.28,0,0.333,3,0.0,28.669999999999998,0.5234,1.0,0.4299,0.9915,0.629,0.0231,0.0,0.785,0.0,0.0,0.87,0,0.0,0.0,0.0,0.654,0,0.0,0.0,0.879,1765.4,0.0,0,0.0,0.5,201.11,0.0,-0.17659999999999998,0.0,-0.0821,-0.005199999999999982,-0.371,0.0116,0,3,0,0.0,-1,-0.11499999999999999,-856.23,0.0,0.0,0,0.0,0.0,0.0,-0.03799999999999992,0,0.5,0.0,0.0,0.121,-437.68,-4.7999999999999545,0.0,0.0,-0.043,0.0,90,7,1
England,Switzerland,0.0,0.8452067996733226,0.12,0.0,-0.17665053354205862,-0.04300000000000004,896.5999999999999,0.0,0.0,1.021923381075813,0.06,0.0,0.0,0.65,0.2,1.1493064586193056,0.623,0.633,1.0,-38.387672043946615,0.0,0.286,0.0,0.5,0.0,0.227,0,0.333,2,0.0,0.0,0.6926,1.0,0.3736,0.9875,0.4914,0.0346,0.0,0.545,0.0,0.0,0.913,0,0.0,0.0,0.0,0.471,0,0.0,0.0,0.957,1623.4,0.0,0,0.0,0.5,0.09999999999999998,0.0,0.473,0,0,0.03874780912880271,-0.173,-0.21300000000000002,0.0,0.333,142,-6.249418104281268,0.0,0.0,9,0.0,-0.437826813413456,0.0,0.6160862599793866,0,0.0,-0.10700000000000001,0,1.4669913169506925,0.5,1,0.0,1.8671301807491356,0.18,0.0,0.0,0.75,0.2,1.1880542677481083,0.45,0.42,1.0,-44.637090148227884,0.0,0.286,0.0,0.5,0.0,0.12,0,0.333,3,0.0,246.0,0.7047,1.0,0.4644,0.9905,1.0,0.0346,0.0,0.39,0.0,0.0,0.87,0,0.0,0.0,0.0,0.454,0,0.0,0.0,0.78,1860.4,0.0,0,0.0,0.5,-246.0,0.0,0.0121,0.0,0.09079999999999999,0.0030000000000000027,0.5085999999999999,0.0,0,8,0,0.0,2,-0.15500000000000003,1142.6,0.0,0.0,0,0.0,0.0,0.0,-0.01699999999999996,0,0.5,0.0,0.0,-0.17699999999999994,737.0699999999999,237.0,0.0,0,0.0,0.0,90,5,2
Netherlands,Czechia,0.0,-0.7341808518240698,0.0,0.0,0.04216989406922611,0.0,498.0200000000002,0.0,0.0,2.397457664623551,0.16,0.0,0.0,0.55,0.4,0.9680822862918004,0.537,0.527,1.0,50.004678713550675,0.0,0.286,0.0,0.5,0.0,0.173,0,0.333,1,0.0,6.25,0.4928,0.7284,0.4347,0.9957,0.2866,0.0115,0.0,0.8,0.0,0.0,0.957,0,0.0,0.0,0.0,0.588,0,0.0,0.0,0.945,1531.0,0.0,0,0.0,0.5,-0.15000000000000002,0.04999999999999999,0.483,0,0,-0.3506366882419063,0.10299999999999998,0.15300000000000002,0.0,0.333,286,-72.38585490233628,0.0,0.0,52,0.0,-0.8913205531202102,0.0,-0.21514368879705048,0,0.0,0.067,0,-0.3697745452268395,0.4444444444444444,1,0.0,1.6632768127994813,0.16,0.0,0.0,0.4,0.45,0.6174455980498941,0.64,0.68,1.0,-22.381176188785602,0.0,0.286,0.0,0.5,0.0,0.24,0,0.333,1,0.0,0.0,0.5837,1.0,0.4972,0.9877,1.0,0.0462,0.0,0.455,0.0,0.0,0.957,0,0.0,0.0,0.0,0.546,0,0.0,0.0,0.978,1723.6,0.0,0,0.0,0.5,6.25,0.0,0.09089999999999998,0.27159999999999995,0.0625,-0.008000000000000007,0.7134,0.034699999999999995,0,7,0,0.0,0,-0.34500000000000003,491.7700000000002,0.0,0.0,0,0.0,0.0,0.0,-0.041999999999999926,0,0.5,0.0,0.0,0.03300000000000003,420.09000000000003,192.5999999999999,0.0,0,0.0,0.0,90,3,0
Portugal,Spain,0.0,0.30030297333461586,0.06,0.0,-0.10806307313800045,0.0,-32.420000000000186,0.0,0.0,1.9770974776092434,0.18,0.0,0.0,0.35,0.6,0.467035020777386,0.727,0.787,1.0,-0.01507959853208396,0.0,0.286,0.0,0.5,0.0,0.293,0,0.333,2,0.0,0.0,0.7433,1.0,0.7002,0.9915,1.0,0.0231,0.0,0.765,0.0,0.0,0.913,0,0.0,0.0,0.0,0.704,0,0.0,0.0,0.957,1656.6,0.0,0,0.0,0.5,0.10000000000000003,-0.14999999999999997,0.484,0,0,0.5322582351109603,-0.12,-0.20000000000000007,0.0,0.333,-212,-27.458338493627164,0.0,0.0,-8,0.0,-0.07376334873105472,0.0,0.47534753746322655,0,0.0,-0.07999999999999999,0,0.6015222659112311,0.16666666666666666,1,0.0,2.2774004509438592,0.24,0.0,0.0,0.45,0.45,0.9992932558883463,0.607,0.587,1.0,-27.473418092159246,0.0,0.286,0.0,0.5,0.0,0.213,0,0.333,2,0.0,96.63,0.5771,1.0,0.6682,0.983,1.0,0.0462,0.0,0.71,0.0,0.0,0.913,0,0.0,0.0,0.0,0.671,0,0.0,0.0,0.833,1585.2,0.0,0,0.0,0.5,-96.63,0.0,-0.16620000000000001,0.0,-0.03200000000000003,-0.008500000000000063,0.0,0.0231,0,-9,0,0.0,1,-0.05500000000000005,64.20999999999981,0.0,0.0,0,0.0,0.0,0.0,-0.03299999999999992,0,0.5,0.0,0.0,-0.124,-82.61000000000001,-71.39999999999986,0.0,0,0.0,0.0,90,0,2
Switzerland,France,0.0,-1.2795920715699352,-0.12,0.0,0.19535461053204328,0.08700000000000008,-696.46,0.0,0.0,2.151871374366266,0.18,0.0,0.0,0.2,0.75,0.479588549164323,0.71,0.74,1.0,5.24652301856301,0.0,0.286,0.0,0.5,0.0,0.28,0,0.333,3,0.0,229.78,0.7,1.0,0.512,0.9967,1.0,0.0115,0.0,0.785,0.0,0.0,0.826,0,0.0,0.0,0.0,0.692,0,0.0,0.0,0.758,1755.4,0.0,1,0.043,0.5,0.39999999999999997,-0.55,0.464,0,0,0.942101363032747,-0.12,-0.19999999999999996,0.0,0.333,-227,-53.02381741401243,0.0,0.0,-11,0.0,-0.9707636027259621,0.0,0.4955912324060796,0,0.0,-0.08000000000000002,0,-1.4149065988327665,0.0,1,0.0,0.8722793027963307,0.06,0.0,0.0,0.6,0.2,1.42168991219707,0.59,0.54,1.0,-47.77729439544942,0.0,0.286,0.0,0.5,0.0,0.2,0,0.333,2,0.0,0.0,0.6926,1.0,0.3736,0.9875,0.4914,0.0346,0.0,0.405,0.0,0.0,0.913,0,0.0,0.0,0.0,0.446,0,0.0,0.0,0.957,1687.0,0.0,0,0.0,0.5,229.78,0.0,-0.007399999999999962,0.0,-0.13840000000000002,-0.009199999999999986,-0.5085999999999999,0.0231,0,0,0,0.0,-1,-0.38,-926.24,0.0,0.0,0,0.0,0.0,0.0,-0.24599999999999994,0,0.5,0.0,0.0,0.19899999999999995,-479.07,-68.40000000000009,0.0,0.0,-0.043,0.0,90,6,0
Croatia,England,0.0,-0.713258964511857,-0.1,0.0,0.08705398364987449,0.0,-855.2599999999999,0.0,0.0,2.039526515501339,0.22,0.0,0.0,0.7,0.25,1.0079711794948572,0.537,0.527,1.0,-43.92864921871213,0.0,0.286,0.0,0.5,0.0,0.173,0,0.333,3,0.0,246.0,0.7047,1.0,0.4644,0.9905,1.0,0.0346,0.0,0.61,0.0,0.0,0.87,0,0.0,0.0,0.0,0.558,0,0.0,0.0,0.78,1851.0,0.0,0,0.0,0.5,-0.24999999999999994,0.30000000000000004,0.52,0,0,-0.12858910911817056,0.17299999999999993,0.21299999999999997,0.0,0.333,-172,57.10943643963307,0.0,0.0,-11,0.0,0.362567112852618,0.0,-0.18226762846750133,0,0.0,0.10700000000000004,0,-1.1615886566729727,0.0,1,0.0,1.326267550989482,0.12,0.0,0.0,0.45,0.55,0.8793820703766866,0.71,0.74,1.0,13.180787220920937,0.0,0.286,0.0,0.5,0.0,0.28,0,0.333,3,0.0,28.669999999999998,0.5234,1.0,0.4299,0.9915,0.629,0.0231,0.0,0.7,0.0,0.0,0.87,0,0.0,0.0,0.0,0.654,0,0.0,0.0,0.879,1824.0,0.0,0,0.0,0.5,217.33,0.0,-0.18130000000000002,0.0,-0.034499999999999975,0.0010000000000000009,-0.371,-0.0115,0,-5,0,0.0,-2,0.08999999999999997,-1072.59,0.0,0.0,0,0.0,0.0,0.0,0.09599999999999997,0,0.5,0.0,0.0,0.09899999999999998,-695.6800000000001,-27.0,0.0,0,0.0,0.0,90,-4,0
Germany,Czechia,0.0,-0.9032225480804417,0.0,0.0,-0.06437318262847125,-0.04399999999999993,528.9099999999999,0.0,0.0,2.4740887032168226,0.2,0.0,0.0,0.55,0.4,1.119118495387929,0.537,0.527,1.0,61.98853868107239,0.0,0.286,0.0,0.5,0.0,0.173,0,0.333,1,0.0,6.25,0.4928,0.7284,0.4347,0.9957,0.2866,0.0115,0.0,0.92,0.0,0.0,0.957,0,0.0,0.0,0.0,0.713,0,0.0,0.0,0.945,1583.6,0.0,0,0.0,0.5,-0.10000000000000003,0.0,0.479,0,0,-0.08899698600658179,0.17299999999999993,0.21299999999999997,0.0,0.333,236,-75.00703407555146,0.0,0.0,48,0.0,-1.233208694178299,0.0,-0.475311022062301,0,0.0,0.10700000000000004,0,-0.7349409421343827,1.0,1,0.0,1.570866155136381,0.2,0.0,0.0,0.45,0.4,1.0301215093813472,0.71,0.74,1.0,-13.018495394479062,0.0,0.286,0.0,0.5,0.0,0.28,0,0.333,2,0.0,80.0,0.7408,1.0,0.3347,0.9877,1.0,0.0462,0.0,0.5,0.0,0.0,0.913,0,0.0,0.0,0.0,0.604,0,0.0,0.0,0.849,1627.4,0.0,0,0.0,0.5,-73.75,0.0,0.248,0.27159999999999995,-0.09999999999999998,-0.008000000000000007,0.7134,0.034699999999999995,0,8,0,0.0,0,-0.42000000000000004,602.6599999999999,0.0,0.0,0,0.0,0.0,0.0,-0.10899999999999999,0,0.5,0.0,0.0,-0.09599999999999997,472.90999999999997,43.80000000000018,0.0,0,0.0,0.0,90,8,0
Portugal,England,0.0,-0.24232928746937166,-0.07999999999999999,0.0,0.06858746040405816,0.04300000000000004,-349.0100000000001,0.0,0.0,2.334499742094832,0.3,0.0,0.0,0.7,0.25,1.153451183938567,0.52,0.48,1.0,-39.58731899729241,0.0,0.214,0.0,0.5,0.0,0.16,0,0.333,3,0.0,246.0,0.7047,1.0,0.4644,0.9905,1.0,0.0346,0.0,0.76,0.0,0.0,0.87,0,0.0,0.0,0.0,0.696,0,0.0,0.0,0.78,1880.0,0.0,0,0.0,0.5,-0.24999999999999994,0.2,0.523,0,0,-0.29335150780770114,0.18999999999999995,0.26,0.0,0.333,-95,24.96647952937023,0.0,0.07199999999999998,-5,0.0,0.2577024961716825,0.0,-0.7023787006905954,0,0.0,0.12000000000000002,0,-1.1521295039352957,0.5555555555555556,1,0.0,2.0921704546254603,0.22,0.0,0.0,0.45,0.45,0.8600996761308659,0.71,0.74,1.0,-14.620839467922178,0.0,0.286,0.0,0.5,0.0,0.28,0,0.333,2,0.0,96.63,0.5771,1.0,0.6682,0.983,1.0,0.0462,0.0,0.8,0.0,0.0,0.913,0,0.0,0.0,0.0,0.75,0,0.0,0.0,0.833,1672.0,0.0,0,0.0,0.5,149.37,0.0,-0.12760000000000005,0.0,0.20380000000000004,-0.007500000000000062,0.0,0.0116,0,-8,0,0.0,-1,0.040000000000000036,-498.3800000000001,0.0,0.0,0,0.0,0.0,0.0,0.05400000000000005,0,0.5,0.0,0.0,0.052999999999999936,-319.32000000000005,-208.0,0.0,0,0.0,0.0,90,-2,1
Sweden,Netherlands,0.0,0.339170239719085,0.10000000000000003,0.0,0.0,-0.04399999999999993,-403.1600000000002,0.0,0.0,1.8835596439164386,0.18,0.0,0.0,0.4,0.45,0.8286310357172324,0.607,0.587,1.0,-23.792642887641243,0.0,0.214,0.0,0.5,0.0,0.213,0,0.333,1,0.0,0.0,0.5837,1.0,0.4972,0.9877,1.0,0.0462,0.0,0.53,0.0,0.0,0.957,0,0.0,0.0,0.0,0.533,0,0.0,0.0,0.978,1590.4,0.0,0,0.0,0.5,0.15000000000000002,-0.15000000000000002,0.509,0,0,0.24698078705739324,-0.06999999999999995,-0.05999999999999994,0.0,0.333,-219,29.603813059585892,0.0,0.07199999999999998,-28,0.0,0.5178395868322418,0.0,0.04059066329224792,0,0.0,-0.04000000000000001,0,0.7194856983853539,0.3333333333333333,1,0.0,2.2227298836355236,0.28,0.0,0.0,0.55,0.3,1.0756118227746256,0.537,0.527,1.0,5.811170171944649,0.0,0.286,0.0,0.5,0.0,0.173,0,0.333,2,0.0,0.0,0.5369,0.9304,0.5667,0.9844,0.7194,0.0577,0.0,0.7,0.0,0.0,0.913,0,0.0,0.0,0.0,0.729,0,0.0,0.0,0.957,1658.4,0.0,0,0.0,0.5,0.0,0.0,-0.04679999999999995,-0.0696,0.0695,-0.0032999999999999696,-0.28059999999999996,0.011500000000000003,0,-3,0,0.0,0,0.16999999999999993,-403.1600000000002,0.0,0.0,0,0.0,0.0,0.0,0.19599999999999995,0,0.5,0.0,0.0,-0.02100000000000002,-347.29,68.0,0.0,0,0.0,0.0,90,1,1
Portugal,Netherlands,0.0,0.48003194366829427,0.08000000000000002,0.0,-0.10806307313800045,-0.04399999999999993,157.58999999999958,0.0,0.0,1.6138965070003344,0.12,0.0,0.0,0.4,0.45,0.7132093419551789,0.607,0.587,1.0,-34.076230032976845,0.0,0.286,0.0,0.5,0.0,0.213,0,0.333,1,0.0,0.0,0.5837,1.0,0.4972,0.9877,1.0,0.0462,0.0,0.485,0.0,0.0,0.957,0,0.0,0.0,0.0,0.429,0,0.0,0.0,0.978,1659.6,0.0,0,0.0,0.5,0.09999999999999998,0.0,0.518,0,0,0.3129676595520362,0.0,0.0,0.0,0.333,3,27.785093434671538,0.0,0.14300000000000002,1,0.0,0.8058448971021797,0.0,0.15423629976009867,0,0.0,0.0,0,0.619367881766133,0.5555555555555556,1,0.0,2.0939284506686286,0.2,0.0,0.0,0.5,0.45,1.0261770015072151,0.607,0.587,1.0,-6.291136598305309,0.0,0.429,0.0,0.5,0.0,0.213,0,0.333,2,0.0,96.63,0.5771,1.0,0.6682,0.983,1.0,0.0462,0.0,0.705,0.0,0.0,0.913,0,0.0,0.0,0.0,0.646,0,0.0,0.0,0.833,1806.2,0.0,0,0.0,0.5,-96.63,0.0,-0.00660000000000005,0.0,0.17100000000000004,-0.0047000000000000375,0.0,0.0,0,-12,0,0.0,1,0.21999999999999997,254.21999999999957,0.0,0.0,0,0.0,0.0,0.0,0.21700000000000003,0,0.5,0.0,0.0,-0.14500000000000002,84.58999999999992,146.60000000000014,0.0,0,0.0,0.0,90,-2,2
Iraq,Uzbekistan,0.0,0.1794301827453828,0.01999999999999999,0.0,-0.008508256261814284,-0.04300000000000004,-1.0400000000000347,0.0,0.0,1.7277287515591706,0.14,0.0,0.0,0.55,0.35,1.2186503187814226,0.557,0.447,1.0,-15.386599283114684,0.0,1.0,0.0,0.5,0.0,0.173,0,0.333,2,0.0,13.719999999999999,0.3388,0.0884,0.4194,0.9833,0.159,0.0615,0.0,0.61,0.0,0.0,0.913,0,0.0,0.0,0.0,0.471,0,0.0,0.0,0.888,1437.0,0.0,0,0.0,0.5,0.04999999999999993,-0.09999999999999998,0.486,0,0,-0.04338207994718668,-0.12400000000000005,-0.07400000000000001,0.0,0.333,-4,-14.300091132400592,0.0,0.0,-2,0.0,-0.38444694843272154,0.0,-0.013497577243938519,0,0.0,-0.06599999999999999,0,0.4966576492302961,0.6666666666666666,1,0.0,1.9071589343045534,0.16,0.0,0.0,0.6,0.25,1.175268238834236,0.433,0.373,1.0,-29.686690415515276,0.0,1.0,0.0,0.5,0.0,0.107,0,0.333,3,0.0,14.83,0.3313,0.085,0.4944,0.9667,0.0274,0.0615,0.0,0.51,0.0,0.0,0.87,0,0.0,0.0,0.0,0.429,0,0.0,0.0,0.865,1559.8,0.0,0,0.0,0.5,-1.1100000000000012,0.0,-0.007500000000000007,-0.0034000000000000002,0.07500000000000001,-0.016599999999999948,-0.1316,0.0,0,1,0,0.0,0,-0.09999999999999998,0.06999999999996476,0.0,0.0,0,0.0,0.0,0.0,-0.04199999999999998,0,0.5,0.0,0.0,-0.02300000000000002,-0.12999999999999545,122.79999999999995,0.0,0,0.0,0.0,90,0,0
South Korea,Jordan,0.0,0.77471538439764,0.1,0.0,-0.0658043869591306,0.0,17.31999999999998,0.0,0.0,1.0475723404599193,0.04,0.0,0.0,0.35,0.6,0.3791544287028771,0.727,0.787,1.0,15.679772398762049,0.0,0.786,0.0,0.5,0.0,0.293,0,0.333,2,0.0,0.0,0.3449,0.1075,0.4597,0.9833,0.0322,0.0462,0.0,0.585,0.0,0.0,0.913,0,0.0,0.0,0.0,0.45,0,0.0,0.0,0.957,1607.0,0.0,0,0.0,0.5,-0.19999999999999998,-0.04999999999999993,0.495,0,0,0.13271762745650817,-0.08699999999999997,-0.10699999999999998,0.0,0.333,161,-32.835859238387464,0.0,-0.42900000000000005,39,0.0,0.6992054880415757,0.0,0.2519195218904433,0,0.0,-0.05299999999999999,0,1.0285280217185853,0.5,1,0.0,1.8222877248575593,0.14,0.0,0.0,0.15,0.55,0.5118720561593852,0.64,0.68,1.0,-17.156086839625413,0.0,0.357,0.0,0.5,0.0,0.24,0,0.333,2,0.0,9.87,0.4535,0.1998,0.5346,0.9544,0.0709,0.0731,0.0,0.745,0.0,0.0,0.913,0,0.0,0.0,0.0,0.633,0,0.0,0.0,0.919,1639.6,0.0,0,0.0,0.5,-9.87,0.0,0.10860000000000003,0.09230000000000001,0.07489999999999997,-0.028899999999999926,0.038700000000000005,0.0269,0,7,0,0.0,0,0.16000000000000003,27.189999999999984,0.0,0.0,0,0.0,0.0,0.0,0.183,0,0.5,0.0,0.0,-0.03799999999999992,17.070000000000007,32.59999999999991,0.0,0,0.0,0.0,90,1,1
Uzbekistan,Saudi Arabia,0.0,-0.9524852388564544,-0.06,0.0,-0.04980188276574071,0.04300000000000004,5.820000000000007,0.0,0.0,2.5861454825881673,0.2,0.0,0.0,0.35,0.45,0.6574955467547934,0.797,0.847,1.0,11.463440647580597,0.0,0.286,0.0,0.5,0.0,0.333,0,0.333,1,0.0,6.54,0.3742,0.1149,0.5194,0.975,0.0618,0.0692,0.0,0.825,0.0,0.0,0.87,0,0.0,0.0,0.0,0.783,0,0.0,0.0,0.901,1364.2,0.0,2,0.087,0.5,0.20000000000000007,-0.04999999999999999,0.488,0,0,0.384108200502431,-0.10400000000000009,-0.15400000000000003,0.0,0.333,-14,-18.921017692016186,0.0,0.0,-5,0.0,-0.2608454662160109,0.0,0.13199421813016998,0,0.0,-0.066,0,-0.6015222659112316,0.0,1,0.0,1.633660243731713,0.14,0.0,0.0,0.55,0.4,1.0416037472572244,0.693,0.693,1.0,-7.457577044435589,0.0,0.286,0.0,0.5,0.0,0.267,0,0.333,2,0.0,13.719999999999999,0.3388,0.0884,0.4194,0.9833,0.159,0.0615,0.0,0.76,0.0,0.0,0.913,0,0.0,0.0,0.0,0.621,0,0.0,0.0,0.888,1467.8,0.0,0,0.0,0.5,-7.179999999999999,0.0,-0.03539999999999999,-0.026499999999999996,-0.09999999999999998,0.008299999999999974,0.09720000000000001,-0.0076999999999999985,0,-6,0,0.0,0,-0.06499999999999995,13.0,0.0,0.0,0,0.0,0.0,0.0,-0.16200000000000003,0,0.5,0.0,0.0,-0.013000000000000012,6.039999999999992,103.59999999999991,0.0,0.0,-0.087,0.0,90,-3,2
Saudi Arabia,Iraq,0.0,0.3848337974651739,-0.020000000000000018,0.0,0.058310139027555,0.0,-4.779999999999973,0.0,0.0,1.8191873398214358,0.2,0.0,0.0,0.6,0.2,1.2837305335919103,0.433,0.373,1.0,-43.45158528113083,0.0,0.286,0.0,0.5,0.0,0.107,0,0.333,3,0.0,14.83,0.3313,0.085,0.4944,0.9667,0.0274,0.0615,0.0,0.59,0.0,0.0,0.87,0,0.0,0.0,0.0,0.521,0,0.0,0.0,0.865,1457.2,0.0,0,0.0,0.5,-0.3,0.25,0.517,0,0,-0.5858251510520482,0.27699999999999997,0.367,0.0,0.333,18,38.74674197485021,0.0,0.0,7,0.0,0.10433140826882648,0.0,-0.6878147066224402,0,0.0,0.17300000000000004,0,-0.5523152723981168,1.0,1,0.0,2.2040211372866096,0.18,0.0,0.0,0.3,0.45,0.697905382539862,0.71,0.74,1.0,-4.704843306280626,0.0,0.286,0.0,0.5,0.0,0.28,0,0.333,1,0.0,6.54,0.3742,0.1149,0.5194,0.975,0.0618,0.0692,0.0,0.525,0.0,0.0,0.87,0,0.0,0.0,0.0,0.658,0,0.0,0.0,0.901,1434.2,0.0,2,0.087,0.5,8.29,0.0,0.042899999999999994,0.029899999999999996,0.024999999999999967,0.008299999999999974,0.0344,0.0076999999999999985,0,5,0,0.0,0,-0.06499999999999995,-13.069999999999965,0.0,0.0,0,0.0,0.0,0.0,0.137,0,0.5,0.0,0.0,0.03600000000000003,-5.909999999999997,-23.0,0.0,0.0,0.087,0.0,90,3,0
Japan,Jordan,0.0,1.2463421813501128,0.2,0.0,0.0,0.0,137.18999999999988,0.0,0.0,0.8814560986487467,0.06,0.0,0.0,0.25,0.7,0.22817952770780056,0.9,1.0,1.0,22.392000260685897,0.0,0.286,0.0,0.5,0.0,0.4,0,0.333,2,0.0,0.0,0.3449,0.1075,0.4597,0.9833,0.0322,0.0462,0.0,0.665,0.0,0.0,0.913,0,0.0,0.0,0.0,0.588,0,0.0,0.0,0.957,1667.2,0.0,0,0.0,0.5,0.09999999999999998,-0.1499999999999999,0.494,0,0,0.3796871320834613,-0.17300000000000004,-0.21299999999999997,0.0,0.333,278,-21.133066546166535,0.0,-0.07199999999999998,60,0.0,0.44150299186989295,0.0,0.3636335296768349,0,0.0,-0.10700000000000004,0,1.763442926029337,0.5,1,0.0,2.1277982799988595,0.26,0.0,0.0,0.35,0.55,0.6078666597912619,0.727,0.787,1.0,1.2589337145193622,0.0,0.214,0.0,0.5,0.0,0.293,0,0.333,2,0.0,0.0,0.4989,0.8942,0.3604,0.9875,0.4305,0.0462,0.0,0.785,0.0,0.0,0.913,0,0.0,0.0,0.0,0.742,0,0.0,0.0,0.957,1664.8,0.0,0,0.0,0.5,0.0,0.0,0.15400000000000003,0.7867,-0.0993,0.0042000000000000925,0.3983,0.0,0,-2,0,0.0,0,0.12,137.18999999999988,0.0,0.0,0,0.0,0.0,0.0,0.15400000000000003,0,0.5,0.0,0.0,0.0,116.46000000000001,-2.400000000000091,0.0,0,0.0,0.0,90,-2,1
England,Paraguay,0.0,1.2024762089546617,0.19999999999999998,0.0,-0.02775096359518281,-0.08699999999999997,978.3599999999999,0.0,0.0,1.321513906549132,0.1,0.0,0.0,0.6,0.25,1.0542579650060149,0.607,0.587,1.0,11.7661081067876,0.0,0.714,0.0,0.5,0.0,0.213,3,0.333,1,0.0,29.43,0.3356,0.5458,0.5158,0.9569,0.2305,0.1615,0.0,0.615,0.0,0.0,0.957,4,0.0,0.0,0.0,0.45,0,0.0,0.0,0.922,1822.2,0.0,0,0.0,0.5,-0.14999999999999997,0.2,0.516,0,0,-0.1580779407574172,-0.06999999999999995,-0.05999999999999994,0.0,0.333,218,-8.67356719524163,0.0,-0.21399999999999997,23,0.0,1.583851817199673,0.0,-0.06337222613051907,6,0.0,-0.04000000000000001,2,2.4758442304744097,1.0,0,0.0,2.5239901155037936,0.3,0.0,0.0,0.45,0.45,0.8961800242485977,0.537,0.527,1.0,3.0925409115459708,0.0,0.5,0.0,0.5,0.0,0.173,1,0.333,3,0.0,246.0,0.7047,1.0,0.4644,0.9905,1.0,0.0346,0.0,1.0,0.0,0.0,0.87,7,0.0,0.0,0.0,0.875,0,0.0,0.0,0.78,1802.6,0.0,0,0.0,0.5,-216.57,0.0,0.3691,0.45420000000000005,-0.05140000000000006,0.033600000000000074,0.7695,-0.1269,0,0,0,0.0,2,0.385,1194.9299999999998,0.0,0.0,3,0.0,0.0,0.0,0.425,0,0.5,0.0,0.0,-0.14200000000000002,805.42,-19.600000000000136,0.0,0,0.0,0.0,90,-15,2
Australia,Japan,0.0,0.08673827075675056,-0.06,0.0,-0.049821757129714817,0.0,70.5200000000001,0.0,0.0,1.9850722609438212,0.24,0.0,0.0,0.4,0.5,0.966862278939569,0.693,0.693,1.0,-29.857996748773132,0.0,0.571,0.0,0.5,0.0,0.267,2,0.333,2,0.0,0.0,0.4989,0.8942,0.3604,0.9875,0.4305,0.0462,0.0,0.815,0.0,0.0,0.913,5,0.0,0.0,0.0,0.717,0,0.0,0.0,0.957,1582.8,0.0,0,0.0,0.5,0.15000000000000002,-0.15000000000000002,0.498,0,0,-0.28343365491527794,-0.052999999999999936,-0.0129999999999999,0.0,0.333,-90,59.763841822134935,0.0,-0.21399999999999997,-19,0.0,0.3147585396088539,0.0,-0.10539782509304352,-4,0.0,-0.027000000000000024,0,-0.14813179961102008,0.0,0,0.0,2.0718105317005717,0.18,0.0,0.0,0.55,0.35,0.683428624024291,0.64,0.68,1.0,29.905845073361803,0.0,0.357,0.0,0.5,0.0,0.24,2,0.333,2,0.0,17.33,0.4798,0.2338,0.3629,0.9783,0.143,0.0577,0.0,0.875,0.0,0.0,0.913,4,0.0,0.0,0.0,0.758,0,0.0,0.0,0.912,1590.6,0.0,0,0.0,0.5,-17.33,0.0,-0.019100000000000006,-0.6604,0.0025000000000000022,-0.009200000000000097,-0.2875,0.011500000000000003,0,-19,0,0.0,0,0.06000000000000005,87.85000000000008,0.0,0.0,-1,0.0,0.0,0.0,0.041000000000000036,0,0.5,0.0,0.0,-0.04499999999999993,63.18999999999997,7.7999999999999545,0.0,0,0.0,0.0,90,-4,2
France,Switzerland,0.0,-0.16136872344399378,-0.07999999999999999,0.0,-0.19535461053204328,-0.08700000000000008,696.46,0.0,0.0,1.9540490749562223,0.22,0.0,0.0,0.65,0.35,1.0458235882121614,0.417,0.327,1.0,-7.421542295424865,0.0,0.714,0.0,0.5,0.0,0.093,1,0.333,2,0.0,0.0,0.6926,1.0,0.3736,0.9875,0.4914,0.0346,0.0,0.695,0.0,0.0,0.913,7,0.0,0.0,0.0,0.554,0,0.0,0.0,0.957,1759.6,0.0,0,0.0,0.5,-0.30000000000000004,0.30000000000000004,0.524,0,0,-0.45217199731383684,0.293,0.413,0.0,0.333,227,-10.748996801862795,0.0,-0.285,11,0.0,0.510724950287269,0.0,-0.7850314783462933,4,0.0,0.18700000000000003,0,-0.6244424804919213,0.6666666666666666,0,0.0,1.7926803515122285,0.14,0.0,0.0,0.35,0.65,0.5936515908983245,0.71,0.74,1.0,-18.17053909728766,0.0,0.429,0.0,0.5,0.0,0.28,1,0.333,3,0.0,229.78,0.7,1.0,0.512,0.9967,1.0,0.0115,0.0,0.84,0.0,0.0,0.826,9,0.0,0.0,0.0,0.633,0,0.0,0.0,0.758,1784.2,0.0,1,0.043,0.5,-229.78,0.0,0.007399999999999962,0.0,0.13840000000000002,0.009199999999999986,0.5085999999999999,-0.0231,0,-1,0,0.0,1,0.14500000000000002,926.24,0.0,0.0,2,0.0,0.0,0.0,0.07899999999999996,0,0.5,0.0,0.0,-0.19899999999999995,479.07,24.600000000000136,0.0,0.0,0.043,0.0,90,-8,1
Brazil,Croatia,0.0,1.4081428835352148,0.09999999999999998,0.0,0.0033955982336778545,-0.04400000000000004,768.7599999999999,0.0,0.0,1.5916861541782656,0.2,0.0,0.0,0.5,0.35,1.2683211833273846,0.417,0.327,1.0,-7.7672753962978245,0.0,0.429,0.0,0.5,0.0,0.093,2,0.333,3,0.0,28.669999999999998,0.5234,1.0,0.4299,0.9915,0.629,0.0231,0.0,0.3,0.0,0.0,0.87,6,0.0,0.0,0.0,0.508,0,0.0,0.0,0.879,1937.8,0.0,0,0.0,0.5,0.0,0.10000000000000003,0.587,0,0,-0.7903051300802252,0.39599999999999996,0.5660000000000001,0.0,0.333,154,8.070581143267482,0.0,0.21400000000000002,10,0.0,1.6913824759411498,0.0,-1.4789872005187377,6,0.0,0.254,1,1.8333325398201787,0.3333333333333333,0,0.0,2.9998290377134804,0.3,0.0,0.0,0.5,0.45,0.47801605324715946,0.813,0.893,1.0,0.30330574696965673,0.0,0.643,0.0,0.5,0.0,0.347,1,0.333,4,0.0,100.0,0.6844,1.0,0.3217,0.9746,1.0,0.1231,0.0,0.96,0.0,0.0,0.826,7,0.0,0.0,0.0,0.808,0,0.0,0.0,0.813,1704.8,0.0,0,0.0,0.5,-71.33,0.0,0.16100000000000003,0.0,-0.10820000000000002,-0.016900000000000026,0.371,0.1,0,20,0,0.0,0,0.6599999999999999,840.0899999999999,0.0,0.0,1,0.0,0.0,0.0,0.30000000000000004,0,0.5,0.0,0.0,-0.06600000000000006,637.6800000000001,-233.0,0.0,0,0.0,0.0,90,33,2
Tunisia,Saudi Arabia,0.0,0.5843817278869895,0.020000000000000004,0.0,-0.15632565481039706,0.0,25.10000000000001,0.0,0.0,0.9220325611223738,0.06,0.0,0.0,0.5,0.3,1.440671467364172,0.503,0.433,1.0,-49.47938017014427,0.0,1.0,0.0,0.5,0.0,0.147,4,0.333,1,0.0,6.54,0.3742,0.1149,0.5194,0.975,0.0618,0.0692,0.0,0.2,0.0,0.0,0.87,2,0.0,0.0,0.0,0.3,0,0.0,0.0,0.901,1711.2,0.0,2,0.087,0.5,-0.04999999999999999,0.15000000000000002,0.527,0,0,-0.7209974220423293,0.10399999999999998,0.15399999999999997,0.0,0.333,-71,99.59270478730384,0.0,-0.14300000000000002,-26,0.0,0.571819418230702,0.0,-0.5926328369865888,-6,0.0,0.066,0,0.38327212247077797,0.5,0,0.0,1.5064142890093632,0.08,0.0,0.0,0.45,0.45,0.7196740453218428,0.607,0.587,1.0,50.11332461715958,0.0,0.857,0.0,0.5,0.0,0.213,4,0.333,3,0.0,36.44,0.3577,0.16,0.5229,0.9958,0.1064,0.0115,0.0,0.485,0.0,0.0,0.87,0,0.0,0.0,0.0,0.404,0,0.0,0.0,0.844,1689.8,0.0,0,0.0,0.5,-29.9,0.0,-0.01649999999999996,0.0451,0.0035000000000000586,0.02080000000000004,0.044599999999999994,-0.0577,0,3,0,0.0,0,0.285,55.0,0.0,0.0,-2,0.0,0.0,0.0,0.10400000000000004,0,0.5,0.0,0.0,-0.05700000000000005,23.309999999999988,-21.40000000000009,0.0,0.0,-0.087,0.0,90,-6,1
Sweden,Paraguay,0.0,-0.14152686089763677,-0.08,0.0,0.1488995699468758,-0.04399999999999993,68.60000000000002,0.0,0.0,1.1301392577325904,0.1,0.0,0.0,0.55,0.25,1.046700263265269,0.52,0.48,1.0,-9.296001121870681,0.0,0.357,0.0,0.5,0.0,0.16,3,0.333,1,0.0,29.43,0.3356,0.5458,0.5158,0.9569,0.2305,0.1615,0.0,0.41,0.0,0.0,0.957,4,0.0,0.0,0.0,0.404,0,0.0,0.0,0.922,1892.6,0.0,0,0.0,0.5,-0.050000000000000044,0.15000000000000002,0.513,0,0,-0.21015214041883024,0.17299999999999993,0.21299999999999997,0.0,0.333,-99,-8.44156800516868,0.0,0.0,-11,0.0,-0.2113288585981954,0.0,-0.3445281452950004,2,0.0,0.10700000000000001,0,-0.6358332619110567,0.0,0,0.0,0.9886123968349536,0.02,0.0,0.0,0.5,0.4,0.8365481228464389,0.693,0.693,1.0,-17.73756912703936,0.0,0.357,0.0,0.5,0.0,0.267,3,0.333,2,0.0,0.0,0.5369,0.9304,0.5667,0.9844,0.7194,0.0577,0.0,0.44,0.0,0.0,0.913,4,0.0,0.0,0.0,0.346,0,0.0,0.0,0.957,1616.6,0.0,0,0.0,0.5,29.43,0.0,0.20130000000000003,0.38460000000000005,0.050899999999999945,0.02750000000000008,0.4889,-0.1038,0,1,0,0.0,0,0.030000000000000027,39.170000000000016,0.0,0.0,0,0.0,0.0,0.0,-0.05800000000000005,0,0.5,0.0,0.0,0.03499999999999992,54.22,-276.0,0.0,0,0.0,0.0,90,-14,2
Czechia,Ghana,0.0,0.8699166017085034,0.06,0.0,-0.03140798522388033,0.0,-88.76000000000002,0.0,0.0,1.4143665446869504,0.16,0.0,0.0,0.4,0.35,1.1023117859234621,0.45,0.42,1.0,-8.410664019285107,0.0,0.357,0.0,0.5,0.0,0.12,3,0.333,1,0.0,2.51,0.3596,0.6928,0.5154,0.9872,0.31,0.0346,0.0,0.51,0.0,0.0,0.957,4,0.0,0.0,0.0,0.508,0,0.0,0.0,0.976,1825.2,0.0,0,0.0,0.5,-0.10000000000000003,0.25,0.559,0,0,-0.6019428985425223,0.34700000000000003,0.427,0.0,0.333,25,93.96171981453385,0.0,0.0,8,0.0,1.3039009666018269,0.0,-1.029061230130694,-4,0.0,0.21300000000000002,-1,0.698702522234159,0.5,0,0.0,2.284283146395454,0.22,0.0,0.0,0.3,0.6,0.5003688873809399,0.797,0.847,1.0,85.55105579524874,0.0,0.357,0.0,0.5,0.0,0.333,4,0.333,1,0.0,6.25,0.4928,0.7284,0.4347,0.9957,0.2866,0.0115,0.0,0.96,0.0,0.0,0.957,1,0.0,0.0,0.0,0.796,0,0.0,0.0,0.945,1731.4,0.0,0,0.0,0.5,-3.74,0.0,0.13320000000000004,0.035600000000000076,-0.0807,0.008500000000000063,-0.023399999999999976,-0.0231,0,-1,0,0.0,0,0.44999999999999996,-85.02000000000001,0.0,0.0,-3,0.0,0.0,0.0,0.28800000000000003,0,0.5,0.0,0.0,-0.031000000000000028,-68.56,-93.79999999999995,0.0,0,0.0,0.0,90,4,0
Japan,Croatia,0.0,0.4924791886646258,0.0,0.0,0.08959654989218413,0.04300000000000004,-31.330000000000155,0.0,0.0,1.3626786662756725,0.14,0.0,0.0,0.5,0.3,1.2382444853245758,0.433,0.373,1.0,-16.07936125205252,0.0,0.357,0.0,0.5,0.0,0.107,2,0.333,3,0.0,28.669999999999998,0.5234,1.0,0.4299,0.9915,0.629,0.0231,0.0,0.14,0.0,0.0,0.87,6,0.0,0.0,0.0,0.383,0,0.0,0.0,0.879,1922.4,0.0,0,0.0,0.5,-0.04999999999999999,0.2,0.539,0,0,0.011817660988047152,0.13999999999999996,0.12,0.0,0.333,33,-16.8223215795469,0.0,0.07200000000000001,3,0.0,0.9536263624265121,0.0,0.11027907211611532,4,0.0,0.08,0,0.25612890875898864,0.5,0,0.0,1.8551578549402983,0.14,0.0,0.0,0.45,0.5,1.250062146312623,0.573,0.493,1.0,-32.90168283159942,0.0,0.429,0.0,0.5,0.0,0.187,2,0.333,2,0.0,0.0,0.4989,0.8942,0.3604,0.9875,0.4305,0.0462,0.0,0.51,0.0,0.0,0.913,5,0.0,0.0,0.0,0.517,0,0.0,0.0,0.957,1691.4,0.0,0,0.0,0.5,28.669999999999998,0.0,-0.024499999999999966,-0.1058,-0.0695,-0.0040000000000000036,-0.1985,0.0231,0,-2,0,0.0,0,0.37,-60.00000000000017,0.0,0.0,-1,0.0,0.0,0.0,0.134,0,0.5,0.0,0.0,0.07799999999999996,-30.97999999999999,-231.0,0.0,0,0.0,0.0,90,-5,1
Brazil,Australia,0.0,0.4909756728819503,0.07999999999999999,0.0,-0.03637919452879146,-0.08700000000000008,729.5699999999999,0.0,0.0,2.21569652618272,0.22,0.0,0.0,0.55,0.35,0.7202261889989658,0.553,0.573,1.0,37.06738386348421,0.0,0.429,0.0,0.5,0.0,0.187,2,0.333,2,0.0,17.33,0.4798,0.2338,0.3629,0.9783,0.143,0.0577,0.0,0.9,0.0,0.0,0.913,4,0.0,0.0,0.0,0.771,0,0.0,0.0,0.912,1608.0,0.0,0,0.0,0.5,-0.10000000000000003,0.15000000000000002,0.527,0,0,-0.3160922617007961,0.347,0.42700000000000005,0.0,0.333,211,-32.564042377241606,0.0,-0.07200000000000001,26,0.0,0.38444694843272176,0.0,-0.8426207301955728,6,0.0,0.21300000000000002,1,0.7629097176172284,0.5,0,0.0,2.7066721990646703,0.3,0.0,0.0,0.45,0.5,0.40413392729816977,0.9,1.0,1.0,4.503341486242606,0.0,0.357,0.0,0.5,0.0,0.4,1,0.333,4,0.0,100.0,0.6844,1.0,0.3217,0.9746,1.0,0.1231,0.0,1.0,0.0,0.0,0.826,7,0.0,0.0,0.0,0.875,0,0.0,0.0,0.813,1746.4,0.0,0,0.0,0.5,-82.67,0.0,0.2046,0.7662,-0.041200000000000014,-0.0036999999999999256,0.857,0.0654,0,41,0,0.0,0,0.09999999999999998,812.24,0.0,0.0,3,0.0,0.0,0.0,0.10399999999999998,0,0.5,0.0,0.0,-0.09900000000000009,605.47,138.4000000000001,0.0,0,0.0,0.0,90,42,2
France,South Korea,0.0,0.3072143961214706,0.020000000000000018,0.0,-0.12955022357291268,-0.08700000000000008,806.32,0.0,0.0,1.2357598816055801,0.12,0.0,0.0,0.4,0.45,0.8456615181101963,0.607,0.587,1.0,10.844083301371525,0.0,0.357,0.0,0.5,0.0,0.213,3,0.333,2,0.0,9.87,0.4535,0.1998,0.5346,0.9544,0.0709,0.0731,0.0,0.61,0.0,0.0,0.913,3,0.0,0.0,0.0,0.529,0,0.0,0.0,0.919,1699.0,0.0,0,0.0,0.5,-0.050000000000000044,0.2,0.515,0,0,-0.33470085860658305,0.10299999999999998,0.15300000000000002,0.0,0.333,341,-35.02008960198051,0.0,0.0,31,0.0,0.386415092515106,0.0,-0.6274770413985225,9,0.0,0.06700000000000003,2,0.12310478920552748,1.0,0,0.0,1.5429742777270508,0.14,0.0,0.0,0.35,0.65,0.5109606595036132,0.71,0.74,1.0,-24.176006300608986,0.0,0.357,0.0,0.5,0.0,0.28,1,0.333,3,0.0,229.78,0.7,1.0,0.512,0.9967,1.0,0.0115,0.0,0.745,0.0,0.0,0.826,9,0.0,0.0,0.0,0.633,0,0.0,0.0,0.758,1785.4,0.0,1,0.043,0.5,-219.91,0.0,0.24649999999999994,0.8002,-0.022599999999999953,0.042300000000000004,0.9291,-0.0616,0,-7,0,0.0,1,0.135,1026.23,0.0,0.0,6,0.0,0.0,0.0,0.10399999999999998,0,0.5,0.0,0.0,-0.16100000000000003,568.05,86.40000000000009,0.0,0.0,0.043,0.0,90,-5,1
Spain,Tunisia,0.0,0.8241739391767611,0.1,0.0,0.21245335820895528,0.04300000000000004,694.9100000000001,0.0,0.0,1.5824651440918107,0.12,0.0,0.0,0.45,0.45,0.9053115409753684,0.623,0.633,1.0,36.23725123423521,0.0,0.357,0.0,0.5,0.0,0.227,4,0.333,3,0.0,36.44,0.3577,0.16,0.5229,0.9958,0.1064,0.0115,0.0,0.54,0.0,0.0,0.87,0,0.0,0.0,0.0,0.475,0,0.0,0.0,0.844,1718.0,0.0,0,0.0,0.5,-0.10000000000000003,0.2,0.539,0,0,-0.39445352317756455,0.08699999999999997,0.10699999999999998,0.0,0.333,547,-47.64577892290718,0.0,0.0,75,0.0,1.4581737817628517,0.0,-0.3672731927323464,15,0.0,0.05300000000000002,3,1.1085710377420632,0.5,0,0.0,2.406639083268572,0.22,0.0,0.0,0.35,0.65,0.5108580177978038,0.71,0.74,1.0,-11.408527688671974,0.0,0.357,0.0,0.5,0.0,0.28,1,0.333,2,0.0,0.0,0.7433,1.0,0.7002,0.9915,1.0,0.0231,0.0,0.94,0.0,0.0,0.913,7,0.0,0.0,0.0,0.783,0,0.0,0.0,0.957,1815.6,0.0,0,0.0,0.5,36.44,0.0,0.38559999999999994,0.84,0.1773,-0.0042999999999999705,0.8936,0.0116,0,-6,0,0.0,0,0.3999999999999999,658.47,0.0,0.0,7,0.0,0.0,0.0,0.30800000000000005,0,0.5,0.0,0.0,0.11299999999999999,594.02,97.59999999999991,0.0,0,0.0,0.0,90,2,2
Germany,Ecuador,0.0,1.2949171255035783,0.15999999999999998,0.0,0.04949196548270485,0.04300000000000004,150.64999999999964,0.0,0.0,1.2783542156934586,0.14,0.0,0.0,0.45,0.35,0.9113160280374566,0.623,0.633,1.0,-54.91782339643636,0.0,0.357,0.0,0.5,0.0,0.227,3,0.333,3,0.0,96.17999999999999,0.6952,0.5572,0.4946,0.9613,0.6396,0.1077,0.0,0.66,0.0,0.0,0.87,4,0.0,0.0,0.0,0.521,0,0.0,0.0,0.811,1770.0,0.0,0,0.0,0.5,0.14999999999999997,0.0,0.529,0,0,0.20905837914026248,0.06999999999999995,0.05999999999999994,0.0,0.333,47,71.04948064406031,0.0,0.07200000000000001,5,0.0,0.9632241669066075,0.0,0.11364563646785064,6,0.0,0.04000000000000001,2,1.3398220654152724,0.5,0,0.0,2.573271341197037,0.3,0.0,0.0,0.6,0.35,1.120374407177719,0.693,0.693,1.0,16.131657247623945,0.0,0.429,0.0,0.5,0.0,0.267,1,0.333,2,0.0,80.0,0.7408,1.0,0.3347,0.9877,1.0,0.0462,0.0,0.94,0.0,0.0,0.913,6,0.0,0.0,0.0,0.808,0,0.0,0.0,0.849,1735.4,0.0,0,0.0,0.5,16.179999999999993,0.0,0.045599999999999974,0.44279999999999997,-0.1599,0.02639999999999998,0.36040000000000005,-0.061500000000000006,0,-5,0,0.0,-1,0.2799999999999999,134.4699999999997,0.0,0.0,2,0.0,0.0,0.0,0.28700000000000003,0,0.5,0.0,0.0,0.03799999999999992,139.98999999999995,-34.59999999999991,0.0,0,0.0,0.0,90,-19,2
Sweden,England,0.0,-1.287424563419485,-0.24000000000000002,0.0,0.17665053354205862,0.04300000000000004,-909.7599999999999,0.0,0.0,2.2557282547703097,0.28,0.0,0.0,0.4,0.5,0.6493098857925738,0.727,0.787,1.0,15.945895622671564,0.0,0.357,0.0,0.5,0.0,0.293,1,0.333,3,0.0,246.0,0.7047,1.0,0.4644,0.9905,1.0,0.0346,0.0,1.0,0.0,0.0,0.87,7,0.0,0.0,0.0,0.875,0,0.0,0.0,0.78,1716.4,0.0,0,0.0,0.5,0.04999999999999999,-0.04999999999999999,0.469,0,0,0.06341545361387968,-0.03400000000000003,-0.09400000000000008,0.0,0.333,-317,-29.705706862838372,0.0,0.0,-34,0.0,-1.5553237954810877,0.0,0.29254670058361665,-4,0.0,-0.025999999999999968,-2,-2.212503684560139,0.5555555555555556,0,0.0,0.9683036913508248,0.04,0.0,0.0,0.45,0.45,0.7127253394064534,0.693,0.693,1.0,-13.759811240166808,0.0,0.357,0.0,0.5,0.0,0.267,3,0.333,2,0.0,0.0,0.5369,0.9304,0.5667,0.9844,0.7194,0.0577,0.0,0.635,0.0,0.0,0.913,4,0.0,0.0,0.0,0.425,0,0.0,0.0,0.957,1656.4,0.0,0,0.0,0.5,246.0,0.0,-0.16779999999999995,-0.0696,0.1023,-0.006099999999999994,-0.28059999999999996,0.023100000000000002,0,1,0,0.0,-2,-0.365,-1155.7599999999998,0.0,0.0,-3,0.0,0.0,0.0,-0.45,0,0.5,0.0,0.0,0.17699999999999994,-751.2,-60.0,0.0,0,0.0,0.0,90,1,1
Portugal,Mexico,0.0,0.9831333105753028,0.14,0.0,-0.08591916152316159,0.04300000000000004,592.2299999999998,0.0,0.0,1.3492850698479528,0.12,0.0,0.0,0.4,0.4,0.8719388823434278,0.537,0.527,1.0,-4.3531590185216675,0.0,0.357,0.0,0.5,0.0,0.173,1,0.333,3,0.0,4.65,0.4964,0.8192,0.3552,0.9812,0.2426,0.0231,0.0,0.505,0.0,0.0,0.87,9,0.0,0.0,0.0,0.496,0,0.0,0.0,0.93,1862.8,0.0,0,0.0,0.5,-0.050000000000000044,0.19999999999999996,0.559,0,0,-0.5915619162380004,0.2759999999999999,0.366,0.0,0.333,-8,16.305560297058328,0.0,-0.07100000000000001,-1,0.0,1.6223356846671182,0.0,-0.7480804781095567,-1,0.0,0.174,-1,1.246778165159039,0.5,0,0.0,2.3324183804232557,0.26,0.0,0.0,0.35,0.6,0.28037696610542734,0.813,0.893,1.0,11.952401278536662,0.0,0.286,0.0,0.5,0.0,0.347,2,0.333,2,0.0,96.63,0.5771,1.0,0.6682,0.983,1.0,0.0462,0.0,1.0,0.0,0.0,0.913,5,0.0,0.0,0.0,0.875,0,0.0,0.0,0.833,1633.8,0.0,0,0.0,0.5,-91.97999999999999,0.0,0.08069999999999994,0.18079999999999996,0.313,0.0018000000000000238,0.7574,0.0231,0,-3,0,0.0,1,0.495,684.2099999999998,0.0,0.0,-4,0.0,0.0,0.0,0.379,0,0.5,0.0,0.0,-0.09700000000000009,450.12999999999994,-229.0,0.0,0,0.0,0.0,90,-14,2
Netherlands,Argentina,0.0,-0.8757285986055507,-0.15999999999999998,0.0,0.08841090671291696,0.08699999999999997,-1.2499999999995453,0.0,0.0,2.4155302384908697,0.3,0.0,0.0,0.5,0.35,0.954641225093894,0.693,0.693,1.0,-50.85331854145694,0.0,0.357,0.0,0.5,0.0,0.267,1,0.333,3,0.0,62.19,0.5536,1.0,0.3083,0.9917,1.0,0.0231,0.0,0.88,0.0,0.0,0.87,9,0.0,0.0,0.0,0.775,0,0.0,0.0,0.818,1720.4,0.0,0,0.0,0.5,-0.15000000000000002,0.30000000000000004,0.505,0,0,-0.34407062726838766,-0.052999999999999936,-0.0129999999999999,0.0,0.333,-157,61.57858768122178,0.0,0.0,-7,0.0,0.08769086098056,0.0,-0.07055362068110982,-1,0.0,-0.027000000000000024,0,-1.8317631571885458,1.0,0,0.0,1.539801639885319,0.14,0.0,0.0,0.35,0.65,0.6105705978255064,0.64,0.68,1.0,10.725269139764837,0.0,0.357,0.0,0.5,0.0,0.24,1,0.333,1,0.0,0.0,0.5837,1.0,0.4972,0.9877,1.0,0.0462,0.0,0.9,0.0,0.0,0.957,7,0.0,0.0,0.0,0.733,0,0.0,0.0,0.978,1815.6,0.0,0,0.0,0.5,62.19,0.0,0.030100000000000016,0.0,0.18889999999999996,-0.0040000000000000036,0.0,0.0231,0,3,0,0.0,0,0.020000000000000018,-63.4399999999996,0.0,0.0,-2,0.0,0.0,0.0,-0.04200000000000004,0,0.5,0.0,0.0,0.16000000000000003,-32.129999999999995,95.19999999999982,0.0,0,0.0,0.0,90,-17,1
Croatia,Australia,0.0,-0.7414975786459139,-0.1,0.0,-0.03977479276246931,-0.04300000000000004,-39.18999999999994,0.0,0.0,1.8924710682409878,0.16,0.0,0.0,0.5,0.35,0.905786775442401,0.537,0.527,1.0,30.16023483836494,0.0,0.286,0.0,0.5,0.0,0.173,2,0.333,2,0.0,17.33,0.4798,0.2338,0.3629,0.9783,0.143,0.0577,0.0,0.59,0.0,0.0,0.913,4,0.0,0.0,0.0,0.621,0,0.0,0.0,0.912,1712.8,0.0,0,0.0,0.5,0.0,-0.04999999999999999,0.467,0,0,0.15998012984080157,-0.017000000000000015,-0.04700000000000004,0.0,0.333,57,-35.90569433013448,0.0,0.0,16,0.0,-1.409335307095796,0.0,-0.12360148221670997,0,0.0,-0.012999999999999984,0,-1.1173218149242872,0.5,0,0.0,1.1509734895950738,0.06,0.0,0.0,0.5,0.3,1.0657669052832026,0.52,0.48,1.0,-5.745459491769539,0.0,0.286,0.0,0.5,0.0,0.16,2,0.333,3,0.0,28.669999999999998,0.5234,1.0,0.4299,0.9915,0.629,0.0231,0.0,0.215,0.0,0.0,0.87,6,0.0,0.0,0.0,0.279,0,0.0,0.0,0.879,1938.0,0.0,0,0.0,0.5,-11.34,0.0,0.04359999999999997,0.7662,0.067,0.0132000000000001,0.486,-0.034600000000000006,0,21,0,0.0,0,-0.375,-27.84999999999991,0.0,0.0,2,0.0,0.0,0.0,-0.34199999999999997,0,0.5,0.0,0.0,-0.03300000000000003,-32.20999999999998,225.20000000000005,0.0,0,0.0,0.0,90,9,1
Japan,Brazil,0.0,-1.0479807481325094,-0.19999999999999998,0.0,0.08620095165850628,0.08700000000000008,-800.09,0.0,0.0,2.6155367010436823,0.3,0.0,0.0,0.4,0.55,0.3405429921786336,0.9,1.0,1.0,4.275994805449813,0.0,0.286,0.0,0.5,0.0,0.4,1,0.333,4,0.0,100.0,0.6844,1.0,0.3217,0.9746,1.0,0.1231,0.0,1.0,0.0,0.0,0.826,7,0.0,0.0,0.0,0.875,0,0.0,0.0,0.813,1771.2,0.0,0,0.0,0.5,0.04999999999999999,-0.050000000000000044,0.447,0,0,0.7353954681796684,-0.22299999999999998,-0.353,0.0,0.333,-121,-23.142986740415814,0.0,0.0,-7,0.0,-1.5926328369865888,0.0,1.0191053843818345,-2,0.0,-0.14700000000000002,-1,-1.8947773420502998,0.5,0,0.0,1.567555952911173,0.1,0.0,0.0,0.45,0.5,1.075938460358302,0.677,0.647,1.0,-18.866991934966002,0.0,0.286,0.0,0.5,0.0,0.253,2,0.333,2,0.0,0.0,0.4989,0.8942,0.3604,0.9875,0.4305,0.0462,0.0,0.515,0.0,0.0,0.913,5,0.0,0.0,0.0,0.517,0,0.0,0.0,0.957,1752.8,0.0,0,0.0,0.5,100.0,0.0,-0.1855,-0.1058,0.03870000000000001,0.012900000000000023,-0.5695,-0.0769,0,-22,0,0.0,0,-0.485,-900.09,0.0,0.0,-2,0.0,0.0,0.0,-0.358,0,0.5,0.0,0.0,0.14400000000000002,-668.66,-18.40000000000009,0.0,0,0.0,0.0,90,-38,0
Switzerland,South Korea,0.0,0.5388719958830763,0.04000000000000001,0.0,0.0658043869591306,0.0,109.86000000000001,0.0,0.0,1.1956221080280651,0.12,0.0,0.0,0.4,0.45,0.8671596375681118,0.607,0.587,1.0,15.644990830923259,0.0,0.357,0.0,0.5,0.0,0.213,3,0.333,2,0.0,9.87,0.4535,0.1998,0.5346,0.9544,0.0709,0.0731,0.0,0.565,0.0,0.0,0.913,3,0.0,0.0,0.0,0.529,0,0.0,0.0,0.919,1752.2,0.0,0,0.0,0.5,0.19999999999999996,-0.04999999999999999,0.52,0,0,-0.11123958956482527,0.03300000000000003,0.09300000000000008,0.0,0.333,114,-9.246482786760428,0.0,-0.07100000000000001,20,0.0,0.4229308159001661,0.0,-0.6197624384358233,5,0.0,0.026999999999999996,2,0.42239760748805844,0.5,0,0.0,1.7344941039111414,0.16,0.0,0.0,0.6,0.4,0.7559200480032865,0.64,0.68,1.0,6.398508044162832,0.0,0.286,0.0,0.5,0.0,0.24,1,0.333,2,0.0,0.0,0.6926,1.0,0.3736,0.9875,0.4914,0.0346,0.0,0.775,0.0,0.0,0.913,7,0.0,0.0,0.0,0.613,0,0.0,0.0,0.957,1757.0,0.0,0,0.0,0.5,9.87,0.0,0.23909999999999998,0.8002,-0.16099999999999998,0.03310000000000002,0.4205,-0.0385,0,-6,0,0.0,0,0.21000000000000008,99.99000000000001,0.0,0.0,4,0.0,0.0,0.0,0.08399999999999996,0,0.5,0.0,0.0,0.03799999999999992,88.98,4.7999999999999545,0.0,0,0.0,0.0,90,3,2
Saudi Arabia,Spain,0.0,-1.601926410860292,-0.16,0.0,-0.056127703398558215,-0.04300000000000004,-720.01,0.0,0.0,2.4965878286612604,0.22,0.0,0.0,0.4,0.6,0.5862898969050916,0.727,0.787,1.0,-2.2137512049881236,0.0,0.286,0.0,0.5,0.0,0.293,1,0.333,2,0.0,0.0,0.7433,1.0,0.7002,0.9915,1.0,0.0231,0.0,0.96,0.0,0.0,0.913,7,0.0,0.0,0.0,0.796,0,0.0,0.0,0.957,1777.4,0.0,0,0.0,0.5,0.15000000000000002,-0.39999999999999997,0.414,0,0,1.3196900067932225,-0.257,-0.447,0.0,0.333,-476,-38.45818109417142,0.0,0.0,-49,0.0,-2.1209614779797987,0.0,1.644614281697972,-9,0.0,-0.173,-3,-1.9002099820448521,0.5,0,0.0,0.8946614178009684,0.06,0.0,0.0,0.55,0.2,1.905979903698314,0.47,0.34,1.0,-40.67193229915954,0.0,0.286,0.0,0.5,0.0,0.12,4,0.333,1,0.0,6.54,0.3742,0.1149,0.5194,0.975,0.0618,0.0692,0.0,0.205,0.0,0.0,0.87,2,0.0,0.0,0.0,0.308,0,0.0,0.0,0.901,1664.0,0.0,2,0.087,0.5,-6.54,0.0,-0.3691,-0.8851,-0.18080000000000007,-0.01650000000000007,-0.9382,0.0461,0,3,0,0.0,0,-0.755,-713.47,0.0,0.0,-5,0.0,0.0,0.0,-0.48800000000000004,0,0.5,0.0,0.0,-0.05599999999999994,-617.3299999999999,-113.40000000000009,0.0,0.0,0.087,0.0,90,4,0
Argentina,Mexico,0.0,0.7565387901280416,0.13999999999999999,0.0,-0.0662669950980781,0.0,435.8899999999998,0.0,0.0,1.293334143073431,0.1,0.0,0.0,0.45,0.35,1.0436654033197936,0.52,0.48,1.0,-24.008365565032122,0.0,0.214,0.0,0.5,0.0,0.16,1,0.333,3,0.0,4.65,0.4964,0.8192,0.3552,0.9812,0.2426,0.0231,0.0,0.325,0.0,0.0,0.87,9,0.0,0.0,0.0,0.371,0,0.0,0.0,0.93,1899.4,0.0,0,0.0,0.5,0.0,0.050000000000000044,0.544,0,0,-0.2365946914390611,0.17299999999999993,0.21299999999999997,0.0,0.333,146,-32.733424019080196,0.0,0.0,5,0.0,1.228466098897645,0.0,-0.6305834960419257,1,0.0,0.10700000000000001,0,1.3447882550033328,0.7777777777777778,0,0.0,2.0498729332014727,0.24,0.0,0.0,0.45,0.4,0.8070707118807325,0.693,0.693,1.0,-56.74178958411232,0.0,0.214,0.0,0.5,0.0,0.267,1,0.333,3,0.0,62.19,0.5536,1.0,0.3083,0.9917,1.0,0.0231,0.0,0.745,0.0,0.0,0.87,9,0.0,0.0,0.0,0.683,0,0.0,0.0,0.818,1798.2,0.0,0,0.0,0.5,-57.54,0.0,0.05719999999999997,0.18079999999999996,-0.0469,0.010500000000000065,0.7574,0.0,0,5,0,0.0,0,0.42,493.42999999999984,0.0,0.0,0,0.0,0.0,0.0,0.31200000000000006,0,0.5,0.0,0.0,-0.1120000000000001,397.67,-101.20000000000005,0.0,0,0.0,0.0,90,5,2
Germany,Sweden,0.0,1.535297086883527,0.18,0.0,-0.10654307669769736,0.0,434.04999999999984,0.0,0.0,1.0974141527155954,0.08,0.0,0.0,0.45,0.45,0.8993307343681608,0.71,0.74,1.0,-0.4838940988230096,0.0,0.286,0.0,0.5,0.0,0.28,3,0.333,2,0.0,0.0,0.5369,0.9304,0.5667,0.9844,0.7194,0.0577,0.0,0.625,0.0,0.0,0.913,4,0.0,0.0,0.0,0.496,0,0.0,0.0,0.957,1728.6,0.0,0,0.0,0.5,0.14999999999999997,-0.10000000000000003,0.522,0,0,0.06498445447219747,-0.017000000000000015,-0.04700000000000004,0.0,0.333,169,36.9809480330241,0.0,0.0,24,0.0,1.27273294064633,0.0,-0.08875727780477649,6,0.0,-0.013000000000000012,2,1.6281186589483574,0.5,0,0.0,2.6327112395991223,0.26,0.0,0.0,0.6,0.35,0.9643151888403583,0.693,0.693,1.0,36.49705393420109,0.0,0.286,0.0,0.5,0.0,0.267,1,0.333,2,0.0,80.0,0.7408,1.0,0.3347,0.9877,1.0,0.0462,0.0,0.96,0.0,0.0,0.913,6,0.0,0.0,0.0,0.796,0,0.0,0.0,0.849,1830.6,0.0,0,0.0,0.5,-80.0,0.0,0.20389999999999997,0.0696,-0.23199999999999998,0.0032999999999999696,0.28059999999999996,-0.011500000000000003,0,-7,0,0.0,0,0.33499999999999996,514.0499999999998,0.0,0.0,2,0.0,0.0,0.0,0.30000000000000004,0,0.5,0.0,0.0,-0.10799999999999998,400.10999999999996,102.0,0.0,0,0.0,0.0,90,-6,2
Portugal,Netherlands,0.0,0.9753922031606881,0.12,0.0,-0.10806307313800045,-0.04399999999999993,157.58999999999958,0.0,0.0,1.3107229483799077,0.12,0.0,0.0,0.3,0.7,0.5109263785372584,0.64,0.68,1.0,14.838550815781918,0.0,0.286,0.0,0.5,0.0,0.24,1,0.333,1,0.0,0.0,0.5837,1.0,0.4972,0.9877,1.0,0.0462,0.0,0.765,0.0,0.0,0.957,7,0.0,0.0,0.0,0.654,0,0.0,0.0,0.978,1896.0,0.0,0,0.0,0.5,0.04999999999999999,-0.09999999999999998,0.522,0,0,-0.13760996642040235,0.08699999999999997,0.10699999999999998,0.0,0.333,3,11.926267545065627,0.0,0.0,1,0.0,0.8882859922136088,0.0,-0.10539782509304346,-1,0.0,0.05299999999999999,-1,1.1459884883852913,0.6666666666666666,0,0.0,2.2861151515405957,0.24,0.0,0.0,0.35,0.6,0.37331641211685607,0.727,0.787,1.0,26.764818360847546,0.0,0.286,0.0,0.5,0.0,0.293,2,0.333,2,0.0,96.63,0.5771,1.0,0.6682,0.983,1.0,0.0462,0.0,1.0,0.0,0.0,0.913,5,0.0,0.0,0.0,0.875,0,0.0,0.0,0.833,1688.2,0.0,0,0.0,0.5,-96.63,0.0,-0.00660000000000005,0.0,0.17100000000000004,-0.0047000000000000375,0.0,0.0,0,-11,0,0.0,1,0.235,254.21999999999957,0.0,0.0,-2,0.0,0.0,0.0,0.22099999999999997,0,0.5,0.0,0.0,-0.14500000000000002,84.58999999999992,-207.79999999999995,0.0,0,0.0,0.0,90,-2,2
England,Ecuador,0.0,1.156309191488534,0.14,0.0,-0.020615491361656413,0.0,626.3599999999997,0.0,0.0,1.0637981571895307,0.14,0.0,0.0,0.4,0.35,1.2095513476915525,0.59,0.54,1.0,-49.36244626218056,0.0,0.357,0.0,0.5,0.0,0.2,3,0.333,3,0.0,96.17999999999999,0.6952,0.5572,0.4946,0.9613,0.6396,0.1077,0.0,0.49,0.0,0.0,0.87,4,0.0,0.0,0.0,0.496,0,0.0,0.0,0.811,1768.2,0.0,0,0.0,0.5,0.0,0.15000000000000002,0.537,0,0,-0.364802800077471,0.12,0.19999999999999996,0.0,0.333,195,55.75608893284004,0.0,0.0,15,0.0,1.0166040318873415,0.0,-0.6015222659112315,4,0.0,0.08000000000000002,2,1.1911205419912188,0.5,0,0.0,2.2201073486780647,0.28,0.0,0.0,0.4,0.5,0.8447485476140815,0.71,0.74,1.0,6.393642670659485,0.0,0.357,0.0,0.5,0.0,0.28,1,0.333,3,0.0,246.0,0.7047,1.0,0.4644,0.9905,1.0,0.0346,0.0,0.825,0.0,0.0,0.87,7,0.0,0.0,0.0,0.808,0,0.0,0.0,0.78,1698.2,0.0,0,0.0,0.5,-149.82,0.0,0.009499999999999953,0.44279999999999997,-0.030200000000000005,0.029200000000000004,0.36040000000000005,-0.0731,0,1,0,0.0,1,0.33499999999999996,776.1799999999997,0.0,0.0,3,0.0,0.0,0.0,0.31200000000000006,0,0.5,0.0,0.0,-0.031000000000000028,491.08,-70.0,0.0,0,0.0,0.0,90,-14,2
Spain,France,0.0,0.7455712243362205,0.07999999999999999,0.0,0.19535461053204328,0.08700000000000008,-116.45000000000005,0.0,0.0,1.5498521598040698,0.16,0.0,0.0,0.4,0.6,0.5047004296095027,0.727,0.787,1.0,-27.037633319981918,0.0,0.286,0.0,0.5,0.0,0.293,1,0.333,3,0.0,229.78,0.7,1.0,0.512,0.9967,1.0,0.0115,0.0,0.775,0.0,0.0,0.826,9,0.0,0.0,0.0,0.692,0,0.0,0.0,0.758,1707.8,0.0,1,0.043,0.5,0.0,0.0,0.521,0,0,-7.603884586548926e-05,0.0,0.0,0.0,0.333,32,22.85133413841405,0.0,0.0,1,0.0,0.8540115116147087,0.0,0.0,-3,0.0,0.0,0,0.7943154639406262,0.5,0,0.0,2.2954233841402902,0.24,0.0,0.0,0.4,0.6,0.5046243907636372,0.727,0.787,1.0,-4.186299181567868,0.0,0.286,0.0,0.5,0.0,0.293,1,0.333,2,0.0,0.0,0.7433,1.0,0.7002,0.9915,1.0,0.0231,0.0,1.0,0.0,0.0,0.913,7,0.0,0.0,0.0,0.875,0,0.0,0.0,0.957,1759.0,0.0,0,0.0,0.5,229.78,0.0,0.043300000000000005,0.0,0.18820000000000003,-0.005199999999999982,0.0,0.0116,0,10,0,0.0,-1,0.22499999999999998,-346.23,0.0,0.0,-2,0.0,0.0,0.0,0.18300000000000005,0,0.5,0.0,0.0,0.19899999999999995,21.289999999999964,51.200000000000045,0.0,0.0,-0.043,0.0,90,11,0
Brazil,Ghana,0.0,1.2130361194937065,0.01999999999999999,0.0,-0.0754390428131605,-0.131,829.3599999999999,0.0,0.0,1.5807486708450715,0.22,0.0,0.0,0.45,0.3,0.9632029820501337,0.537,0.527,1.0,43.979101516417515,0.0,0.357,0.0,0.5,0.0,0.173,3,0.333,1,0.0,2.51,0.3596,0.6928,0.5154,0.9872,0.31,0.0346,0.0,0.8,0.0,0.0,0.957,4,0.0,0.0,0.0,0.725,0,0.0,0.0,0.976,1772.4,0.0,0,0.0,0.5,0.0,0.2,0.53,0,0,-0.5235045862004999,0.2759999999999999,0.366,0.0,0.333,391,-25.23212721651695,0.0,0.0,65,0.0,0.5766704226490829,0.0,-0.6706774663229904,6,0.0,0.174,2,0.5365764523680179,0.5,0,0.0,2.793784790338778,0.24,0.0,0.0,0.45,0.5,0.43969839584963377,0.813,0.893,1.0,18.746974299900565,0.0,0.357,0.0,0.5,0.0,0.347,1,0.333,4,0.0,100.0,0.6844,1.0,0.3217,0.9746,1.0,0.1231,0.0,1.0,0.0,0.0,0.826,7,0.0,0.0,0.0,0.875,0,0.0,0.0,0.813,1814.0,0.0,0,0.0,0.5,-97.49,0.0,0.32480000000000003,0.30720000000000003,-0.19369999999999998,-0.012599999999999945,0.69,0.0885,0,11,0,0.0,0,0.19999999999999996,926.8499999999999,0.0,0.0,3,0.0,0.0,0.0,0.15000000000000002,0,0.5,0.0,0.0,-0.16300000000000003,697.44,41.59999999999991,0.0,0,0.0,0.0,90,32,2
Germany,Argentina,0.0,0.4943552766916439,0.020000000000000018,0.0,-0.0181321699847804,0.04300000000000004,29.6400000000001,0.0,0.0,2.0575226365959924,0.24,0.0,0.0,0.5,0.35,0.8412425254206239,0.727,0.787,1.0,-34.08788379943184,0.0,0.429,0.0,0.5,0.0,0.293,1,0.333,3,0.0,62.19,0.5536,1.0,0.3083,0.9917,1.0,0.0231,0.0,0.875,0.0,0.0,0.87,9,0.0,0.0,0.0,0.808,0,0.0,0.0,0.818,1815.2,0.0,0,0.0,0.5,0.050000000000000044,0.050000000000000044,0.515,0,0,-0.033143658370548224,0.07000000000000006,0.05999999999999994,0.0,0.333,-207,73.95762420521974,0.0,0.0,-11,0.0,0.46956456318198736,0.0,-0.12938445649794994,-1,0.0,0.040000000000000036,0,0.18683926138587204,0.1111111111111111,0,0.0,2.5518779132876364,0.26,0.0,0.0,0.55,0.4,0.8080988670500757,0.797,0.847,1.0,39.8697404057879,0.0,0.429,0.0,0.5,0.0,0.333,1,0.333,2,0.0,80.0,0.7408,1.0,0.3347,0.9877,1.0,0.0462,0.0,1.0,0.0,0.0,0.913,6,0.0,0.0,0.0,0.875,0,0.0,0.0,0.849,1795.0,0.0,0,0.0,0.5,-17.810000000000002,0.0,0.18720000000000003,0.0,0.02639999999999998,-0.0040000000000000036,0.0,0.0231,0,-10,0,0.0,0,0.125,47.450000000000045,0.0,0.0,-3,0.0,0.0,0.0,0.06699999999999995,0,0.5,0.0,0.0,0.031000000000000028,20.68999999999994,-20.200000000000045,0.0,0,0.0,0.0,90,-24,1
England,Portugal,0.0,-0.020321929475644485,0.06,0.0,-0.06858746040405816,-0.04300000000000004,349.0100000000001,0.0,0.0,2.063179753986799,0.18,0.0,0.0,0.3,0.65,0.31401811104847654,0.813,0.893,1.0,36.63061171993725,0.0,0.429,0.0,0.5,0.0,0.347,2,0.333,2,0.0,96.63,0.5771,1.0,0.6682,0.983,1.0,0.0462,0.0,1.0,0.0,0.0,0.913,5,0.0,0.0,0.0,0.85,0,0.0,0.0,0.833,1749.8,0.0,0,0.0,0.5,0.10000000000000003,-0.15000000000000002,0.486,0,0,0.41306370195644615,-0.015999999999999903,-0.04600000000000004,0.0,0.333,95,-6.545616721280613,0.0,0.0,5,0.0,-0.46956456318198736,0.0,0.2347822815909934,-1,0.0,-0.013999999999999957,1,0.38655374425752465,0.25,0,0.0,2.0428578245111546,0.24,0.0,0.0,0.4,0.5,0.7270818130049227,0.797,0.847,1.0,30.084994998656637,0.0,0.429,0.0,0.5,0.0,0.333,1,0.333,3,0.0,246.0,0.7047,1.0,0.4644,0.9905,1.0,0.0346,0.0,0.875,0.0,0.0,0.87,7,0.0,0.0,0.0,0.808,0,0.0,0.0,0.78,1731.0,0.0,0,0.0,0.5,-149.37,0.0,0.12760000000000005,0.0,-0.20380000000000004,0.007500000000000062,0.0,-0.0116,0,4,0,0.0,1,-0.125,498.3800000000001,0.0,0.0,2,0.0,0.0,0.0,-0.041999999999999926,0,0.5,0.0,0.0,-0.052999999999999936,319.32000000000005,-18.799999999999955,0.0,0,0.0,0.0,90,0,1
Brazil,France,0.0,1.0633644346457414,0.10000000000000003,0.0,0.10915365887353701,0.0,113.63999999999987,0.0,0.0,1.7591444895386787,0.18,0.0,0.0,0.45,0.55,0.58099001163588,0.64,0.68,1.0,-16.278619073642794,0.0,0.286,0.0,0.5,0.0,0.24,1,0.333,3,0.0,229.78,0.7,1.0,0.512,0.9967,1.0,0.0115,0.0,0.84,0.0,0.0,0.826,9,0.0,0.0,0.0,0.692,0,0.0,0.0,0.758,1774.2,0.0,1,0.043,0.5,-0.04999999999999999,0.0,0.525,0,0,-0.20983639769768325,0.17299999999999993,0.21299999999999997,0.0,0.333,-103,41.09457053352372,0.0,0.0,-3,0.0,0.6992054880415757,0.0,-0.37305616701358596,-2,0.0,0.10699999999999998,0,0.948018555288616,0.6666666666666666,0,0.0,2.82250892418442,0.28,0.0,0.0,0.4,0.55,0.3711536139381968,0.813,0.893,1.0,24.815951459880928,0.0,0.286,0.0,0.5,0.0,0.347,1,0.333,4,0.0,100.0,0.6844,1.0,0.3217,0.9746,1.0,0.1231,0.0,1.0,0.0,0.0,0.826,7,0.0,0.0,0.0,0.875,0,0.0,0.0,0.813,1785.6,0.0,0,0.0,0.5,129.78,0.0,-0.015599999999999947,0.0,-0.19030000000000002,-0.02210000000000001,0.0,0.1116,0,22,0,0.0,-1,0.16000000000000003,-16.1400000000001,0.0,0.0,-2,0.0,0.0,0.0,0.18300000000000005,0,0.5,0.0,0.0,0.05499999999999994,200.0,11.399999999999864,0.0,0.0,-0.043,0.0,90,40,0
Portugal,France,0.0,0.07860373810474397,-0.020000000000000018,0.0,0.08729153739404283,0.08700000000000008,-148.87000000000023,0.0,0.0,1.6607000199959547,0.14,0.0,0.0,0.45,0.55,0.5000627372382891,0.727,0.787,1.0,-10.474486681799407,0.0,0.286,0.0,0.5,0.0,0.293,1,0.333,3,0.0,229.78,0.7,1.0,0.512,0.9967,1.0,0.0115,0.0,0.9,0.0,0.0,0.826,9,0.0,0.0,0.0,0.679,0,0.0,0.0,0.758,1874.4,0.0,1,0.043,0.5,-0.15000000000000002,0.09999999999999998,0.505,0,0,-0.22978484431693574,0.08599999999999997,0.10599999999999998,0.0,0.333,-180,49.37532666536069,0.0,0.0,-7,0.0,-0.0010664168242171534,0.0,-0.19993807717905968,-3,0.0,0.05399999999999999,-1,-0.47009777159409527,0.0,0,0.0,1.7393037581006987,0.12,0.0,0.0,0.3,0.65,0.27027789292135335,0.813,0.893,1.0,38.90083998356128,0.0,0.286,0.0,0.5,0.0,0.347,2,0.333,2,0.0,96.63,0.5771,1.0,0.6682,0.983,1.0,0.0462,0.0,0.825,0.0,0.0,0.913,5,0.0,0.0,0.0,0.746,0,0.0,0.0,0.833,1884.0,0.0,0,0.0,0.5,133.15,0.0,-0.12290000000000001,0.0,0.1562,-0.013700000000000045,0.0,0.034699999999999995,0,4,0,0.0,0,-0.07500000000000007,-282.0200000000002,0.0,0.0,-4,0.0,0.0,0.0,0.06699999999999995,0,0.5,0.0,0.0,0.07499999999999996,-61.32000000000005,9.599999999999909,0.0,0.0,-0.043,0.0,90,11,0
Germany,Portugal,0.0,0.47361135863958403,0.04000000000000001,0.0,0.0015199964403030952,0.0,-126.69999999999993,0.0,0.0,1.497032618023351,0.1,0.0,0.0,0.3,0.65,0.37192236186370864,0.727,0.787,1.0,25.84367270245445,0.0,0.214,0.0,0.5,0.0,0.293,2,0.333,2,0.0,96.63,0.5771,1.0,0.6682,0.983,1.0,0.0462,0.0,0.525,0.0,0.0,0.913,5,0.0,0.0,0.0,0.621,0,0.0,0.0,0.833,1996.2,0.0,0,0.0,0.5,0.2,-0.25,0.499,0,0,0.625205805852465,-0.017000000000000015,-0.04700000000000004,0.0,0.333,-53,13.512638382718503,0.0,0.07199999999999998,-5,0.0,0.0,0.0,0.3641667380889433,1,0.0,-0.012999999999999956,1,0.4555337775259398,0.0,0,0.0,1.9706439766629351,0.14,0.0,0.0,0.5,0.4,0.9971281677161736,0.71,0.74,1.0,39.356311085172955,0.0,0.286,0.0,0.5,0.0,0.28,1,0.333,2,0.0,80.0,0.7408,1.0,0.3347,0.9877,1.0,0.0462,0.0,0.525,0.0,0.0,0.913,6,0.0,0.0,0.0,0.633,0,0.0,0.0,0.849,1852.6,0.0,0,0.0,0.5,16.629999999999995,0.0,0.16370000000000007,0.0,-0.3335,0.0047000000000000375,0.0,0.0,0,-2,0,0.0,-1,0.0,-143.32999999999993,0.0,0.0,1,0.0,0.0,0.0,0.01200000000000001,0,0.5,0.0,0.0,0.016000000000000014,-31.769999999999982,-143.60000000000014,0.0,0,0.0,0.0,90,-5,2
Japan,Qatar,0.0,0.4675703856510405,0.12,0.0,0.021888750987250294,0.0,173.2999999999999,0.0,0.0,1.1944361560142442,0.06,0.0,0.0,0.35,0.45,0.9362959688498041,0.537,0.527,1.0,4.696446197782084,0.0,0.5,0.0,0.5,0.0,0.173,0,0.333,2,0.0,1.94,0.3644,0.0434,0.5111,0.95,0.0276,0.0615,0.0,0.365,0.0,0.0,0.913,0,0.0,0.0,0.0,0.392,0,0.0,0.0,0.955,1582.6,0.0,0,0.0,0.5,-0.04999999999999999,0.10000000000000003,0.567,0,0,-0.24549346026275087,0.18999999999999995,0.26,0.0,0.333,348,-32.12815231575674,0.0,0.5,79,0.0,1.587558238260801,0.0,-0.7023787006905956,0,0.0,0.12,0,1.4275389642194627,0.3333333333333333,1,0.0,1.6620065416652847,0.18,0.0,0.0,0.3,0.55,0.6908025085870533,0.727,0.787,1.0,-27.43170611797466,0.0,1.0,0.0,0.5,0.0,0.293,0,0.333,2,0.0,0.0,0.4989,0.8942,0.3604,0.9875,0.4305,0.0462,0.0,0.88,0.0,0.0,0.913,0,0.0,0.0,0.0,0.738,0,0.0,0.0,0.957,1526.4,0.0,0,0.0,0.5,1.94,0.0,0.1345,0.8508,-0.1507,0.03750000000000009,0.4029,-0.015300000000000001,0,-2,0,0.0,0,0.515,171.3599999999999,0.0,0.0,0,0.0,0.0,0.0,0.346,0,0.5,0.0,0.0,0.0020000000000000018,146.59,-56.19999999999982,0.0,0,0.0,0.0,90,-1,1
South Korea,Saudi Arabia,0.0,-0.44842576288221747,-0.04000000000000001,0.0,-0.009676683560572386,0.04300000000000004,30.14,0.0,0.0,1.8839866009992463,0.16,0.0,0.0,0.4,0.4,0.8674052669951889,0.553,0.573,1.0,22.881065122042113,0.0,0.5,0.0,0.5,0.0,0.187,0,0.333,1,0.0,6.54,0.3742,0.1149,0.5194,0.975,0.0618,0.0692,0.0,0.7,0.0,0.0,0.87,0,0.0,0.0,0.0,0.667,0,0.0,0.0,0.901,1532.0,0.0,2,0.087,0.5,0.04999999999999999,-0.050000000000000044,0.5,0,0,0.2768207422749086,0.05399999999999994,0.014000000000000012,0.0,0.333,103,-42.801449807761365,0.0,-0.07100000000000001,17,0.0,-0.0057162162756223545,0.0,0.14334848414838008,0,0.0,0.025999999999999995,0,-0.07172844664305345,0.0,1,0.0,1.4355608381170288,0.12,0.0,0.0,0.45,0.35,1.1442260092700975,0.607,0.587,1.0,-19.920384685719252,0.0,0.429,0.0,0.5,0.0,0.213,0,0.333,2,0.0,9.87,0.4535,0.1998,0.5346,0.9544,0.0709,0.0731,0.0,0.68,0.0,0.0,0.913,0,0.0,0.0,0.0,0.562,0,0.0,0.0,0.919,1777.6,0.0,0,0.0,0.5,-3.329999999999999,0.0,0.07930000000000004,0.0849,0.015199999999999991,-0.02059999999999995,0.009100000000000004,0.0039000000000000007,0,-7,0,0.0,0,-0.019999999999999907,33.47,0.0,0.0,0,0.0,0.0,0.0,-0.10499999999999998,0,0.5,0.0,0.0,0.018000000000000016,27.989999999999995,245.5999999999999,0.0,0.0,-0.087,0.0,90,-10,1
Iraq,Australia,0.0,-0.43159580868485636,-0.12,0.0,-0.0646160852963984,-0.04300000000000004,-215.75000000000006,0.0,0.0,1.4625013747410347,0.16,0.0,0.0,0.5,0.3,1.025640845019344,0.59,0.54,1.0,-38.32166575650534,0.0,0.357,0.0,0.5,0.0,0.2,0,0.333,2,0.0,17.33,0.4798,0.2338,0.3629,0.9783,0.143,0.0577,0.0,0.545,0.0,0.0,0.913,0,0.0,0.0,0.0,0.508,0,0.0,0.0,0.912,1632.2,0.0,0,0.0,0.5,0.09999999999999998,-0.15,0.473,0,0,0.4068900452988269,-0.08699999999999997,-0.10700000000000004,0.0,0.333,-148,11.005947290970056,0.0,0.07200000000000001,-26,0.0,-0.8902541362959928,0.0,0.4040855412266646,0,0.0,-0.05300000000000002,0,-1.2113288585981954,0.0,1,0.0,1.0309055660561783,0.04,0.0,0.0,0.6,0.15,1.4325308903181708,0.503,0.433,1.0,-27.315718465535284,0.0,0.429,0.0,0.5,0.0,0.147,0,0.333,3,0.0,14.83,0.3313,0.085,0.4944,0.9667,0.0274,0.0615,0.0,0.275,0.0,0.0,0.87,0,0.0,0.0,0.0,0.287,0,0.0,0.0,0.865,1657.2,0.0,0,0.0,0.5,2.4999999999999982,0.0,-0.14850000000000002,-0.1488,0.1315,-0.011599999999999944,-0.11559999999999998,0.003799999999999998,0,20,0,0.0,0,-0.27,-218.25000000000003,0.0,0.0,0,0.0,0.0,0.0,-0.22100000000000003,0,0.5,0.0,0.0,-0.04700000000000004,-184.65999999999997,25.0,0.0,0,0.0,0.0,90,4,2
Japan,Australia,0.0,0.32365419371456605,0.06,0.0,0.049821757129714817,0.0,-70.5200000000001,0.0,0.0,1.7886821312503236,0.2,0.0,0.0,0.55,0.3,1.1320461076044217,0.59,0.54,1.0,-33.470638704552634,0.0,0.357,0.0,0.5,0.0,0.2,0,0.333,2,0.0,17.33,0.4798,0.2338,0.3629,0.9783,0.143,0.0577,0.0,0.57,0.0,0.0,0.913,0,0.0,0.0,0.0,0.533,0,0.0,0.0,0.912,1597.4,0.0,0,0.0,0.5,-0.15000000000000002,0.2,0.527,0,0,-0.33751403046758033,-0.03699999999999992,0.03299999999999992,0.0,0.333,90,9.550211484442912,0.0,0.0,19,0.0,1.0909005890305048,0.0,-0.31165208496545116,0,0.0,-0.013000000000000012,0,0.5698877895492434,0.5,1,0.0,2.1123363249648897,0.26,0.0,0.0,0.4,0.5,0.7945320771368414,0.553,0.573,1.0,-23.920427220109723,0.0,0.357,0.0,0.5,0.0,0.187,0,0.333,2,0.0,0.0,0.4989,0.8942,0.3604,0.9875,0.4305,0.0462,0.0,0.9,0.0,0.0,0.913,0,0.0,0.0,0.0,0.796,0,0.0,0.0,0.957,1614.6,0.0,0,0.0,0.5,17.33,0.0,0.019100000000000006,0.6604,-0.0025000000000000022,0.009200000000000097,0.2875,-0.011500000000000003,0,20,0,0.0,0,0.33000000000000007,-87.85000000000008,0.0,0.0,0,0.0,0.0,0.0,0.263,0,0.5,0.0,0.0,0.04499999999999993,-63.18999999999997,17.199999999999818,0.0,0,0.0,0.0,90,3,1
Saudi Arabia,Uzbekistan,0.0,-0.0829920335117742,-0.06,0.0,0.04980188276574071,-0.04300000000000004,-5.820000000000007,0.0,0.0,2.226169227305724,0.24,0.0,0.0,0.4,0.5,0.8498197317171958,0.693,0.693,1.0,-31.047242400412156,0.0,0.286,0.0,0.5,0.0,0.267,0,0.333,2,0.0,13.719999999999999,0.3388,0.0884,0.4194,0.9833,0.159,0.0615,0.0,0.68,0.0,0.0,0.913,0,0.0,0.0,0.0,0.65,0,0.0,0.0,0.888,1682.2,0.0,0,0.0,0.5,0.09999999999999998,-0.09999999999999998,0.5,0,0,-0.081831184118626,-0.1399999999999999,-0.12,0.0,0.333,14,55.46536817758967,0.0,0.0,5,0.0,0.09190024784910467,0.0,0.014030785656047096,0,0.0,-0.08000000000000002,0,-0.5464343665564453,0.5833333333333334,1,0.0,2.14317719379395,0.18,0.0,0.0,0.5,0.4,0.7679885475985698,0.553,0.573,1.0,24.418125777177508,0.0,0.286,0.0,0.5,0.0,0.187,0,0.333,1,0.0,6.54,0.3742,0.1149,0.5194,0.975,0.0618,0.0692,0.0,0.8,0.0,0.0,0.87,0,0.0,0.0,0.0,0.613,0,0.0,0.0,0.901,1582.0,0.0,2,0.087,0.5,7.179999999999999,0.0,0.03539999999999999,0.026499999999999996,0.09999999999999998,-0.008299999999999974,-0.09720000000000001,0.0076999999999999985,0,6,0,0.0,0,0.12,-13.0,0.0,0.0,0,0.0,0.0,0.0,-0.03700000000000003,0,0.5,0.0,0.0,0.013000000000000012,-6.039999999999992,-100.20000000000005,0.0,0.0,0.087,0.0,90,4,2
Japan,Saudi Arabia,0.0,-0.17313530796687848,0.01999999999999999,0.0,0.056127703398558215,0.04300000000000004,150.00999999999993,0.0,0.0,2.123233752740609,0.2,0.0,0.0,0.5,0.4,0.793007589705241,0.553,0.573,1.0,38.412799256598,0.0,0.214,0.0,0.5,0.0,0.187,0,0.333,1,0.0,6.54,0.3742,0.1149,0.5194,0.975,0.0618,0.0692,0.0,0.9,0.0,0.0,0.87,0,0.0,0.0,0.0,0.692,0,0.0,0.0,0.901,1598.2,0.0,2,0.087,0.5,-0.04999999999999999,0.04999999999999999,0.494,0,0,0.03744283277783533,0.0,0.0,0.0,0.333,220,-65.55251913573886,0.0,0.07199999999999998,38,0.0,-0.3158249564330715,0.0,0.10593103350515198,0,0.0,0.0,0,0.034310995999825344,0.75,1,0.0,1.9500984447737304,0.22,0.0,0.0,0.45,0.45,0.8304504224830763,0.553,0.573,1.0,-27.139719879140863,0.0,0.286,0.0,0.5,0.0,0.187,0,0.333,2,0.0,0.0,0.4989,0.8942,0.3604,0.9875,0.4305,0.0462,0.0,0.765,0.0,0.0,0.913,0,0.0,0.0,0.0,0.704,0,0.0,0.0,0.957,1640.6,0.0,0,0.0,0.5,6.54,0.0,0.12470000000000003,0.7793,-0.15899999999999997,0.012500000000000067,0.36869999999999997,-0.023,0,-13,0,0.0,0,-0.135,143.4699999999999,0.0,0.0,0,0.0,0.0,0.0,0.01200000000000001,0,0.5,0.0,0.0,0.05599999999999994,127.38,42.399999999999864,0.0,0.0,-0.087,0.0,90,-13,0
Iraq,South Korea,0.0,0.15655326337892062,0.01999999999999999,0.0,-0.04863345546698261,-0.04300000000000004,-25.360000000000028,0.0,0.0,1.0870438144802874,0.1,0.0,0.0,0.45,0.35,0.925923217995991,0.623,0.633,1.0,-15.978683608219784,0.0,0.214,0.0,0.5,0.0,0.227,0,0.333,2,0.0,9.87,0.4535,0.1998,0.5346,0.9544,0.0709,0.0731,0.0,0.565,0.0,0.0,0.913,0,0.0,0.0,0.0,0.529,0,0.0,0.0,0.919,1658.2,0.0,0,0.0,0.5,0.10000000000000003,-0.09999999999999998,0.512,0,0,0.04980724164136452,0.0,0.0,0.0,0.333,-121,7.559081877373535,0.0,0.07199999999999998,-24,0.0,0.29407956781432487,0.0,-0.0633722261305194,0,0.0,0.0,0,0.46548962327479915,0.0,1,0.0,1.243597077859208,0.12,0.0,0.0,0.55,0.25,0.9757304596373555,0.623,0.633,1.0,-8.41960173084625,0.0,0.286,0.0,0.5,0.0,0.227,0,0.333,3,0.0,14.83,0.3313,0.085,0.4944,0.9667,0.0274,0.0615,0.0,0.735,0.0,0.0,0.87,0,0.0,0.0,0.0,0.542,0,0.0,0.0,0.865,1614.8,0.0,0,0.0,0.5,-4.960000000000001,0.0,-0.12220000000000003,-0.1148,-0.04019999999999996,0.012299999999999978,-0.043500000000000004,-0.0116,0,-6,0,0.0,0,0.17000000000000004,-20.400000000000034,0.0,0.0,0,0.0,0.0,0.0,0.013000000000000012,0,0.5,0.0,0.0,-0.05400000000000005,-22.08,-43.40000000000009,0.0,0,0.0,0.0,90,-2,1
South Korea,Japan,0.0,-1.0068254463522588,-0.16,0.0,-0.0658043869591306,0.0,-119.86999999999992,0.0,0.0,1.9278561230171922,0.22,0.0,0.0,0.5,0.4,1.1545462811542262,0.433,0.373,1.0,-27.139719879140863,0.0,0.214,0.0,0.5,0.0,0.107,0,0.333,2,0.0,0.0,0.4989,0.8942,0.3604,0.9875,0.4305,0.0462,0.0,0.485,0.0,0.0,0.913,0,0.0,0.0,0.0,0.567,0,0.0,0.0,0.957,1646.6,0.0,0,0.0,0.5,-0.04999999999999999,-0.050000000000000044,0.526,0,0,-0.3575967818679192,0.27699999999999997,0.367,0.0,0.333,-117,16.186638266078326,0.0,0.0,-21,0.0,-0.18537408311090453,0.0,-1.1299176649100582,0,0.0,0.17300000000000004,0,-1.6997386964536843,0.5833333333333334,1,0.0,0.9210306766649333,0.06,0.0,0.0,0.45,0.35,0.796949499286307,0.71,0.74,1.0,-10.953081613062539,0.0,0.214,0.0,0.5,0.0,0.28,0,0.333,2,0.0,9.87,0.4535,0.1998,0.5346,0.9544,0.0709,0.0731,0.0,0.54,0.0,0.0,0.913,0,0.0,0.0,0.0,0.45,0,0.0,0.0,0.919,1657.4,0.0,0,0.0,0.5,-9.87,0.0,-0.045399999999999996,-0.6944,0.17419999999999997,-0.03310000000000002,-0.3596,0.0269,0,6,0,0.0,0,0.05500000000000005,-109.99999999999991,0.0,0.0,0,0.0,0.0,0.0,-0.11699999999999994,0,0.5,0.0,0.0,-0.03799999999999992,-99.39,10.800000000000182,0.0,0,0.0,0.0,90,3,1
Iraq,Saudi Arabia,0.0,-1.1968812809239207,-0.12,0.0,-0.058310139027555,0.0,4.779999999999973,0.0,0.0,2.2672552052962347,0.24,0.0,0.0,0.55,0.4,0.9465353997930237,0.537,0.527,1.0,48.888081776607734,0.0,0.286,0.0,0.5,0.0,0.173,0,0.333,1,0.0,6.54,0.3742,0.1149,0.5194,0.975,0.0618,0.0692,0.0,0.96,0.0,0.0,0.87,0,0.0,0.0,0.0,0.771,0,0.0,0.0,0.901,1690.8,0.0,2,0.087,0.5,0.0,-0.10000000000000003,0.495,0,0,-0.12131301552403506,0.18999999999999995,0.26,0.0,0.333,-18,-56.58849507047249,0.0,0.0,-7,0.0,-0.9579744010374758,0.0,-0.8083097341957475,0,0.0,0.12,0,-1.4718058059681474,0.6666666666666666,1,0.0,1.070373924372314,0.12,0.0,0.0,0.55,0.3,0.8252223842689886,0.727,0.787,1.0,-7.700413293864752,0.0,0.286,0.0,0.5,0.0,0.293,0,0.333,3,0.0,14.83,0.3313,0.085,0.4944,0.9667,0.0274,0.0615,0.0,0.685,0.0,0.0,0.87,0,0.0,0.0,0.0,0.6,0,0.0,0.0,0.865,1638.2,0.0,0,0.0,0.5,-8.29,0.0,-0.042899999999999994,-0.029899999999999996,-0.024999999999999967,-0.008299999999999974,-0.0344,-0.0076999999999999985,0,-13,0,0.0,0,-0.2749999999999999,13.069999999999965,0.0,0.0,0,0.0,0.0,0.0,-0.17100000000000004,0,0.5,0.0,0.0,-0.03600000000000003,5.909999999999997,-52.59999999999991,0.0,0.0,-0.087,0.0,90,-12,2
Switzerland,Czechia,0.0,-0.3392434933859181,-0.04000000000000001,0.0,0.04216989406922611,-0.04399999999999993,108.01999999999998,0.0,0.0,1.8530051185914078,0.16,0.0,0.0,0.45,0.5,0.6665276315698463,0.623,0.633,1.0,52.80804694982077,0.0,0.571,0.0,0.5,0.0,0.227,0,0.333,1,0.0,6.25,0.4928,0.7284,0.4347,0.9957,0.2866,0.0115,0.0,0.78,0.0,0.0,0.957,0,0.0,0.0,0.0,0.633,0,0.0,0.0,0.945,1575.4,0.0,0,0.0,0.5,0.04999999999999999,-0.15000000000000002,0.476,0,0,0.6979755701110504,-0.050000000000000044,-0.14,0.0,0.333,242,-74.11015351771601,0.0,0.0,49,0.0,-0.5787772184738855,0.0,0.418757944432547,0,0.0,-0.04000000000000001,0,-0.29254670058361687,0.5,1,0.0,1.5137616252054897,0.12,0.0,0.0,0.5,0.35,1.3645032016808967,0.573,0.493,1.0,-21.302106567895244,0.0,0.571,0.0,0.5,0.0,0.187,0,0.333,2,0.0,0.0,0.6926,1.0,0.3736,0.9875,0.4914,0.0346,0.0,0.6,0.0,0.0,0.913,0,0.0,0.0,0.0,0.438,0,0.0,0.0,0.957,1676.6,0.0,0,0.0,0.5,6.25,0.0,0.19979999999999998,0.27159999999999995,-0.06109999999999999,-0.008199999999999985,0.20479999999999998,0.0231,0,-20,0,0.0,0,-0.18000000000000005,101.76999999999998,0.0,0.0,0,0.0,0.0,0.0,-0.195,0,0.5,0.0,0.0,0.01200000000000001,86.93,101.19999999999982,0.0,0,0.0,0.0,90,-3,0
Austria,Croatia,0.0,-0.06768310978217595,0.06,0.0,0.02994254313139666,0.04300000000000004,276.15999999999997,0.0,0.0,1.6445906279827052,0.12,0.0,0.0,0.35,0.55,1.01827177376765,0.503,0.433,1.0,-10.180105269907044,0.0,0.571,0.0,0.5,0.0,0.147,0,0.333,3,0.0,28.669999999999998,0.5234,1.0,0.4299,0.9915,0.629,0.0231,0.0,0.605,0.0,0.0,0.87,0,0.0,0.0,0.0,0.504,0,0.0,0.0,0.879,1744.2,0.0,0,0.0,0.5,0.20000000000000007,-0.4,0.492,0,0,0.5541998819748117,-0.03300000000000003,-0.09299999999999997,0.0,0.333,-45,-23.313133531003785,0.0,0.07200000000000006,-11,0.0,-0.3459630809652763,0.0,0.5537502080683927,0,0.0,-0.026999999999999996,0,1.1449481093847054,0.0,1,0.0,1.5769075182005292,0.18,0.0,0.0,0.55,0.15,1.5724716557424618,0.47,0.34,1.0,-33.49323880091083,0.0,0.643,0.0,0.5,0.0,0.12,0,0.333,2,0.0,36.0,0.4562,0.728,0.4028,0.9833,0.32,0.0462,0.0,0.515,0.0,0.0,0.913,0,0.0,0.0,0.0,0.417,0,0.0,0.0,0.893,1723.2,0.0,0,0.0,0.5,-7.330000000000002,0.0,-0.06719999999999998,-0.272,-0.027100000000000013,-0.008200000000000096,-0.309,0.0231,0,-21,0,0.0,0,-0.08999999999999997,283.48999999999995,0.0,0.0,0,0.0,0.0,0.0,-0.08700000000000002,0,0.5,0.0,0.0,0.014000000000000012,235.96999999999997,-21.0,0.0,0,0.0,0.0,90,-4,0
Czechia,Portugal,0.0,0.25314360219387844,0.020000000000000018,0.0,0.06589317906877434,0.04399999999999993,-655.6099999999998,0.0,0.0,1.4810447073091484,0.12,0.0,0.0,0.55,0.45,0.8146795447093831,0.677,0.647,1.0,-37.76786504566391,0.0,0.286,0.0,0.5,0.0,0.253,0,0.333,2,0.0,96.63,0.5771,1.0,0.6682,0.983,1.0,0.0462,0.0,0.64,0.0,0.0,0.913,0,0.0,0.0,0.0,0.496,0,0.0,0.0,0.833,1711.4,0.0,0,0.0,0.5,-0.15000000000000002,0.10000000000000003,0.518,0,0,-0.2628888034821707,-0.05400000000000005,-0.014000000000000012,0.0,0.333,-289,102.1297734032802,0.0,0.0,-53,0.0,0.6051984443676686,0.0,-0.2067207102788995,0,0.0,-0.025999999999999995,0,0.14024202950497733,0.5,1,0.0,1.7341883095030268,0.14,0.0,0.0,0.4,0.55,0.5517907412272124,0.623,0.633,1.0,64.36190835761629,0.0,0.286,0.0,0.5,0.0,0.227,0,0.333,1,0.0,6.25,0.4928,0.7284,0.4347,0.9957,0.2866,0.0115,0.0,0.86,0.0,0.0,0.957,0,0.0,0.0,0.0,0.621,0,0.0,0.0,0.945,1697.6,0.0,0,0.0,0.5,90.38,0.0,-0.08429999999999993,-0.27159999999999995,-0.23350000000000004,0.012700000000000045,-0.7134,-0.034699999999999995,0,0,0,0.0,-1,0.21999999999999997,-745.9899999999998,0.0,0.0,0,0.0,0.0,0.0,0.125,0,0.5,0.0,0.0,0.11199999999999999,-504.67999999999995,-13.800000000000182,0.0,0,0.0,0.0,90,-3,0
Croatia,Germany,0.0,-0.6167750352570278,-0.18,0.0,0.01694652680551323,-0.04300000000000004,-379.54999999999984,0.0,0.0,2.164281027699694,0.26,0.0,0.0,0.45,0.45,0.65564099332961,0.71,0.74,1.0,-2.7519925399722673,0.0,0.286,0.0,0.5,0.0,0.28,0,0.333,2,0.0,80.0,0.7408,1.0,0.3347,0.9877,1.0,0.0462,0.0,0.9,0.0,0.0,0.913,0,0.0,0.0,0.0,0.808,0,0.0,0.0,0.849,1736.2,0.0,0,0.0,0.5,-0.10000000000000003,0.10000000000000003,0.476,0,0,0.22079364452069827,-0.10299999999999998,-0.15300000000000002,0.0,0.333,-24,0.4656234673232107,0.0,0.0,-1,0.0,-0.7864298986156442,0.0,0.15948606562922996,0,0.0,-0.06700000000000003,0,-1.5724610357805375,0.16666666666666666,1,0.0,1.5475059924426662,0.08,0.0,0.0,0.35,0.55,0.8764346378503083,0.607,0.587,1.0,-2.2863690726490566,0.0,0.286,0.0,0.5,0.0,0.213,0,0.333,3,0.0,28.669999999999998,0.5234,1.0,0.4299,0.9915,0.629,0.0231,0.0,0.735,0.0,0.0,0.87,0,0.0,0.0,0.0,0.504,0,0.0,0.0,0.879,1700.8,0.0,0,0.0,0.5,51.33,0.0,-0.21740000000000004,0.0,0.0952,0.0038000000000000256,-0.371,-0.0231,0,-4,0,0.0,0,-0.16500000000000004,-430.8799999999998,0.0,0.0,0,0.0,0.0,0.0,-0.30400000000000005,0,0.5,0.0,0.0,0.030000000000000027,-344.59,-35.40000000000009,0.0,0,0.0,0.0,90,-3,2
Netherlands,France,0.0,1.0159580073008438,0.18,0.0,0.19535461053204328,0.131,-306.4599999999998,0.0,0.0,1.0936592389374926,0.08,0.0,0.0,0.1,0.75,0.33519244249729274,0.9,1.0,1.0,-19.313087523586006,0.0,0.286,0.0,0.5,0.0,0.4,0,0.333,3,0.0,229.78,0.7,1.0,0.512,0.9967,1.0,0.0115,0.0,0.725,0.0,0.0,0.826,0,0.0,0.0,0.0,0.667,0,0.0,0.0,0.758,1871.2,0.0,1,0.043,0.5,0.30000000000000004,-0.19999999999999996,0.501,0,0,0.27105179596284135,-0.20700000000000007,-0.30700000000000005,0.0,0.333,-183,12.932604672032326,0.0,0.0,-8,0.0,0.573527452604754,0.0,0.5787772184738853,0,0.0,-0.133,0,1.831229948776437,0.6666666666666666,1,0.0,2.1096172462383365,0.26,0.0,0.0,0.4,0.55,0.6062442384601341,0.693,0.693,1.0,-6.38048285155368,0.0,0.286,0.0,0.5,0.0,0.267,0,0.333,1,0.0,0.0,0.5837,1.0,0.4972,0.9877,1.0,0.0462,0.0,0.9,0.0,0.0,0.957,0,0.0,0.0,0.0,0.796,0,0.0,0.0,0.978,1790.8,0.0,0,0.0,0.5,229.78,0.0,-0.11629999999999996,0.0,-0.014800000000000035,-0.009000000000000008,0.0,0.034699999999999995,0,12,0,0.0,-1,0.17500000000000004,-536.2399999999998,0.0,0.0,0,0.0,0.0,0.0,0.129,0,0.5,0.0,0.0,0.21999999999999997,-145.90999999999997,-80.40000000000009,0.0,0.0,-0.043,0.0,90,10,2
Sweden,Spain,0.0,-0.9043475242798555,-0.12,0.0,0.0,0.0,-593.17,0.0,0.0,1.849344350244179,0.18,0.0,0.0,0.35,0.55,0.44206034632513486,0.727,0.787,1.0,13.051181761520304,0.0,0.286,0.0,0.5,0.0,0.293,0,0.333,2,0.0,0.0,0.7433,1.0,0.7002,0.9915,1.0,0.0231,0.0,1.0,0.0,0.0,0.913,0,0.0,0.0,0.0,0.838,0,0.0,0.0,0.957,1864.2,0.0,0,0.0,0.5,-0.04999999999999999,-0.10000000000000003,0.469,0,0,0.24227800089950752,0.0,0.0,0.0,0.333,-434,-7.498252684343522,0.0,0.0,-37,0.0,-1.4341871503579449,0.0,-0.08682564912331736,0,0.0,0.0,0,-1.2867637263023766,0.4444444444444444,1,0.0,0.9449968259643236,0.06,0.0,0.0,0.3,0.45,0.6843383472246424,0.727,0.787,1.0,5.552929077176782,0.0,0.286,0.0,0.5,0.0,0.293,0,0.333,2,0.0,0.0,0.5369,0.9304,0.5667,0.9844,0.7194,0.0577,0.0,0.59,0.0,0.0,0.913,0,0.0,0.0,0.0,0.496,0,0.0,0.0,0.957,1805.0,0.0,0,0.0,0.5,0.0,0.0,-0.20639999999999992,-0.0696,-0.13350000000000006,-0.007099999999999995,-0.28059999999999996,0.034600000000000006,0,-1,0,0.0,0,-0.41000000000000003,-593.17,0.0,0.0,0,0.0,0.0,0.0,-0.34199999999999997,0,0.5,0.0,0.0,0.0,-514.49,-59.200000000000045,0.0,0,0.0,0.0,90,1,0
Switzerland,Portugal,0.0,-0.46110205681552796,-0.06,0.0,0.10806307313800045,0.0,-547.5899999999998,0.0,0.0,1.707219668929696,0.18,0.0,0.0,0.55,0.45,0.8404932059366426,0.59,0.54,1.0,-28.31008168878447,0.0,0.286,0.0,0.5,0.0,0.2,0,0.333,2,0.0,96.63,0.5771,1.0,0.6682,0.983,1.0,0.0462,0.0,0.8,0.0,0.0,0.913,0,0.0,0.0,0.0,0.588,0,0.0,0.0,0.833,1749.8,0.0,0,0.0,0.5,0.0,-0.2,0.461,0,0,0.5897077433764408,-0.017000000000000015,-0.04700000000000004,0.0,0.333,-47,-37.04006830106123,0.0,0.0,-4,0.0,-1.0925002142668303,0.0,0.3356387163703577,0,0.0,-0.013000000000000012,0,-0.8223405198517941,0.5,1,0.0,1.246117612114168,0.12,0.0,0.0,0.55,0.25,1.4302009493130834,0.573,0.493,1.0,-65.3501499898457,0.0,0.286,0.0,0.5,0.0,0.187,0,0.333,2,0.0,0.0,0.6926,1.0,0.3736,0.9875,0.4914,0.0346,0.0,0.32,0.0,0.0,0.913,0,0.0,0.0,0.0,0.438,0,0.0,0.0,0.957,1601.4,0.0,0,0.0,0.5,96.63,0.0,0.11550000000000005,0.0,-0.29460000000000003,0.0045000000000000595,-0.5085999999999999,-0.0116,0,-20,0,0.0,-1,-0.48000000000000004,-644.2199999999998,0.0,0.0,0,0.0,0.0,0.0,-0.14999999999999997,0,0.5,0.0,0.0,0.124,-417.74999999999994,-148.39999999999986,0.0,0,0.0,0.0,90,-6,2
Austria,Germany,0.0,-0.6946121219536077,-0.01999999999999999,0.0,0.04688906993690989,0.0,-103.38999999999987,0.0,0.0,1.9948076647506043,0.22,0.0,0.0,0.5,0.4,0.8574960849616989,0.607,0.587,1.0,-16.505803373055283,0.0,0.286,0.0,0.5,0.0,0.213,0,0.333,2,0.0,80.0,0.7408,1.0,0.3347,0.9877,1.0,0.0462,0.0,0.59,0.0,0.0,0.913,0,0.0,0.0,0.0,0.658,0,0.0,0.0,0.849,1745.2,0.0,0,0.0,0.5,0.050000000000000044,-0.25,0.473,0,0,0.5666013484361486,-0.19,-0.25999999999999995,0.0,0.333,-69,-18.235431911349618,0.0,0.0,-12,0.0,-0.8041368627281278,0.0,0.3060442778275554,0,0.0,-0.12,0,-0.17912465842317293,0.0,1,0.0,1.3001955427969967,0.2,0.0,0.0,0.55,0.15,1.4240974333978476,0.417,0.327,1.0,-34.7412352844049,0.0,0.286,0.0,0.5,0.0,0.093,0,0.333,2,0.0,36.0,0.4562,0.728,0.4028,0.9833,0.32,0.0462,0.0,0.435,0.0,0.0,0.913,0,0.0,0.0,0.0,0.442,0,0.0,0.0,0.893,1734.2,0.0,0,0.0,0.5,44.0,0.0,-0.2846,-0.272,0.0681,-0.0044000000000000705,-0.6799999999999999,0.0,0,-25,0,0.0,0,-0.15499999999999997,-147.38999999999987,0.0,0.0,0,0.0,0.0,0.0,-0.21600000000000003,0,0.5,0.0,0.0,0.04400000000000004,-108.62,-11.0,0.0,0,0.0,0.0,90,-7,0
Portugal,Germany,0.0,-0.38682130550209415,0.0,0.0,-0.0015199964403030952,0.0,126.69999999999993,0.0,0.0,1.8343439842869735,0.16,0.0,0.0,0.45,0.45,0.7307554174889078,0.607,0.587,1.0,-3.003280426906807,0.0,0.214,0.0,0.5,0.0,0.213,0,0.333,2,0.0,80.0,0.7408,1.0,0.3347,0.9877,1.0,0.0462,0.0,0.71,0.0,0.0,0.913,0,0.0,0.0,0.0,0.621,0,0.0,0.0,0.849,1730.2,0.0,0,0.0,0.5,0.10000000000000003,-0.04999999999999999,0.491,0,0,0.28584444132348474,0.0,0.0,0.0,0.333,53,-31.269859680068855,0.0,0.07199999999999998,5,0.0,-0.28479558221999257,0.0,0.1813659012093335,0,0.0,0.0,0,0.05394958879376843,0.5,1,0.0,1.4475226787848794,0.16,0.0,0.0,0.55,0.4,1.0165998588123926,0.607,0.587,1.0,-34.27314010697566,0.0,0.286,0.0,0.5,0.0,0.213,0,0.333,2,0.0,96.63,0.5771,1.0,0.6682,0.983,1.0,0.0462,0.0,0.57,0.0,0.0,0.913,0,0.0,0.0,0.0,0.588,0,0.0,0.0,0.833,1764.0,0.0,0,0.0,0.5,-16.629999999999995,0.0,-0.16370000000000007,0.0,0.3335,-0.0047000000000000375,0.0,0.0,0,4,0,0.0,1,-0.14,143.32999999999993,0.0,0.0,0,0.0,0.0,0.0,-0.03300000000000003,0,0.5,0.0,0.0,-0.016000000000000014,31.769999999999982,33.799999999999955,0.0,0,0.0,0.0,90,5,0
Germany,Spain,0.0,0.3082894489984753,-0.01999999999999999,0.0,-0.10654307669769736,0.0,-159.12000000000012,0.0,0.0,1.8407347500227378,0.22,0.0,0.0,0.4,0.6,0.42367913606133906,0.64,0.68,1.0,16.082225682314082,0.0,0.214,0.0,0.5,0.0,0.24,0,0.333,2,0.0,0.0,0.7433,1.0,0.7002,0.9915,1.0,0.0231,0.0,0.875,0.0,0.0,0.913,0,0.0,0.0,0.0,0.783,0,0.0,0.0,0.957,1779.6,0.0,0,0.0,0.5,0.04999999999999999,-0.14999999999999997,0.494,0,0,0.6496213605581083,-0.050000000000000044,-0.14,0.0,0.333,-265,16.032464273019947,0.0,0.07199999999999998,-13,0.0,-0.0025732462312944016,0.0,0.8793965632889655,0,0.0,-0.03999999999999998,0,0.09704160458050914,0.5,1,0.0,2.149024199021213,0.2,0.0,0.0,0.45,0.45,1.0733004966194473,0.59,0.54,1.0,32.11468995533403,0.0,0.286,0.0,0.5,0.0,0.2,0,0.333,2,0.0,80.0,0.7408,1.0,0.3347,0.9877,1.0,0.0462,0.0,0.88,0.0,0.0,0.913,0,0.0,0.0,0.0,0.7,0,0.0,0.0,0.849,1847.4,0.0,0,0.0,0.5,-80.0,0.0,-0.0024999999999999467,0.0,-0.36550000000000005,-0.0038000000000000256,0.0,0.0231,0,-5,0,0.0,0,0.0050000000000000044,-79.12000000000012,0.0,0.0,0,0.0,0.0,0.0,-0.08300000000000007,0,0.5,0.0,0.0,-0.10799999999999998,-114.38,67.80000000000018,0.0,0,0.0,0.0,90,-2,0
South Africa,Mexico,0.0,-0.08246998828435737,0.06,0.0,-0.17790641551148223,0.0,-78.17999999999999,0.0,0.0,1.8795765706943808,0.2,0.0,0.0,0.45,0.55,0.9250341397231966,0.503,0.433,1.0,-7.332371613059407,0.0,0.571,0.0,0.5,0.0,0.147,1,0.333,3,0.0,4.65,0.4964,0.8192,0.3552,0.9812,0.2426,0.0231,0.0,0.68,0.0,0.0,0.87,9,0.0,0.0,0.0,0.588,0,0.0,0.0,0.93,1817.4,0.0,0,0.0,0.5,-0.2,-0.050000000000000044,0.537,0,0,-0.48908622754611925,0.22399999999999998,0.35400000000000004,0.0,0.333,-297,53.061365909101795,0.0,-0.14199999999999996,-53,0.0,0.7340496924535098,0.0,-1.0285280217185857,-7,0.0,0.146,-1,0.29201349217150874,0.5,0,0.0,1.7971065824100234,0.26,0.0,0.0,0.25,0.5,0.43594791217707735,0.727,0.787,1.0,45.72899429604239,0.0,0.429,0.0,0.5,0.0,0.293,2,0.333,3,0.0,31.799999999999997,0.4535,0.1998,0.5346,0.9544,0.0709,0.0731,0.0,0.94,0.0,0.0,0.87,4,0.0,0.0,0.0,0.808,0,0.0,0.0,0.848,1679.4,0.0,0,0.0,0.5,-27.15,0.0,-0.042899999999999994,-0.6194000000000001,0.17939999999999995,-0.026799999999999935,-0.17170000000000002,0.05,0,1,0,0.0,0,0.2599999999999999,-51.03,0.0,0.0,-5,0.0,0.0,0.0,0.22000000000000008,0,0.5,0.0,0.0,-0.08200000000000007,-68.28000000000002,-138.0,0.0,0,0.0,0.0,90,-34,1
Uruguay,France,0.0,0.5695851762600874,0.09999999999999999,0.0,0.19535461053204328,0.08700000000000008,-776.46,0.0,0.0,1.1811676835582254,0.08,0.0,0.0,0.45,0.35,0.8852637612637564,0.45,0.42,1.0,-57.249566781584164,0.0,0.5,0.0,0.5,0.0,0.12,1,0.333,3,0.0,229.78,0.7,1.0,0.512,0.9967,1.0,0.0115,0.0,0.365,0.0,0.0,0.826,9,0.0,0.0,0.0,0.392,0,0.0,0.0,0.758,1742.2,0.0,1,0.043,0.5,0.04999999999999999,-0.04999999999999999,0.56,0,0,0.11536678750627871,0.10300000000000004,0.15299999999999997,0.0,0.333,-311,69.53835771878462,0.0,0.5,-28,0.0,1.2886953549838362,0.0,-0.31475853960885414,-9,0.0,0.067,-2,1.45292401589372,0.3333333333333333,0,0.0,1.7507528598183129,0.18,0.0,0.0,0.5,0.3,1.000630548770035,0.553,0.573,1.0,12.288790937200467,0.0,1.0,0.0,0.5,0.0,0.187,3,0.333,2,0.0,0.0,0.7259,0.8405,0.3833,0.9778,0.4614,0.0577,0.0,0.82,0.0,0.0,0.913,2,0.0,0.0,0.0,0.646,0,0.0,0.0,0.957,1794.8,0.0,0,0.0,0.5,229.78,0.0,0.025900000000000034,-0.15949999999999998,-0.12870000000000004,-0.018900000000000028,-0.5386,0.046200000000000005,0,-2,0,0.0,-1,0.45499999999999996,-1006.24,0.0,0.0,-7,0.0,0.0,0.0,0.254,0,0.5,0.0,0.0,0.19899999999999995,-542.54,52.59999999999991,0.0,0.0,-0.043,0.0,90,31,1
Germany,Australia,0.0,1.0010515819519021,0.07999999999999999,0.0,-0.05672131956798254,0.0,340.3599999999999,0.0,0.0,1.3233397599102497,0.14,0.0,0.0,0.3,0.65,0.9616292076128932,0.59,0.54,1.0,10.391675406182415,0.0,0.571,0.0,0.5,0.0,0.2,2,0.333,2,0.0,17.33,0.4798,0.2338,0.3629,0.9783,0.143,0.0577,0.0,0.61,0.0,0.0,0.913,4,0.0,0.0,0.0,0.596,0,0.0,0.0,0.912,1673.2,0.0,0,0.0,0.5,0.10000000000000003,-0.15000000000000002,0.526,0,0,-0.30800034540724586,0.03300000000000003,0.09299999999999997,0.0,0.333,81,-6.13785185808059,0.0,0.14300000000000002,17,0.0,0.38815336949385015,0.0,-0.6083716570166878,6,0.0,0.026999999999999996,1,1.0779362201986746,0.5,0,0.0,2.324391341862152,0.22,0.0,0.0,0.4,0.5,0.6536288622056473,0.623,0.633,1.0,4.253823548101825,0.0,0.714,0.0,0.5,0.0,0.227,1,0.333,2,0.0,80.0,0.7408,1.0,0.3347,0.9877,1.0,0.0462,0.0,0.84,0.0,0.0,0.913,6,0.0,0.0,0.0,0.671,0,0.0,0.0,0.849,1698.0,0.0,0,0.0,0.5,-62.67,0.0,0.261,0.7662,-0.028200000000000003,0.009400000000000075,0.857,-0.011500000000000003,0,25,0,0.0,0,0.22999999999999998,403.0299999999999,0.0,0.0,2,0.0,0.0,0.0,0.07500000000000007,0,0.5,0.0,0.0,-0.06300000000000006,312.38,24.799999999999955,0.0,0,0.0,0.0,90,7,2
Spain,Switzerland,0.0,2.2375308552412014,0.26,0.0,0.0,0.0,580.01,0.0,0.0,1.0721470563531827,0.04,0.0,0.0,0.5,0.4,0.9640828235539034,0.52,0.48,1.0,-51.45596945729038,0.0,0.786,0.0,0.5,0.0,0.16,1,0.333,2,0.0,0.0,0.6926,1.0,0.3736,0.9875,0.4914,0.0346,0.0,0.215,0.0,0.0,0.913,7,0.0,0.0,0.0,0.267,0,0.0,0.0,0.957,1777.4,0.0,0,0.0,0.5,-0.09999999999999998,0.19999999999999996,0.569,0,0,-0.32375152553132935,0.18999999999999995,0.26,0.0,0.333,259,80.16716050893086,0.0,-0.21500000000000008,12,0.0,2.5843850256117813,0.0,-0.7422975038283166,1,0.0,0.12000000000000002,0,3.012062641573662,0.5,0,0.0,3.309677911594384,0.3,0.0,0.0,0.4,0.6,0.640331298022574,0.71,0.74,1.0,28.711191051640487,0.0,0.571,0.0,0.5,0.0,0.28,1,0.333,2,0.0,0.0,0.7433,1.0,0.7002,0.9915,1.0,0.0231,0.0,1.0,0.0,0.0,0.913,7,0.0,0.0,0.0,0.875,0,0.0,0.0,0.957,1836.4,0.0,0,0.0,0.5,0.0,0.0,0.05069999999999997,0.0,0.32660000000000006,0.0040000000000000036,0.5085999999999999,-0.0115,0,24,0,0.0,0,0.785,580.01,0.0,0.0,0,0.0,0.0,0.0,0.608,0,0.5,0.0,0.0,0.0,500.35999999999996,59.0,0.0,0,0.0,0.0,90,3,0
South Africa,Uruguay,0.0,0.20838225271016442,0.020000000000000018,0.0,-0.2000503271263211,-0.04300000000000004,-42.82000000000009,0.0,0.0,1.4849920434219457,0.18,0.0,0.0,0.45,0.35,0.8539523921900665,0.64,0.68,1.0,22.928777743295406,0.0,0.357,0.0,0.5,0.0,0.24,3,0.333,2,0.0,0.0,0.7259,0.8405,0.3833,0.9778,0.4614,0.0577,0.0,0.765,0.0,0.0,0.913,2,0.0,0.0,0.0,0.692,0,0.0,0.0,0.957,1800.0,0.0,0,0.0,0.5,-0.15000000000000002,0.15000000000000002,0.499,0,0,-0.3467348258893487,0.0,0.0,0.0,0.333,-158,25.920244563917358,0.0,0.0,-31,0.0,0.05705604343717141,0.0,-0.011390781419135743,0,0.0,0.0,1,0.12424309976654602,0.3333333333333333,0,0.0,1.69337429613211,0.2,0.0,0.0,0.3,0.5,0.5072175663007178,0.64,0.68,1.0,48.84902230721276,0.0,0.357,0.0,0.5,0.0,0.24,2,0.333,3,0.0,31.799999999999997,0.4535,0.1998,0.5346,0.9544,0.0709,0.0731,0.0,0.785,0.0,0.0,0.87,4,0.0,0.0,0.0,0.704,0,0.0,0.0,0.848,1768.2,0.0,0,0.0,0.5,-31.799999999999997,0.0,-0.2724,-0.6407,0.1513,-0.023399999999999976,-0.39049999999999996,0.015399999999999997,0,-2,0,0.0,0,0.020000000000000018,-11.020000000000095,0.0,0.0,2,0.0,0.0,0.0,0.01200000000000001,0,0.5,0.0,0.0,-0.10899999999999999,-37.19000000000001,-31.799999999999955,0.0,0,0.0,0.0,90,-37,0
France,Mexico,0.0,-0.7331198209482932,-0.14,0.0,-0.17321069891720442,-0.04400000000000004,741.1000000000001,0.0,0.0,1.7351636625005957,0.2,0.0,0.0,0.5,0.5,0.9427745886910746,0.417,0.327,1.0,-15.249279781458872,0.0,0.429,0.0,0.5,0.0,0.093,1,0.333,3,0.0,4.65,0.4964,0.8192,0.3552,0.9812,0.2426,0.0231,0.0,0.625,0.0,0.0,0.87,9,0.0,0.0,0.0,0.508,0,0.0,0.0,0.93,1808.2,0.0,0,0.0,0.5,-0.09999999999999998,-0.09999999999999998,0.493,0,0,-0.188119310722197,0.12000000000000005,0.2,0.0,0.333,172,-40.0430206790512,0.0,0.0,6,0.0,-0.6166559837924203,0.0,-0.5729942441926459,2,0.0,0.07999999999999999,0,-1.4966941646312217,1.0,0,0.0,1.0020438415523025,0.06,0.0,0.0,0.4,0.4,0.7546552779688775,0.537,0.527,1.0,-55.29230046051008,0.0,0.429,0.0,0.5,0.0,0.173,1,0.333,3,0.0,229.78,0.7,1.0,0.512,0.9967,1.0,0.0115,0.0,0.395,0.0,0.0,0.826,9,0.0,0.0,0.0,0.392,0,0.0,0.0,0.758,1769.2,0.0,1,0.043,0.5,-225.13,0.0,0.20359999999999995,0.18079999999999996,0.1568,0.01550000000000007,0.7574,-0.0116,0,5,0,0.0,1,-0.22999999999999998,966.23,0.0,0.0,0,0.0,0.0,0.0,-0.11599999999999999,0,0.5,0.0,0.0,-0.17200000000000004,511.45,-39.0,0.0,0.0,0.043,0.0,90,-28,0
Argentina,South Korea,0.0,0.9759245616461889,0.14,0.0,-0.022606519753786358,-0.04300000000000004,501.1099999999998,0.0,0.0,1.264040490600397,0.12,0.0,0.0,0.25,0.6,0.5098922346087749,0.727,0.787,1.0,0.026325152521268436,0.0,0.357,0.0,0.5,0.0,0.293,3,0.333,2,0.0,9.87,0.4535,0.1998,0.5346,0.9544,0.0709,0.0731,0.0,0.55,0.0,0.0,0.913,3,0.0,0.0,0.0,0.6,0,0.0,0.0,0.919,1832.0,0.0,0,0.0,0.5,0.2,-0.14999999999999997,0.538,0,0,0.34847543312689566,0.08599999999999997,0.10599999999999998,0.0,0.333,315,-7.045436716207331,0.0,0.0,30,0.0,1.2810172674220632,0.0,-0.29815450772151275,8,0.0,0.05399999999999999,2,1.4986623087136062,1.0,0,0.0,2.239965052246586,0.26,0.0,0.0,0.45,0.45,0.8583676677356705,0.813,0.893,1.0,-7.019111563686063,0.0,0.357,0.0,0.5,0.0,0.347,1,0.333,3,0.0,62.19,0.5536,1.0,0.3083,0.9917,1.0,0.0231,0.0,1.0,0.0,0.0,0.87,9,0.0,0.0,0.0,0.875,0,0.0,0.0,0.818,1776.8,0.0,0,0.0,0.5,-52.32,0.0,0.10009999999999997,0.8002,-0.22629999999999995,0.0373,0.9291,-0.05,0,1,0,0.0,0,0.44999999999999996,553.4299999999998,0.0,0.0,6,0.0,0.0,0.0,0.275,0,0.5,0.0,0.0,-0.10100000000000009,454.27000000000004,-55.200000000000045,0.0,0,0.0,0.0,90,31,2
England,Algeria,0.0,1.6664948636129309,0.16,0.0,-0.11184314395519834,-0.04300000000000004,516.8399999999999,0.0,0.0,0.5923093753683977,0.02,0.0,0.0,0.25,0.4,1.4555896878416468,0.487,0.387,1.0,-61.3171951526641,0.0,0.357,0.0,0.5,0.0,0.133,3,0.333,2,0.0,43.64,0.5319,0.7322,0.3736,0.9957,0.4217,0.0115,0.0,0.25,0.0,0.0,0.913,4,0.0,0.0,0.0,0.263,0,0.0,0.0,0.886,1732.8,0.0,0,0.0,0.5,0.35,-0.15000000000000002,0.542,0,0,-0.5590778148767935,-0.019999999999999962,0.08000000000000002,0.0,0.333,224,52.7562957151209,0.0,0.07200000000000001,25,0.0,1.3355719583647407,0.0,-0.4644232064505822,6,0.0,0.0,2,1.5703542399557342,0.5,0,0.0,2.2588042389813285,0.18,0.0,0.0,0.6,0.25,0.8965118729648532,0.467,0.467,1.0,-8.560899437543199,0.0,0.429,0.0,0.5,0.0,0.133,1,0.333,3,0.0,246.0,0.7047,1.0,0.4644,0.9905,1.0,0.0346,0.0,0.745,0.0,0.0,0.87,7,0.0,0.0,0.0,0.633,0,0.0,0.0,0.78,1933.2,0.0,0,0.0,0.5,-202.36,0.0,0.17279999999999995,0.26780000000000004,0.09079999999999999,-0.005199999999999982,0.5783,0.0231,0,-1,0,0.0,2,0.495,719.1999999999999,0.0,0.0,3,0.0,0.0,0.0,0.37,0,0.5,0.0,0.0,-0.10599999999999998,390.1,200.4000000000001,0.0,0,0.0,0.0,90,5,1
Netherlands,Japan,0.0,1.1786283233946586,0.26,0.0,0.0,0.04399999999999993,379.99000000000035,0.0,0.0,1.2228837683467553,0.04,0.0,0.0,0.25,0.55,1.1610433191338854,0.47,0.34,1.0,-50.4829457511894,0.0,0.357,0.0,0.5,0.0,0.12,2,0.333,2,0.0,0.0,0.4989,0.8942,0.3604,0.9875,0.4305,0.0462,0.0,0.35,0.0,0.0,0.913,5,0.0,0.0,0.0,0.263,0,0.0,0.0,0.957,1827.6,0.0,0,0.0,0.5,0.2,0.0,0.565,0,0,-0.6254775133012528,0.08300000000000007,0.23299999999999993,0.0,0.333,41,85.28288748647941,0.0,0.0,2,0.0,2.139708821092869,0.0,-0.8420875217834642,2,0.0,0.067,1,2.8445888742779575,1.0,0,0.0,2.401512091741414,0.3,0.0,0.0,0.45,0.55,0.5355658058326326,0.553,0.573,1.0,34.79994173529001,0.0,0.357,0.0,0.5,0.0,0.187,1,0.333,1,0.0,0.0,0.5837,1.0,0.4972,0.9877,1.0,0.0462,0.0,1.0,0.0,0.0,0.957,7,0.0,0.0,0.0,0.875,0,0.0,0.0,0.978,1807.0,0.0,0,0.0,0.5,0.0,0.0,0.08479999999999999,0.1058,0.13679999999999998,0.00019999999999997797,0.5695,0.0,0,9,0,0.0,0,0.65,379.99000000000035,0.0,0.0,2,0.0,0.0,0.0,0.612,0,0.5,0.0,0.0,0.02100000000000002,322.75,-20.59999999999991,0.0,0,0.0,0.0,90,6,2
Ghana,Australia,0.0,-0.17878206200096203,-0.020000000000000004,0.0,0.039059848284369036,0.04399999999999993,-99.78999999999996,0.0,0.0,1.131710784284287,0.1,0.0,0.0,0.3,0.6,1.4140432340190359,0.557,0.447,1.0,-3.6918606703185564,0.0,0.429,0.0,0.5,0.0,0.173,2,0.333,2,0.0,17.33,0.4798,0.2338,0.3629,0.9783,0.143,0.0577,0.0,0.4,0.0,0.0,0.913,4,0.0,0.0,0.0,0.512,0,0.0,0.0,0.912,1764.6,0.0,0,0.0,0.5,0.04999999999999999,-0.09999999999999998,0.52,0,0,-0.36397886434818405,0.015999999999999903,0.045999999999999985,0.0,0.333,-180,21.097181256608792,0.0,0.0,-39,0.0,0.1292760473602228,0.0,-0.7962773352267765,0,0.0,0.014000000000000012,-1,0.0005332084121083547,0.16666666666666666,0,0.0,0.952928722283325,0.08,0.0,0.0,0.35,0.5,1.0500643696708518,0.573,0.493,1.0,17.405320586290237,0.0,0.429,0.0,0.5,0.0,0.187,3,0.333,1,0.0,2.51,0.3596,0.6928,0.5154,0.9872,0.31,0.0346,0.0,0.6,0.0,0.0,0.957,4,0.0,0.0,0.0,0.412,0,0.0,0.0,0.976,1686.4,0.0,0,0.0,0.5,14.819999999999999,0.0,-0.12020000000000003,0.45899999999999996,0.15249999999999997,0.008900000000000019,0.167,-0.023100000000000002,0,26,0,0.0,0,0.19999999999999996,-114.60999999999996,0.0,0.0,0,0.0,0.0,0.0,-0.10000000000000003,0,0.5,0.0,0.0,0.06399999999999995,-91.96999999999997,-78.19999999999982,0.0,0,0.0,0.0,90,8,1
South Africa,France,0.0,0.6023319391932873,0.12,0.0,-0.00469571659427781,0.04400000000000004,-819.2800000000001,0.0,0.0,0.8478705219699023,0.06,0.0,0.0,0.35,0.4,0.9281218643489666,0.537,0.527,1.0,-61.80009095142553,0.0,0.357,0.0,0.5,0.0,0.173,1,0.333,3,0.0,229.78,0.7,1.0,0.512,0.9967,1.0,0.0115,0.0,0.265,0.0,0.0,0.826,9,0.0,0.0,0.0,0.392,0,0.0,0.0,0.758,1728.4,0.0,1,0.043,0.5,-0.04999999999999999,0.04999999999999999,0.527,0,0,-0.05178468075355014,0.06999999999999995,0.05999999999999994,0.0,0.333,-469,111.76759569502809,0.0,0.07200000000000001,-59,0.0,0.8914289622579366,0.0,0.17194326387258263,-9,0.0,0.04000000000000001,-1,1.0565228350250628,0.3333333333333333,0,0.0,1.4502024611631896,0.18,0.0,0.0,0.3,0.45,0.8763371835954165,0.607,0.587,1.0,49.96750474360257,0.0,0.429,0.0,0.5,0.0,0.213,2,0.333,3,0.0,31.799999999999997,0.4535,0.1998,0.5346,0.9544,0.0709,0.0731,0.0,0.525,0.0,0.0,0.87,4,0.0,0.0,0.0,0.633,0,0.0,0.0,0.848,1849.6,0.0,0,0.0,0.5,197.98000000000002,0.0,-0.24649999999999994,-0.8002,0.022599999999999953,-0.042300000000000004,-0.9291,0.0616,0,-4,0,0.0,-1,0.26,-1017.26,0.0,0.0,-5,0.0,0.0,0.0,0.241,0,0.5,0.0,0.0,0.08999999999999997,-579.73,121.19999999999982,0.0,0.0,-0.043,0.0,90,-6,2
Mexico,Uruguay,0.0,0.07603268444122291,0.0,0.0,-0.022143911614838863,-0.04300000000000004,35.3599999999999,0.0,0.0,1.7106171726076125,0.22,0.0,0.0,0.45,0.35,0.7350036354452494,0.64,0.68,1.0,38.613170603690115,0.0,0.429,0.0,0.5,0.0,0.24,3,0.333,2,0.0,0.0,0.7259,0.8405,0.3833,0.9778,0.4614,0.0577,0.0,0.835,0.0,0.0,0.913,2,0.0,0.0,0.0,0.717,0,0.0,0.0,0.957,1798.4,0.0,0,0.0,0.5,0.04999999999999999,0.15000000000000002,0.484,0,0,0.07644997301201162,-0.10299999999999998,-0.15300000000000002,0.0,0.333,139,-30.874153513746748,0.0,-0.07200000000000001,22,0.0,-0.1288512480858417,0.0,0.363633529676835,7,0.0,-0.067,2,-0.12166985353525117,0.5,1,0.0,1.7866498570488354,0.22,0.0,0.0,0.5,0.5,0.811453608457261,0.537,0.527,1.0,7.739017089943369,0.0,0.357,0.0,0.5,0.0,0.173,1,0.333,3,0.0,4.65,0.4964,0.8192,0.3552,0.9812,0.2426,0.0231,0.0,0.795,0.0,0.0,0.87,9,0.0,0.0,0.0,0.658,0,0.0,0.0,0.93,1825.2,0.0,0,0.0,0.5,-4.65,0.0,-0.22949999999999998,-0.021299999999999986,-0.02809999999999996,0.0033999999999999586,-0.21879999999999997,-0.034600000000000006,0,-3,0,0.0,0,-0.039999999999999925,40.009999999999906,0.0,0.0,7,0.0,0.0,0.0,-0.05899999999999994,0,0.5,0.0,0.0,-0.026999999999999913,31.090000000000003,26.799999999999955,0.0,0,0.0,0.0,90,-3,0
Ghana,Germany,0.0,-1.2148650855204823,-0.16,0.0,0.09578116785235158,0.04399999999999993,-440.14999999999986,0.0,0.0,2.167052158738336,0.26,0.0,0.0,0.35,0.5,0.6089155890785745,0.727,0.787,1.0,-7.041223361546482,0.0,0.357,0.0,0.5,0.0,0.293,1,0.333,2,0.0,80.0,0.7408,1.0,0.3347,0.9877,1.0,0.0462,0.0,0.65,0.0,0.0,0.913,6,0.0,0.0,0.0,0.775,0,0.0,0.0,0.849,1627.4,0.0,0,0.0,0.5,0.0,0.0,0.481,0,0,0.4341752132318204,-0.15400000000000003,-0.29400000000000004,0.0,0.333,-261,34.59024306731294,0.0,-0.07100000000000001,-56,0.0,-0.571927827368429,0.0,0.6949961011730306,-6,0.0,-0.10599999999999998,-2,-1.3744911026838622,0.5,0,0.0,0.9521870732178535,0.1,0.0,0.0,0.35,0.5,1.0430908023103949,0.573,0.493,1.0,27.54901970576646,0.0,0.286,0.0,0.5,0.0,0.187,3,0.333,1,0.0,2.51,0.3596,0.6928,0.5154,0.9872,0.31,0.0346,0.0,0.625,0.0,0.0,0.957,4,0.0,0.0,0.0,0.458,0,0.0,0.0,0.976,1679.6,0.0,0,0.0,0.5,77.49,0.0,-0.38120000000000004,-0.30720000000000003,0.18069999999999997,-0.000500000000000056,-0.69,-0.0116,0,1,0,0.0,0,-0.025000000000000022,-517.6399999999999,0.0,0.0,-2,0.0,0.0,0.0,-0.317,0,0.5,0.0,0.0,0.127,-404.34999999999997,52.19999999999982,0.0,0,0.0,0.0,90,1,0
Paraguay,New Zealand,0.0,0.21111244116090688,0.06,0.0,-0.0766890960073312,0.08699999999999997,19.049999999999955,0.0,0.0,0.9964380974176648,0.1,0.0,0.0,0.55,0.2,1.5078201158654765,0.503,0.433,1.0,7.549364316018252,0.0,0.286,0.0,0.5,0.0,0.147,4,0.333,3,0.0,11.61,0.5168,0.0598,0.5167,0.9833,0.0495,0.0462,0.0,0.42,0.0,0.0,0.87,1,0.0,0.0,0.0,0.392,0,0.0,0.0,0.896,1752.4,0.0,0,0.0,0.5,-0.15000000000000002,0.14999999999999997,0.537,0,0,-0.6097315711702072,0.10399999999999998,0.15399999999999997,0.0,0.333,185,-38.253183314858205,0.0,0.0,40,0.0,0.8354393356449823,0.0,-0.5486756093426051,4,0.0,0.066,1,0.6363664703231651,0.5,0,0.0,1.2075505385785716,0.16,0.0,0.0,0.4,0.35,0.8980885446952693,0.607,0.587,1.0,-30.70381899883995,0.0,0.286,0.0,0.5,0.0,0.213,3,0.333,1,0.0,29.43,0.3356,0.5458,0.5158,0.9569,0.2305,0.1615,0.0,0.735,0.0,0.0,0.957,4,0.0,0.0,0.0,0.554,0,0.0,0.0,0.922,1751.8,0.0,0,0.0,0.5,-17.82,0.0,-0.18120000000000003,0.48599999999999993,-0.0009000000000000119,-0.02639999999999998,0.181,0.11530000000000001,0,53,0,0.0,0,0.315,36.869999999999976,0.0,0.0,3,0.0,0.0,0.0,0.16200000000000003,0,0.5,0.0,0.0,0.026000000000000023,10.870000000000005,-0.6000000000001364,0.0,0,0.0,0.0,90,53,1
Portugal,Brazil,0.0,-0.12347610410390075,-0.03999999999999998,0.0,-0.02186212147949418,0.08700000000000008,-262.5100000000001,0.0,0.0,2.5273167506435743,0.3,0.0,0.0,0.45,0.55,0.6409495993889092,0.64,0.68,1.0,-1.7104802403277244,0.0,0.357,0.0,0.5,0.0,0.24,1,0.333,4,0.0,100.0,0.6844,1.0,0.3217,0.9746,1.0,0.1231,0.0,1.0,0.0,0.0,0.826,7,0.0,0.0,0.0,0.875,0,0.0,0.0,0.813,1571.6,0.0,0,0.0,0.5,-0.25,0.25,0.503,0,0,-0.44226582597064923,0.17299999999999993,0.21299999999999997,0.0,0.333,-77,6.2989838251271175,0.0,-0.07100000000000001,-4,0.0,-0.7272670593536699,0.0,-0.5563902123053042,-1,0.0,0.10699999999999998,-1,0.03534089742311597,0.5833333333333334,0,0.0,2.4038406465396736,0.26,0.0,0.0,0.2,0.8,0.19868377341825993,0.813,0.893,1.0,4.588503584799393,0.0,0.286,0.0,0.5,0.0,0.347,2,0.333,2,0.0,96.63,0.5771,1.0,0.6682,0.983,1.0,0.0462,0.0,0.835,0.0,0.0,0.913,5,0.0,0.0,0.0,0.742,0,0.0,0.0,0.833,1623.8,0.0,0,0.0,0.5,3.3700000000000045,0.0,-0.10730000000000006,0.0,0.34650000000000003,0.008399999999999963,0.0,-0.0769,0,-4,0,0.0,1,-0.16500000000000004,-265.8800000000001,0.0,0.0,-2,0.0,0.0,0.0,-0.133,0,0.5,0.0,0.0,0.020000000000000018,-261.32000000000005,52.200000000000045,0.0,0,0.0,0.0,90,-33,1
Uruguay,South Korea,0.0,0.2840341412294234,0.12,0.0,0.0658043869591306,0.0,29.8600000000001,0.0,0.0,1.3348980300094562,0.1,0.0,0.0,0.25,0.6,1.162023952459444,0.487,0.387,1.0,26.28411639386718,0.0,0.286,0.0,0.5,0.0,0.133,3,0.333,2,0.0,9.87,0.4535,0.1998,0.5346,0.9544,0.0709,0.0731,0.0,0.375,0.0,0.0,0.913,3,0.0,0.0,0.0,0.346,0,0.0,0.0,0.919,1867.4,0.0,0,0.0,0.5,0.2,-0.25,0.563,0,0,-0.5294004607303023,0.24,0.4,0.0,0.333,30,40.50431495340486,0.0,0.0,3,0.0,1.7521189026158188,0.0,-1.5126565789687274,0,0.0,0.15999999999999998,0,0.8144247119221211,1.0,0,0.0,1.6189321712388796,0.22,0.0,0.0,0.45,0.35,0.6326234917291417,0.727,0.787,1.0,66.78843134727204,0.0,0.286,0.0,0.5,0.0,0.293,3,0.333,2,0.0,0.0,0.7259,0.8405,0.3833,0.9778,0.4614,0.0577,0.0,0.9,0.0,0.0,0.913,2,0.0,0.0,0.0,0.796,0,0.0,0.0,0.957,1856.2,0.0,0,0.0,0.5,9.87,0.0,0.2724,0.6407,-0.1513,0.023399999999999976,0.39049999999999996,-0.015399999999999997,0,-2,0,0.0,0,0.525,19.990000000000094,0.0,0.0,-1,0.0,0.0,0.0,0.45000000000000007,0,0.5,0.0,0.0,0.03799999999999992,25.510000000000005,-11.200000000000045,0.0,0,0.0,0.0,90,28,2
Argentina,Mexico,0.0,0.8923296259858473,0.09999999999999998,0.0,-0.0662669950980781,0.0,435.8899999999998,0.0,0.0,1.5231871778588504,0.2,0.0,0.0,0.45,0.5,0.8377166168730025,0.553,0.573,1.0,-3.0490144969854605,0.0,0.357,0.0,0.5,0.0,0.187,1,0.333,3,0.0,4.65,0.4964,0.8192,0.3552,0.9812,0.2426,0.0231,0.0,0.55,0.0,0.0,0.87,9,0.0,0.0,0.0,0.658,0,0.0,0.0,0.93,1799.6,0.0,0,0.0,0.5,0.04999999999999999,-0.09999999999999998,0.553,0,0,-0.07565074557266827,0.2599999999999999,0.32000000000000006,0.0,0.333,146,-3.7739424835156417,0.0,0.0,5,0.0,1.244738127339853,0.0,-0.5304354368180131,1,0.0,0.15999999999999998,0,1.3863785771141803,0.8666666666666667,0,0.0,2.4155168038446977,0.3,0.0,0.0,0.5,0.4,0.7620658713003342,0.813,0.893,1.0,-6.822956980501102,0.0,0.357,0.0,0.5,0.0,0.347,1,0.333,3,0.0,62.19,0.5536,1.0,0.3083,0.9917,1.0,0.0231,0.0,1.0,0.0,0.0,0.87,9,0.0,0.0,0.0,0.875,0,0.0,0.0,0.818,1769.6,0.0,0,0.0,0.5,-57.54,0.0,0.05719999999999997,0.18079999999999996,-0.0469,0.010500000000000065,0.7574,0.0,0,6,0,0.0,0,0.44999999999999996,493.42999999999984,0.0,0.0,0,0.0,0.0,0.0,0.21699999999999997,0,0.5,0.0,0.0,-0.1120000000000001,397.67,-30.0,0.0,0,0.0,0.0,90,6,2
Germany,England,0.0,0.21899576085520467,0.07999999999999999,0.0,0.07010745684436126,0.04300000000000004,-475.71000000000004,0.0,0.0,1.7781970384840777,0.14,0.0,0.0,0.55,0.3,0.6568540279589712,0.64,0.68,1.0,-11.49380558040981,0.0,0.286,0.0,0.5,0.0,0.24,1,0.333,3,0.0,246.0,0.7047,1.0,0.4644,0.9905,1.0,0.0346,0.0,0.775,0.0,0.0,0.87,7,0.0,0.0,0.0,0.667,0,0.0,0.0,0.78,1854.6,0.0,0,0.0,0.5,-0.25000000000000006,0.25000000000000006,0.507,0,0,-0.14005382606036487,0.08699999999999997,0.10699999999999998,0.0,0.333,-148,7.389212149365775,0.0,0.0,-10,0.0,0.14966466684172808,0.0,-0.08629244071120895,2,0.0,0.05299999999999999,0,0.7340496924535098,0.4,0,0.0,1.9971927993392824,0.22,0.0,0.0,0.3,0.55,0.5168002018986063,0.727,0.787,1.0,-4.104593431044034,0.0,0.286,0.0,0.5,0.0,0.293,1,0.333,2,0.0,80.0,0.7408,1.0,0.3347,0.9877,1.0,0.0462,0.0,0.75,0.0,0.0,0.913,6,0.0,0.0,0.0,0.762,0,0.0,0.0,0.849,1700.0,0.0,0,0.0,0.5,166.0,0.0,0.03610000000000002,0.0,-0.12969999999999998,-0.0028000000000000247,0.0,0.0116,0,2,0,0.0,-2,-0.025000000000000022,-641.71,0.0,0.0,-1,0.0,0.0,0.0,0.09499999999999997,0,0.5,0.0,0.0,0.06899999999999995,-351.09000000000003,-154.5999999999999,0.0,0,0.0,0.0,90,-3,2
Paraguay,Japan,0.0,-0.30635717537372953,0.04000000000000001,0.0,-0.1488995699468758,0.04399999999999993,-91.76999999999987,0.0,0.0,1.3384072532737952,0.1,0.0,0.0,0.3,0.45,1.1328838349786676,0.52,0.48,1.0,-45.93339475128302,0.0,0.357,0.0,0.5,0.0,0.16,2,0.333,2,0.0,0.0,0.4989,0.8942,0.3604,0.9875,0.4305,0.0462,0.0,0.55,0.0,0.0,0.913,5,0.0,0.0,0.0,0.438,0,0.0,0.0,0.957,1877.0,0.0,0,0.0,0.5,0.10000000000000003,-0.10000000000000003,0.528,0,0,-0.3598918610234775,0.18999999999999995,0.26,0.0,0.333,-79,23.679673803958956,0.0,0.0,-15,0.0,0.34736150123462717,0.0,-0.644081073285864,-6,0.0,0.12000000000000002,-1,0.05288317196955172,0.5,0,0.0,1.0320500779000656,0.14,0.0,0.0,0.4,0.35,0.7729919739551901,0.71,0.74,1.0,-22.253720947324062,0.0,0.357,0.0,0.5,0.0,0.28,3,0.333,1,0.0,29.43,0.3356,0.5458,0.5158,0.9569,0.2305,0.1615,0.0,0.685,0.0,0.0,0.957,4,0.0,0.0,0.0,0.6,0,0.0,0.0,0.922,1743.4,0.0,0,0.0,0.5,-29.43,0.0,-0.1633,-0.34840000000000004,0.15540000000000004,-0.03060000000000007,-0.19999999999999998,0.11530000000000001,0,-5,0,0.0,0,0.135,-62.33999999999986,0.0,0.0,-1,0.0,0.0,0.0,0.16199999999999998,0,0.5,0.0,0.0,-0.03499999999999992,-78.75999999999999,-133.5999999999999,0.0,0,0.0,0.0,90,28,1
Spain,Portugal,0.0,0.5344341166994977,-0.04000000000000001,0.0,0.10806307313800045,0.0,32.420000000000186,0.0,0.0,2.069004818531465,0.26,0.0,0.0,0.2,0.8,0.17100870856732517,0.813,0.893,1.0,3.1790597986126437,0.0,0.286,0.0,0.5,0.0,0.347,2,0.333,2,0.0,96.63,0.5771,1.0,0.6682,0.983,1.0,0.0462,0.0,0.725,0.0,0.0,0.913,5,0.0,0.0,0.0,0.742,0,0.0,0.0,0.833,1701.4,0.0,0,0.0,0.5,0.25,-0.30000000000000004,0.499,0,0,0.4924716641815283,-0.08599999999999997,-0.10599999999999998,0.0,0.333,212,8.007754984099344,0.0,0.0,8,0.0,0.3813039783883929,0.0,0.3501359524328964,0,0.0,-0.05399999999999999,1,-0.3859486421086147,0.4444444444444444,0,0.0,2.6034389352309626,0.22,0.0,0.0,0.45,0.5,0.6634803727488535,0.727,0.787,1.0,11.186814782711988,0.0,0.286,0.0,0.5,0.0,0.293,1,0.333,2,0.0,0.0,0.7433,1.0,0.7002,0.9915,1.0,0.0231,0.0,0.8,0.0,0.0,0.913,7,0.0,0.0,0.0,0.762,0,0.0,0.0,0.957,1758.8,0.0,0,0.0,0.5,96.63,0.0,0.16620000000000001,0.0,0.03200000000000003,0.008500000000000063,0.0,-0.0231,0,1,0,0.0,-1,0.07500000000000007,-64.20999999999981,0.0,0.0,2,0.0,0.0,0.0,0.020000000000000018,0,0.5,0.0,0.0,0.124,82.61000000000001,57.399999999999864,0.0,0,0.0,0.0,90,-5,2
Uruguay,Ghana,0.0,0.7078920168386214,0.1,0.0,0.01076190884534578,-0.04399999999999993,-60.73999999999995,0.0,0.0,0.9714181659785897,0.1,0.0,0.0,0.4,0.4,1.0455024613405588,0.64,0.68,1.0,35.905013622846354,0.0,0.429,0.0,0.5,0.0,0.24,3,0.333,1,0.0,2.51,0.3596,0.6928,0.5154,0.9872,0.31,0.0346,0.0,0.65,0.0,0.0,0.957,4,0.0,0.0,0.0,0.608,0,0.0,0.0,0.976,1730.4,0.0,0,0.0,0.5,0.04999999999999999,-0.050000000000000044,0.526,0,0,-0.36900465495135837,0.08699999999999997,0.10699999999999998,0.0,0.333,183,25.71703286299747,0.0,0.0,40,0.0,0.7740352535968482,0.0,-0.2981545077215128,-1,0.0,0.05299999999999999,0,0.8484037044768125,0.5,0,0.0,1.679310182817211,0.2,0.0,0.0,0.45,0.35,0.6764978063892004,0.727,0.787,1.0,61.622046485843825,0.0,0.429,0.0,0.5,0.0,0.293,3,0.333,2,0.0,0.0,0.7259,0.8405,0.3833,0.9778,0.4614,0.0577,0.0,0.94,0.0,0.0,0.913,2,0.0,0.0,0.0,0.783,0,0.0,0.0,0.957,1833.4,0.0,0,0.0,0.5,2.51,0.0,0.3663,0.14770000000000005,-0.1321,-0.009399999999999964,0.15139999999999998,0.023100000000000002,0,-6,0,0.0,0,0.2899999999999999,-63.24999999999994,0.0,0.0,-2,0.0,0.0,0.0,0.17500000000000004,0,0.5,0.0,0.0,-0.019000000000000017,-45.099999999999994,103.0,0.0,0,0.0,0.0,90,26,1
Netherlands,Brazil,0.0,-0.13220951688856752,0.0,0.0,0.08620095165850628,0.131,-420.0999999999997,0.0,0.0,2.286926447791001,0.26,0.0,0.0,0.45,0.55,0.47482714176595153,0.64,0.68,1.0,13.895317965806424,0.0,0.286,0.0,0.5,0.0,0.24,1,0.333,4,0.0,100.0,0.6844,1.0,0.3217,0.9746,1.0,0.1231,0.0,0.875,0.0,0.0,0.826,7,0.0,0.0,0.0,0.808,0,0.0,0.0,0.813,1684.2,0.0,0,0.0,0.5,0.04999999999999999,-0.050000000000000044,0.516,0,0,0.13401976670306548,0.0,0.0,0.0,0.333,-80,26.868452878507387,0.0,0.0,-5,0.0,0.46956456318198736,0.0,0.17194326387258246,0,0.0,0.0,0,-0.07279486346727015,1.0,0,0.0,2.1547169309024334,0.26,0.0,0.0,0.5,0.5,0.608846908469017,0.64,0.68,1.0,40.76377084431381,0.0,0.286,0.0,0.5,0.0,0.24,1,0.333,1,0.0,0.0,0.5837,1.0,0.4972,0.9877,1.0,0.0462,0.0,1.0,0.0,0.0,0.957,7,0.0,0.0,0.0,0.875,0,0.0,0.0,0.978,1766.8,0.0,0,0.0,0.5,100.0,0.0,-0.10070000000000001,0.0,0.1755,0.0131,0.0,-0.0769,0,-2,0,0.0,0,0.125,-520.0999999999997,0.0,0.0,0,0.0,0.0,0.0,0.06699999999999995,0,0.5,0.0,0.0,0.16500000000000004,-345.90999999999997,82.59999999999991,0.0,0,0.0,0.0,90,-38,2
Argentina,Germany,0.0,0.2134644812420552,0.06,0.0,0.0181321699847804,-0.04300000000000004,-29.6400000000001,0.0,0.0,2.2980627749224354,0.24,0.0,0.0,0.35,0.5,0.5914043821580386,0.64,0.68,1.0,3.2121141122534222,0.0,0.429,0.0,0.5,0.0,0.24,1,0.333,2,0.0,80.0,0.7408,1.0,0.3347,0.9877,1.0,0.0462,0.0,0.8,0.0,0.0,0.913,6,0.0,0.0,0.0,0.762,0,0.0,0.0,0.849,1771.8,0.0,0,0.0,0.5,0.15000000000000002,-0.09999999999999998,0.519,0,0,0.16731230245198514,0.08699999999999997,0.10699999999999998,0.0,0.333,207,4.339718679600418,0.0,0.0,11,0.0,0.5766704226490829,0.0,-0.12885124808584147,1,0.0,0.05299999999999999,0,0.5024771389124614,0.7333333333333333,0,0.0,2.5115272561644906,0.3,0.0,0.0,0.5,0.4,0.7587166846100237,0.727,0.787,1.0,7.55183279185384,0.0,0.429,0.0,0.5,0.0,0.293,1,0.333,3,0.0,62.19,0.5536,1.0,0.3083,0.9917,1.0,0.0231,0.0,1.0,0.0,0.0,0.87,9,0.0,0.0,0.0,0.875,0,0.0,0.0,0.818,1836.4,0.0,0,0.0,0.5,17.810000000000002,0.0,-0.18720000000000003,0.0,-0.02639999999999998,0.0040000000000000036,0.0,-0.0231,0,-2,0,0.0,0,0.19999999999999996,-47.450000000000045,0.0,0.0,3,0.0,0.0,0.0,0.11299999999999999,0,0.5,0.0,0.0,-0.031000000000000028,-20.68999999999994,64.60000000000014,0.0,0,0.0,0.0,90,30,0
Paraguay,Spain,0.0,-1.4845006445542168,-0.12,0.0,-0.1488995699468758,0.04399999999999993,-661.77,0.0,0.0,2.3727943786729058,0.22,0.0,0.0,0.4,0.55,0.5637645464355233,0.727,0.787,1.0,15.117340124310232,0.0,0.286,0.0,0.5,0.0,0.293,1,0.333,2,0.0,0.0,0.7433,1.0,0.7002,0.9915,1.0,0.0231,0.0,0.88,0.0,0.0,0.913,7,0.0,0.0,0.0,0.762,0,0.0,0.0,0.957,1791.0,0.0,0,0.0,0.5,0.0,-0.15000000000000002,0.491,0,0,0.08695920607848828,0.08599999999999997,0.10599999999999998,0.0,0.333,-335,-18.641744787089642,0.0,0.0,-26,0.0,-0.8857127459823135,0.0,-0.2347822815909934,-7,0.0,0.05399999999999999,-2,-1.1143540120233026,0.16666666666666666,0,0.0,0.8882937341186888,0.1,0.0,0.0,0.4,0.4,0.6507237525140116,0.813,0.893,1.0,-3.5244046627794123,0.0,0.286,0.0,0.5,0.0,0.347,3,0.333,1,0.0,29.43,0.3356,0.5458,0.5158,0.9569,0.2305,0.1615,0.0,0.64,0.0,0.0,0.957,4,0.0,0.0,0.0,0.6,0,0.0,0.0,0.922,1763.4,0.0,0,0.0,0.5,-29.43,0.0,-0.40769999999999995,-0.45420000000000005,-0.1844,-0.034600000000000075,-0.7695,0.1384,0,-13,0,0.0,0,-0.24,-632.3399999999999,0.0,0.0,-3,0.0,0.0,0.0,-0.16200000000000003,0,0.5,0.0,0.0,-0.03499999999999992,-568.7099999999999,-27.59999999999991,0.0,0,0.0,0.0,90,22,0
Uruguay,Netherlands,0.0,-0.5484784036981916,-0.03999999999999998,0.0,0.0,-0.04399999999999993,-470.00000000000017,0.0,0.0,2.125867793924844,0.18,0.0,0.0,0.5,0.5,0.6633314141159622,0.64,0.68,1.0,56.22066713027165,0.0,0.286,0.0,0.5,0.0,0.24,1,0.333,1,0.0,0.0,0.5837,1.0,0.4972,0.9877,1.0,0.0462,0.0,1.0,0.0,0.0,0.957,7,0.0,0.0,0.0,0.825,0,0.0,0.0,0.978,1835.0,0.0,0,0.0,0.5,-0.04999999999999999,-0.15000000000000002,0.488,0,0,0.050929364861333704,0.08699999999999997,0.10699999999999998,0.0,0.333,-128,-10.317182565473978,0.0,0.0,-20,0.0,-0.8312299487764374,0.0,-0.19222347421636088,-7,0.0,0.05299999999999999,-2,-0.4219311570815667,0.5,0,0.0,1.5773893902266525,0.14,0.0,0.0,0.45,0.35,0.7142607789772959,0.727,0.787,1.0,45.90348456479767,0.0,0.286,0.0,0.5,0.0,0.293,3,0.333,2,0.0,0.0,0.7259,0.8405,0.3833,0.9778,0.4614,0.0577,0.0,0.785,0.0,0.0,0.913,2,0.0,0.0,0.0,0.679,0,0.0,0.0,0.957,1845.8,0.0,0,0.0,0.5,0.0,0.0,0.1422,-0.15949999999999998,-0.1139,-0.00990000000000002,-0.5386,0.011500000000000003,0,-11,0,0.0,0,-0.21499999999999997,-470.00000000000017,0.0,0.0,-5,0.0,0.0,0.0,-0.1459999999999999,0,0.5,0.0,0.0,-0.02100000000000002,-396.63,10.799999999999955,0.0,0,0.0,0.0,90,25,0
Germany,Spain,0.0,0.3900454962401878,0.14,0.0,-0.10654307669769736,0.0,-159.12000000000012,0.0,0.0,2.16697846653348,0.12,0.0,0.0,0.4,0.55,0.4852366419427097,0.727,0.787,1.0,9.30990017858944,0.0,0.286,0.0,0.5,0.0,0.293,1,0.333,2,0.0,0.0,0.7433,1.0,0.7002,0.9915,1.0,0.0231,0.0,0.92,0.0,0.0,0.913,7,0.0,0.0,0.0,0.7,0,0.0,0.0,0.957,1817.6,0.0,0,0.0,0.5,-0.10000000000000003,0.0,0.497,0,0,0.009193221891676151,0.0,0.0,0.0,0.333,-265,17.673958797703968,0.0,0.0,-13,0.0,-0.08558406515575712,0.0,0.07108682909321817,1,0.0,0.0,0,1.573061002198262,0.3333333333333333,0,0.0,2.557023962773668,0.26,0.0,0.0,0.3,0.55,0.49442986383438586,0.727,0.787,1.0,26.98385897629341,0.0,0.286,0.0,0.5,0.0,0.293,1,0.333,2,0.0,80.0,0.7408,1.0,0.3347,0.9877,1.0,0.0462,0.0,0.88,0.0,0.0,0.913,6,0.0,0.0,0.0,0.775,0,0.0,0.0,0.849,1879.4,0.0,0,0.0,0.5,-80.0,0.0,-0.0024999999999999467,0.0,-0.36550000000000005,-0.0038000000000000256,0.0,0.0231,0,-5,0,0.0,0,-0.040000000000000036,-79.12000000000012,0.0,0.0,-1,0.0,0.0,0.0,0.07500000000000007,0,0.5,0.0,0.0,-0.10799999999999998,-114.38,61.80000000000018,0.0,0,0.0,0.0,90,-2,0
Uruguay,Germany,0.0,-0.5499986382413136,0.0,0.0,0.10654307669769736,0.0,-500.8899999999998,0.0,0.0,2.2008509206693065,0.18,0.0,0.0,0.3,0.55,0.5648517511599533,0.64,0.68,1.0,25.97158452347249,0.0,0.214,0.0,0.5,0.0,0.24,1,0.333,2,0.0,80.0,0.7408,1.0,0.3347,0.9877,1.0,0.0462,0.0,0.57,0.0,0.0,0.913,6,0.0,0.0,0.0,0.625,0,0.0,0.0,0.849,1948.6,0.0,0,0.0,0.5,0.2,-0.25000000000000006,0.493,0,0,0.4896891770508638,-0.03300000000000003,-0.09300000000000008,0.0,0.333,-78,16.705624263751982,0.0,0.07199999999999998,-16,0.0,-0.08301081892446227,0.0,0.679458486109906,-7,0.0,-0.026999999999999996,-2,-0.1287125963434237,0.5,0,0.0,1.650852282427993,0.18,0.0,0.0,0.5,0.3,1.0545409282108171,0.607,0.587,1.0,42.67720878722447,0.0,0.286,0.0,0.5,0.0,0.213,3,0.333,2,0.0,0.0,0.7259,0.8405,0.3833,0.9778,0.4614,0.0577,0.0,0.525,0.0,0.0,0.913,2,0.0,0.0,0.0,0.633,0,0.0,0.0,0.957,1809.2,0.0,0,0.0,0.5,80.0,0.0,-0.014900000000000024,-0.15949999999999998,0.04859999999999998,-0.00990000000000002,-0.5386,0.011500000000000003,0,-5,0,0.0,0,-0.04499999999999993,-580.8899999999999,0.0,0.0,-4,0.0,0.0,0.0,0.008000000000000007,0,0.5,0.0,0.0,0.10799999999999998,-449.44999999999993,-139.39999999999986,0.0,0,0.0,0.0,90,27,0
Netherlands,Spain,0.0,0.2650946710920885,0.06,0.0,0.0,0.04399999999999993,-190.00999999999976,0.0,0.0,1.9971293718707632,0.14,0.0,0.0,0.4,0.55,0.4176470481738001,0.813,0.893,1.0,10.331762816564396,0.0,0.286,0.0,0.5,0.0,0.347,1,0.333,2,0.0,0.0,0.7433,1.0,0.7002,0.9915,1.0,0.0231,0.0,1.0,0.0,0.0,0.913,7,0.0,0.0,0.0,0.825,0,0.0,0.0,0.957,1816.4,0.0,0,0.0,0.5,0.09999999999999998,-0.050000000000000044,0.482,0,0,0.43916994070989174,-0.2759999999999999,-0.366,0.0,0.333,-215,55.68565941551495,0.0,0.07100000000000001,-9,0.0,0.0,0.0,1.0005332084121081,1,0.0,-0.174,0,0.8716819603262671,1.0,0,0.0,2.2622240429628517,0.2,0.0,0.0,0.5,0.5,0.8568169888836918,0.537,0.527,1.0,66.01742223207934,0.0,0.357,0.0,0.5,0.0,0.173,1,0.333,1,0.0,0.0,0.5837,1.0,0.4972,0.9877,1.0,0.0462,0.0,1.0,0.0,0.0,0.957,7,0.0,0.0,0.0,0.812,0,0.0,0.0,0.978,1832.8,0.0,0,0.0,0.5,0.0,0.0,-0.15959999999999996,0.0,-0.20300000000000007,-0.0038000000000000256,0.0,0.0231,0,1,0,0.0,0,0.0,-190.00999999999976,0.0,0.0,0,0.0,0.0,0.0,-0.0129999999999999,0,0.5,0.0,0.0,0.02100000000000002,-167.19999999999993,16.399999999999864,0.0,0,0.0,0.0,90,0,0
Qatar,Uzbekistan,0.0,-0.49303486720013856,-0.1,0.0,0.08404083517704863,0.0,-29.109999999999985,0.0,0.0,1.4927318189614127,0.2,0.0,0.0,0.45,0.2,1.7547807959671533,0.35,0.14,1.0,-43.577826210278666,0.0,0.357,0.0,0.5,0.0,0.04,0,0.333,2,0.0,13.719999999999999,0.3388,0.0884,0.4194,0.9833,0.159,0.0615,0.0,0.54,0.0,0.0,0.913,0,0.0,0.0,0.0,0.425,0,0.0,0.0,0.888,1540.0,0.0,0,0.0,0.5,0.14999999999999997,0.0,0.52,0,0,-0.6230007838493625,0.18700000000000006,0.387,0.0,0.333,-114,32.29707058245721,0.0,0.14300000000000002,-36,0.0,0.05394958879376821,0.0,-1.3147585396088544,0,0.0,0.13299999999999998,0,-0.9808946156181653,0.4666666666666667,1,0.0,0.9996969517612742,0.1,0.0,0.0,0.6,0.2,1.1317800121177908,0.537,0.527,1.0,-11.280755627821456,0.0,0.5,0.0,0.5,0.0,0.173,0,0.333,2,0.0,1.94,0.3644,0.0434,0.5111,0.95,0.0276,0.0615,0.0,0.45,0.0,0.0,0.913,0,0.0,0.0,0.0,0.45,0,0.0,0.0,0.955,1593.0,0.0,0,0.0,0.5,11.78,0.0,0.02560000000000001,-0.045000000000000005,0.0917,-0.033299999999999996,-0.13140000000000002,0.0,0,-10,0,0.0,0,-0.09000000000000002,-40.889999999999986,0.0,0.0,0,0.0,0.0,0.0,0.025000000000000022,0,0.5,0.0,0.0,0.06699999999999995,-25.25,53.0,0.0,0,0.0,0.0,90,-8,0
Japan,Jordan,0.0,-0.28637634026659,-0.09999999999999999,0.0,0.0,0.0,137.18999999999988,0.0,0.0,1.3121713890946385,0.18,0.0,0.0,0.5,0.35,1.2257219956844452,0.607,0.587,1.0,-6.295155960523973,0.0,0.5,0.0,0.5,0.0,0.213,0,0.333,2,0.0,0.0,0.3449,0.1075,0.4597,0.9833,0.0322,0.0462,0.0,0.475,0.0,0.0,0.913,0,0.0,0.0,0.0,0.567,0,0.0,0.0,0.957,1538.6,0.0,0,0.0,0.5,-0.3,0.25,0.554,0,0,-0.6381958431056594,0.20599999999999996,0.30600000000000005,0.0,0.333,278,11.50747837426505,0.0,0.5,60,0.0,0.831091297034019,0.0,-0.9797197896562213,0,0.0,0.13399999999999998,0,-0.8618647663198254,0.3333333333333333,1,0.0,1.0257950488280485,0.08,0.0,0.0,0.2,0.6,0.5875261525787858,0.813,0.893,1.0,5.212322413741077,0.0,1.0,0.0,0.5,0.0,0.347,0,0.333,2,0.0,0.0,0.4989,0.8942,0.3604,0.9875,0.4305,0.0462,0.0,0.785,0.0,0.0,0.913,0,0.0,0.0,0.0,0.654,0,0.0,0.0,0.957,1841.8,0.0,0,0.0,0.5,0.0,0.0,0.15400000000000003,0.7867,-0.0993,0.0042000000000000925,0.3983,0.0,0,25,0,0.0,0,0.31000000000000005,137.18999999999988,0.0,0.0,0,0.0,0.0,0.0,0.08700000000000008,0,0.5,0.0,0.0,0.0,116.46000000000001,303.20000000000005,0.0,0,0.0,0.0,90,17,1
Jordan,Saudi Arabia,0.0,0.569113701274577,0.09999999999999999,0.0,0.056127703398558215,0.04300000000000004,12.820000000000022,0.0,0.0,0.7068730059217538,0.02,0.0,0.0,0.3,0.6,0.7505959956852457,0.71,0.74,1.0,-33.17912186902617,0.0,0.286,0.0,0.5,0.0,0.28,0,0.333,1,0.0,6.54,0.3742,0.1149,0.5194,0.975,0.0618,0.0692,0.0,0.225,0.0,0.0,0.87,0,0.0,0.0,0.0,0.325,0,0.0,0.0,0.901,1592.8,0.0,2,0.087,0.5,0.25000000000000006,-0.3,0.509,0,0,0.4509830290458241,-0.10299999999999998,-0.15300000000000002,0.0,0.333,-58,17.96219363472621,0.0,0.0,-22,0.0,0.5444662224740601,0.0,0.37502431109597045,0,0.0,-0.06700000000000003,0,0.9194905335700307,0.5,1,0.0,1.275986707196331,0.12,0.0,0.0,0.55,0.3,1.2015790247310698,0.607,0.587,1.0,-15.21692823429996,0.0,0.286,0.0,0.5,0.0,0.213,0,0.333,2,0.0,0.0,0.3449,0.1075,0.4597,0.9833,0.0322,0.0462,0.0,0.44,0.0,0.0,0.913,0,0.0,0.0,0.0,0.463,0,0.0,0.0,0.957,1586.2,0.0,0,0.0,0.5,6.54,0.0,-0.029299999999999993,-0.007400000000000004,-0.059699999999999975,0.008299999999999974,-0.0296,-0.023,0,-30,0,0.0,0,0.215,6.280000000000015,0.0,0.0,0,0.0,0.0,0.0,0.138,0,0.5,0.0,0.0,0.05599999999999994,10.919999999999987,-6.599999999999909,0.0,0.0,-0.087,0.0,90,-28,2
Australia,South Korea,0.0,0.08586562491546723,0.04000000000000001,0.0,0.015982629829415784,0.0,190.39000000000001,0.0,0.0,1.1471848823187418,0.1,0.0,0.0,0.3,0.5,0.9187383205270683,0.64,0.68,1.0,8.428723007451213,0.0,0.286,0.0,0.5,0.0,0.24,0,0.333,2,0.0,9.87,0.4535,0.1998,0.5346,0.9544,0.0709,0.0731,0.0,0.78,0.0,0.0,0.913,0,0.0,0.0,0.0,0.608,0,0.0,0.0,0.919,1735.6,0.0,0,0.0,0.5,0.10000000000000003,-0.04999999999999999,0.493,0,0,0.05742375518909304,0.052999999999999936,0.0129999999999999,0.0,0.333,27,-19.378716657945517,0.0,0.0,2,0.0,-0.18965022798506648,0.0,0.13252742654227834,0,0.0,0.027000000000000024,0,0.49612444081818774,0.0,1,0.0,1.233050507234209,0.14,0.0,0.0,0.4,0.45,0.9761620757161613,0.693,0.693,1.0,-10.949993650494303,0.0,0.286,0.0,0.5,0.0,0.267,0,0.333,2,0.0,17.33,0.4798,0.2338,0.3629,0.9783,0.143,0.0577,0.0,0.675,0.0,0.0,0.913,0,0.0,0.0,0.0,0.621,0,0.0,0.0,0.912,1678.2,0.0,0,0.0,0.5,-7.459999999999999,0.0,0.02629999999999999,0.034,-0.17169999999999996,0.02389999999999992,0.07209999999999998,-0.015399999999999997,0,-23,0,0.0,0,-0.10499999999999998,197.85,0.0,0.0,0,0.0,0.0,0.0,0.013000000000000012,0,0.5,0.0,0.0,-0.007000000000000006,162.57999999999998,-57.399999999999864,0.0,0,0.0,0.0,90,-7,1
Saudi Arabia,Japan,0.0,-0.5185816949620305,-0.09999999999999999,0.0,-0.056127703398558215,-0.04300000000000004,-150.00999999999993,0.0,0.0,1.126992929478441,0.12,0.0,0.0,0.3,0.5,0.7080118681208981,0.64,0.68,1.0,19.729823174721297,0.0,0.286,0.0,0.5,0.0,0.24,0,0.333,2,0.0,0.0,0.4989,0.8942,0.3604,0.9875,0.4305,0.0462,0.0,0.775,0.0,0.0,0.913,0,0.0,0.0,0.0,0.654,0,0.0,0.0,0.957,1744.4,0.0,0,0.0,0.5,0.0,0.050000000000000044,0.447,0,0,0.08462241860392883,-0.017000000000000015,-0.04700000000000004,0.0,0.333,-220,-63.349991572844104,0.0,0.0,-38,0.0,-1.824913766083089,0.0,0.26331030330957905,0,0.0,-0.012999999999999984,0,-0.9886092185808641,0.4,1,0.0,0.6084112345164105,0.02,0.0,0.0,0.3,0.55,0.7926342867248269,0.623,0.633,1.0,-43.62016839812281,0.0,0.286,0.0,0.5,0.0,0.227,0,0.333,1,0.0,6.54,0.3742,0.1149,0.5194,0.975,0.0618,0.0692,0.0,0.14,0.0,0.0,0.87,0,0.0,0.0,0.0,0.279,0,0.0,0.0,0.901,1619.0,0.0,2,0.087,0.5,-6.54,0.0,-0.12470000000000003,-0.7793,0.15899999999999997,-0.012500000000000067,-0.36869999999999997,0.023,0,5,0,0.0,0,-0.635,-143.4699999999999,0.0,0.0,0,0.0,0.0,0.0,-0.375,0,0.5,0.0,0.0,-0.05599999999999994,-127.38,-125.40000000000009,0.0,0.0,0.087,0.0,90,11,0
Uzbekistan,Jordan,0.0,0.3517902478004922,0.03999999999999998,0.0,-0.10592958616429893,0.0,-7.000000000000014,0.0,0.0,1.3437480049319348,0.14,0.0,0.0,0.55,0.3,1.024178546766895,0.52,0.48,1.0,9.95263339382457,0.0,0.286,0.0,0.5,0.0,0.16,0,0.333,2,0.0,0.0,0.3449,0.1075,0.4597,0.9833,0.0322,0.0462,0.0,0.76,0.0,0.0,0.913,0,0.0,0.0,0.0,0.529,0,0.0,0.0,0.957,1672.2,0.0,0,0.0,0.5,-0.10000000000000003,-0.09999999999999998,0.499,0,0,0.5013661858660967,0.0,0.0,0.0,0.333,44,-49.18610743521688,0.0,0.07100000000000001,17,0.0,-0.06022925608619145,0.0,0.2004712855911679,0,0.0,0.0,0,0.42700575580735456,0.5,1,0.0,1.695538252732427,0.18,0.0,0.0,0.45,0.2,1.5255447326329916,0.52,0.48,1.0,-39.23347404139231,0.0,0.357,0.0,0.5,0.0,0.16,0,0.333,2,0.0,13.719999999999999,0.3388,0.0884,0.4194,0.9833,0.159,0.0615,0.0,0.725,0.0,0.0,0.913,0,0.0,0.0,0.0,0.588,0,0.0,0.0,0.888,1542.0,0.0,0,0.0,0.5,-13.719999999999999,0.0,-0.006099999999999994,-0.019099999999999992,-0.0403,0.0,0.1268,0.015300000000000001,0,26,0,0.0,0,-0.03500000000000003,6.719999999999985,0.0,0.0,0,0.0,0.0,0.0,0.05899999999999994,0,0.5,0.0,0.0,-0.06899999999999995,-4.8799999999999955,-130.20000000000005,0.0,0,0.0,0.0,90,24,2
Qatar,Japan,0.0,-0.3505031074703695,-0.03999999999999998,0.0,-0.021888750987250294,0.0,-173.2999999999999,0.0,0.0,1.666471921651448,0.18,0.0,0.0,0.3,0.5,0.6093914622952631,0.727,0.787,1.0,19.405725077754905,0.0,0.286,0.0,0.5,0.0,0.293,0,0.333,2,0.0,0.0,0.4989,0.8942,0.3604,0.9875,0.4305,0.0462,0.0,0.84,0.0,0.0,0.913,0,0.0,0.0,0.0,0.704,0,0.0,0.0,0.957,1760.2,0.0,0,0.0,0.5,0.2,-0.25,0.487,0,0,0.31587689422728993,-0.017000000000000015,-0.04700000000000004,0.0,0.333,-348,-18.296516990858457,0.0,0.07100000000000001,-79,0.0,-0.34960274402078806,0.0,0.11482046242979455,0,0.0,-0.012999999999999956,0,-0.6368996787352734,0.25,1,0.0,1.3159688141810786,0.14,0.0,0.0,0.5,0.25,0.925268356522553,0.71,0.74,1.0,1.1092080868964467,0.0,0.357,0.0,0.5,0.0,0.28,0,0.333,2,0.0,1.94,0.3644,0.0434,0.5111,0.95,0.0276,0.0615,0.0,0.68,0.0,0.0,0.913,0,0.0,0.0,0.0,0.6,0,0.0,0.0,0.955,1492.2,0.0,0,0.0,0.5,-1.94,0.0,-0.1345,-0.8508,0.1507,-0.03750000000000009,-0.4029,0.015300000000000001,0,-9,0,0.0,0,-0.15999999999999992,-171.3599999999999,0.0,0.0,0,0.0,0.0,0.0,-0.10399999999999998,0,0.5,0.0,0.0,-0.0020000000000000018,-146.59,-268.0,0.0,0,0.0,0.0,90,-1,0
Australia,Iraq,0.0,-0.0861863720706082,0.0,0.0,0.0646160852963984,0.04300000000000004,215.75000000000006,0.0,0.0,1.246271019660149,0.12,0.0,0.0,0.4,0.5,0.8689785357290437,0.677,0.647,1.0,2.2915707834269403,0.0,0.214,0.0,0.5,0.0,0.253,0,0.333,3,0.0,14.83,0.3313,0.085,0.4944,0.9667,0.0274,0.0615,0.0,0.68,0.0,0.0,0.87,0,0.0,0.0,0.0,0.562,0,0.0,0.0,0.865,1649.6,0.0,0,0.0,0.5,0.0,-0.04999999999999999,0.511,0,0,-0.04154332847500275,0.015999999999999903,0.04599999999999993,0.0,0.333,148,1.2877350720945877,0.0,0.07199999999999998,26,0.0,-0.12206861498600219,0.0,-0.2352487319974852,0,0.0,0.014000000000000012,0,0.1330606349543868,0.5,1,0.0,1.1600846475895408,0.12,0.0,0.0,0.4,0.45,0.827435207254041,0.693,0.693,1.0,3.579305855521528,0.0,0.286,0.0,0.5,0.0,0.267,0,0.333,2,0.0,17.33,0.4798,0.2338,0.3629,0.9783,0.143,0.0577,0.0,0.735,0.0,0.0,0.913,0,0.0,0.0,0.0,0.542,0,0.0,0.0,0.912,1632.4,0.0,0,0.0,0.5,-2.4999999999999982,0.0,0.14850000000000002,0.1488,-0.1315,0.011599999999999944,0.11559999999999998,-0.003799999999999998,0,-7,0,0.0,0,0.05499999999999994,218.25000000000003,0.0,0.0,0,0.0,0.0,0.0,-0.020000000000000018,0,0.5,0.0,0.0,0.04700000000000004,184.65999999999997,-17.199999999999818,0.0,0,0.0,0.0,90,5,2
Uzbekistan,Australia,0.0,0.6074595151178637,0.06,0.0,-0.05610782903458411,0.0,-214.71,0.0,0.0,1.1450844356743977,0.14,0.0,0.0,0.4,0.45,0.7121800828584738,0.813,0.893,1.0,1.6855143590279322,0.0,0.214,0.0,0.5,0.0,0.347,0,0.333,2,0.0,17.33,0.4798,0.2338,0.3629,0.9783,0.143,0.0577,0.0,0.86,0.0,0.0,0.913,0,0.0,0.0,0.0,0.692,0,0.0,0.0,0.912,1596.0,0.0,0,0.0,0.5,0.09999999999999998,-0.25,0.475,0,0,0.7401604604869166,-0.2929999999999999,-0.41300000000000003,0.0,0.333,-144,-14.928444882665937,0.0,0.07199999999999998,-24,0.0,-0.08511761474926516,0.0,1.0140307856560469,0,0.0,-0.18699999999999997,0,0.6567134386725604,0.0,1,0.0,1.7525439507922613,0.2,0.0,0.0,0.5,0.2,1.4523405433453904,0.52,0.48,1.0,-13.242930523638005,0.0,0.286,0.0,0.5,0.0,0.16,0,0.333,2,0.0,13.719999999999999,0.3388,0.0884,0.4194,0.9833,0.159,0.0615,0.0,0.835,0.0,0.0,0.913,0,0.0,0.0,0.0,0.667,0,0.0,0.0,0.888,1567.0,0.0,0,0.0,0.5,3.6099999999999994,0.0,-0.14100000000000001,-0.1454,0.056499999999999995,0.0050000000000000044,0.016000000000000014,0.003799999999999998,0,24,0,0.0,0,-0.025000000000000022,-218.32,0.0,0.0,0,0.0,0.0,0.0,-0.02499999999999991,0,0.5,0.0,0.0,-0.02400000000000002,-184.52999999999997,-29.0,0.0,0,0.0,0.0,90,11,0
Japan,South Korea,0.0,0.393579746192827,0.04000000000000001,0.0,0.0658043869591306,0.0,119.86999999999992,0.0,0.0,1.4805369077584518,0.18,0.0,0.0,0.4,0.45,0.8132833621478814,0.64,0.68,1.0,18.468564234523676,0.0,0.214,0.0,0.5,0.0,0.24,0,0.333,2,0.0,9.87,0.4535,0.1998,0.5346,0.9544,0.0709,0.0731,0.0,0.9,0.0,0.0,0.913,0,0.0,0.0,0.0,0.758,0,0.0,0.0,0.919,1606.4,0.0,0,0.0,0.5,-0.050000000000000044,0.0,0.499,0,0,0.004405382546636916,-0.017000000000000015,-0.04700000000000004,0.0,0.333,117,12.13977778566204,0.0,0.07199999999999998,21,0.0,-0.18801408734781555,0.0,0.3387451710137608,0,0.0,-0.012999999999999984,0,0.7143026905218399,0.3333333333333333,1,0.0,1.8741166539512788,0.22,0.0,0.0,0.35,0.45,0.8176887446945184,0.623,0.633,1.0,30.608342020185717,0.0,0.286,0.0,0.5,0.0,0.227,0,0.333,2,0.0,0.0,0.4989,0.8942,0.3604,0.9875,0.4305,0.0462,0.0,0.9,0.0,0.0,0.913,0,0.0,0.0,0.0,0.704,0,0.0,0.0,0.957,1651.0,0.0,0,0.0,0.5,9.87,0.0,0.045399999999999996,0.6944,-0.17419999999999997,0.03310000000000002,0.3596,-0.0269,0,0,0,0.0,0,0.0,109.99999999999991,0.0,0.0,0,0.0,0.0,0.0,-0.05400000000000005,0,0.5,0.0,0.0,0.03799999999999992,99.39,44.59999999999991,0.0,0,0.0,0.0,90,-3,1
Uzbekistan,South Korea,0.0,-0.0736586259304326,-0.04000000000000001,0.0,-0.04012519920516833,0.0,-24.319999999999993,0.0,0.0,1.552893973049274,0.2,0.0,0.0,0.4,0.45,0.9639869188625837,0.537,0.527,1.0,20.568087507895598,0.0,0.214,0.0,0.5,0.0,0.173,0,0.333,2,0.0,9.87,0.4535,0.1998,0.5346,0.9544,0.0709,0.0731,0.0,0.765,0.0,0.0,0.913,0,0.0,0.0,0.0,0.679,0,0.0,0.0,0.919,1679.8,0.0,0,0.0,0.5,0.09999999999999998,-0.30000000000000004,0.47,0,0,1.1655961282752627,-0.08400000000000002,-0.23400000000000004,0.0,0.333,-117,-28.374703575413015,0.0,0.0,-22,0.0,-0.3564521351262442,0.0,1.4452094129310205,0,0.0,-0.06599999999999999,0,-0.5658128496420549,0.08333333333333333,1,0.0,1.4792353471188413,0.16,0.0,0.0,0.5,0.15,2.1295830471378463,0.453,0.293,1.0,-7.806616067517416,0.0,0.214,0.0,0.5,0.0,0.107,0,0.333,2,0.0,13.719999999999999,0.3388,0.0884,0.4194,0.9833,0.159,0.0615,0.0,0.55,0.0,0.0,0.913,0,0.0,0.0,0.0,0.558,0,0.0,0.0,0.888,1604.6,0.0,0,0.0,0.5,-3.8499999999999996,0.0,-0.11470000000000002,-0.1114,-0.11519999999999997,0.028899999999999926,0.0881,-0.0116,0,1,0,0.0,0,-0.21499999999999997,-20.47,0.0,0.0,0,0.0,0.0,0.0,-0.121,0,0.5,0.0,0.0,-0.031000000000000028,-21.950000000000003,-75.20000000000005,0.0,0,0.0,0.0,90,4,0
Australia,Japan,0.0,-0.019227632905796987,0.0,0.0,-0.049821757129714817,0.0,70.5200000000001,0.0,0.0,1.8770545947750181,0.26,0.0,0.0,0.4,0.4,0.9969718771232201,0.52,0.48,1.0,19.515807354104336,0.0,0.286,0.0,0.5,0.0,0.16,0,0.333,2,0.0,0.0,0.4989,0.8942,0.3604,0.9875,0.4305,0.0462,0.0,0.785,0.0,0.0,0.913,0,0.0,0.0,0.0,0.704,0,0.0,0.0,0.957,1651.0,0.0,0,0.0,0.5,0.0,0.04999999999999999,0.536,0,0,-0.38399279915587303,0.2929999999999999,0.41300000000000003,0.0,0.333,-90,2.3866374925024196,0.0,0.0,-19,0.0,0.5164714091675835,0.0,-1.171943263872582,0,0.0,0.18699999999999997,0,0.1377709196151753,0.5333333333333333,1,0.0,1.8578269618692211,0.26,0.0,0.0,0.4,0.45,0.6129790779673471,0.813,0.893,1.0,21.902444846606755,0.0,0.286,0.0,0.5,0.0,0.347,0,0.333,2,0.0,17.33,0.4798,0.2338,0.3629,0.9783,0.143,0.0577,0.0,0.94,0.0,0.0,0.913,0,0.0,0.0,0.0,0.808,0,0.0,0.0,0.912,1592.0,0.0,0,0.0,0.5,-17.33,0.0,-0.019100000000000006,-0.6604,0.0025000000000000022,-0.009200000000000097,-0.2875,0.011500000000000003,0,-23,0,0.0,0,0.15499999999999992,87.85000000000008,0.0,0.0,0,0.0,0.0,0.0,0.10400000000000009,0,0.5,0.0,0.0,-0.04499999999999993,63.18999999999997,-59.0,0.0,0,0.0,0.0,90,-4,0
Germany,Portugal,0.0,0.7100543894617168,0.09999999999999998,0.0,0.0015199964403030952,0.0,-126.69999999999993,0.0,0.0,1.8858178627352655,0.14,0.0,0.0,0.45,0.45,1.1229481361281264,0.677,0.647,1.0,-34.533902841769596,0.0,0.5,0.0,0.5,0.0,0.253,0,0.333,2,0.0,96.63,0.5771,1.0,0.6682,0.983,1.0,0.0462,0.0,0.385,0.0,0.0,0.913,0,0.0,0.0,0.0,0.475,0,0.0,0.0,0.833,1653.0,0.0,0,0.0,0.5,0.24999999999999994,-0.15000000000000002,0.495,0,0,0.5129357754803541,-0.15400000000000003,-0.29400000000000004,0.0,0.333,-53,63.859681408920075,0.0,0.14300000000000002,-5,0.0,0.4332854230997769,0.0,0.7698623821292283,0,0.0,-0.10600000000000001,0,1.0977499801359616,0.6666666666666666,1,0.0,2.5958722521969824,0.24,0.0,0.0,0.7,0.3,1.6358839116084805,0.523,0.353,1.0,29.32577856715048,0.0,0.643,0.0,0.5,0.0,0.147,0,0.333,2,0.0,80.0,0.7408,1.0,0.3347,0.9877,1.0,0.0462,0.0,0.51,0.0,0.0,0.913,0,0.0,0.0,0.0,0.508,0,0.0,0.0,0.849,1865.0,0.0,0,0.0,0.5,16.629999999999995,0.0,0.16370000000000007,0.0,-0.3335,0.0047000000000000375,0.0,0.0,0,-1,0,0.0,-1,0.125,-143.32999999999993,0.0,0.0,0,0.0,0.0,0.0,0.03300000000000003,0,0.5,0.0,0.0,0.016000000000000014,-31.769999999999982,212.0,0.0,0,0.0,0.0,90,-4,2
France,England,0.0,0.5409049341499652,0.1,0.0,-0.018704076989984664,-0.04400000000000004,-200.13999999999987,0.0,0.0,1.4516659982321902,0.12,0.0,0.0,0.45,0.55,0.7442339820511186,0.78,0.8,1.0,-3.0202821067475307,0.0,0.643,0.0,0.5,0.0,0.32,0,0.333,3,0.0,246.0,0.7047,1.0,0.4644,0.9905,1.0,0.0346,0.0,0.8,0.0,0.0,0.87,0,0.0,0.0,0.0,0.688,0,0.0,0.0,0.78,1940.6,0.0,0,0.0,0.5,-0.04999999999999999,0.04999999999999993,0.501,0,0,-0.24672704040149673,-0.07000000000000006,-0.06000000000000005,0.0,0.333,85,-9.06543708687725,0.0,-0.21400000000000002,2,0.0,0.31896792647739947,0.0,-0.0348442044119337,0,0.0,-0.03999999999999998,0,1.3158249564330708,0.8333333333333334,1,0.0,1.9925709323821554,0.22,0.0,0.0,0.4,0.6,0.49750694164962184,0.71,0.74,1.0,-12.08571919362478,0.0,0.429,0.0,0.5,0.0,0.28,0,0.333,3,0.0,229.78,0.7,1.0,0.512,0.9967,1.0,0.0115,0.0,0.96,0.0,0.0,0.826,0,0.0,0.0,0.0,0.783,0,0.0,0.0,0.758,1684.8,0.0,1,0.043,0.5,16.22,0.0,-0.0047000000000000375,0.0,0.04760000000000003,0.006199999999999983,0.0,-0.0231,0,0,0,0.0,-1,0.15999999999999992,-216.3599999999999,0.0,0.0,0,0.0,0.0,0.0,0.09500000000000008,0,0.5,0.0,0.0,-0.02200000000000002,-258.0,-255.79999999999995,0.0,0.0,0.043,0.0,90,-8,1
Netherlands,Germany,0.0,-0.04487390157560922,0.03999999999999998,0.0,0.10654307669769736,0.04399999999999993,-30.889999999999645,0.0,0.0,2.3370884638669374,0.2,0.0,0.0,0.65,0.35,1.4007200286359578,0.643,0.553,1.0,27.26317921878394,0.0,0.286,0.0,0.5,0.0,0.227,0,0.333,2,0.0,80.0,0.7408,1.0,0.3347,0.9877,1.0,0.0462,0.0,0.68,0.0,0.0,0.913,0,0.0,0.0,0.0,0.588,0,0.0,0.0,0.849,1911.8,0.0,0,0.0,0.5,-0.30000000000000004,0.20000000000000007,0.493,0,0,-0.4308683101362495,-0.03600000000000003,0.03399999999999992,0.0,0.333,50,-68.41732634843441,0.0,0.0,4,0.0,-0.28362075625804906,0.0,-0.4166511486077441,0,0.0,-0.014000000000000012,0,0.46014192584523594,0.5333333333333333,1,0.0,2.292214562291328,0.24,0.0,0.0,0.35,0.55,0.9698517184997083,0.607,0.587,1.0,-41.15414712965048,0.0,0.286,0.0,0.5,0.0,0.213,0,0.333,1,0.0,0.0,0.5837,1.0,0.4972,0.9877,1.0,0.0462,0.0,0.53,0.0,0.0,0.957,0,0.0,0.0,0.0,0.637,0,0.0,0.0,0.978,1713.4,0.0,0,0.0,0.5,80.0,0.0,-0.15710000000000002,0.0,0.16249999999999998,0.0,0.0,0.0,0,6,0,0.0,0,-0.15000000000000002,-110.88999999999965,0.0,0.0,0,0.0,0.0,0.0,0.049000000000000044,0,0.5,0.0,0.0,0.129,-52.819999999999936,-198.39999999999986,0.0,0,0.0,0.0,90,2,0
Sweden,England,0.0,0.6219507106971036,0.1,0.0,0.17665053354205862,0.04300000000000004,-909.7599999999999,0.0,0.0,1.3960508299493177,0.12,0.0,0.0,0.5,0.5,0.7871584508438088,0.693,0.693,1.0,7.64420095727528,0.0,0.286,0.0,0.5,0.0,0.267,0,0.333,3,0.0,246.0,0.7047,1.0,0.4644,0.9905,1.0,0.0346,0.0,0.705,0.0,0.0,0.87,0,0.0,0.0,0.0,0.608,0,0.0,0.0,0.78,1934.2,0.0,0,0.0,0.5,0.050000000000000044,-0.15000000000000002,0.485,0,0,0.4435061633009749,-0.17299999999999993,-0.21299999999999997,0.0,0.333,-317,25.019594933018176,0.0,0.0,-34,0.0,0.1853740831109043,0.0,0.5912344167172375,0,0.0,-0.10700000000000001,0,0.9054597479139836,0.4,1,0.0,2.0180015406464213,0.22,0.0,0.0,0.55,0.35,1.2306646141447837,0.52,0.48,1.0,32.66379589029346,0.0,0.286,0.0,0.5,0.0,0.16,0,0.333,2,0.0,0.0,0.5369,0.9304,0.5667,0.9844,0.7194,0.0577,0.0,0.65,0.0,0.0,0.913,0,0.0,0.0,0.0,0.713,0,0.0,0.0,0.957,1684.2,0.0,0,0.0,0.5,246.0,0.0,-0.16779999999999995,-0.0696,0.1023,-0.006099999999999994,-0.28059999999999996,0.023100000000000002,0,1,0,0.0,-2,-0.05499999999999994,-1155.7599999999998,0.0,0.0,0,0.0,0.0,0.0,0.10499999999999998,0,0.5,0.0,0.0,0.17699999999999994,-751.2,-250.0,0.0,0,0.0,0.0,90,-4,0
Portugal,Netherlands,0.0,-0.24620695855439578,-0.12000000000000001,0.0,-0.10806307313800045,-0.04399999999999993,157.58999999999958,0.0,0.0,2.0830261706532185,0.2,0.0,0.0,0.4,0.5,1.1279397623939043,0.607,0.587,1.0,-53.78334871041763,0.0,0.286,0.0,0.5,0.0,0.213,0,0.333,1,0.0,0.0,0.5837,1.0,0.4972,0.9877,1.0,0.0462,0.0,0.32,0.0,0.0,0.957,0,0.0,0.0,0.0,0.512,0,0.0,0.0,0.978,1683.8,0.0,0,0.0,0.5,0.09999999999999998,-0.09999999999999998,0.505,0,0,0.11601449046883472,-0.017000000000000015,-0.04699999999999993,0.0,0.333,3,4.057454121464801,0.0,0.0,1,0.0,0.09771346473503595,0.0,0.31896792647739947,0,0.0,-0.012999999999999984,0,-0.831199706171746,0.7333333333333333,1,0.0,1.8368192120988227,0.08,0.0,0.0,0.5,0.4,1.243954252862739,0.59,0.54,1.0,-49.725894588952826,0.0,0.286,0.0,0.5,0.0,0.2,0,0.333,2,0.0,96.63,0.5771,1.0,0.6682,0.983,1.0,0.0462,0.0,0.45,0.0,0.0,0.913,0,0.0,0.0,0.0,0.392,0,0.0,0.0,0.833,1772.0,0.0,0,0.0,0.5,-96.63,0.0,-0.00660000000000005,0.0,0.17100000000000004,-0.0047000000000000375,0.0,0.0,0,-5,0,0.0,1,0.13,254.21999999999957,0.0,0.0,0,0.0,0.0,0.0,-0.12,0,0.5,0.0,0.0,-0.14500000000000002,84.58999999999992,88.20000000000005,0.0,0,0.0,0.0,90,2,2
Croatia,Spain,0.0,-0.8980953309157758,-0.06,0.0,-0.08959654989218413,-0.04300000000000004,-538.67,0.0,0.0,2.578937665798344,0.24,0.0,0.0,0.45,0.45,0.6241717686153687,0.727,0.787,1.0,-20.166909354006258,0.0,0.286,0.0,0.5,0.0,0.293,0,0.333,2,0.0,0.0,0.7433,1.0,0.7002,0.9915,1.0,0.0231,0.0,0.875,0.0,0.0,0.913,0,0.0,0.0,0.0,0.808,0,0.0,0.0,0.957,1725.4,0.0,0,0.0,0.5,0.10000000000000003,-0.10000000000000003,0.456,0,0,0.34540436095560656,-0.294,-0.41400000000000003,0.0,0.333,-289,10.364300986994305,0.0,0.0,-14,0.0,-0.8749635821130133,0.0,0.8655409447762624,0,0.0,-0.186,0,-0.6769571336154132,0.16666666666666666,1,0.0,1.680842334882568,0.18,0.0,0.0,0.55,0.35,0.9695761295709753,0.433,0.373,1.0,-9.802608367011953,0.0,0.286,0.0,0.5,0.0,0.107,0,0.333,3,0.0,28.669999999999998,0.5234,1.0,0.4299,0.9915,0.629,0.0231,0.0,0.645,0.0,0.0,0.87,0,0.0,0.0,0.0,0.542,0,0.0,0.0,0.879,1712.4,0.0,0,0.0,0.5,-28.669999999999998,0.0,-0.21989999999999998,0.0,-0.27030000000000004,0.0,-0.371,0.0,0,-14,0,0.0,0,-0.22999999999999998,-509.99999999999994,0.0,0.0,0,0.0,0.0,0.0,-0.266,0,0.5,0.0,0.0,-0.07799999999999996,-458.96999999999997,-13.0,0.0,0,0.0,0.0,90,-12,0
Sweden,France,0.0,0.14716912127396897,-0.01999999999999999,0.0,0.19535461053204328,0.08700000000000008,-709.62,0.0,0.0,1.8683249483483455,0.24,0.0,0.0,0.45,0.55,0.4947336702873548,0.71,0.74,1.0,-4.701549563600807,0.0,0.286,0.0,0.5,0.0,0.28,0,0.333,3,0.0,229.78,0.7,1.0,0.512,0.9967,1.0,0.0115,0.0,0.875,0.0,0.0,0.826,0,0.0,0.0,0.0,0.796,0,0.0,0.0,0.758,1683.0,0.0,1,0.043,0.5,0.14999999999999997,-0.25000000000000006,0.441,0,0,1.00428015790861,-0.30999999999999994,-0.45999999999999996,0.0,0.333,-402,34.44595391434582,0.0,0.0,-36,0.0,-1.095073460498124,0.0,1.4732042262374982,0,0.0,-0.2,0,-0.2270676786282948,0.16666666666666666,1,0.0,2.0154940696223145,0.22,0.0,0.0,0.6,0.3,1.4990138281959648,0.4,0.28,1.0,29.744404350745015,0.0,0.286,0.0,0.5,0.0,0.08,0,0.333,2,0.0,0.0,0.5369,0.9304,0.5667,0.9844,0.7194,0.0577,0.0,0.4,0.0,0.0,0.913,0,0.0,0.0,0.0,0.575,0,0.0,0.0,0.957,1792.6,0.0,0,0.0,0.5,229.78,0.0,-0.1630999999999999,-0.0696,0.05469999999999997,-0.012299999999999978,-0.28059999999999996,0.046200000000000005,0,1,0,0.0,-1,-0.475,-939.4,0.0,0.0,0,0.0,0.0,0.0,-0.22100000000000009,0,0.5,0.0,0.0,0.19899999999999995,-493.2,109.59999999999991,0.0,0.0,-0.043,0.0,90,4,2
Czechia,Portugal,0.0,-0.3645562580367845,0.020000000000000018,0.0,0.06589317906877434,0.04399999999999993,-655.6099999999998,0.0,0.0,1.84495238907236,0.12,0.0,0.0,0.5,0.4,1.1880784635491184,0.503,0.433,1.0,-40.25513816357384,0.0,0.286,0.0,0.5,0.0,0.147,0,0.333,2,0.0,96.63,0.5771,1.0,0.6682,0.983,1.0,0.0462,0.0,0.64,0.0,0.0,0.913,0,0.0,0.0,0.0,0.471,0,0.0,0.0,0.833,1822.6,0.0,0,0.0,0.5,-0.04999999999999999,0.0,0.504,0,0,0.06445387706167627,-0.016000000000000014,-0.045999999999999985,0.0,0.333,-289,64.52215655573019,0.0,0.07100000000000001,-53,0.0,0.2577024961716834,0.0,0.026596393037126687,0,0.0,-0.013999999999999985,0,-0.07162003750532664,0.0,1,0.0,1.4803961310355755,0.14,0.0,0.0,0.45,0.4,1.2525323406107947,0.487,0.387,1.0,24.26701839215636,0.0,0.357,0.0,0.5,0.0,0.133,0,0.333,1,0.0,6.25,0.4928,0.7284,0.4347,0.9957,0.2866,0.0115,0.0,0.68,0.0,0.0,0.957,0,0.0,0.0,0.0,0.537,0,0.0,0.0,0.945,1702.8,0.0,0,0.0,0.5,90.38,0.0,-0.08429999999999993,-0.27159999999999995,-0.23350000000000004,0.012700000000000045,-0.7134,-0.034699999999999995,0,-7,0,0.0,-1,0.040000000000000036,-745.9899999999998,0.0,0.0,0,0.0,0.0,0.0,0.06600000000000006,0,0.5,0.0,0.0,0.11199999999999999,-504.67999999999995,-119.79999999999995,0.0,0,0.0,0.0,90,-9,0
Spain,France,0.0,0.7509220576332407,0.04000000000000001,0.0,0.19535461053204328,0.08700000000000008,-116.45000000000005,0.0,0.0,1.593485580415584,0.18,0.0,0.0,0.4,0.55,0.7117035659631409,0.71,0.74,1.0,-23.905053721214237,0.0,0.286,0.0,0.5,0.0,0.28,0,0.333,3,0.0,229.78,0.7,1.0,0.512,0.9967,1.0,0.0115,0.0,0.55,0.0,0.0,0.826,0,0.0,0.0,0.0,0.658,0,0.0,0.0,0.758,1722.0,0.0,1,0.043,0.5,0.0,-0.050000000000000044,0.535,0,0,-0.1890705512383286,0.017000000000000015,0.04700000000000004,0.0,0.333,32,5.864667477997507,0.0,0.07100000000000001,1,0.0,0.8602911789071312,0.0,-0.44467620451891265,0,0.0,0.012999999999999956,0,0.5418929762427651,0.6,1,0.0,2.344407638048825,0.22,0.0,0.0,0.4,0.5,0.5226330147248123,0.727,0.787,1.0,-18.04038624321673,0.0,0.357,0.0,0.5,0.0,0.293,0,0.333,2,0.0,0.0,0.7433,1.0,0.7002,0.9915,1.0,0.0231,0.0,0.9,0.0,0.0,0.913,0,0.0,0.0,0.0,0.796,0,0.0,0.0,0.957,1751.8,0.0,0,0.0,0.5,229.78,0.0,0.043300000000000005,0.0,0.18820000000000003,-0.005199999999999982,0.0,0.0116,0,10,0,0.0,-1,0.35,-346.23,0.0,0.0,0,0.0,0.0,0.0,0.138,0,0.5,0.0,0.0,0.19899999999999995,21.289999999999964,29.799999999999955,0.0,0.0,-0.043,0.0,90,10,2
Portugal,Spain,0.0,-0.5764754428272336,-0.03999999999999998,0.0,-0.10806307313800045,0.0,-32.420000000000186,0.0,0.0,2.3110310063921085,0.18,0.0,0.0,0.4,0.55,0.4206411941531784,0.813,0.893,1.0,-10.595461193929443,0.0,0.286,0.0,0.5,0.0,0.347,0,0.333,2,0.0,0.0,0.7433,1.0,0.7002,0.9915,1.0,0.0231,0.0,0.94,0.0,0.0,0.913,0,0.0,0.0,0.0,0.783,0,0.0,0.0,0.957,1820.0,0.0,0,0.0,0.5,0.09999999999999998,-0.10000000000000003,0.465,0,0,0.5946491134514893,-0.30999999999999994,-0.46,0.0,0.333,-212,-28.136913270962097,0.0,0.14300000000000002,-8,0.0,-0.543933014061952,0.0,1.0057829742812394,0,0.0,-0.19999999999999998,0,-0.4015841887321714,0.4666666666666667,1,0.0,1.7345555635648748,0.14,0.0,0.0,0.5,0.45,1.0152903076046678,0.503,0.433,1.0,-38.73237446489154,0.0,0.429,0.0,0.5,0.0,0.147,0,0.333,2,0.0,96.63,0.5771,1.0,0.6682,0.983,1.0,0.0462,0.0,0.8,0.0,0.0,0.913,0,0.0,0.0,0.0,0.55,0,0.0,0.0,0.833,1845.4,0.0,0,0.0,0.5,-96.63,0.0,-0.16620000000000001,0.0,-0.03200000000000003,-0.008500000000000063,0.0,0.0231,0,-2,0,0.0,1,-0.1399999999999999,64.20999999999981,0.0,0.0,0,0.0,0.0,0.0,-0.23299999999999998,0,0.5,0.0,0.0,-0.124,-82.61000000000001,25.40000000000009,0.0,0,0.0,0.0,90,2,1
Brazil,Croatia,0.0,1.5289905504799783,0.15999999999999998,0.0,0.0033955982336778545,-0.04400000000000004,768.7599999999999,0.0,0.0,1.3811521610553,0.14,0.0,0.0,0.5,0.35,0.9162606619414768,0.71,0.74,1.0,-10.342216989493153,0.0,0.429,0.0,0.5,0.0,0.28,2,0.333,3,0.0,28.669999999999998,0.5234,1.0,0.4299,0.9915,0.629,0.0231,0.0,0.86,0.0,0.0,0.87,6,0.0,0.0,0.0,0.667,0,0.0,0.0,0.879,1704.4,0.0,0,0.0,0.5,-0.09999999999999998,0.20000000000000007,0.517,0,0,-0.5418284799299545,0.10299999999999998,0.15300000000000002,0.0,0.333,154,26.848478877773417,0.0,0.0,10,0.0,0.6421494446044047,0.0,-0.461849960219288,6,0.0,0.06699999999999995,1,1.690491226260277,0.6666666666666666,0,0.0,2.9101427115352783,0.3,0.0,0.0,0.4,0.55,0.3744321820115223,0.813,0.893,1.0,16.506261888280264,0.0,0.429,0.0,0.5,0.0,0.347,1,0.333,4,0.0,100.0,0.6844,1.0,0.3217,0.9746,1.0,0.1231,0.0,1.0,0.0,0.0,0.826,7,0.0,0.0,0.0,0.875,0,0.0,0.0,0.813,1697.0,0.0,0,0.0,0.5,-71.33,0.0,0.16100000000000003,0.0,-0.10820000000000002,-0.016900000000000026,0.371,0.1,0,-8,0,0.0,0,0.14,840.0899999999999,0.0,0.0,1,0.0,0.0,0.0,0.20799999999999996,0,0.5,0.0,0.0,-0.06600000000000006,637.6800000000001,-7.400000000000091,0.0,0,0.0,0.0,90,36,2
Spain,Netherlands,0.0,-0.03515777382109486,0.06000000000000001,0.0,0.0,-0.04399999999999993,190.00999999999976,0.0,0.0,1.7840162141339282,0.08,0.0,0.0,0.4,0.55,0.6294121380261215,0.71,0.74,1.0,-0.2852462613574982,0.0,0.643,0.0,0.5,0.0,0.28,1,0.333,1,0.0,0.0,0.5837,1.0,0.4972,0.9877,1.0,0.0462,0.0,0.74,0.0,0.0,0.957,7,0.0,0.0,0.0,0.529,0,0.0,0.0,0.978,1868.6,0.0,0,0.0,0.5,0.0,0.0,0.506,0,0,-0.19758891584807492,0.017000000000000015,0.04700000000000004,0.0,0.333,215,-18.529320744740744,0.0,-0.21400000000000002,9,0.0,0.6421494446044045,0.0,-0.22075149593494647,-1,0.0,0.012999999999999956,0,0.4924847777626764,0.3333333333333333,0,0.0,1.7488584403128333,0.14,0.0,0.0,0.4,0.55,0.4318232221780466,0.727,0.787,1.0,-18.814567006098244,0.0,0.429,0.0,0.5,0.0,0.293,1,0.333,2,0.0,0.0,0.7433,1.0,0.7002,0.9915,1.0,0.0231,0.0,0.88,0.0,0.0,0.913,7,0.0,0.0,0.0,0.713,0,0.0,0.0,0.957,1616.0,0.0,0,0.0,0.5,0.0,0.0,0.15959999999999996,0.0,0.20300000000000007,0.0038000000000000256,0.0,-0.0231,0,-2,0,0.0,0,0.14,190.00999999999976,0.0,0.0,0,0.0,0.0,0.0,0.18399999999999994,0,0.5,0.0,0.0,-0.02100000000000002,167.19999999999993,-252.5999999999999,0.0,0,0.0,0.0,90,-2,0
Switzerland,Ecuador,0.0,0.08322623290533038,-0.06,0.0,0.1560350421804022,0.04300000000000004,-270.24000000000024,0.0,0.0,1.5260756542167608,0.2,0.0,0.0,0.7,0.15,1.6985058878373969,0.367,0.187,1.0,-5.3036338968318155,0.0,0.786,0.0,0.5,0.0,0.053,3,0.333,3,0.0,96.17999999999999,0.6952,0.5572,0.4946,0.9613,0.6396,0.1077,0.0,0.435,0.0,0.0,0.87,4,0.0,0.0,0.0,0.438,0,0.0,0.0,0.811,1893.4,0.0,0,0.0,0.5,-0.29999999999999993,0.4,0.56,0,0,-0.9195736479497326,0.32599999999999996,0.506,0.0,0.333,53,23.439331564777195,0.0,0.07099999999999995,6,0.0,1.063438984136136,0.0,-1.5007325891374836,4,0.0,0.21400000000000002,2,-0.40876558328276236,0.5,0,0.0,1.6093018871220912,0.14,0.0,0.0,0.4,0.55,0.7789322398876642,0.693,0.693,1.0,18.13569766794538,0.0,0.857,0.0,0.5,0.0,0.267,1,0.333,2,0.0,0.0,0.6926,1.0,0.3736,0.9875,0.4914,0.0346,0.0,0.78,0.0,0.0,0.913,7,0.0,0.0,0.0,0.621,0,0.0,0.0,0.957,1738.2,0.0,0,0.0,0.5,96.17999999999999,0.0,-0.0026000000000000467,0.44279999999999997,-0.121,0.0262,-0.14819999999999994,-0.0731,0,-6,0,0.0,-1,0.34500000000000003,-366.4200000000002,0.0,0.0,3,0.0,0.0,0.0,0.183,0,0.5,0.0,0.0,0.1459999999999999,-245.99,-155.20000000000005,0.0,0,0.0,0.0,90,-28,2
Argentina,Bosnia and Herzegovina,0.0,0.273964525210876,0.06000000000000001,0.0,-0.0359854393051352,-0.08699999999999997,566.2199999999998,0.0,0.0,1.6683427044486332,0.08,0.0,0.0,0.4,0.4,0.9766953134850124,0.607,0.587,1.0,38.556785044008244,0.0,0.857,0.0,0.5,0.0,0.213,0,0.333,1,0.0,4.15,0.4804,0.5705,0.3375,0.9656,0.2522,0.0808,0.0,0.68,0.0,0.0,0.957,0,0.0,0.0,0.0,0.537,0,0.0,0.0,0.947,1807.4,0.0,0,0.0,0.5,0.09999999999999998,0.09999999999999998,0.527,0,0,-0.4381446313541676,0.29300000000000004,0.41300000000000003,0.0,0.333,538,-58.103056317717034,0.0,-0.28600000000000003,84,0.0,0.406658787457959,0.0,-0.9339877696325692,7,0.0,0.18700000000000003,-1,0.7074532994163835,1.0,0,0.0,1.9423072296595092,0.14,0.0,0.0,0.5,0.5,0.5385506821308448,0.9,1.0,1.0,-19.546271273708793,0.0,0.571,0.0,0.5,0.0,0.4,1,0.333,3,0.0,62.19,0.5536,1.0,0.3083,0.9917,1.0,0.0231,0.0,0.86,0.0,0.0,0.87,9,0.0,0.0,0.0,0.704,0,0.0,0.0,0.818,1654.8,0.0,0,0.0,0.5,-58.04,0.0,0.07319999999999999,0.4295,-0.029200000000000004,0.026100000000000012,0.7478,-0.0577,0,16,0,0.0,0,0.17999999999999994,624.2599999999999,0.0,0.0,9,0.0,0.0,0.0,0.16699999999999993,0,0.5,0.0,0.0,-0.129,512.0,-152.60000000000014,0.0,0,0.0,0.0,90,48,2
Germany,Portugal,0.0,0.304576272196452,-0.08000000000000002,0.0,0.0015199964403030952,0.0,-126.69999999999993,0.0,0.0,2.3383645464066993,0.28,0.0,0.0,0.55,0.4,0.8415270591500492,0.623,0.633,1.0,7.6693344358108835,0.0,0.429,0.0,0.5,0.0,0.227,2,0.333,2,0.0,96.63,0.5771,1.0,0.6682,0.983,1.0,0.0462,0.0,0.9,0.0,0.0,0.913,5,0.0,0.0,0.0,0.808,0,0.0,0.0,0.833,1770.8,0.0,0,0.0,0.5,0.04999999999999993,0.0,0.504,0,0,0.16506900956561577,0.08699999999999997,0.10699999999999998,0.0,0.333,-53,19.053217226052794,0.0,0.285,-5,0.0,-0.4695645631819869,0.0,0.054482797205876565,1,0.0,0.05300000000000002,1,-0.3656735674960214,0.75,0,0.0,2.6429408186031513,0.2,0.0,0.0,0.6,0.4,1.006596068715665,0.71,0.74,1.0,26.722551661863676,0.0,0.714,0.0,0.5,0.0,0.28,1,0.333,2,0.0,80.0,0.7408,1.0,0.3347,0.9877,1.0,0.0462,0.0,0.775,0.0,0.0,0.913,6,0.0,0.0,0.0,0.704,0,0.0,0.0,0.849,1711.2,0.0,0,0.0,0.5,16.629999999999995,0.0,0.16370000000000007,0.0,-0.3335,0.0047000000000000375,0.0,0.0,0,-3,0,0.0,-1,-0.125,-143.32999999999993,0.0,0.0,1,0.0,0.0,0.0,-0.10400000000000009,0,0.5,0.0,0.0,0.016000000000000014,-31.769999999999982,-59.59999999999991,0.0,0,0.0,0.0,90,-6,2
Brazil,Mexico,0.0,1.2235117952560688,0.13999999999999999,0.0,-0.06405704004366741,-0.04400000000000004,854.74,0.0,0.0,1.6772524120497612,0.16,0.0,0.0,0.45,0.4,0.8932521175982979,0.64,0.68,1.0,-32.56593060585192,0.0,0.286,0.0,0.5,0.0,0.24,1,0.333,3,0.0,4.65,0.4964,0.8192,0.3552,0.9812,0.2426,0.0231,0.0,0.55,0.0,0.0,0.87,9,0.0,0.0,0.0,0.613,0,0.0,0.0,0.93,1782.4,0.0,0,0.0,0.5,0.0,0.09999999999999998,0.54,0,0,-0.42438502574491377,0.08699999999999997,0.10699999999999998,0.0,0.333,69,68.3336763448248,0.0,0.07100000000000001,3,0.0,1.2810172674220632,0.0,-0.16877005122356287,0,0.0,0.05299999999999999,0,1.634259674498362,0.5333333333333333,0,0.0,2.90076420730583,0.3,0.0,0.0,0.45,0.5,0.46886709185338415,0.727,0.787,1.0,35.767745738972884,0.0,0.357,0.0,0.5,0.0,0.293,1,0.333,4,0.0,100.0,0.6844,1.0,0.3217,0.9746,1.0,0.1231,0.0,1.0,0.0,0.0,0.826,7,0.0,0.0,0.0,0.875,0,0.0,0.0,0.813,1742.4,0.0,0,0.0,0.5,-95.35,0.0,0.188,0.18079999999999996,-0.03350000000000003,-0.006599999999999939,0.7574,0.1,0,-1,0,0.0,0,0.44999999999999996,950.0899999999999,0.0,0.0,-2,0.0,0.0,0.0,0.262,0,0.5,0.0,0.0,-0.1170000000000001,711.45,-40.0,0.0,0,0.0,0.0,90,-1,1
Belgium,Algeria,0.0,0.09957470055909745,0.03999999999999998,0.0,0.06480738958686028,0.0,-89.7399999999999,0.0,0.0,1.8237511169417635,0.2,0.0,0.0,0.4,0.45,0.8355195549291906,0.607,0.587,1.0,9.109665395059395,0.0,0.929,0.0,0.5,0.0,0.213,3,0.333,2,0.0,43.64,0.5319,0.7322,0.3736,0.9957,0.4217,0.0115,0.0,0.92,0.0,0.0,0.913,4,0.0,0.0,0.0,0.713,0,0.0,0.0,0.886,1579.4,0.0,0,0.0,0.5,0.09999999999999998,0.0,0.487,0,0,0.0984719588531402,-0.017000000000000015,-0.04699999999999993,0.0,0.333,52,1.634866565721678,0.0,-0.21500000000000008,13,0.0,-0.3147585396088539,0.0,-0.01456399406815534,6,0.0,-0.012999999999999984,2,0.21250368456013913,0.6666666666666666,0,0.0,1.923325817500861,0.24,0.0,0.0,0.5,0.45,0.9339915137823308,0.59,0.54,1.0,10.744531960781073,0.0,0.714,0.0,0.5,0.0,0.2,1,0.333,2,0.0,0.0,0.5694,1.0,0.3031,0.9754,0.6806,0.0462,0.0,0.86,0.0,0.0,0.913,5,0.0,0.0,0.0,0.658,0,0.0,0.0,0.957,1696.8,0.0,0,0.0,0.5,43.64,0.0,0.03749999999999998,0.26780000000000004,-0.07050000000000001,-0.020299999999999985,0.25889999999999996,0.034699999999999995,0,-12,0,0.0,0,-0.06000000000000005,-133.37999999999988,0.0,0.0,1,0.0,0.0,0.0,-0.05499999999999994,0,0.5,0.0,0.0,0.07099999999999995,-82.75999999999999,117.39999999999986,0.0,0,0.0,0.0,90,-1,2
Australia,Netherlands,0.0,-0.9276000843891754,-0.06,0.0,-0.049821757129714817,-0.04399999999999993,-309.47000000000025,0.0,0.0,2.239275406042303,0.18,0.0,0.0,0.4,0.55,0.6810320712327745,0.623,0.633,1.0,24.67569094107011,0.0,0.357,0.0,0.5,0.0,0.227,1,0.333,1,0.0,0.0,0.5837,1.0,0.4972,0.9877,1.0,0.0462,0.0,0.86,0.0,0.0,0.957,7,0.0,0.0,0.0,0.646,0,0.0,0.0,0.978,1905.2,0.0,0,0.0,0.5,0.15000000000000002,-0.25000000000000006,0.429,0,0,1.3083730032828975,-0.15300000000000002,-0.293,0.0,0.333,-131,-39.41893944634646,0.0,0.0,-21,0.0,-1.7199104976597361,0.0,1.2149685216537067,-6,0.0,-0.10700000000000001,-1,-1.1730096806967991,0.5555555555555556,0,0.0,1.3116753216531276,0.12,0.0,0.0,0.55,0.3,1.9894050745156722,0.47,0.34,1.0,-14.743248505276348,0.0,0.357,0.0,0.5,0.0,0.12,2,0.333,2,0.0,17.33,0.4798,0.2338,0.3629,0.9783,0.143,0.0577,0.0,0.18,0.0,0.0,0.913,4,0.0,0.0,0.0,0.346,0,0.0,0.0,0.912,1763.0,0.0,0,0.0,0.5,-17.33,0.0,-0.10389999999999999,-0.7662,-0.13429999999999997,-0.009400000000000075,-0.857,0.011500000000000003,0,-38,0,0.0,0,-0.6799999999999999,-292.14000000000027,0.0,0.0,-3,0.0,0.0,0.0,-0.30000000000000004,0,0.5,0.0,0.0,-0.06599999999999995,-259.56000000000006,-142.20000000000005,0.0,0,0.0,0.0,90,-9,0
Uruguay,England,0.0,0.03501665818820987,-0.04000000000000001,0.0,0.17665053354205862,0.04300000000000004,-976.5999999999999,0.0,0.0,1.5317521746161982,0.14,0.0,0.0,0.5,0.4,0.9554779080177659,0.693,0.693,1.0,-58.28998770244644,0.0,0.357,0.0,0.5,0.0,0.267,1,0.333,3,0.0,246.0,0.7047,1.0,0.4644,0.9905,1.0,0.0346,0.0,0.425,0.0,0.0,0.87,7,0.0,0.0,0.0,0.554,0,0.0,0.0,0.78,1773.8,0.0,0,0.0,0.5,0.0,-0.050000000000000044,0.512,0,0,0.05480994317514287,0.0,0.0,0.0,0.333,-226,81.68756642899557,0.0,0.0,-26,0.0,0.2815504758341707,0.0,0.05969604767408243,-5,0.0,0.0,-2,-0.1662686987290698,0.0,0,0.0,1.566768832804408,0.1,0.0,0.0,0.5,0.35,1.0102878511929088,0.693,0.693,1.0,23.397578726549124,0.0,0.357,0.0,0.5,0.0,0.267,3,0.333,2,0.0,0.0,0.7259,0.8405,0.3833,0.9778,0.4614,0.0577,0.0,0.55,0.0,0.0,0.913,2,0.0,0.0,0.0,0.529,0,0.0,0.0,0.957,1682.6,0.0,0,0.0,0.5,246.0,0.0,0.021199999999999997,-0.15949999999999998,-0.0811,-0.012700000000000045,-0.5386,0.023100000000000002,0,-4,0,0.0,-2,0.12500000000000006,-1222.6,0.0,0.0,-5,0.0,0.0,0.0,-0.025000000000000022,0,0.5,0.0,0.0,0.17699999999999994,-800.54,-91.20000000000005,0.0,0,0.0,0.0,90,35,2
Switzerland,France,0.0,-1.3216333631002493,-0.13999999999999999,0.0,0.19535461053204328,0.08700000000000008,-696.46,0.0,0.0,2.963461473199359,0.3,0.0,0.0,0.3,0.45,0.4871243237353444,0.813,0.893,1.0,-7.450010276520393,0.0,0.357,0.0,0.5,0.0,0.347,1,0.333,3,0.0,229.78,0.7,1.0,0.512,0.9967,1.0,0.0115,0.0,0.9,0.0,0.0,0.826,9,0.0,0.0,0.0,0.808,0,0.0,0.0,0.758,1813.6,0.0,1,0.043,0.5,0.10000000000000003,0.10000000000000003,0.483,0,0,0.30800428662377577,-0.20599999999999996,-0.30600000000000005,0.0,0.333,-227,33.49543256902274,0.0,0.0,-11,0.0,-0.3168653354336568,0.0,0.6670012878665535,-4,0.0,-0.13399999999999998,0,-2.139067203543033,0.2,0,0.0,1.6418281100991097,0.16,0.0,0.0,0.4,0.55,0.7951286103591202,0.607,0.587,1.0,26.045422292502344,0.0,0.357,0.0,0.5,0.0,0.213,1,0.333,2,0.0,0.0,0.6926,1.0,0.3736,0.9875,0.4914,0.0346,0.0,0.86,0.0,0.0,0.913,7,0.0,0.0,0.0,0.621,0,0.0,0.0,0.957,1775.6,0.0,0,0.0,0.5,229.78,0.0,-0.007399999999999962,0.0,-0.13840000000000002,-0.009199999999999986,-0.5085999999999999,0.0231,0,-22,0,0.0,-1,-0.040000000000000036,-926.24,0.0,0.0,-2,0.0,0.0,0.0,-0.18700000000000006,0,0.5,0.0,0.0,0.19899999999999995,-479.07,-38.0,0.0,0.0,-0.043,0.0,90,3,0
Germany,Ghana,0.0,1.1751902453915617,0.14,0.0,-0.09578116785235158,-0.04399999999999993,440.14999999999986,0.0,0.0,1.6713746978810817,0.12,0.0,0.0,0.55,0.3,1.1091789413551834,0.623,0.633,1.0,-3.938620956817008,0.0,0.357,0.0,0.5,0.0,0.227,3,0.333,1,0.0,2.51,0.3596,0.6928,0.5154,0.9872,0.31,0.0346,0.0,0.33,0.0,0.0,0.957,4,0.0,0.0,0.0,0.475,0,0.0,0.0,0.976,1692.6,0.0,0,0.0,0.5,0.0,0.15000000000000002,0.542,0,0,-0.25009197856439047,0.08699999999999997,0.10699999999999998,0.0,0.333,261,34.13518698159615,0.0,0.0,56,0.0,1.2098939229279195,0.0,-0.3039009666018271,6,0.0,0.05300000000000002,2,1.7143026905218404,1.0,0,0.0,2.8465649432726434,0.26,0.0,0.0,0.55,0.45,0.8590869627907929,0.71,0.74,1.0,30.196566024779138,0.0,0.357,0.0,0.5,0.0,0.28,1,0.333,2,0.0,80.0,0.7408,1.0,0.3347,0.9877,1.0,0.0462,0.0,0.84,0.0,0.0,0.913,6,0.0,0.0,0.0,0.742,0,0.0,0.0,0.849,1692.2,0.0,0,0.0,0.5,-77.49,0.0,0.38120000000000004,0.30720000000000003,-0.18069999999999997,0.000500000000000056,0.69,0.0116,0,-2,0,0.0,0,0.51,517.6399999999999,0.0,0.0,2,0.0,0.0,0.0,0.267,0,0.5,0.0,0.0,-0.127,404.34999999999997,-0.3999999999998636,0.0,0,0.0,0.0,90,3,1
South Korea,Algeria,0.0,-0.8551784959302519,-0.12,0.0,-0.0009969973722703251,0.0,-489.62,0.0,0.0,1.6871142491681694,0.18,0.0,0.0,0.4,0.45,1.0050206951274385,0.623,0.633,1.0,-4.043690468498442,0.0,0.357,0.0,0.5,0.0,0.227,3,0.333,2,0.0,43.64,0.5319,0.7322,0.3736,0.9957,0.4217,0.0115,0.0,0.65,0.0,0.0,0.913,4,0.0,0.0,0.0,0.713,0,0.0,0.0,0.886,1631.4,0.0,0,0.0,0.5,0.04999999999999999,-0.25,0.459,0,0,0.6224947871386455,-0.136,-0.246,0.0,0.333,-32,-13.458828302249367,0.0,0.0,-4,0.0,-1.3808072853772102,0.0,0.6752856146422861,1,0.0,-0.094,0,-1.1750862339169106,0.5,0,0.0,0.8319357532379176,0.06,0.0,0.0,0.45,0.2,1.627515482266084,0.487,0.387,1.0,-17.50251877074781,0.0,0.357,0.0,0.5,0.0,0.133,3,0.333,2,0.0,9.87,0.4535,0.1998,0.5346,0.9544,0.0709,0.0731,0.0,0.295,0.0,0.0,0.913,3,0.0,0.0,0.0,0.321,0,0.0,0.0,0.919,1736.2,0.0,0,0.0,0.5,33.77,0.0,-0.07840000000000003,-0.5324,0.16099999999999998,-0.0413,-0.3508,0.0616,0,-2,0,0.0,0,-0.35500000000000004,-523.39,0.0,0.0,-1,0.0,0.0,0.0,-0.39199999999999996,0,0.5,0.0,0.0,0.03300000000000003,-435.95,104.79999999999995,0.0,0,0.0,0.0,90,8,0
Australia,Spain,0.0,0.039099242046549465,0.020000000000000018,0.0,-0.049821757129714817,0.0,-499.48,0.0,0.0,1.3830508221118563,0.12,0.0,0.0,0.45,0.45,1.2439404784230363,0.643,0.553,1.0,-56.16963667807814,0.0,0.357,0.0,0.5,0.0,0.227,1,0.333,2,0.0,0.0,0.7433,1.0,0.7002,0.9915,1.0,0.0231,0.0,0.4,0.0,0.0,0.913,7,0.0,0.0,0.0,0.537,0,0.0,0.0,0.957,1731.8,0.0,0,0.0,0.5,0.14999999999999997,-0.2,0.45,0,0,0.9081273160505725,-0.29300000000000004,-0.41300000000000003,0.0,0.333,-346,29.966060116125085,0.0,0.0,-30,0.0,-1.2779827065154614,0.0,0.6822068994845443,-5,0.0,-0.187,-1,0.28940373053928825,0.5,0,0.0,1.4221500641584057,0.14,0.0,0.0,0.6,0.25,2.152067794473609,0.35,0.14,1.0,-26.203576561953057,0.0,0.357,0.0,0.5,0.0,0.04,2,0.333,2,0.0,17.33,0.4798,0.2338,0.3629,0.9783,0.143,0.0577,0.0,0.06,0.0,0.0,0.913,4,0.0,0.0,0.0,0.221,0,0.0,0.0,0.912,1818.6,0.0,0,0.0,0.5,-17.33,0.0,-0.26349999999999996,-0.7662,-0.33730000000000004,-0.0132000000000001,-0.857,0.034600000000000006,0,-36,0,0.0,0,-0.34,-482.15000000000003,0.0,0.0,-3,0.0,0.0,0.0,-0.31600000000000006,0,0.5,0.0,0.0,-0.04499999999999993,-426.76,86.79999999999995,0.0,0,0.0,0.0,90,-7,0
Croatia,Mexico,0.0,0.272229207475726,0.12000000000000001,0.0,-0.06745263827734527,0.0,85.98000000000008,0.0,0.0,1.443624529529397,0.08,0.0,0.0,0.45,0.4,0.7688292225754287,0.64,0.68,1.0,-18.125620118111694,0.0,0.429,0.0,0.5,0.0,0.24,1,0.333,3,0.0,4.65,0.4964,0.8192,0.3552,0.9812,0.2426,0.0231,0.0,0.505,0.0,0.0,0.87,9,0.0,0.0,0.0,0.496,0,0.0,0.0,0.93,1830.0,0.0,0,0.0,0.5,0.04999999999999999,-0.050000000000000044,0.505,0,0,0.26334093066039,-0.050000000000000044,-0.14,0.0,0.333,-85,10.939279535577251,0.0,-0.07200000000000001,-7,0.0,0.6602863437224546,0.0,0.640974618642461,-6,0.0,-0.03999999999999998,-1,1.5251856709488818,0.0,0,0.0,1.715853737005123,0.2,0.0,0.0,0.5,0.35,1.0321701532358187,0.59,0.54,1.0,-7.186340582534443,0.0,0.357,0.0,0.5,0.0,0.2,2,0.333,3,0.0,28.669999999999998,0.5234,1.0,0.4299,0.9915,0.629,0.0231,0.0,0.71,0.0,0.0,0.87,6,0.0,0.0,0.0,0.633,0,0.0,0.0,0.879,1837.0,0.0,0,0.0,0.5,-24.019999999999996,0.0,0.02699999999999997,0.18079999999999996,0.07469999999999999,0.010300000000000087,0.38639999999999997,0.0,0,7,0,0.0,0,0.20499999999999996,110.00000000000009,0.0,0.0,-3,0.0,0.0,0.0,0.137,0,0.5,0.0,0.0,-0.051000000000000045,73.76999999999998,7.0,0.0,0,0.0,0.0,90,-37,0
Japan,Colombia,0.0,-0.052748713464403574,-0.04000000000000001,0.0,0.007517404828914165,-0.04399999999999993,-8.020000000000095,0.0,0.0,1.8984803039965528,0.22,0.0,0.0,0.35,0.55,0.7134679511234716,0.623,0.633,1.0,-8.311017453013314,0.0,0.357,0.0,0.5,0.0,0.227,1,0.333,1,0.0,2.03,0.6034,0.807,0.4448,0.9826,0.4149,0.0462,0.0,0.9,0.0,0.0,0.957,7,0.0,0.0,0.0,0.704,0,0.0,0.0,0.976,1739.0,0.0,0,0.0,0.5,0.25,-0.30000000000000004,0.468,0,0,0.6741271633036003,-0.03300000000000003,-0.09299999999999997,0.0,0.333,-73,-21.845199993697506,0.0,0.0,-5,0.0,-0.7054132615971971,0.0,0.47324074163842345,1,0.0,-0.026999999999999996,-1,-0.6934892717659529,0.5,0,0.0,1.8457315905321492,0.18,0.0,0.0,0.6,0.25,1.387595114427072,0.59,0.54,1.0,-30.15621744671082,0.0,0.357,0.0,0.5,0.0,0.2,2,0.333,2,0.0,0.0,0.4989,0.8942,0.3604,0.9875,0.4305,0.0462,0.0,0.575,0.0,0.0,0.913,5,0.0,0.0,0.0,0.621,0,0.0,0.0,0.957,1613.2,0.0,0,0.0,0.5,2.03,0.0,-0.10450000000000004,0.08719999999999994,-0.08439999999999998,0.0049000000000000155,0.015600000000000003,0.0,0,20,0,0.0,0,-0.32500000000000007,-10.050000000000068,0.0,0.0,-2,0.0,0.0,0.0,-0.08299999999999996,0,0.5,0.0,0.0,-0.019000000000000017,-7.269999999999982,-125.79999999999995,0.0,0,0.0,0.0,90,-19,0
Ecuador,France,0.0,-1.7619064075552915,-0.15999999999999998,0.0,0.03931956835164108,0.04400000000000004,-426.2199999999998,0.0,0.0,3.283626558640179,0.3,0.0,0.0,0.35,0.45,0.7051541406904429,0.71,0.74,1.0,-3.6032249046784037,0.0,0.357,0.0,0.5,0.0,0.28,1,0.333,3,0.0,229.78,0.7,1.0,0.512,0.9967,1.0,0.0115,0.0,0.94,0.0,0.0,0.826,9,0.0,0.0,0.0,0.808,0,0.0,0.0,0.758,1804.8,0.0,1,0.043,0.5,0.35,-0.30000000000000004,0.441,0,0,0.9384832112706398,-0.30999999999999994,-0.45999999999999996,0.0,0.333,-280,5.856314910922952,0.0,0.0,-17,0.0,-1.5038755591818127,0.0,1.0108575730070268,-8,0.0,-0.2,-2,-2.8697503316448074,0.0,0,0.0,1.5217201510848875,0.14,0.0,0.0,0.7,0.15,1.6436373519610827,0.4,0.28,1.0,2.2530900062445482,0.0,0.357,0.0,0.5,0.0,0.08,3,0.333,3,0.0,96.17999999999999,0.6952,0.5572,0.4946,0.9613,0.6396,0.1077,0.0,0.49,0.0,0.0,0.87,4,0.0,0.0,0.0,0.392,0,0.0,0.0,0.811,1910.8,0.0,0,0.0,0.5,133.60000000000002,0.0,-0.0047999999999999154,-0.44279999999999997,-0.017400000000000027,-0.03539999999999999,-0.36040000000000005,0.09620000000000001,0,-16,0,0.0,0,-0.44999999999999996,-559.8199999999998,0.0,0.0,-5,0.0,0.0,0.0,-0.41600000000000004,0,0.5,0.0,0.0,0.05300000000000005,-233.07999999999998,106.0,0.0,0.0,-0.043,0.0,90,31,1
South Korea,Belgium,0.0,-0.801970256547986,-0.12,0.0,-0.0658043869591306,0.0,-399.8800000000001,0.0,0.0,1.8039063449738204,0.22,0.0,0.0,0.5,0.45,0.8107910917788438,0.727,0.787,1.0,13.902515650917415,0.0,0.286,0.0,0.5,0.0,0.293,1,0.333,2,0.0,0.0,0.5694,1.0,0.3031,0.9754,0.6806,0.0462,0.0,1.0,0.0,0.0,0.913,5,0.0,0.0,0.0,0.863,0,0.0,0.0,0.957,1674.2,0.0,0,0.0,0.5,-0.04999999999999999,-0.25,0.411,0,0,1.1617891650443894,-0.27399999999999997,-0.49400000000000005,0.0,0.333,-84,-47.50069702383628,0.0,0.0,-17,0.0,-2.378663974151482,0.0,1.9444768237935368,-5,0.0,-0.186,-2,-0.8415543133713563,0.5,0,0.0,1.0019360884258344,0.1,0.0,0.0,0.45,0.2,1.9725802568232333,0.453,0.293,1.0,-33.598181372918866,0.0,0.286,0.0,0.5,0.0,0.107,3,0.333,2,0.0,9.87,0.4535,0.1998,0.5346,0.9544,0.0709,0.0731,0.0,0.205,0.0,0.0,0.913,3,0.0,0.0,0.0,0.321,0,0.0,0.0,0.919,1726.4,0.0,0,0.0,0.5,-9.87,0.0,-0.1159,-0.8002,0.23149999999999998,-0.02100000000000002,-0.6097,0.0269,0,10,0,0.0,0,-0.795,-390.0100000000001,0.0,0.0,-2,0.0,0.0,0.0,-0.542,0,0.5,0.0,0.0,-0.03799999999999992,-353.19,52.200000000000045,0.0,0,0.0,0.0,90,9,0
Portugal,Ghana,0.0,0.296787314522595,0.01999999999999999,0.0,-0.09730116429265467,-0.04399999999999993,566.8499999999998,0.0,0.0,1.709851278620267,0.14,0.0,0.0,0.6,0.25,1.2478598144387634,0.52,0.48,1.0,15.971343266047317,0.0,0.357,0.0,0.5,0.0,0.16,3,0.333,1,0.0,2.51,0.3596,0.6928,0.5154,0.9872,0.31,0.0346,0.0,0.375,0.0,0.0,0.957,4,0.0,0.0,0.0,0.396,0,0.0,0.0,0.976,1798.2,0.0,0,0.0,0.5,0.0,0.09999999999999998,0.509,0,0,0.1661269659077802,0.052999999999999936,0.013000000000000012,0.0,0.333,314,-16.276788916047146,0.0,-0.07100000000000001,61,0.0,0.6009890574991227,0.0,0.37555751950807936,5,0.0,0.026999999999999996,1,0.1148204624297946,0.5,0,0.0,2.006638593142862,0.16,0.0,0.0,0.6,0.35,1.4139867803465436,0.573,0.493,1.0,-0.3054456499998288,0.0,0.286,0.0,0.5,0.0,0.187,2,0.333,2,0.0,96.63,0.5771,1.0,0.6682,0.983,1.0,0.0462,0.0,0.535,0.0,0.0,0.913,5,0.0,0.0,0.0,0.529,0,0.0,0.0,0.833,1838.2,0.0,0,0.0,0.5,-94.11999999999999,0.0,0.21749999999999997,0.30720000000000003,0.15280000000000005,-0.0041999999999999815,0.69,0.0116,0,1,0,0.0,1,0.16000000000000003,660.9699999999998,0.0,0.0,1,0.0,0.0,0.0,0.133,0,0.5,0.0,0.0,-0.14300000000000002,436.11999999999995,40.0,0.0,0,0.0,0.0,90,9,2
Colombia,Uruguay,0.0,0.645161093781776,0.14,0.0,-0.007517404828914165,0.04399999999999993,98.02999999999992,0.0,0.0,1.55334244384458,0.14,0.0,0.0,0.5,0.4,0.8464344962677703,0.693,0.693,1.0,29.56158790777512,0.0,0.286,0.0,0.5,0.0,0.267,3,0.333,2,0.0,0.0,0.7259,0.8405,0.3833,0.9778,0.4614,0.0577,0.0,0.8,0.0,0.0,0.913,2,0.0,0.0,0.0,0.688,0,0.0,0.0,0.957,1766.8,0.0,0,0.0,0.5,-0.15000000000000002,0.15000000000000002,0.511,0,0,-0.09305491623721274,-0.06999999999999995,-0.05999999999999994,0.0,0.333,160,-15.638276710328022,0.0,0.0,23,0.0,0.31896792647739947,0.0,-0.03220420017502246,4,0.0,-0.04000000000000001,2,1.530968645230121,0.26666666666666666,0,0.0,2.198503537626356,0.28,0.0,0.0,0.35,0.55,0.7533795800305576,0.623,0.633,1.0,13.923311197447099,0.0,0.286,0.0,0.5,0.0,0.227,1,0.333,1,0.0,2.03,0.6034,0.807,0.4448,0.9826,0.4149,0.0462,0.0,0.96,0.0,0.0,0.957,7,0.0,0.0,0.0,0.808,0,0.0,0.0,0.976,1797.2,0.0,0,0.0,0.5,-2.03,0.0,-0.12249999999999994,-0.033499999999999974,0.0615,0.0048000000000000265,-0.046499999999999986,-0.011500000000000003,0,-19,0,0.0,0,0.15999999999999992,100.05999999999989,0.0,0.0,5,0.0,0.0,0.0,0.1200000000000001,0,0.5,0.0,0.0,0.019000000000000017,81.14999999999998,30.40000000000009,0.0,0,0.0,0.0,90,-19,2
Netherlands,Mexico,0.0,0.6148392102741878,0.18,0.0,0.022143911614838863,0.08699999999999997,434.64000000000027,0.0,0.0,1.667713520844536,0.08,0.0,0.0,0.45,0.4,0.7937311653634042,0.64,0.68,1.0,-13.803578788161223,0.0,0.429,0.0,0.5,0.0,0.24,1,0.333,3,0.0,4.65,0.4964,0.8192,0.3552,0.9812,0.2426,0.0231,0.0,0.675,0.0,0.0,0.87,9,0.0,0.0,0.0,0.496,0,0.0,0.0,0.93,1834.6,0.0,0,0.0,0.5,-0.04999999999999999,0.15000000000000002,0.532,0,0,-0.0441655747210834,0.06999999999999995,0.05999999999999994,0.0,0.333,-11,45.13064020307323,0.0,0.0,-2,0.0,1.328256116852793,0.0,0.08879379320570202,0,0.0,0.040000000000000036,0,1.6300868030307425,1.0,0,0.0,2.2825527311187237,0.26,0.0,0.0,0.4,0.55,0.7495655906423208,0.71,0.74,1.0,31.327061414912002,0.0,0.429,0.0,0.5,0.0,0.28,1,0.333,1,0.0,0.0,0.5837,1.0,0.4972,0.9877,1.0,0.0462,0.0,1.0,0.0,0.0,0.957,7,0.0,0.0,0.0,0.875,0,0.0,0.0,0.978,1813.8,0.0,0,0.0,0.5,4.65,0.0,0.08729999999999999,0.18079999999999996,0.14199999999999996,0.006500000000000061,0.7574,0.0231,0,22,0,0.0,0,0.32499999999999996,429.99000000000024,0.0,0.0,-2,0.0,0.0,0.0,0.379,0,0.5,0.0,0.0,0.04799999999999993,365.54,-20.799999999999955,0.0,0,0.0,0.0,90,-27,2
Germany,Algeria,0.0,0.5605941327258364,0.07999999999999999,0.0,-0.04173568711083708,0.0,41.12999999999988,0.0,0.0,1.8802428418759687,0.22,0.0,0.0,0.5,0.35,1.1434708952737975,0.433,0.373,1.0,-0.40910935785583735,0.0,0.286,0.0,0.5,0.0,0.107,3,0.333,2,0.0,43.64,0.5319,0.7322,0.3736,0.9957,0.4217,0.0115,0.0,0.625,0.0,0.0,0.913,4,0.0,0.0,0.0,0.633,0,0.0,0.0,0.886,1689.6,0.0,0,0.0,0.5,0.0,0.15000000000000002,0.529,0,0,-0.29017561171078454,0.174,0.21399999999999997,0.0,0.333,76,27.95311907491872,0.0,0.0,15,0.0,0.422930815900167,0.0,-0.5423594266492572,8,0.0,0.106,2,0.607771690598963,0.5,0,0.0,2.440836974601805,0.3,0.0,0.0,0.5,0.5,0.853295283563013,0.607,0.587,1.0,27.544009717062885,0.0,0.286,0.0,0.5,0.0,0.213,1,0.333,2,0.0,80.0,0.7408,1.0,0.3347,0.9877,1.0,0.0462,0.0,0.835,0.0,0.0,0.913,6,0.0,0.0,0.0,0.742,0,0.0,0.0,0.849,1713.2,0.0,0,0.0,0.5,-36.36,0.0,0.20889999999999997,0.26780000000000004,-0.03889999999999999,-0.008000000000000007,0.5783,0.034699999999999995,0,9,0,0.0,0,0.20999999999999996,77.4899999999999,0.0,0.0,2,0.0,0.0,0.0,0.10899999999999999,0,0.5,0.0,0.0,-0.03700000000000003,39.00999999999999,23.600000000000136,0.0,0,0.0,0.0,90,8,2
Argentina,Switzerland,0.0,0.09799214445992965,0.01999999999999999,0.0,-0.08841090671291696,-0.04300000000000004,391.2499999999998,0.0,0.0,1.8792168733181491,0.2,0.0,0.0,0.4,0.6,1.1990247648916545,0.66,0.6,1.0,19.945698117443776,0.0,0.429,0.0,0.5,0.0,0.24,1,0.333,2,0.0,0.0,0.6926,1.0,0.3736,0.9875,0.4914,0.0346,0.0,0.75,0.0,0.0,0.913,7,0.0,0.0,0.0,0.7,0,0.0,0.0,0.957,1798.4,0.0,0,0.0,0.5,0.09999999999999998,-0.09999999999999998,0.525,0,0,-0.4655406747526577,0.04999999999999993,0.14,0.0,0.333,201,-39.440729748087335,0.0,0.0,10,0.0,0.7043468447729806,0.0,-0.6003839553502132,3,0.0,0.040000000000000036,0,0.022920214580688825,0.6666666666666666,0,0.0,1.9772090177780788,0.22,0.0,0.0,0.5,0.5,0.7334840901389968,0.71,0.74,1.0,-19.495031630643563,0.0,0.429,0.0,0.5,0.0,0.28,1,0.333,3,0.0,62.19,0.5536,1.0,0.3083,0.9917,1.0,0.0231,0.0,1.0,0.0,0.0,0.87,9,0.0,0.0,0.0,0.85,0,0.0,0.0,0.818,1699.8,0.0,0,0.0,0.5,-62.19,0.0,-0.139,0.0,-0.06529999999999997,0.0041999999999999815,0.5085999999999999,-0.0115,0,17,0,0.0,0,0.25,453.4399999999998,0.0,0.0,2,0.0,0.0,0.0,0.15000000000000002,0,0.5,0.0,0.0,-0.139,365.29,-98.60000000000014,0.0,0,0.0,0.0,90,39,2
France,Germany,0.0,0.31084421892596037,0.0,0.0,-0.08881153383434592,-0.08700000000000008,275.57000000000016,0.0,0.0,2.394028505524635,0.3,0.0,0.0,0.55,0.45,0.8810283829743943,0.623,0.633,1.0,29.904501359962236,0.0,0.286,0.0,0.5,0.0,0.227,1,0.333,2,0.0,80.0,0.7408,1.0,0.3347,0.9877,1.0,0.0462,0.0,0.9,0.0,0.0,0.913,6,0.0,0.0,0.0,0.808,0,0.0,0.0,0.849,1737.0,0.0,0,0.0,0.5,-0.30000000000000004,0.10000000000000003,0.507,0,0,-0.3722173570069791,0.17400000000000004,0.21399999999999997,0.0,0.333,233,-40.430333601900195,0.0,0.0,12,0.0,-0.0851176147492656,0.0,-0.41561497438821854,2,0.0,0.10600000000000001,0,0.4422113674253447,0.6666666666666666,0,0.0,2.7048727244505955,0.3,0.0,0.0,0.25,0.55,0.5088110259674152,0.797,0.847,1.0,-10.525832241937959,0.0,0.286,0.0,0.5,0.0,0.333,1,0.333,3,0.0,229.78,0.7,1.0,0.512,0.9967,1.0,0.0115,0.0,0.875,0.0,0.0,0.826,9,0.0,0.0,0.0,0.808,0,0.0,0.0,0.758,1787.6,0.0,1,0.043,0.5,-149.78,0.0,-0.04080000000000006,0.0,0.1773,0.009000000000000008,0.0,-0.034699999999999995,0,-8,0,0.0,1,-0.025000000000000022,425.35000000000014,0.0,0.0,3,0.0,0.0,0.0,0.0,0,0.5,0.0,0.0,-0.09099999999999997,93.09000000000003,50.59999999999991,0.0,0.0,0.043,0.0,90,-8,0
Brazil,Colombia,0.0,0.29482464776523143,-0.10000000000000003,0.0,-0.07868354682959211,-0.131,792.0699999999999,0.0,0.0,2.170853578183596,0.28,0.0,0.0,0.35,0.55,0.6484398138080609,0.727,0.787,1.0,26.161816515725917,0.0,0.429,0.0,0.5,0.0,0.293,1,0.333,1,0.0,2.03,0.6034,0.807,0.4448,0.9826,0.4149,0.0462,0.0,1.0,0.0,0.0,0.957,7,0.0,0.0,0.0,0.875,0,0.0,0.0,0.976,1788.2,0.0,0,0.0,0.5,0.10000000000000003,-0.050000000000000044,0.466,0,0,-0.09759347994591494,-0.08699999999999997,-0.10699999999999998,0.0,0.333,48,-13.398677633475685,0.0,0.0,2,0.0,-0.9579744010374758,0.0,0.25191952189044325,3,0.0,-0.05299999999999999,0,-0.9289131709067815,0.4666666666666667,0,0.0,2.4656782259488272,0.18,0.0,0.0,0.45,0.5,0.550846333862146,0.64,0.68,1.0,12.763138882250232,0.0,0.429,0.0,0.5,0.0,0.24,1,0.333,4,0.0,100.0,0.6844,1.0,0.3217,0.9746,1.0,0.1231,0.0,0.725,0.0,0.0,0.826,7,0.0,0.0,0.0,0.692,0,0.0,0.0,0.813,1807.2,0.0,0,0.0,0.5,-97.97,0.0,0.08099999999999996,0.19299999999999995,-0.12309999999999999,-0.008000000000000007,0.5851,0.0769,0,12,0,0.0,0,-0.275,890.04,0.0,0.0,0,0.0,0.0,0.0,-0.18300000000000005,0,0.5,0.0,0.0,-0.16300000000000003,661.39,19.0,0.0,0,0.0,0.0,90,12,2
Argentina,Belgium,0.0,0.11151621650068999,0.03999999999999998,0.0,-0.08841090671291696,-0.04300000000000004,101.22999999999968,0.0,0.0,1.7222770771445135,0.14,0.0,0.0,0.55,0.4,0.7472391401220182,0.727,0.787,1.0,26.20666906484398,0.0,0.286,0.0,0.5,0.0,0.293,1,0.333,2,0.0,0.0,0.5694,1.0,0.3031,0.9754,0.6806,0.0462,0.0,1.0,0.0,0.0,0.913,5,0.0,0.0,0.0,0.812,0,0.0,0.0,0.957,1785.6,0.0,0,0.0,0.5,-0.10000000000000003,0.15000000000000002,0.495,0,0,-0.12322183574939305,-0.017000000000000015,-0.04700000000000004,0.0,0.333,231,-42.327804427774986,0.0,0.0,13,0.0,0.0,0.0,0.18280083687960968,3,0.0,-0.012999999999999956,0,0.3116520849654514,1.0,0,0.0,1.8337932936452035,0.18,0.0,0.0,0.45,0.55,0.6240173043726251,0.71,0.74,1.0,-16.121135362931007,0.0,0.286,0.0,0.5,0.0,0.28,1,0.333,3,0.0,62.19,0.5536,1.0,0.3083,0.9917,1.0,0.0231,0.0,1.0,0.0,0.0,0.87,9,0.0,0.0,0.0,0.825,0,0.0,0.0,0.818,1772.4,0.0,0,0.0,0.5,-62.19,0.0,-0.015800000000000036,0.0,0.005200000000000038,0.01629999999999998,0.3194,-0.0231,0,8,0,0.0,0,0.0,163.41999999999973,0.0,0.0,4,0.0,0.0,0.0,0.0129999999999999,0,0.5,0.0,0.0,-0.139,101.08000000000004,-13.199999999999818,0.0,0,0.0,0.0,90,43,2
Brazil,Germany,0.0,0.2082598120435546,0.0,0.0,0.020342125039191084,-0.08700000000000008,389.21000000000004,0.0,0.0,2.1925531514780707,0.2,0.0,0.0,0.5,0.5,0.7510098540920465,0.71,0.74,1.0,47.60775365516425,0.0,0.286,0.0,0.5,0.0,0.28,1,0.333,2,0.0,80.0,0.7408,1.0,0.3347,0.9877,1.0,0.0462,0.0,0.94,0.0,0.0,0.913,6,0.0,0.0,0.0,0.771,0,0.0,0.0,0.849,1892.4,0.0,0,0.0,0.5,-0.04999999999999999,0.0,0.476,0,0,-0.14489829976834034,-0.15699999999999992,-0.16700000000000004,0.0,0.333,130,-27.225685454846893,0.0,0.0,9,0.0,-0.46956456318198736,0.0,0.2930799089957251,0,0.0,-0.09300000000000003,0,0.18504207966577035,0.4444444444444444,0,0.0,2.4008129635216253,0.2,0.0,0.0,0.45,0.5,0.6061115543237061,0.553,0.573,1.0,20.38206820031736,0.0,0.286,0.0,0.5,0.0,0.187,1,0.333,4,0.0,100.0,0.6844,1.0,0.3217,0.9746,1.0,0.1231,0.0,0.815,0.0,0.0,0.826,7,0.0,0.0,0.0,0.692,0,0.0,0.0,0.813,1854.8,0.0,0,0.0,0.5,-20.0,0.0,-0.056400000000000006,0.0,-0.013000000000000012,-0.0131,0.0,0.0769,0,-19,0,0.0,0,-0.125,409.21000000000004,0.0,0.0,1,0.0,0.0,0.0,-0.07900000000000007,0,0.5,0.0,0.0,-0.03600000000000003,293.09000000000003,-37.600000000000136,0.0,0,0.0,0.0,90,28,0
Netherlands,Argentina,0.0,0.2110504351630076,0.07999999999999999,0.0,0.08841090671291696,0.08699999999999997,-1.2499999999995453,0.0,0.0,1.7249508411210326,0.16,0.0,0.0,0.45,0.55,0.5370966713007815,0.71,0.74,1.0,4.815211748552178,0.0,0.286,0.0,0.5,0.0,0.28,1,0.333,3,0.0,62.19,0.5536,1.0,0.3083,0.9917,1.0,0.0231,0.0,1.0,0.0,0.0,0.87,9,0.0,0.0,0.0,0.812,0,0.0,0.0,0.818,1814.4,0.0,0,0.0,0.5,-0.04999999999999999,0.0,0.485,0,0,0.137068336249897,-0.08699999999999997,-0.10699999999999998,0.0,0.333,-157,24.426123291920476,0.0,0.0,-7,0.0,-0.5735274526047545,0.0,0.16509387276712595,-1,0.0,-0.05300000000000002,0,0.4571073649386346,0.7777777777777778,0,0.0,1.9360012762840402,0.24,0.0,0.0,0.4,0.55,0.6741650075506785,0.623,0.633,1.0,29.241335040472656,0.0,0.286,0.0,0.5,0.0,0.227,1,0.333,1,0.0,0.0,0.5837,1.0,0.4972,0.9877,1.0,0.0462,0.0,0.825,0.0,0.0,0.957,7,0.0,0.0,0.0,0.783,0,0.0,0.0,0.978,1873.4,0.0,0,0.0,0.5,62.19,0.0,0.030100000000000016,0.0,0.18889999999999996,-0.0040000000000000036,0.0,0.0231,0,17,0,0.0,0,-0.17500000000000004,-63.4399999999996,0.0,0.0,-2,0.0,0.0,0.0,-0.029000000000000026,0,0.5,0.0,0.0,0.16000000000000003,-32.129999999999995,59.0,0.0,0,0.0,0.0,90,-32,1
Brazil,Netherlands,0.0,0.5612540580885779,0.01999999999999999,0.0,-0.08620095165850628,-0.131,420.0999999999997,0.0,0.0,1.644436833094109,0.14,0.0,0.0,0.4,0.55,0.5802591994255282,0.71,0.74,1.0,32.557347071718084,0.0,0.214,0.0,0.5,0.0,0.28,1,0.333,1,0.0,0.0,0.5837,1.0,0.4972,0.9877,1.0,0.0462,0.0,0.7,0.0,0.0,0.957,7,0.0,0.0,0.0,0.667,0,0.0,0.0,0.978,1861.8,0.0,0,0.0,0.5,0.04999999999999999,-0.050000000000000044,0.454,0,0,0.9602598305541838,-0.25699999999999995,-0.447,0.0,0.333,80,-27.758850964294837,0.0,0.07199999999999998,5,0.0,-0.4593486077247948,0.0,2.1418051393403763,0,0.0,-0.17300000000000004,0,0.49230961061933276,0.1111111111111111,0,0.0,2.205690891182687,0.16,0.0,0.0,0.45,0.5,1.540519029979712,0.453,0.293,1.0,4.798496107423249,0.0,0.286,0.0,0.5,0.0,0.107,1,0.333,4,0.0,100.0,0.6844,1.0,0.3217,0.9746,1.0,0.1231,0.0,0.51,0.0,0.0,0.826,7,0.0,0.0,0.0,0.492,0,0.0,0.0,0.813,1859.6,0.0,0,0.0,0.5,-100.0,0.0,0.10070000000000001,0.0,-0.1755,-0.0131,0.0,0.0769,0,-23,0,0.0,0,-0.18999999999999995,520.0999999999997,0.0,0.0,0,0.0,0.0,0.0,-0.17500000000000004,0,0.5,0.0,0.0,-0.16500000000000004,345.90999999999997,-2.2000000000000455,0.0,0,0.0,0.0,90,26,0
Germany,Argentina,0.0,1.428601321479882,0.14,0.0,-0.0181321699847804,0.04300000000000004,29.6400000000001,0.0,0.0,1.4627840401213288,0.12,0.0,0.0,0.4,0.6,0.4476867839181591,0.797,0.847,1.0,6.817961228372805,0.0,0.286,0.0,0.5,0.0,0.333,1,0.333,3,0.0,62.19,0.5536,1.0,0.3083,0.9917,1.0,0.0231,0.0,0.825,0.0,0.0,0.87,9,0.0,0.0,0.0,0.733,0,0.0,0.0,0.818,1890.6,0.0,0,0.0,0.5,0.15000000000000002,-0.14999999999999997,0.501,0,0,0.3453037140385117,-0.17400000000000004,-0.21399999999999997,0.0,0.333,-207,40.34658285048441,0.0,0.07100000000000001,-11,0.0,0.31582495643307107,0.0,0.4219311570815667,-1,0.0,-0.10600000000000001,0,2.0136622668099875,0.3333333333333333,0,0.0,2.891385361601211,0.26,0.0,0.0,0.55,0.45,0.7929904979566708,0.623,0.633,1.0,47.16454407885721,0.0,0.357,0.0,0.5,0.0,0.227,1,0.333,2,0.0,80.0,0.7408,1.0,0.3347,0.9877,1.0,0.0462,0.0,0.96,0.0,0.0,0.913,6,0.0,0.0,0.0,0.796,0,0.0,0.0,0.849,1907.8,0.0,0,0.0,0.5,-17.810000000000002,0.0,0.18720000000000003,0.0,0.02639999999999998,-0.0040000000000000036,0.0,0.0231,0,13,0,0.0,0,0.135,47.450000000000045,0.0,0.0,-3,0.0,0.0,0.0,0.06300000000000006,0,0.5,0.0,0.0,0.031000000000000028,20.68999999999994,17.200000000000045,0.0,0,0.0,0.0,90,-34,2
Jordan,Iraq,0.0,-0.19128824112389897,0.0,0.0,0.11443784242611321,0.04300000000000004,8.040000000000049,0.0,0.0,0.617382280645463,0.02,0.0,0.0,0.35,0.2,0.9422949902181031,0.64,0.68,1.0,-26.501420996268866,0.0,0.571,0.0,0.5,0.0,0.24,0,0.333,3,0.0,14.83,0.3313,0.085,0.4944,0.9667,0.0274,0.0615,0.0,0.225,0.0,0.0,0.87,0,0.0,0.0,0.0,0.325,0,0.0,0.0,0.865,1637.6,0.0,0,0.0,0.5,0.0,0.04999999999999999,0.47,0,0,0.2729797734536269,-0.19,-0.26000000000000006,0.0,0.333,-40,-60.37589904172391,0.0,0.0,-15,0.0,-0.521012799481262,0.0,0.5558570038931959,0,0.0,-0.12,0,0.03484420441193373,0.3333333333333333,1,0.0,0.426094039521564,0.02,0.0,0.0,0.35,0.25,1.21527476367173,0.45,0.42,1.0,-86.87732003799277,0.0,0.571,0.0,0.5,0.0,0.12,0,0.333,2,0.0,0.0,0.3449,0.1075,0.4597,0.9833,0.0322,0.0462,0.0,0.0,0.0,0.0,0.913,0,0.0,0.0,0.0,0.188,0,0.0,0.0,0.957,1607.2,0.0,0,0.0,0.5,14.83,0.0,0.013600000000000001,0.022499999999999992,-0.03470000000000001,0.016599999999999948,0.004799999999999999,-0.015300000000000001,0,-5,0,0.0,0,-0.225,-6.789999999999949,0.0,0.0,0,0.0,0.0,0.0,-0.137,0,0.5,0.0,0.0,0.09199999999999997,5.009999999999991,-30.399999999999864,0.0,0,0.0,0.0,90,-4,0
Iraq,Japan,0.0,-1.7041298519161825,-0.22,0.0,-0.11443784242611321,-0.04300000000000004,-145.22999999999996,0.0,0.0,2.3675094263552827,0.26,0.0,0.0,0.55,0.3,1.325444009923152,0.677,0.647,1.0,-18.731953290011585,0.0,0.286,0.0,0.5,0.0,0.253,0,0.333,2,0.0,0.0,0.4989,0.8942,0.3604,0.9875,0.4305,0.0462,0.0,0.88,0.0,0.0,0.913,0,0.0,0.0,0.0,0.75,0,0.0,0.0,0.957,1744.8,0.0,0,0.0,0.5,-0.25000000000000006,-0.04999999999999999,0.471,0,0,-0.5217014982879445,-0.03700000000000003,0.03300000000000003,0.0,0.333,-238,-5.115576235896853,0.0,0.0,-45,0.0,-1.3464962893773849,0.0,-0.34328656132743984,0,0.0,-0.013000000000000012,0,-2.4831965873872823,0.0,1,0.0,0.6633795744391001,0.04,0.0,0.0,0.3,0.25,0.8037425116352074,0.64,0.68,1.0,-23.84752952590844,0.0,0.286,0.0,0.5,0.0,0.24,0,0.333,3,0.0,14.83,0.3313,0.085,0.4944,0.9667,0.0274,0.0615,0.0,0.49,0.0,0.0,0.87,0,0.0,0.0,0.0,0.404,0,0.0,0.0,0.865,1662.6,0.0,0,0.0,0.5,-14.83,0.0,-0.16760000000000003,-0.8092,0.134,-0.02080000000000004,-0.4031,0.015300000000000001,0,-13,0,0.0,0,-0.39,-130.39999999999995,0.0,0.0,0,0.0,0.0,0.0,-0.346,0,0.5,0.0,0.0,-0.09199999999999997,-121.47,-82.20000000000005,0.0,0,0.0,0.0,90,-10,0
Australia,South Korea,0.0,0.7095371932259431,0.07999999999999999,0.0,0.015982629829415784,0.0,190.39000000000001,0.0,0.0,1.0590335243048619,0.1,0.0,0.0,0.3,0.35,0.8237006903976349,0.813,0.893,1.0,-0.09261879797122141,0.0,0.286,0.0,0.5,0.0,0.347,0,0.333,2,0.0,9.87,0.4535,0.1998,0.5346,0.9544,0.0709,0.0731,0.0,0.88,0.0,0.0,0.913,0,0.0,0.0,0.0,0.7,0,0.0,0.0,0.919,1649.2,0.0,0,0.0,0.5,0.10000000000000003,-0.04999999999999999,0.466,0,0,0.6099357930980784,-0.18999999999999995,-0.26,0.0,0.333,27,-44.53457510923903,0.0,0.0,2,0.0,-0.8343729188207654,0.0,0.6192292300237152,0,0.0,-0.11999999999999997,0,1.2435633013779088,0.4444444444444444,1,0.0,1.768570717530805,0.18,0.0,0.0,0.4,0.3,1.4336364834957134,0.623,0.633,1.0,-44.62719390721025,0.0,0.286,0.0,0.5,0.0,0.227,0,0.333,2,0.0,17.33,0.4798,0.2338,0.3629,0.9783,0.143,0.0577,0.0,0.64,0.0,0.0,0.913,0,0.0,0.0,0.0,0.546,0,0.0,0.0,0.912,1648.4,0.0,0,0.0,0.5,-7.459999999999999,0.0,0.02629999999999999,0.034,-0.17169999999999996,0.02389999999999992,0.07209999999999998,-0.015399999999999997,0,-23,0,0.0,0,-0.24,197.85,0.0,0.0,0,0.0,0.0,0.0,-0.15399999999999991,0,0.5,0.0,0.0,-0.007000000000000006,162.57999999999998,-0.7999999999999545,0.0,0,0.0,0.0,90,-7,0
Uzbekistan,Saudi Arabia,0.0,-0.19329578527112368,-0.04000000000000001,0.0,-0.04980188276574071,0.04300000000000004,5.820000000000007,0.0,0.0,1.3489097295991133,0.14,0.0,0.0,0.5,0.25,1.485998419319229,0.487,0.387,1.0,-65.28930929530883,0.0,0.286,0.0,0.5,0.0,0.133,0,0.333,1,0.0,6.54,0.3742,0.1149,0.5194,0.975,0.0618,0.0692,0.0,0.43,0.0,0.0,0.87,0,0.0,0.0,0.0,0.438,0,0.0,0.0,0.901,1568.2,0.0,2,0.087,0.5,-0.15000000000000002,0.25,0.532,0,0,-0.8490934415551553,0.22299999999999998,0.353,0.0,0.333,-14,82.08674253261354,0.0,0.0,-5,0.0,0.5084169494954913,0.0,-0.8331313348532051,0,0.0,0.14700000000000002,0,-0.6255088973161376,0.2,1,0.0,1.1556139443279896,0.1,0.0,0.0,0.35,0.5,0.6369049777640737,0.71,0.74,1.0,16.797433237304713,0.0,0.286,0.0,0.5,0.0,0.28,0,0.333,2,0.0,13.719999999999999,0.3388,0.0884,0.4194,0.9833,0.159,0.0615,0.0,0.55,0.0,0.0,0.913,0,0.0,0.0,0.0,0.608,0,0.0,0.0,0.888,1597.6,0.0,0,0.0,0.5,-7.179999999999999,0.0,-0.03539999999999999,-0.026499999999999996,-0.09999999999999998,0.008299999999999974,0.09720000000000001,-0.0076999999999999985,0,9,0,0.0,0,0.12000000000000005,13.0,0.0,0.0,0,0.0,0.0,0.0,0.16999999999999998,0,0.5,0.0,0.0,-0.013000000000000012,6.039999999999992,29.399999999999864,0.0,0.0,-0.087,0.0,90,6,2
Japan,Jordan,0.0,1.1346981193241967,0.14,0.0,0.0,0.0,137.18999999999988,0.0,0.0,1.0350298491853647,0.12,0.0,0.0,0.3,0.25,1.159479467380968,0.45,0.42,1.0,-77.53015108377832,0.0,0.286,0.0,0.5,0.0,0.12,0,0.333,2,0.0,0.0,0.3449,0.1075,0.4597,0.9833,0.0322,0.0462,0.0,0.35,0.0,0.0,0.913,0,0.0,0.0,0.0,0.35,0,0.0,0.0,0.957,1623.0,0.0,0,0.0,0.5,0.2,0.09999999999999998,0.556,0,0,-0.047852446098840096,0.22700000000000004,0.22700000000000004,0.0,0.333,278,60.92488028025225,0.0,0.0,60,0.0,1.7531550768353443,0.0,-0.4212227815261145,0,0.0,0.133,0,0.9919455403279087,0.4166666666666667,1,0.0,2.1697279685095614,0.26,0.0,0.0,0.5,0.35,1.111627021282128,0.677,0.647,1.0,-16.605270803526064,0.0,0.286,0.0,0.5,0.0,0.253,0,0.333,2,0.0,0.0,0.4989,0.8942,0.3604,0.9875,0.4305,0.0462,0.0,0.92,0.0,0.0,0.913,0,0.0,0.0,0.0,0.75,0,0.0,0.0,0.957,1747.4,0.0,0,0.0,0.5,0.0,0.0,0.15400000000000003,0.7867,-0.0993,0.0042000000000000925,0.3983,0.0,0,18,0,0.0,0,0.5700000000000001,137.18999999999988,0.0,0.0,0,0.0,0.0,0.0,0.4,0,0.5,0.0,0.0,0.0,116.46000000000001,124.40000000000009,0.0,0,0.0,0.0,90,14,2
South Korea,Uzbekistan,0.0,-0.38360649280292924,-0.01999999999999999,0.0,0.04012519920516833,0.0,24.319999999999993,0.0,0.0,1.427118815457721,0.12,0.0,0.0,0.35,0.5,0.6874812181613045,0.71,0.74,1.0,18.061497518465274,0.0,0.286,0.0,0.5,0.0,0.28,0,0.333,2,0.0,13.719999999999999,0.3388,0.0884,0.4194,0.9833,0.159,0.0615,0.0,0.69,0.0,0.0,0.913,0,0.0,0.0,0.0,0.621,0,0.0,0.0,0.888,1609.2,0.0,0,0.0,0.5,-0.09999999999999998,-0.09999999999999998,0.528,0,0,0.014186233659881586,0.10299999999999998,0.15300000000000002,0.0,0.333,117,0.24976308292631444,0.0,0.07100000000000001,22,0.0,0.6325516401243103,0.0,-0.6274770413985223,0,0.0,0.06699999999999995,0,-0.38762016108174135,0.8666666666666667,1,0.0,1.0435123226547918,0.1,0.0,0.0,0.25,0.4,0.7016674518211861,0.813,0.893,1.0,18.311260601391588,0.0,0.357,0.0,0.5,0.0,0.347,0,0.333,2,0.0,9.87,0.4535,0.1998,0.5346,0.9544,0.0709,0.0731,0.0,0.92,0.0,0.0,0.913,0,0.0,0.0,0.0,0.7,0,0.0,0.0,0.919,1686.8,0.0,0,0.0,0.5,3.8499999999999996,0.0,0.11470000000000002,0.1114,0.11519999999999997,-0.028899999999999926,-0.0881,0.0116,0,-8,0,0.0,0,0.2300000000000001,20.47,0.0,0.0,0,0.0,0.0,0.0,0.07899999999999996,0,0.5,0.0,0.0,0.031000000000000028,21.950000000000003,77.59999999999991,0.0,0,0.0,0.0,90,-5,2
South Korea,Iraq,0.0,0.06893833298150476,0.020000000000000018,0.0,0.04863345546698261,0.04300000000000004,25.360000000000028,0.0,0.0,1.1151033963660828,0.12,0.0,0.0,0.35,0.3,1.0418698897860024,0.607,0.587,1.0,-17.160905060864614,0.0,0.214,0.0,0.5,0.0,0.213,0,0.333,3,0.0,14.83,0.3313,0.085,0.4944,0.9667,0.0274,0.0615,0.0,0.545,0.0,0.0,0.87,0,0.0,0.0,0.0,0.496,0,0.0,0.0,0.865,1761.2,0.0,0,0.0,0.5,-0.14999999999999997,0.15000000000000002,0.563,0,0,-0.45253572238743367,0.29300000000000004,0.41300000000000003,0.0,0.333,121,34.94794770739606,0.0,0.07199999999999998,24,0.0,1.5367516195113615,0.0,-1.1813659012093334,0,0.0,0.18700000000000003,0,-0.07162003750532642,0.7777777777777778,1,0.0,1.1840417293475876,0.14,0.0,0.0,0.2,0.45,0.5893341673985687,0.9,1.0,1.0,17.787042646531447,0.0,0.286,0.0,0.5,0.0,0.4,0,0.333,2,0.0,9.87,0.4535,0.1998,0.5346,0.9544,0.0709,0.0731,0.0,1.0,0.0,0.0,0.913,0,0.0,0.0,0.0,0.838,0,0.0,0.0,0.919,1652.0,0.0,0,0.0,0.5,4.960000000000001,0.0,0.12220000000000003,0.1148,0.04019999999999996,-0.012299999999999978,0.043500000000000004,0.0116,0,13,0,0.0,0,0.45499999999999996,20.400000000000034,0.0,0.0,0,0.0,0.0,0.0,0.34199999999999997,0,0.5,0.0,0.0,0.05400000000000005,22.08,-109.20000000000005,0.0,0,0.0,0.0,90,13,2
Australia,South Korea,0.0,0.3303856982005986,0.09999999999999998,0.0,0.015982629829415784,0.0,190.39000000000001,0.0,0.0,1.3049965106103578,0.14,0.0,0.0,0.2,0.45,0.5072446186597684,0.9,1.0,1.0,33.57734436862276,0.0,0.357,0.0,0.5,0.0,0.4,0,0.333,2,0.0,9.87,0.4535,0.1998,0.5346,0.9544,0.0709,0.0731,0.0,1.0,0.0,0.0,0.913,0,0.0,0.0,0.0,0.838,0,0.0,0.0,0.919,1648.4,0.0,0,0.0,0.5,0.14999999999999997,-0.15000000000000002,0.47,0,0,0.5100724314690867,-0.17300000000000004,-0.21299999999999997,0.0,0.333,27,-57.3964655492214,0.0,-0.07100000000000001,2,0.0,-0.5766704226490829,0.0,0.32107472230220235,0,0.0,-0.10700000000000004,0,0.6664680794544453,0.3333333333333333,1,0.0,1.6353822088109564,0.24,0.0,0.0,0.35,0.3,1.017317050128855,0.727,0.787,1.0,-23.819121180598643,0.0,0.286,0.0,0.5,0.0,0.293,0,0.333,2,0.0,17.33,0.4798,0.2338,0.3629,0.9783,0.143,0.0577,0.0,0.8,0.0,0.0,0.913,0,0.0,0.0,0.0,0.775,0,0.0,0.0,0.912,1618.6,0.0,0,0.0,0.5,-7.459999999999999,0.0,0.02629999999999999,0.034,-0.17169999999999996,0.02389999999999992,0.07209999999999998,-0.015399999999999997,0,-23,0,0.0,0,-0.19999999999999996,197.85,0.0,0.0,0,0.0,0.0,0.0,-0.06299999999999994,0,0.5,0.0,0.0,-0.007000000000000006,162.57999999999998,-29.800000000000182,0.0,0,0.0,0.0,90,-7,2
Spain,Czechia,0.0,0.005203284238835426,0.0,0.0,0.04216989406922611,-0.04399999999999993,688.03,0.0,0.0,1.9516200466142826,0.2,0.0,0.0,0.75,0.05,1.3240145054970478,0.537,0.527,1.0,19.488260139863044,0.0,0.571,0.0,0.5,0.0,0.173,0,0.333,1,0.0,6.25,0.4928,0.7284,0.4347,0.9957,0.2866,0.0115,0.0,0.51,0.0,0.0,0.957,0,0.0,0.0,0.0,0.546,0,0.0,0.0,0.945,1673.0,0.0,0,0.0,0.5,-0.45,0.45,0.5,0,0,-0.7264163029436469,0.016000000000000014,0.04599999999999993,0.0,0.333,501,-42.50010251035543,0.0,-0.14199999999999996,61,0.0,0.12885124808584125,0.0,-0.2519195218904433,0,0.0,0.014000000000000012,0,0.0471669556939287,1.0,1,0.0,1.956823330853118,0.2,0.0,0.0,0.3,0.5,0.5975982025534009,0.553,0.573,1.0,-23.011842370492385,0.0,0.429,0.0,0.5,0.0,0.187,0,0.333,2,0.0,0.0,0.7433,1.0,0.7002,0.9915,1.0,0.0231,0.0,0.55,0.0,0.0,0.913,0,0.0,0.0,0.0,0.592,0,0.0,0.0,0.957,1695.8,0.0,0,0.0,0.5,6.25,0.0,0.25049999999999994,0.27159999999999995,0.26550000000000007,-0.0041999999999999815,0.7134,0.0116,0,12,0,0.0,0,0.040000000000000036,681.78,0.0,0.0,0,0.0,0.0,0.0,0.04599999999999993,0,0.5,0.0,0.0,0.01200000000000001,587.29,22.799999999999955,0.0,0,0.0,0.0,90,8,2
Czechia,Croatia,0.0,-0.9823795211835373,-0.09999999999999998,0.0,0.04742665582295802,0.08699999999999997,-149.36000000000004,0.0,0.0,2.654856159664608,0.3,0.0,0.0,0.35,0.6,0.39015485384253495,0.813,0.893,1.0,-0.4112038711955499,0.0,0.357,0.0,0.5,0.0,0.347,0,0.333,3,0.0,28.669999999999998,0.5234,1.0,0.4299,0.9915,0.629,0.0231,0.0,0.94,0.0,0.0,0.87,0,0.0,0.0,0.0,0.808,0,0.0,0.0,0.879,1453.6,0.0,0,0.0,0.5,0.35,-0.5499999999999999,0.437,0,0,0.8814287129253093,-0.2759999999999999,-0.366,0.0,0.333,-212,16.904816060984047,0.0,-0.07100000000000001,-47,0.0,-1.5075819802429409,0.0,0.9200237419821391,0,0.0,-0.174,0,-1.5495356854686635,0.0,1,0.0,1.6724766384810705,0.2,0.0,0.0,0.7,0.05,1.2715835667678443,0.537,0.527,1.0,16.493612189788497,0.0,0.286,0.0,0.5,0.0,0.173,0,0.333,1,0.0,6.25,0.4928,0.7284,0.4347,0.9957,0.2866,0.0115,0.0,0.36,0.0,0.0,0.957,0,0.0,0.0,0.0,0.546,0,0.0,0.0,0.945,1757.0,0.0,0,0.0,0.5,22.419999999999998,0.0,-0.03059999999999996,-0.27159999999999995,0.004799999999999971,0.0041999999999999815,-0.3424,-0.0116,0,1,0,0.0,0,-0.58,-171.78000000000006,0.0,0.0,0,0.0,0.0,0.0,-0.262,0,0.5,0.0,0.0,0.06599999999999995,-128.32,303.4000000000001,0.0,0,0.0,0.0,90,0,1
Portugal,Austria,0.0,0.5194809086238072,0.16,0.0,-0.048409066377212984,0.0,230.0899999999998,0.0,0.0,1.3906102052371923,0.1,0.0,0.0,0.6,0.3,1.3196870975055386,0.417,0.327,1.0,-22.947048719600847,0.0,0.286,0.0,0.5,0.0,0.093,0,0.333,2,0.0,36.0,0.4562,0.728,0.4028,0.9833,0.32,0.0462,0.0,0.28,0.0,0.0,0.913,0,0.0,0.0,0.0,0.412,0,0.0,0.0,0.893,1683.4,0.0,0,0.0,0.5,-0.3,0.15000000000000002,0.547,0,0,-0.6811796346084447,0.22300000000000003,0.35300000000000004,0.0,0.333,122,3.5640123946167854,0.0,0.0,17,0.0,0.8865779578395561,0.0,-1.0710868290932183,0,0.0,0.147,0,1.8605512886154634,0.5,1,0.0,1.9100911138609995,0.26,0.0,0.0,0.3,0.45,0.6385074628970939,0.64,0.68,1.0,-19.38303632498406,0.0,0.286,0.0,0.5,0.0,0.24,0,0.333,2,0.0,96.63,0.5771,1.0,0.6682,0.983,1.0,0.0462,0.0,0.625,0.0,0.0,0.913,0,0.0,0.0,0.0,0.708,0,0.0,0.0,0.833,1753.8,0.0,0,0.0,0.5,-60.629999999999995,0.0,0.12089999999999995,0.272,0.2654,-0.00029999999999996696,0.6799999999999999,0.0,0,44,0,0.0,1,0.345,290.7199999999998,0.0,0.0,0,0.0,0.0,0.0,0.296,0,0.5,0.0,0.0,-0.06000000000000005,140.39,70.39999999999986,0.0,0,0.0,0.0,90,23,1
France,Switzerland,0.0,0.8159516154341966,0.18000000000000002,0.0,-0.19535461053204328,-0.08700000000000008,696.46,0.0,0.0,1.486964167076553,0.1,0.0,0.0,0.45,0.35,1.0847453897686294,0.52,0.48,1.0,-54.75783169532805,0.0,0.286,0.0,0.5,0.0,0.16,0,0.333,2,0.0,0.0,0.6926,1.0,0.3736,0.9875,0.4914,0.0346,0.0,0.625,0.0,0.0,0.913,0,0.0,0.0,0.0,0.471,0,0.0,0.0,0.957,1591.8,0.0,0,0.0,0.5,0.04999999999999999,0.050000000000000044,0.53,0,0,-0.10225257996237547,0.08699999999999997,0.10699999999999998,0.0,0.333,227,62.66184956710993,0.0,0.0,11,0.0,1.4322190062755604,0.0,-0.24420491892774443,0,0.0,0.05299999999999999,0,1.5439330140619514,0.6,1,0.0,2.3029157825107496,0.28,0.0,0.0,0.5,0.4,0.982492809806254,0.607,0.587,1.0,7.9040178717818845,0.0,0.286,0.0,0.5,0.0,0.213,0,0.333,3,0.0,229.78,0.7,1.0,0.512,0.9967,1.0,0.0115,0.0,1.0,0.0,0.0,0.826,0,0.0,0.0,0.0,0.863,0,0.0,0.0,0.758,1699.2,0.0,1,0.043,0.5,-229.78,0.0,0.007399999999999962,0.0,0.13840000000000002,0.009199999999999986,0.5085999999999999,-0.0231,0,13,0,0.0,1,0.375,926.24,0.0,0.0,0,0.0,0.0,0.0,0.392,0,0.5,0.0,0.0,-0.19899999999999995,479.07,107.40000000000009,0.0,0.0,0.043,0.0,90,-2,1
Croatia,Spain,0.0,0.591836915933482,0.03999999999999998,0.0,-0.08959654989218413,-0.04300000000000004,-538.67,0.0,0.0,1.9791013066918135,0.26,0.0,0.0,0.25,0.6,0.4291316272529789,0.64,0.68,1.0,-20.87264768828628,0.0,0.286,0.0,0.5,0.0,0.24,0,0.333,2,0.0,0.0,0.7433,1.0,0.7002,0.9915,1.0,0.0231,0.0,0.8,0.0,0.0,0.913,0,0.0,0.0,0.0,0.775,0,0.0,0.0,0.957,1709.0,0.0,0,0.0,0.5,0.09999999999999998,0.0,0.5,0,0,0.1779635120492425,0.06999999999999995,0.05999999999999994,0.0,0.333,-289,24.214062035091537,0.0,0.0,-14,0.0,-0.25455952612735455,0.0,0.22392470858396613,0,0.0,0.040000000000000036,0,0.5908721706674127,0.1111111111111111,1,0.0,2.5709382226252955,0.3,0.0,0.0,0.35,0.6,0.6070951393022214,0.71,0.74,1.0,3.3414143468052604,0.0,0.286,0.0,0.5,0.0,0.28,0,0.333,3,0.0,28.669999999999998,0.5234,1.0,0.4299,0.9915,0.629,0.0231,0.0,0.785,0.0,0.0,0.87,0,0.0,0.0,0.0,0.742,0,0.0,0.0,0.879,1471.0,0.0,0,0.0,0.5,-28.669999999999998,0.0,-0.21989999999999998,0.0,-0.27030000000000004,0.0,-0.371,0.0,0,-13,0,0.0,0,-0.015000000000000013,-509.99999999999994,0.0,0.0,0,0.0,0.0,0.0,-0.03300000000000003,0,0.5,0.0,0.0,-0.07799999999999996,-458.96999999999997,-238.0,0.0,0,0.0,0.0,90,-8,2
Sweden,Belgium,0.0,-0.7939362583477894,-0.07999999999999999,0.0,0.0,0.0,-303.18000000000006,0.0,0.0,2.0695492462420946,0.18,0.0,0.0,0.55,0.35,1.0952940770622037,0.52,0.48,1.0,13.263355390957546,0.0,0.286,0.0,0.5,0.0,0.16,0,0.333,2,0.0,0.0,0.5694,1.0,0.3031,0.9754,0.6806,0.0462,0.0,0.69,0.0,0.0,0.913,0,0.0,0.0,0.0,0.621,0,0.0,0.0,0.957,1776.2,0.0,0,0.0,0.5,-0.10000000000000003,0.050000000000000044,0.494,0,0,-0.2671073039485614,0.12,0.20000000000000007,0.0,0.333,-145,-12.161909475729148,0.0,0.07100000000000001,-22,0.0,-0.8832113934878205,0.0,-0.4898447735257654,0,0.0,0.07999999999999999,0,-0.9117394152064062,0.0,1,0.0,1.2756129878943052,0.1,0.0,0.0,0.45,0.4,0.8281867731136423,0.64,0.68,1.0,1.101445915228398,0.0,0.357,0.0,0.5,0.0,0.24,0,0.333,2,0.0,0.0,0.5369,0.9304,0.5667,0.9844,0.7194,0.0577,0.0,0.425,0.0,0.0,0.913,0,0.0,0.0,0.0,0.475,0,0.0,0.0,0.957,1717.6,0.0,0,0.0,0.5,0.0,0.0,-0.03249999999999997,-0.0696,0.2636,0.009000000000000008,0.03880000000000006,0.011500000000000003,0,12,0,0.0,0,-0.26499999999999996,-303.18000000000006,0.0,0.0,0,0.0,0.0,0.0,-0.14600000000000002,0,0.5,0.0,0.0,0.0,-278.34,-58.600000000000136,0.0,0,0.0,0.0,90,2,0
Croatia,Portugal,0.0,0.6501898132968118,0.07999999999999999,0.0,0.018466523245816324,-0.04300000000000004,-506.2499999999998,0.0,0.0,1.841221268962725,0.22,0.0,0.0,0.3,0.45,0.9002255265442285,0.607,0.587,1.0,-40.462532636528856,0.0,0.214,0.0,0.5,0.0,0.213,0,0.333,2,0.0,96.63,0.5771,1.0,0.6682,0.983,1.0,0.0462,0.0,0.52,0.0,0.0,0.913,0,0.0,0.0,0.0,0.525,0,0.0,0.0,0.833,1694.4,0.0,0,0.0,0.5,0.10000000000000003,0.10000000000000003,0.535,0,0,-0.23110357153209726,0.10299999999999998,0.15300000000000002,0.0,0.333,-77,68.76908322487978,0.0,0.07199999999999998,-6,0.0,1.344528145295,0.0,-0.42503761172496957,0,0.0,0.06700000000000003,0,0.7837898943787329,0.0,1,0.0,2.491411082259537,0.3,0.0,0.0,0.4,0.55,0.6691219550121312,0.71,0.74,1.0,28.306550588350923,0.0,0.286,0.0,0.5,0.0,0.28,0,0.333,3,0.0,28.669999999999998,0.5234,1.0,0.4299,0.9915,0.629,0.0231,0.0,0.875,0.0,0.0,0.87,0,0.0,0.0,0.0,0.808,0,0.0,0.0,0.879,1566.2,0.0,0,0.0,0.5,67.96,0.0,-0.05369999999999997,0.0,-0.2383,0.008500000000000063,-0.371,-0.0231,0,-12,0,0.0,-1,0.355,-574.2099999999998,0.0,0.0,0,0.0,0.0,0.0,0.28300000000000003,0,0.5,0.0,0.0,0.04600000000000004,-376.35999999999996,-128.20000000000005,0.0,0,0.0,0.0,90,-14,0
France,Germany,0.0,0.6955127577462821,0.07999999999999999,0.0,-0.08881153383434592,-0.08700000000000008,275.57000000000016,0.0,0.0,1.7212288773884974,0.14,0.0,0.0,0.45,0.45,0.7691189213758715,0.813,0.893,1.0,-8.690447978696678,0.0,0.357,0.0,0.5,0.0,0.347,0,0.333,2,0.0,80.0,0.7408,1.0,0.3347,0.9877,1.0,0.0462,0.0,0.765,0.0,0.0,0.913,0,0.0,0.0,0.0,0.692,0,0.0,0.0,0.849,1704.4,0.0,0,0.0,0.5,0.04999999999999999,-0.04999999999999999,0.488,0,0,0.26399325012164476,-0.18999999999999995,-0.26,0.0,0.333,233,5.512563358707153,0.0,-0.07100000000000001,12,0.0,0.5038390437808871,0.0,0.6503972559792119,0,0.0,-0.11999999999999997,0,1.034807689011008,0.4666666666666667,1,0.0,2.4167416351347795,0.22,0.0,0.0,0.5,0.4,1.0331121714975162,0.623,0.633,1.0,-3.177884619989525,0.0,0.286,0.0,0.5,0.0,0.227,0,0.333,3,0.0,229.78,0.7,1.0,0.512,0.9967,1.0,0.0115,0.0,0.9,0.0,0.0,0.826,0,0.0,0.0,0.0,0.771,0,0.0,0.0,0.758,1678.8,0.0,1,0.043,0.5,-149.78,0.0,-0.04080000000000006,0.0,0.1773,0.009000000000000008,0.0,-0.034699999999999995,0,-20,0,0.0,1,0.135,425.35000000000014,0.0,0.0,0,0.0,0.0,0.0,0.07900000000000007,0,0.5,0.0,0.0,-0.09099999999999997,93.09000000000003,-25.600000000000136,0.0,0.0,0.043,0.0,90,-10,2
France,Portugal,0.0,0.6903127656512447,0.07999999999999999,0.0,-0.08729153739404283,-0.08700000000000008,148.87000000000023,0.0,0.0,1.6756783864085674,0.14,0.0,0.0,0.3,0.45,0.6928822989399274,0.693,0.693,1.0,-2.1882586067682404,0.0,0.286,0.0,0.5,0.0,0.267,0,0.333,2,0.0,96.63,0.5771,1.0,0.6682,0.983,1.0,0.0462,0.0,0.775,0.0,0.0,0.913,0,0.0,0.0,0.0,0.588,0,0.0,0.0,0.833,1765.8,0.0,0,0.0,0.5,0.2,-0.04999999999999999,0.509,0,0,0.19632558760979724,0.017000000000000015,0.04700000000000004,0.0,0.333,180,15.555273484153814,0.0,-0.07199999999999998,7,0.0,0.7272670593536708,0.0,-0.04513205360592709,0,0.0,0.013000000000000012,0,0.9169172873387361,1.0,1,0.0,2.365991152059812,0.22,0.0,0.0,0.5,0.4,0.8892078865497246,0.71,0.74,1.0,13.367014877385573,0.0,0.214,0.0,0.5,0.0,0.28,0,0.333,3,0.0,229.78,0.7,1.0,0.512,0.9967,1.0,0.0115,0.0,0.94,0.0,0.0,0.826,0,0.0,0.0,0.0,0.783,0,0.0,0.0,0.758,1738.2,0.0,1,0.043,0.5,-133.15,0.0,0.12290000000000001,0.0,-0.1562,0.013700000000000045,0.0,-0.034699999999999995,0,-17,0,0.0,0,0.16499999999999992,282.0200000000002,0.0,0.0,0,0.0,0.0,0.0,0.19500000000000006,0,0.5,0.0,0.0,-0.07499999999999996,61.32000000000005,-27.59999999999991,0.0,0.0,0.043,0.0,90,-12,0
Portugal,Spain,0.0,-0.7832637213556257,-0.09999999999999998,0.0,-0.10806307313800045,0.0,-32.420000000000186,0.0,0.0,2.771229248894901,0.24,0.0,0.0,0.45,0.55,0.7268077119377847,0.52,0.48,1.0,-6.386222355497624,0.0,0.429,0.0,0.5,0.0,0.16,1,0.333,2,0.0,0.0,0.7433,1.0,0.7002,0.9915,1.0,0.0231,0.0,0.775,0.0,0.0,0.913,7,0.0,0.0,0.0,0.625,0,0.0,0.0,0.957,1870.4,0.0,0,0.0,0.5,-0.15000000000000002,0.04999999999999993,0.498,0,0,0.0509216505933503,0.06999999999999995,0.06000000000000005,0.0,0.333,-212,13.997221287018494,0.0,0.14199999999999996,-8,0.0,-0.28412372206546554,0.0,0.014497236062538499,0,0.0,0.04000000000000001,-1,-0.7163792437419507,0.4666666666666667,0,0.0,1.9879655275392754,0.14,0.0,0.0,0.3,0.6,0.777729362531135,0.59,0.54,1.0,7.61099893152087,0.0,0.571,0.0,0.5,0.0,0.2,2,0.333,2,0.0,96.63,0.5771,1.0,0.6682,0.983,1.0,0.0462,0.0,0.655,0.0,0.0,0.913,5,0.0,0.0,0.0,0.529,0,0.0,0.0,0.833,1832.2,0.0,0,0.0,0.5,-96.63,0.0,-0.16620000000000001,0.0,-0.03200000000000003,-0.008500000000000063,0.0,0.0231,0,2,0,0.0,1,-0.12,64.20999999999981,0.0,0.0,-2,0.0,0.0,0.0,-0.09599999999999997,0,0.5,0.0,0.0,-0.124,-82.61000000000001,-38.200000000000045,0.0,0,0.0,0.0,90,6,1
Portugal,Spain,0.0,-0.7832637213556257,-0.09999999999999998,0.0,-0.10806307313800045,0.0,-32.420000000000186,0.0,0.0,2.771229248894901,0.24,0.0,0.0,0.45,0.55,0.7268077119377847,0.52,0.48,1.0,-6.386222355497624,1.661,0.429,0.0,0.5,0.0,0.16,1,0.333,2,0.0,0.0,0.7433,1.0,0.7002,0.9915,1.0,0.0231,0.885,0.775,0.791,0.0,0.913,7,67.5,0.833,0.0,0.625,0,0.0,0.0,0.957,1870.4,0.0,0,0.0,0.5,-0.15000000000000002,0.04999999999999993,0.466,0,0,0.0509216505933503,0.06999999999999995,0.06000000000000005,0.0,0.333,-212,13.997221287018494,-0.22599999999999998,0.14199999999999996,-8,0.0,-0.28412372206546554,0.0,0.014497236062538499,0,0.0,0.04000000000000001,-1,-0.7163792437419507,0.4666666666666667,0,0.0,1.9879655275392754,0.14,0.0,0.0,0.3,0.6,0.777729362531135,0.59,0.54,1.0,7.61099893152087,1.435,0.571,0.0,0.5,0.0,0.2,2,0.333,2,0.0,96.63,0.5771,1.0,0.6682,0.983,1.0,0.0462,0.598,0.655,0.576,0.0,0.913,5,32.5,0.533,0.0,0.529,0,0.0,0.0,0.833,1832.2,0.0,0,0.0,0.5,-96.63,0.0,-0.16620000000000001,0.0,-0.03200000000000003,-0.008500000000000063,0.0,0.0231,0,2,0,-0.28700000000000003,1,-0.12,64.20999999999981,-0.21500000000000008,0.0,-2,-35.0,-0.29999999999999993,0.0,-0.09599999999999997,0,0.5,0.0,0.0,-0.124,-82.61000000000001,-38.200000000000045,0.0,0,0.0,0.0,90,6,1
Egypt,Uruguay,0.0,-0.8902237335996825,-0.1,0.0,0.0,0.08699999999999997,487.98999999999984,0.0,0.0,1.5400474904669064,0.14,0.0,0.0,0.5,0.4,0.8718402062313102,0.797,0.847,1.0,14.772225823985853,1.941,0.571,0.0,0.5,0.0,0.333,3,0.333,2,0.0,0.0,0.7259,0.8405,0.3833,0.9778,0.4614,0.0577,0.779,0.84,0.697,0.0,0.913,2,58.1,1.0,0.0,0.646,0,0.0,0.0,0.957,1720.6,0.0,0,0.0,0.5,-0.2,0.09999999999999998,0.422,0,0,0.2015593801313169,-0.29400000000000004,-0.414,0.0,0.333,31,-85.32172253116708,-1.577,0.07200000000000006,10,0.0,-1.8431539386076814,0.0,1.1528378794907477,3,0.0,-0.18600000000000003,1,-1.3158249564330706,0.0,0,0.0,0.6498237568672238,0.04,0.0,0.0,0.3,0.5,1.0733995863626271,0.503,0.433,1.0,-70.54949670718123,0.364,0.643,0.0,0.5,0.0,0.147,2,0.333,0,0.0,0,0.6143,0.3995,0.3,0.9755,0.1872,0.0846,0.613,0.225,0.581,0.0,1.0,5,41.9,1.0,0.0,0.254,0,0.0,0.0,1.0,1804.8,0.0,0,0.0,0.5,0.0,0.0,-0.11160000000000003,-0.441,-0.08329999999999999,-0.0022999999999999687,-0.2742,0.026899999999999993,0,8,0,-0.16600000000000004,0,-0.615,487.98999999999984,-0.11599999999999999,0.0,3,-16.200000000000003,0.0,0.0,-0.392,0,0.5,0.0,0.0,0.04300000000000004,414.99,84.20000000000005,0.0,0,0.0,0.0,90,-62,0
France,Australia,0.0,0.38201829155006206,0.01999999999999999,0.0,-0.14553285340232847,-0.08700000000000008,615.9300000000001,0.0,0.0,1.6628425320597244,0.2,0.0,0.0,0.6,0.3,1.1348784906179088,0.59,0.54,1.0,3.186420801499355,0.0,0.5,0.0,0.5,0.0,0.2,2,0.333,2,0.0,17.33,0.4798,0.2338,0.3629,0.9783,0.143,0.0577,0.0,0.78,0.0,0.0,0.913,4,0.0,0.0,0.0,0.633,0,0.0,0.0,0.912,1793.0,0.0,0,0.0,0.5,-0.04999999999999993,0.10000000000000003,0.489,0,0,-0.1614633793252761,-0.06999999999999995,-0.06000000000000005,0.0,0.333,314,-30.190227424067846,0.0,0.0,29,0.0,-0.10349643901627603,0.0,0.02034696834939509,8,0.0,-0.04000000000000001,1,0.04880823206236373,0.6666666666666666,0,0.0,2.0448608236097865,0.22,0.0,0.0,0.55,0.4,0.9734151112926327,0.52,0.48,1.0,-27.00380662256849,0.0,0.5,0.0,0.5,0.0,0.16,1,0.333,3,0.0,229.78,0.7,1.0,0.512,0.9967,1.0,0.0115,0.0,0.745,0.0,0.0,0.826,9,0.0,0.0,0.0,0.646,0,0.0,0.0,0.758,1839.6,0.0,1,0.043,0.5,-212.45,0.0,0.22019999999999995,0.7662,0.1491,0.018400000000000083,0.857,-0.046200000000000005,0,17,0,0.0,1,-0.03500000000000003,828.3800000000001,0.0,0.0,5,0.0,0.0,0.0,0.013000000000000012,0,0.5,0.0,0.0,-0.15400000000000003,405.47,46.59999999999991,0.0,0.0,0.043,0.0,90,-11,2
France,Australia,0.0,0.38201829155006206,0.01999999999999999,0.0,-0.14553285340232847,-0.08700000000000008,615.9300000000001,0.0,0.0,1.6628425320597244,0.2,0.0,0.0,0.6,0.3,1.1348784906179088,0.59,0.54,1.0,3.186420801499355,0.98,0.5,0.0,0.5,0.0,0.2,2,0.333,2,0.0,17.33,0.4798,0.2338,0.3629,0.9783,0.143,0.0577,0.639,0.78,0.609,0.0,0.913,4,48.6,1.0,0.0,0.633,0,0.0,0.0,0.912,1793.0,0.0,0,0.0,0.5,-0.04999999999999993,0.10000000000000003,0.488,0,0,-0.1614633793252761,-0.06999999999999995,-0.06000000000000005,0.0,0.333,314,-30.190227424067846,0.5820000000000001,0.0,29,0.0,-0.10349643901627603,0.0,0.02034696834939509,8,0.0,-0.04000000000000001,1,0.04880823206236373,0.6666666666666666,0,0.0,2.0448608236097865,0.22,0.0,0.0,0.55,0.4,0.9734151112926327,0.52,0.48,1.0,-27.00380662256849,1.562,0.5,0.0,0.5,0.0,0.16,1,0.333,3,0.0,229.78,0.7,1.0,0.512,0.9967,1.0,0.0115,0.719,0.745,0.682,0.0,0.826,9,51.4,0.733,0.0,0.646,0,0.0,0.0,0.758,1839.6,0.0,1,0.043,0.5,-212.45,0.0,0.22019999999999995,0.7662,0.1491,0.018400000000000083,0.857,-0.046200000000000005,0,17,0,0.07999999999999996,1,-0.03500000000000003,828.3800000000001,0.07300000000000006,0.0,5,2.799999999999997,-0.267,0.0,0.013000000000000012,0,0.5,0.0,0.0,-0.15400000000000003,405.47,46.59999999999991,0.0,0.0,0.043,0.0,90,-11,2
Brazil,Switzerland,0.0,0.10721717497375272,-0.020000000000000018,0.0,-0.08620095165850628,-0.08700000000000008,810.0999999999999,0.0,0.0,2.024886455779327,0.2,0.0,0.0,0.3,0.65,0.41674217454013507,0.813,0.893,1.0,17.583461583085253,0.0,0.643,0.0,0.5,0.0,0.347,1,0.333,2,0.0,0.0,0.6926,1.0,0.3736,0.9875,0.4914,0.0346,0.0,0.835,0.0,0.0,0.913,7,0.0,0.0,0.0,0.729,0,0.0,0.0,0.957,1819.0,0.0,0,0.0,0.5,-0.09999999999999998,0.15000000000000002,0.508,0,0,-0.2692627537686202,0.08700000000000008,0.10699999999999998,0.0,0.333,124,9.405464273232806,0.0,-0.14300000000000002,8,0.0,0.46956456318198647,0.0,-0.2347822815909934,2,0.0,0.05300000000000005,0,-0.12481282357957935,0.5,0,0.0,2.13210363075308,0.18,0.0,0.0,0.2,0.8,0.14747942077151485,0.9,1.0,1.0,26.98892585631806,0.0,0.5,0.0,0.5,0.0,0.4,1,0.333,4,0.0,100.0,0.6844,1.0,0.3217,0.9746,1.0,0.1231,0.0,0.96,0.0,0.0,0.826,7,0.0,0.0,0.0,0.796,0,0.0,0.0,0.813,1895.2,0.0,0,0.0,0.5,-100.0,0.0,-0.008199999999999985,0.0,-0.0519,-0.012900000000000023,0.5085999999999999,0.0885,0,6,0,0.0,0,0.125,910.0999999999999,0.0,0.0,0,0.0,0.0,0.0,0.06700000000000006,0,0.5,0.0,0.0,-0.14400000000000002,679.0699999999999,76.20000000000005,0.0,0,0.0,0.0,90,42,1
Germany,Mexico,0.0,0.936595187974518,0.039999999999999994,0.0,-0.0843991650828585,0.04300000000000004,465.5299999999999,0.0,0.0,1.1358808529451154,0.08,0.0,0.0,0.4,0.5,0.8308450239254093,0.71,0.74,1.0,-38.69310834820113,0.993,0.571,0.0,0.5,0.0,0.28,1,0.333,3,0.0,4.65,0.4964,0.8192,0.3552,0.9812,0.2426,0.0231,0.552,0.43,0.553,0.0,0.87,9,38.0,1.0,0.0,0.496,0,0.0,0.0,0.93,1745.2,0.0,0,0.0,0.5,0.04999999999999999,0.0,0.494,0,0,0.1323387438890209,-0.27699999999999997,-0.367,0.0,0.333,-61,59.79839121877811,1.306,0.07200000000000006,-6,0.0,-0.13660236644946577,0.0,0.6327268072676537,0,0.0,-0.17300000000000004,0,0.6020554743233397,0.5,0,0.0,2.0724760409196334,0.12,0.0,0.0,0.45,0.5,0.9631837678144302,0.433,0.373,1.0,21.10528287057698,2.299,0.643,0.0,0.5,0.0,0.107,1,0.333,2,0.0,80.0,0.7408,1.0,0.3347,0.9877,1.0,0.0462,0.798,0.45,0.749,0.0,0.913,6,62.0,0.667,0.0,0.404,0,0.0,0.0,0.849,1977.6,0.0,0,0.0,0.5,-75.35,0.0,0.2444,0.18079999999999996,-0.020500000000000018,0.006500000000000061,0.7574,0.0231,0,31,0,0.246,0,0.020000000000000018,540.8799999999999,0.19599999999999995,0.0,-3,24.0,-0.33299999999999996,0.0,-0.09199999999999997,0,0.5,0.0,0.0,-0.08100000000000007,418.35999999999996,232.39999999999986,0.0,0,0.0,0.0,90,-32,0
Brazil,Switzerland,0.0,0.10721717497375272,-0.020000000000000018,0.0,-0.08620095165850628,-0.08700000000000008,810.0999999999999,0.0,0.0,2.024886455779327,0.2,0.0,0.0,0.3,0.65,0.41674217454013507,0.813,0.893,1.0,17.583461583085253,0.472,0.643,0.0,0.5,0.0,0.347,1,0.333,2,0.0,0.0,0.6926,1.0,0.3736,0.9875,0.4914,0.0346,0.637,0.835,0.623,0.0,0.913,7,40.4,1.0,0.0,0.729,0,0.0,0.0,0.957,1819.0,0.0,0,0.0,0.5,-0.09999999999999998,0.15000000000000002,0.517,0,0,-0.2692627537686202,0.08700000000000008,0.10699999999999998,0.0,0.333,124,9.405464273232806,1.395,-0.14300000000000002,8,0.0,0.46956456318198647,0.0,-0.2347822815909934,2,0.0,0.05300000000000005,0,-0.12481282357957935,0.5,0,0.0,2.13210363075308,0.18,0.0,0.0,0.2,0.8,0.14747942077151485,0.9,1.0,1.0,26.98892585631806,1.867,0.5,0.0,0.5,0.0,0.4,1,0.333,4,0.0,100.0,0.6844,1.0,0.3217,0.9746,1.0,0.1231,0.766,0.96,0.7,0.0,0.826,7,59.6,1.0,0.0,0.796,0,0.0,0.0,0.813,1895.2,0.0,0,0.0,0.5,-100.0,0.0,-0.008199999999999985,0.0,-0.0519,-0.012900000000000023,0.5085999999999999,0.0885,0,6,0,0.129,0,0.125,910.0999999999999,0.07699999999999996,0.0,0,19.200000000000003,0.0,0.0,0.06700000000000006,0,0.5,0.0,0.0,-0.14400000000000002,679.0699999999999,76.20000000000005,0.0,0,0.0,0.0,90,42,1
Belgium,Panama,0.0,2.263612401441168,0.22,0.0,0.0,-0.08699999999999997,383.69000000000005,0.0,0.0,0.7666970573411435,0.02,0.0,0.0,0.3,0.35,1.317771316243646,0.557,0.447,1.0,-7.469863835310779,0.0,0.857,0.0,0.5,0.0,0.173,4,0.333,0,0.0,0,0.4166,0.0741,0.4333,0.9783,0.0513,0.0577,0.0,0.325,0.0,0.0,1.0,0,0.0,0.0,0.0,0.296,0,0.0,0.0,1.0,1767.2,0.0,0,0.0,0.5,0.15000000000000002,0.15000000000000002,0.557,0,0,-0.5933406795521136,0.2559999999999999,0.446,0.0,0.333,198,51.94306992141412,0.0,-0.357,38,0.0,1.8041003473272024,0.0,-1.073126866912404,8,0.0,0.174,3,2.417546603069678,0.5,0,0.0,3.0303094587823116,0.24,0.0,0.0,0.45,0.5,0.7244306366915324,0.813,0.893,1.0,44.47320608610334,0.0,0.5,0.0,0.5,0.0,0.347,1,0.333,2,0.0,0.0,0.5694,1.0,0.3031,0.9754,0.6806,0.0462,0.0,0.9,0.0,0.0,0.913,5,0.0,0.0,0.0,0.808,0,0.0,0.0,0.957,1823.2,0.0,0,0.0,0.5,0.0,0.0,0.1528,0.9259,-0.13020000000000004,-0.0028999999999999027,0.6293,-0.011500000000000003,0,44,0,0.0,0,0.575,383.69000000000005,0.0,0.0,5,0.0,0.0,0.0,0.512,0,0.5,0.0,0.0,-0.04300000000000004,342.72,56.0,0.0,0,0.0,0.0,90,-6,2
Tunisia,England,0.0,-0.10419858164324824,0.0,0.0,-0.03580282466689666,0.0,-1011.5,0.0,0.0,1.3924616270171677,0.12,0.0,0.0,0.35,0.6,0.5070685855148995,0.727,0.787,1.0,8.153950209526439,2.626,0.786,0.0,0.5,0.0,0.293,1,0.333,3,0.0,246.0,0.7047,1.0,0.4644,0.9905,1.0,0.0346,0.775,0.86,0.728,0.0,0.87,7,60.8,0.533,0.0,0.667,0,0.0,0.0,0.78,1871.8,0.0,0,0.0,0.5,0.10000000000000003,-0.35,0.45,0,0,0.5835839761157546,-0.12,-0.20000000000000007,0.0,0.333,-430,70.607380031629,-1.68,-0.14300000000000002,-72,0.0,-1.072153245917435,0.0,0.7137694821097311,-14,0.0,-0.07999999999999999,-3,-0.25245273030255144,0.5,0,0.0,1.2882630453739194,0.12,0.0,0.0,0.45,0.25,1.0906525616306542,0.607,0.587,1.0,78.76133024115545,0.946,0.643,0.0,0.5,0.0,0.213,4,0.333,3,0.0,36.44,0.3577,0.16,0.5229,0.9958,0.1064,0.0115,0.581,0.425,0.583,0.0,0.87,0,39.2,1.0,0.0,0.529,0,0.0,0.0,0.844,1903.8,0.0,0,0.0,0.5,209.56,0.0,-0.347,-0.84,0.05850000000000005,0.005299999999999971,-0.8936,-0.0231,0,10,0,-0.19400000000000006,-2,-0.435,-1221.06,-0.14500000000000002,0.0,-7,-21.599999999999994,0.46699999999999997,0.0,-0.138,0,0.5,0.0,0.0,0.06399999999999995,-830.73,32.0,0.0,0,0.0,0.0,90,-13,0
Belgium,Panama,0.0,2.263612401441168,0.22,0.0,0.30087646343803975,0.04300000000000004,430.7200000000001,0.0,0.0,0.7666970573411435,0.02,0.0,0.0,0.3,0.35,1.317771316243646,0.557,0.447,1.0,-7.469863835310779,0.625,0.857,0.0,0.5,0.0,0.173,4,0.333,3,0.0,47.03,0.4166,0.0741,0.4333,0.9783,0.0513,0.0577,0.569,0.325,0.577,0.0,0.87,0,33.7,1.0,0.0,0.296,0,0.0,0.0,0.833,1767.2,0.0,0,0.0,0.5,0.15000000000000002,0.15000000000000002,0.578,0,0,-0.5933406795521136,0.2559999999999999,0.446,0.0,0.333,198,51.94306992141412,0.587,-0.357,38,0.0,1.8041003473272024,0.0,-1.073126866912404,8,0.0,0.174,3,2.417546603069678,0.5,0,0.0,3.0303094587823116,0.24,0.0,0.0,0.45,0.5,0.7244306366915324,0.813,0.893,1.0,44.47320608610334,1.212,0.5,0.0,0.5,0.0,0.347,1,0.333,2,0.0,0.0,0.5694,1.0,0.3031,0.9754,0.6806,0.0462,0.804,0.9,0.734,0.0,0.913,5,66.3,0.9,0.0,0.808,0,0.0,0.0,0.957,1823.2,0.0,0,0.0,0.5,47.03,0.0,0.1528,0.9259,-0.13020000000000004,-0.0028999999999999027,0.6293,-0.011500000000000003,0,44,0,0.2350000000000001,0,0.575,383.69000000000005,0.15700000000000003,0.0,5,32.599999999999994,-0.09999999999999998,0.0,0.512,0,0.5,0.0,0.0,0.124,384.09,56.0,0.0,0,0.0,0.0,90,-6,2
Sweden,South Korea,0.0,0.058627274027851506,-0.060000000000000005,0.0,0.0658043869591306,0.0,96.70000000000007,0.0,0.0,0.971369177824716,0.1,0.0,0.0,0.5,0.4,1.4181824493011244,0.557,0.447,1.0,-52.342092528702175,0.414,0.5,0.0,0.5,0.0,0.173,3,0.333,2,0.0,9.87,0.4535,0.1998,0.5346,0.9544,0.0709,0.0731,0.608,0.245,0.601,0.0,0.913,3,51.0,0.667,0.0,0.346,0,0.0,0.0,0.919,1698.0,0.0,0,0.0,0.5,-0.09999999999999998,0.09999999999999998,0.538,0,0,-0.7501609099543161,0.1529999999999999,0.293,0.0,0.333,-61,47.37031885173672,1.6010000000000002,0.14300000000000002,-5,0.0,0.20117966114662023,0.0,-1.029769605686146,1,0.0,0.10700000000000004,0,-0.47845399210662953,0.3333333333333333,0,0.0,1.0299964518525675,0.04,0.0,0.0,0.4,0.5,0.6680215393468083,0.71,0.74,1.0,-4.971773676965457,2.015,0.643,0.0,0.5,0.0,0.28,3,0.333,2,0.0,0.0,0.5369,0.9304,0.5667,0.9844,0.7194,0.0577,0.66,0.38,0.667,0.0,0.913,4,49.0,0.733,0.0,0.404,0,0.0,0.0,0.957,1735.6,0.0,0,0.0,0.5,9.87,0.0,0.08340000000000003,0.7306,0.03210000000000002,0.030000000000000027,0.6485000000000001,-0.015399999999999997,0,6,0,0.052000000000000046,0,0.135,86.83000000000007,0.06600000000000006,0.0,1,-2.0,0.06599999999999995,0.0,0.05800000000000005,0,0.5,0.0,0.0,0.03799999999999992,74.85000000000001,37.59999999999991,0.0,0,0.0,0.0,90,-10,2
Colombia,Japan,0.0,-0.08311665198030749,0.04000000000000001,0.0,-0.007517404828914165,0.04399999999999993,8.020000000000095,0.0,0.0,1.4061947103988464,0.12,0.0,0.0,0.45,0.35,1.4570842659531074,0.4,0.28,1.0,-71.17791141045787,0.0,0.5,0.0,0.5,0.0,0.08,2,0.333,2,0.0,0.0,0.4989,0.8942,0.3604,0.9875,0.4305,0.0462,0.0,0.39,0.0,0.0,0.913,5,0.0,0.0,0.0,0.346,0,0.0,0.0,0.957,1763.8,0.0,0,0.0,0.5,-0.04999999999999999,0.15000000000000002,0.557,0,0,-0.6528231928691172,0.2929999999999999,0.4129999999999999,0.0,0.333,73,40.27873434485273,0.0,0.5,5,0.0,0.5812118129627616,0.0,-1.2289993073097538,-1,0.0,0.187,1,-0.0982466731471443,1.0,0,0.0,1.3230780584185389,0.16,0.0,0.0,0.4,0.5,0.8042610730839902,0.693,0.693,1.0,-30.899177065605137,0.0,1.0,0.0,0.5,0.0,0.267,1,0.333,1,0.0,2.03,0.6034,0.807,0.4448,0.9826,0.4149,0.0462,0.0,0.62,0.0,0.0,0.957,7,0.0,0.0,0.0,0.567,0,0.0,0.0,0.976,1833.2,0.0,0,0.0,0.5,-2.03,0.0,0.10450000000000004,-0.08719999999999994,0.08439999999999998,-0.0049000000000000155,-0.015600000000000003,0.0,0,-22,0,0.0,0,0.22999999999999998,10.050000000000068,0.0,0.0,2,0.0,0.0,0.0,0.22099999999999997,0,0.5,0.0,0.0,0.019000000000000017,7.269999999999982,69.40000000000009,0.0,0,0.0,0.0,90,21,0
Colombia,Japan,0.0,-0.08311665198030749,0.04000000000000001,0.0,-0.007517404828914165,0.04399999999999993,8.020000000000095,0.0,0.0,1.4061947103988464,0.12,0.0,0.0,0.45,0.35,1.4570842659531074,0.4,0.28,1.0,-71.17791141045787,2.321,0.5,0.0,0.5,0.0,0.08,2,0.333,2,0.0,0.0,0.4989,0.8942,0.3604,0.9875,0.4305,0.0462,0.8,0.39,0.72,0.0,0.913,5,60.7,1.0,0.0,0.346,0,0.0,0.0,0.957,1763.8,0.0,0,0.0,0.5,-0.04999999999999999,0.15000000000000002,0.54,0,0,-0.6528231928691172,0.2929999999999999,0.4129999999999999,0.0,0.333,73,40.27873434485273,-1.5150000000000001,0.5,5,0.0,0.5812118129627616,0.0,-1.2289993073097538,-1,0.0,0.187,1,-0.0982466731471443,1.0,0,0.0,1.3230780584185389,0.16,0.0,0.0,0.4,0.5,0.8042610730839902,0.693,0.693,1.0,-30.899177065605137,0.806,1.0,0.0,0.5,0.0,0.267,1,0.333,1,0.0,2.03,0.6034,0.807,0.4448,0.9826,0.4149,0.0462,0.591,0.62,0.573,0.0,0.957,7,39.3,1.0,0.0,0.567,0,0.0,0.0,0.976,1833.2,0.0,0,0.0,0.5,-2.03,0.0,0.10450000000000004,-0.08719999999999994,0.08439999999999998,-0.0049000000000000155,-0.015600000000000003,0.0,0,-22,0,-0.20900000000000007,0,0.22999999999999998,10.050000000000068,-0.14700000000000002,0.0,2,-21.400000000000006,0.0,0.0,0.22099999999999997,0,0.5,0.0,0.0,0.019000000000000017,7.269999999999982,69.40000000000009,0.0,0,0.0,0.0,90,21,0
Portugal,Morocco,-0.048,0.8604974916143737,0.31799999999999995,-0.01200000000000001,0.06355309228971939,0.0,578.04,0.0,0.108,1.3991004244926906,0.37,1.23,0.0,0.3,0.45,0.6761527225907524,0.47,0.573,1.0,-18.4710129336522,1.455,0.357,0.569,1.0,0.0,0.437,2,0.333,2,0.0,45.480000000000004,0.5907,1.0,0.3317,0.9937,0.697,0.0385,0.677,0.36,0.651,0.725,0.913,7,57.5,1.0,0.67,0.526,0,0.0,0.0,0.884,1688.6,0.0,0,0.0,0.775,0.10000000000000003,0.10000000000000003,0.501,0,0,0.7036921222402384,-0.11299999999999999,-0.12599999999999995,0.0,0.333,-71,33.2579563307941,-0.5700000000000001,0.0,-3,0.31100000000000005,0.2067874682845161,0.0,0.951191767937636,2,0.0,-0.014000000000000012,0,1.5075819802429402,0.5,0,0.06,2.2595979161070643,0.688,1.218,0.0,0.4,0.55,1.3798448448309908,0.357,0.447,1.0,14.786943397141897,0.885,0.357,0.88,1.0,0.0,0.423,2,0.333,2,0.0,96.63,0.5771,1.0,0.6682,0.983,1.0,0.0462,0.568,0.6,0.571,0.595,0.913,5,42.5,1.0,0.645,0.502,0,0.0,0.0,0.833,1937.6,0.0,0,0.0,0.775,-51.14999999999999,0.0,-0.013600000000000056,0.0,0.3365,-0.010700000000000043,0.30300000000000005,0.0076999999999999985,0,30,0,-0.1090000000000001,1,0.24,629.1899999999999,-0.08000000000000007,-0.13,-2,-15.0,0.0,-0.025000000000000022,-0.02400000000000002,0,0.5,0.0,0.0,-0.051000000000000045,447.3399999999999,249.0,0.0,0,0.0,0.0,90,29,2
Portugal,Morocco,-0.048,0.8604974916143737,0.31799999999999995,-0.01200000000000001,0.06355309228971939,0.0,578.04,0.0,0.108,1.3991004244926906,0.37,1.23,0.0,0.3,0.45,0.6761527225907524,0.47,0.573,1.0,-18.4710129336522,0.0,0.357,0.569,1.0,0.0,0.437,2,0.333,2,0.0,45.480000000000004,0.5907,1.0,0.3317,0.9937,0.697,0.0385,0.731,0.36,0.0,0.725,0.913,7,0.0,0.6,0.67,0.526,0,0.0,0.0,0.884,1688.6,0.0,0,0.0,0.775,0.10000000000000003,0.10000000000000003,0.501,0,0,0.7036921222402384,-0.11299999999999999,-0.12599999999999995,0.0,0.333,-71,33.2579563307941,0.0,0.0,-3,0.31100000000000005,0.2067874682845161,0.0,0.951191767937636,2,0.0,-0.014000000000000012,0,1.5075819802429402,0.5,0,0.06,2.2595979161070643,0.688,1.218,0.0,0.4,0.55,1.3798448448309908,0.357,0.447,1.0,14.786943397141897,0.0,0.357,0.88,1.0,0.0,0.423,2,0.333,2,0.0,96.63,0.5771,1.0,0.6682,0.983,1.0,0.0462,0.598,0.6,0.0,0.595,0.913,5,0.0,0.533,0.645,0.502,0,0.0,0.0,0.833,1937.6,0.0,0,0.0,0.775,-51.14999999999999,0.0,-0.013600000000000056,0.0,0.3365,-0.010700000000000043,0.30300000000000005,0.0076999999999999985,0,30,0,-0.133,1,0.24,629.1899999999999,0.0,-0.13,-2,0.0,-0.06699999999999995,-0.025000000000000022,-0.02400000000000002,0,0.5,0.0,0.0,-0.051000000000000045,447.3399999999999,249.0,0.0,0,0.0,0.0,90,29,2
Uruguay,Saudi Arabia,-0.15600000000000003,0.45710414659756726,0.356,1.3459999999999999,0.056127703398558215,0.04300000000000004,60.0000000000001,0.0,0.264,0.9931224309138634,0.217,0.425,0.0,0.4,0.3,2.2836553143646907,0.266,0.2,1.0,-17.272355075637243,0.273,0.429,0.7,1.0,0.0,0.33,4,0.333,1,0.0,6.54,0.3742,0.1149,0.5194,0.975,0.0618,0.0692,0.776,0.08,0.694,0.765,0.87,2,57.2,1.0,0.79,0.164,0,0.0,0.0,0.901,1789.0,0.0,2,0.087,0.775,0.04999999999999999,0.15000000000000002,0.693,0,0,-1.5405537972842203,0.487,0.647,0.0,0.333,133,52.56047680269209,1.5339999999999998,-0.07200000000000001,20,-0.16499999999999992,2.2268925114849507,0.0,-2.537109660780126,3,0.0,0.25299999999999995,1,0.9770797854193103,0.16666666666666666,0,0.108,1.4502265775114307,0.573,1.771,0.0,0.45,0.45,0.7431015170804705,0.753,0.847,1.0,35.28812172705484,1.807,0.357,0.535,1.0,0.0,0.583,3,0.333,2,0.0,0.0,0.7259,0.8405,0.3833,0.9778,0.4614,0.0577,0.696,0.92,0.653,0.796,0.913,2,42.8,0.867,0.868,0.85,0,0.0,0.0,0.957,1751.8,0.0,0,0.0,0.775,6.54,0.0,0.3517,0.7256,-0.1361,0.0028000000000000247,0.39959999999999996,-0.011499999999999996,0,-2,0,-0.08000000000000007,0,0.8400000000000001,53.46000000000009,-0.040999999999999925,0.031000000000000028,0,-14.400000000000006,-0.133,0.07799999999999996,0.6859999999999999,0,0.5,0.0,0.0,0.05599999999999994,53.5,-37.200000000000045,0.0,0.0,-0.087,0.0,90,37,2
Argentina,Croatia,0.0,0.31496459865207926,0.06299999999999994,0.603,0.0011856431792671707,0.0,349.90999999999974,0.0,0.12,1.3312374409171939,0.518,1.397,0.0,0.3,0.45,0.6797184772286641,0.619,0.74,1.0,17.844404645335914,0.0,0.357,0.495,1.0,0.0,0.53,2,0.333,3,0.0,28.669999999999998,0.5234,1.0,0.4299,0.9915,0.629,0.0231,0.683,0.88,0.0,0.686,0.87,6,0.0,0.933,0.793,0.778,0,0.0,0.0,0.879,1912.4,0.0,0,0.0,0.775,0.10000000000000003,0.0,0.5,0,0,0.6708488157326319,-0.186,-0.293,0.0,0.333,231,-67.16293826021096,0.0,0.0,12,0.05900000000000005,-1.0430920157867407,0.0,0.958839612894718,7,0.0,-0.10700000000000004,1,0.14913145842961995,0.5,0,0.12,1.6462020395692731,0.581,2.0,0.0,0.4,0.45,1.350567292961296,0.433,0.447,1.0,-49.31853361487505,0.0,0.357,0.554,1.0,0.0,0.423,1,0.333,3,0.0,62.19,0.5536,1.0,0.3083,0.9917,1.0,0.0231,0.908,0.58,0.0,0.923,0.87,9,0.0,0.4,0.596,0.617,0,0.0,0.0,0.818,1747.8,0.0,0,0.0,0.775,-33.519999999999996,0.0,0.030200000000000005,0.0,-0.12159999999999999,0.00019999999999997797,0.371,0.0,0,-6,0,0.22499999999999998,0,-0.30000000000000004,383.4299999999998,0.0,0.237,3,0.0,-0.533,-0.19700000000000006,-0.16100000000000003,0,0.5,0.0,0.0,-0.061000000000000054,323.90000000000003,-164.60000000000014,0.0,0,0.0,0.0,90,52,0
Argentina,Croatia,0.0,0.31496459865207926,0.06299999999999994,0.603,0.0011856431792671707,0.0,349.90999999999974,0.0,0.12,1.3312374409171939,0.518,1.397,0.0,0.3,0.45,0.6797184772286641,0.619,0.74,1.0,17.844404645335914,1.832,0.357,0.495,1.0,0.0,0.53,2,0.333,3,0.0,28.669999999999998,0.5234,1.0,0.4299,0.9915,0.629,0.0231,0.539,0.88,0.567,0.686,0.87,6,31.6,0.767,0.793,0.778,0,0.0,0.0,0.879,1912.4,0.0,0,0.0,0.775,0.10000000000000003,0.0,0.524,0,0,0.6708488157326319,-0.186,-0.293,0.0,0.333,231,-67.16293826021096,-0.6140000000000001,0.0,12,0.05900000000000005,-1.0430920157867407,0.0,0.958839612894718,7,0.0,-0.10700000000000004,1,0.14913145842961995,0.5,0,0.12,1.6462020395692731,0.581,2.0,0.0,0.4,0.45,1.350567292961296,0.433,0.447,1.0,-49.31853361487505,1.218,0.357,0.554,1.0,0.0,0.423,1,0.333,3,0.0,62.19,0.5536,1.0,0.3083,0.9917,1.0,0.0231,0.732,0.58,0.678,0.923,0.87,9,68.4,0.933,0.596,0.617,0,0.0,0.0,0.818,1747.8,0.0,0,0.0,0.775,-33.519999999999996,0.0,0.030200000000000005,0.0,-0.12159999999999999,0.00019999999999997797,0.371,0.0,0,-6,0,0.19299999999999995,0,-0.30000000000000004,383.4299999999998,0.1110000000000001,0.237,3,36.800000000000004,0.16600000000000004,-0.19700000000000006,-0.16100000000000003,0,0.5,0.0,0.0,-0.061000000000000054,323.90000000000003,-164.60000000000014,0.0,0,0.0,0.0,90,52,0
Belgium,Tunisia,-0.096,1.8077852238078145,0.24399999999999994,0.5830000000000001,0.21245335820895528,0.04300000000000004,404.92000000000013,0.0,0.192,1.2335136972801397,0.46,0.773,0.0,0.45,0.25,1.2100191038629249,0.203,0.433,1.0,61.31750215184334,1.188,0.357,0.692,1.0,0.0,0.397,4,0.333,3,0.0,36.44,0.3577,0.16,0.5229,0.9958,0.1064,0.0115,0.654,0.24,0.648,0.573,0.87,0,43.5,0.733,0.853,0.279,0,0.0,0.0,0.844,1943.6,0.0,0,0.0,0.775,0.0,0.30000000000000004,0.635,0,0,-0.6859111030904576,0.5349999999999999,0.46,0.0,0.333,258,-13.353361371011474,4.148000000000001,0.0,60,0.248,2.0061410155500043,0.0,-1.3152917480209625,14,0.0,0.19999999999999996,3,1.6908492675290412,0.6666666666666666,0,0.096,3.041298921087954,0.704,1.356,0.0,0.45,0.55,0.5241080007724673,0.738,0.893,1.0,47.96414078083187,5.336,0.357,0.94,1.0,0.0,0.597,1,0.333,2,0.0,0.0,0.5694,1.0,0.3031,0.9754,0.6806,0.0462,0.704,0.96,0.665,0.815,0.913,5,56.5,0.867,0.78,0.857,0,0.0,0.0,0.957,1774.8,0.0,0,0.0,0.775,36.44,0.0,0.2117,0.84,-0.21980000000000005,-0.020399999999999974,0.5742,0.034699999999999995,0,-19,0,0.04999999999999993,0,0.72,368.48000000000013,0.017000000000000015,0.242,5,13.0,0.134,-0.07299999999999995,0.578,0,0.5,0.0,0.0,0.11299999999999999,357.87,-168.79999999999995,0.0,0,0.0,0.0,90,7,2
Germany,Sweden,-0.06,0.7433818688136271,0.11699999999999999,0.19199999999999995,-0.10654307669769736,0.0,434.04999999999984,0.0,0.156,1.025818185373955,0.402,1.808,0.0,0.4,0.5,0.5749714673395436,0.66,0.74,1.0,4.460283120439829,0.815,0.357,0.243,1.0,0.0,0.53,3,0.333,2,0.0,0.0,0.5369,0.9304,0.5667,0.9844,0.7194,0.0577,0.427,0.575,0.473,0.661,0.913,4,16.9,0.533,0.718,0.529,0,0.0,0.0,0.957,1727.4,0.0,0,0.0,0.775,0.04999999999999999,-0.04999999999999999,0.514,0,0,0.40063881054730477,-0.329,-0.32,0.0,0.333,169,4.293298223973993,0.5030000000000001,0.07200000000000001,24,0.127,-0.4540988418556636,0.0,0.7771417082402508,6,0.0,-0.16000000000000003,2,0.3750243110959706,0.7333333333333333,0,0.096,1.769200054187582,0.519,2.0,0.0,0.45,0.45,0.9756102778868484,0.331,0.42,1.0,8.753581344413822,1.318,0.429,0.37,1.0,0.0,0.37,1,0.333,2,0.0,80.0,0.7408,1.0,0.3347,0.9877,1.0,0.0462,0.903,0.29,0.808,0.813,0.913,6,83.1,0.567,0.693,0.467,0,0.0,0.0,0.849,1943.2,0.0,0,0.0,0.775,-80.0,0.0,0.20389999999999997,0.0696,-0.23199999999999998,0.0032999999999999696,0.28059999999999996,-0.011500000000000003,0,12,0,0.47600000000000003,0,-0.285,514.0499999999998,0.3350000000000001,0.1519999999999999,2,66.19999999999999,0.03399999999999992,-0.025000000000000022,-0.062,0,0.5,0.0,0.0,-0.10799999999999998,400.10999999999996,215.79999999999995,0.0,0,0.0,0.0,90,7,2
South Korea,Mexico,0.048000000000000015,-0.29548513974788904,-0.11300000000000002,-0.6399999999999999,-0.04366047534429174,0.04300000000000004,-65.22,0.0,0.12,1.1169537339733013,0.319,1.097,0.0,0.4,0.5,0.7151149392656676,0.434,0.74,1.0,-32.08502937158339,1.878,0.429,0.388,1.0,0.0,0.53,1,0.333,3,0.0,4.65,0.4964,0.8192,0.3552,0.9812,0.2426,0.0231,0.737,0.61,0.716,0.538,0.87,9,59.8,1.0,0.855,0.362,0,0.0,0.0,0.93,1818.0,0.0,0,0.0,0.775,0.04999999999999999,-0.09999999999999998,0.388,0,0,0.6448180304487777,-0.08600000000000002,-0.19999999999999996,0.0,0.333,-169,-30.622135787027425,-1.056,-0.07200000000000001,-25,0.28800000000000003,-1.0155636528867553,0.0,0.6300502876298169,-7,0.0,-0.08000000000000002,-2,-0.0639054345426277,0.5,0,0.168,0.8214685942254123,0.206,0.457,0.0,0.45,0.4,1.3599329697144453,0.348,0.54,1.0,-62.70716515861081,0.822,0.357,0.676,1.0,0.0,0.45,3,0.333,2,0.0,9.87,0.4535,0.1998,0.5346,0.9544,0.0709,0.0731,0.581,0.18,0.598,0.597,0.913,3,40.2,0.733,0.694,0.221,0,0.0,0.0,0.919,1704.8,0.0,0,0.0,0.775,-5.219999999999999,0.0,-0.042899999999999994,-0.6194000000000001,0.17939999999999995,-0.026799999999999935,-0.17170000000000002,0.05,0,13,0,-0.15600000000000003,0,-0.43,-60.0,-0.118,0.05899999999999994,-6,-19.599999999999994,-0.267,-0.16100000000000003,-0.141,0,0.5,0.0,0.0,-0.01100000000000001,-56.60000000000001,-113.20000000000005,0.0,0,0.0,0.0,90,-29,0
Japan,Senegal,0.0,0.20961106293311826,0.25799999999999995,0.7969999999999999,0.07259108200321573,0.04300000000000004,23.50999999999985,0.0,0.132,1.3285922512205062,0.443,1.064,0.0,0.4,0.6,0.6249251383961144,0.585,0.74,1.0,-9.65470831891896,1.878,0.357,0.413,1.0,0.0,0.53,3,0.333,3,0.0,18.509999999999998,0.6473,1.0,0.4454,0.9908,0.7102,0.0346,0.584,0.7,0.589,0.574,0.87,3,45.7,0.667,0.795,0.574,0,0.0,0.0,0.889,1670.2,0.0,0,0.0,0.775,0.15000000000000002,-0.35,0.551,0,0,0.7272712240541003,-0.26499999999999996,-0.413,0.0,0.333,42,-38.900042436603044,-0.8959999999999999,0.0,6,0.16599999999999998,0.2904399047588142,0.0,0.8072433173715305,2,0.0,-0.187,1,0.5766704226490824,0.0,0,0.132,1.5382033141536244,0.701,1.861,0.0,0.55,0.25,1.3521963624502147,0.32,0.327,1.0,-48.55475075552201,0.982,0.357,0.579,1.0,0.0,0.343,2,0.333,2,0.0,0.0,0.4989,0.8942,0.3604,0.9875,0.4305,0.0462,0.67,0.8,0.661,0.817,0.913,5,54.3,0.633,0.927,0.675,0,0.0,0.0,0.957,1875.8,0.0,0,0.0,0.775,18.509999999999998,0.0,-0.14839999999999998,-0.1058,-0.08500000000000002,-0.0032999999999999696,-0.27970000000000006,0.0116,0,1,0,0.08600000000000008,0,0.10000000000000009,4.999999999999858,0.07200000000000006,0.243,2,8.599999999999994,-0.03400000000000003,0.132,0.10100000000000009,0,0.5,0.0,0.0,0.06799999999999995,14.810000000000002,205.5999999999999,0.0,0,0.0,0.0,90,26,1
Japan,Senegal,0.0,0.20961106293311826,0.25799999999999995,0.7969999999999999,0.07259108200321573,0.04300000000000004,23.50999999999985,0.0,0.132,1.3285922512205062,0.443,1.064,0.0,0.4,0.6,0.6249251383961144,0.585,0.74,1.0,-9.65470831891896,0.0,0.357,0.413,1.0,0.0,0.53,3,0.333,3,0.0,18.509999999999998,0.6473,1.0,0.4454,0.9908,0.7102,0.0346,0.581,0.7,0.0,0.574,0.87,3,0.0,0.933,0.795,0.574,0,0.0,0.0,0.889,1670.2,0.0,0,0.0,0.775,0.15000000000000002,-0.35,0.558,0,0,0.7272712240541003,-0.26499999999999996,-0.413,0.0,0.333,42,-38.900042436603044,0.0,0.0,6,0.16599999999999998,0.2904399047588142,0.0,0.8072433173715305,2,0.0,-0.187,1,0.5766704226490824,0.0,0,0.132,1.5382033141536244,0.701,1.861,0.0,0.55,0.25,1.3521963624502147,0.32,0.327,1.0,-48.55475075552201,0.0,0.357,0.579,1.0,0.0,0.343,2,0.333,2,0.0,0.0,0.4989,0.8942,0.3604,0.9875,0.4305,0.0462,0.8,0.8,0.0,0.817,0.913,5,0.0,1.0,0.927,0.675,0,0.0,0.0,0.957,1875.8,0.0,0,0.0,0.775,18.509999999999998,0.0,-0.14839999999999998,-0.1058,-0.08500000000000002,-0.0032999999999999696,-0.27970000000000006,0.0116,0,1,0,0.21900000000000008,0,0.10000000000000009,4.999999999999858,0.0,0.243,2,0.0,0.06699999999999995,0.132,0.10100000000000009,0,0.5,0.0,0.0,0.06799999999999995,14.810000000000002,205.5999999999999,0.0,0,0.0,0.0,90,26,1
England,Panama,-0.09599999999999999,0.9226837364132233,0.45500000000000007,1.337,0.12422592989598114,0.0,1037.3,0.0,0.144,0.5617014425670362,0.232,0.663,0.0,0.25,0.35,1.7683709449016407,0.428,0.493,1.0,-22.080700963242787,0.0,0.429,0.321,1.0,0.0,0.437,4,0.333,3,0.0,47.03,0.4166,0.0741,0.4333,0.9783,0.0513,0.0577,0.569,0.14,0.0,0.563,0.87,0,0.0,1.0,0.842,0.259,0,0.0,0.0,0.833,1769.8,0.0,0,0.0,0.775,0.09999999999999998,0.25,0.668,0,0,-1.1999392477703386,0.09800000000000003,0.18700000000000006,0.0,0.333,370,31.554590159362785,0.0,0.0,50,0.197,2.1413084463291945,0.0,-1.1204950275733077,8,0.0,0.05299999999999999,3,1.5849182340238896,0.5,0,0.048,1.4843851789802596,0.687,2.0,0.0,0.35,0.6,0.5684316971313023,0.526,0.68,1.0,9.473889196119998,0.0,0.429,0.518,1.0,0.0,0.49,1,0.333,3,0.0,246.0,0.7047,1.0,0.4644,0.9905,1.0,0.0346,0.775,0.94,0.0,0.783,0.87,7,0.0,0.533,0.645,0.871,0,0.0,0.0,0.78,1789.4,0.0,0,0.0,0.775,-198.97,0.0,0.28809999999999997,0.9259,0.03109999999999996,0.0122000000000001,0.9487,-0.023100000000000002,0,53,0,0.20600000000000007,2,0.7999999999999999,1236.27,0.0,0.22000000000000008,7,0.0,-0.46699999999999997,-0.19699999999999995,0.612,0,0.5,0.0,0.0,-0.052999999999999936,856.95,19.600000000000136,0.0,0,0.0,0.0,90,0,2
England,Panama,-0.09599999999999999,0.9226837364132233,0.45500000000000007,1.337,0.12422592989598114,0.0,1037.3,0.0,0.144,0.5617014425670362,0.232,0.663,0.0,0.25,0.35,1.7683709449016407,0.428,0.493,1.0,-22.080700963242787,1.08,0.429,0.321,1.0,0.0,0.437,4,0.333,3,0.0,47.03,0.4166,0.0741,0.4333,0.9783,0.0513,0.0577,0.652,0.14,0.63,0.563,0.87,0,41.7,0.567,0.842,0.259,0,0.0,0.0,0.833,1769.8,0.0,0,0.0,0.775,0.09999999999999998,0.25,0.683,0,0,-1.1999392477703386,0.09800000000000003,0.18700000000000006,0.0,0.333,370,31.554590159362785,2.088,0.0,50,0.197,2.1413084463291945,0.0,-1.1204950275733077,8,0.0,0.05299999999999999,3,1.5849182340238896,0.5,0,0.048,1.4843851789802596,0.687,2.0,0.0,0.35,0.6,0.5684316971313023,0.526,0.68,1.0,9.473889196119998,3.168,0.429,0.518,1.0,0.0,0.49,1,0.333,3,0.0,246.0,0.7047,1.0,0.4644,0.9905,1.0,0.0346,0.823,0.94,0.754,0.783,0.87,7,58.3,0.5,0.645,0.871,0,0.0,0.0,0.78,1789.4,0.0,0,0.0,0.775,-198.97,0.0,0.28809999999999997,0.9259,0.03109999999999996,0.0122000000000001,0.9487,-0.023100000000000002,0,53,0,0.17099999999999993,2,0.7999999999999999,1236.27,0.124,0.22000000000000008,7,16.599999999999994,-0.06699999999999995,-0.19699999999999995,0.612,0,0.5,0.0,0.0,-0.052999999999999936,856.95,19.600000000000136,0.0,0,0.0,0.0,90,0,2
Spain,Morocco,-0.018000000000000002,1.3118219348071671,0.282,0.31100000000000017,0.17161616542771985,0.0,610.4600000000002,0.0,0.108,1.0145841792550543,0.332,1.404,0.0,0.25,0.45,0.7600880361770627,0.372,0.467,1.0,-47.66991178047206,1.072,0.357,0.358,1.0,0.0,0.383,2,0.333,2,0.0,45.480000000000004,0.5907,1.0,0.3317,0.9937,0.697,0.0385,0.474,0.08,0.497,0.702,0.913,7,24.1,0.8,0.768,0.364,0,0.0,0.0,0.884,1794.4,0.0,0,0.0,0.807,0.25,0.04999999999999999,0.605,0,0,0.2387114960371426,0.17600000000000005,0.13299999999999995,0.0,0.333,141,31.866725713031983,1.532,0.0,5,0.237,1.9142407677008997,-0.5,0.04880823206236373,2,0.0,0.10699999999999998,1,1.3126517437840515,0.5,0,0.09,2.3264061140622214,0.614,1.715,0.0,0.5,0.5,0.9987995322142053,0.548,0.6,1.0,-15.803186067440082,2.604,0.357,0.595,0.5,0.0,0.49,1,0.333,2,0.0,0.0,0.7433,1.0,0.7002,0.9915,1.0,0.0231,0.898,0.84,0.823,0.911,0.913,7,75.9,0.633,0.67,0.737,0,0.0,0.0,0.957,1852.4,0.0,0,0.0,0.587,45.480000000000004,0.0,0.15259999999999996,0.0,0.36850000000000005,-0.0021999999999999797,0.30300000000000005,-0.0154,0,28,0,0.42400000000000004,0,0.76,564.9800000000001,0.32599999999999996,0.20900000000000007,0,51.800000000000004,-0.16700000000000004,-0.09799999999999998,0.373,0,0.5,0.0,0.0,0.07299999999999995,529.9499999999999,58.0,0.0,0,0.0,-0.22000000000000008,90,23,1
Saudi Arabia,Egypt,-0.09,0.18199038148743185,-0.10500000000000004,-0.61,0.20256190251052575,0.0,-377.78,0.0,0.246,0.621709898230575,0.279,1.091,0.0,0.35,0.4,1.3611364131448154,0.311,0.387,1.0,-59.90852460484285,0.924,0.429,0.311,0.5,0.0,0.383,2,0.333,3,0.0,170.20999999999998,0.6143,0.3995,0.3,0.9755,0.1872,0.0846,0.562,0.1,0.565,0.631,0.87,5,30.0,0.7,0.859,0.206,0,0.0,0.0,0.753,1788.8,0.0,0,0.0,0.65,0.0,-0.10000000000000003,0.459,0,0,0.7364176523184041,-0.163,-0.29400000000000004,0.0,0.333,-164,34.81582611634957,1.6219999999999999,-0.07200000000000001,-30,0.47500000000000003,-0.28623051789026865,0.0,0.7743672570419817,-6,0.0,-0.10599999999999998,-2,-0.09454025208601619,0.0,0,0.156,0.8037002797180068,0.174,0.481,0.0,0.35,0.3,2.0975540654632194,0.148,0.093,1.0,-25.092698488493284,2.546,0.357,0.786,0.5,0.0,0.277,4,0.333,1,0.0,6.54,0.3742,0.1149,0.5194,0.975,0.0618,0.0692,0.865,0.0,0.757,0.777,0.87,2,70.0,1.0,0.822,0.018,0,0.0,0.0,0.901,1807.4,0.0,2,0.087,0.485,163.67,0.0,-0.24009999999999998,-0.2846,0.21939999999999998,-0.000500000000000056,-0.1254,-0.015399999999999997,0,-6,0,0.30299999999999994,-1,-0.1,-541.4499999999999,0.19200000000000006,0.14600000000000002,-3,40.0,0.30000000000000004,-0.03700000000000003,-0.188,0,0.5,0.0,0.0,0.14800000000000002,-327.4,18.600000000000136,0.0,0.0,0.087,-0.16500000000000004,90,25,2
Spain,Morocco,-0.018000000000000002,1.3118219348071671,0.282,0.31100000000000017,0.17161616542771985,0.0,610.4600000000002,0.0,0.108,1.0145841792550543,0.332,1.404,0.0,0.25,0.45,0.7600880361770627,0.372,0.467,1.0,-47.66991178047206,0.0,0.357,0.358,1.0,0.0,0.383,2,0.333,2,0.0,45.480000000000004,0.5907,1.0,0.3317,0.9937,0.697,0.0385,0.704,0.08,0.0,0.702,0.913,7,0.0,0.867,0.768,0.364,0,0.0,0.0,0.884,1794.4,0.0,0,0.0,0.807,0.25,0.04999999999999999,0.577,0,0,0.2387114960371426,0.17600000000000005,0.13299999999999995,0.0,0.333,141,31.866725713031983,0.0,0.0,5,0.237,1.9142407677008997,-0.5,0.04880823206236373,2,0.0,0.10699999999999998,1,1.3126517437840515,0.5,0,0.09,2.3264061140622214,0.614,1.715,0.0,0.5,0.5,0.9987995322142053,0.548,0.6,1.0,-15.803186067440082,0.0,0.357,0.595,0.5,0.0,0.49,1,0.333,2,0.0,0.0,0.7433,1.0,0.7002,0.9915,1.0,0.0231,0.893,0.84,0.0,0.911,0.913,7,0.0,0.6,0.67,0.737,0,0.0,0.0,0.957,1852.4,0.0,0,0.0,0.587,45.480000000000004,0.0,0.15259999999999996,0.0,0.36850000000000005,-0.0021999999999999797,0.30300000000000005,-0.0154,0,28,0,0.18900000000000006,0,0.76,564.9800000000001,0.0,0.20900000000000007,0,0.0,-0.267,-0.09799999999999998,0.373,0,0.5,0.0,0.0,0.07299999999999995,529.9499999999999,58.0,0.0,0,0.0,-0.22000000000000008,90,23,1
Mexico,Sweden,-0.030000000000000013,0.2323297223720444,0.028000000000000025,0.08500000000000019,-0.022143911614838863,-0.04300000000000004,-31.480000000000075,0.0,0.132,1.007625312906413,0.412,1.283,0.0,0.45,0.45,0.7880631804876201,0.606,0.74,1.0,3.391183629486182,2.79,0.286,0.393,1.0,0.0,0.53,3,0.333,2,0.0,0.0,0.5369,0.9304,0.5667,0.9844,0.7194,0.0577,0.404,0.41,0.466,0.538,0.913,4,23.7,0.867,0.682,0.45,0,0.0,0.0,0.957,1765.4,0.0,0,0.0,0.925,0.0,0.0,0.548,0,0,-0.02596772203511133,-0.08299999999999996,0.0,0.0,0.333,230,-12.836659555428177,-1.179,0.0,30,0.07500000000000001,1.1116774923854664,0.0,-0.031168025955496836,6,0.0,0.0,2,0.4441429961068042,0.16666666666666666,1,0.102,1.2399550352784574,0.44,1.368,0.0,0.45,0.45,0.7620954584525088,0.523,0.74,1.0,-9.445475925941995,1.611,0.286,0.468,1.0,0.0,0.53,1,0.333,3,0.0,4.65,0.4964,0.8192,0.3552,0.9812,0.2426,0.0231,0.752,0.76,0.731,0.637,0.87,9,76.3,0.533,0.859,0.585,0,0.0,0.0,0.93,1801.2,0.0,0,0.0,0.925,-4.65,0.0,-0.040500000000000036,-0.11119999999999997,-0.21149999999999997,-0.0032000000000000917,-0.4768,-0.034600000000000006,0,-19,0,0.348,0,0.35000000000000003,-26.83000000000007,0.26499999999999996,0.09899999999999998,5,52.599999999999994,-0.33399999999999996,0.17699999999999994,0.13499999999999995,0,0.5,0.0,0.0,-0.026999999999999913,-18.25,35.799999999999955,0.0,0,0.0,0.0,90,39,0
South Korea,Germany,0.006000000000000005,-0.9404154454915764,-0.22899999999999998,-0.921,0.04073868973856676,0.0,-530.7499999999999,0.0,0.12,1.7940503430898955,0.481,1.78,0.0,0.5,0.4,0.9863058742253055,0.342,0.42,1.0,3.065241032482858,2.706,0.286,0.449,0.5,0.0,0.37,1,0.333,2,0.0,80.0,0.7408,1.0,0.3347,0.9877,1.0,0.0462,0.89,0.55,0.8,0.872,0.913,6,78.2,0.867,0.674,0.513,0,0.0,0.0,0.849,1856.4,0.0,0,0.0,0.485,0.0,0.0,0.362,0,0,0.470081629952104,-0.08900000000000002,-0.032999999999999974,0.0,0.333,-108,-72.09983582190871,-0.931,0.0,-19,0.017000000000000015,-1.2795823317517865,0.5,0.4219311570815667,-7,0.0,0.013000000000000012,-2,-0.6997386964536845,0.5,0,0.126,0.8536348975983191,0.252,0.859,0.0,0.5,0.4,1.4563875041774095,0.253,0.387,1.0,-69.03459478942585,1.775,0.286,0.466,1.0,0.0,0.383,3,0.333,2,0.0,9.87,0.4535,0.1998,0.5346,0.9544,0.0709,0.0731,0.455,0.06,0.485,0.584,0.913,3,21.8,0.6,0.705,0.098,0,0.0,0.0,0.919,1767.2,0.0,0,0.0,0.807,70.13,0.0,-0.2873,-0.8002,0.19989999999999997,-0.033299999999999996,-0.9291,0.0269,0,-18,0,-0.435,0,-0.49000000000000005,-600.8799999999999,-0.31500000000000006,-0.28800000000000003,-3,-56.400000000000006,-0.267,0.030999999999999917,-0.41500000000000004,0,0.5,0.0,0.0,0.07000000000000006,-474.96,-89.20000000000005,0.0,0,0.0,0.32200000000000006,90,3,2
Panama,Tunisia,0.048,-0.6649786828733166,-0.178,-0.30799999999999994,-0.08842310522908448,0.0,-25.799999999999955,0.0,0.102,1.3475774280193502,0.47,1.109,0.0,0.45,0.25,1.752529817378002,0.05,0.14,1.0,43.50891126326931,0.0,0.357,0.769,0.5,0.0,0.29,4,0.333,3,0.0,36.44,0.3577,0.16,0.5229,0.9958,0.1064,0.0115,0.618,0.1,0.0,0.615,0.87,0,0.0,0.917,0.786,0.129,0,0.0,0.0,0.844,1984.4,0.0,0,0.0,0.587,-0.10000000000000003,0.0,0.468,0,0,1.1940823345103182,-0.013000000000000005,-0.14,0.0,0.333,60,-67.2307632067922,0.0,-0.07100000000000001,22,-0.39,-0.28623051789026865,0.5,1.6388678228176579,6,0.0,-0.03999999999999998,0,-0.8592247620829143,0.5,0,0.15,0.6825987451460336,0.292,0.801,0.0,0.35,0.25,2.94661215188832,0.037,0.0,1.0,-23.7218519435229,0.0,0.286,0.379,1.0,0.0,0.25,4,0.333,3,0.0,47.03,0.4166,0.0741,0.4333,0.9783,0.0513,0.0577,0.61,0.0,0.0,0.604,0.87,0,0.0,0.817,0.75,0.014,0,0.0,0.0,0.833,1965.8,0.0,0,0.0,1.0,-10.590000000000003,0.0,0.05890000000000001,-0.0859,-0.08960000000000001,-0.01750000000000007,-0.055099999999999996,0.046200000000000005,0,-62,0,-0.008000000000000007,0,-0.1,-15.209999999999951,0.0,-0.01100000000000001,0,0.0,-0.10000000000000009,-0.03600000000000003,-0.115,0,0.5,0.0,0.0,-0.01100000000000001,-26.22,-18.600000000000136,0.0,0,0.0,0.41300000000000003,90,14,0
Panama,Tunisia,0.048,-0.6649786828733166,-0.178,-0.30799999999999994,-0.08842310522908448,0.0,-25.799999999999955,0.0,0.102,1.3475774280193502,0.47,1.109,0.0,0.45,0.25,1.752529817378002,0.05,0.14,1.0,43.50891126326931,2.852,0.357,0.769,0.5,0.0,0.29,4,0.333,3,0.0,36.44,0.3577,0.16,0.5229,0.9958,0.1064,0.0115,0.838,0.1,0.767,0.615,0.87,0,71.8,0.933,0.786,0.129,0,0.0,0.0,0.844,1984.4,0.0,0,0.0,0.587,-0.10000000000000003,0.0,0.445,0,0,1.1940823345103182,-0.013000000000000005,-0.14,0.0,0.333,60,-67.2307632067922,-2.161,-0.07100000000000001,22,-0.39,-0.28623051789026865,0.5,1.6388678228176579,6,0.0,-0.03999999999999998,0,-0.8592247620829143,0.5,0,0.15,0.6825987451460336,0.292,0.801,0.0,0.35,0.25,2.94661215188832,0.037,0.0,1.0,-23.7218519435229,0.691,0.286,0.379,1.0,0.0,0.25,4,0.333,3,0.0,47.03,0.4166,0.0741,0.4333,0.9783,0.0513,0.0577,0.478,0.0,0.502,0.604,0.87,0,28.2,1.0,0.75,0.014,0,0.0,0.0,0.833,1965.8,0.0,0,0.0,1.0,-10.590000000000003,0.0,0.05890000000000001,-0.0859,-0.08960000000000001,-0.01750000000000007,-0.055099999999999996,0.046200000000000005,0,-62,0,-0.36,0,-0.1,-15.209999999999951,-0.265,-0.01100000000000001,0,-43.599999999999994,0.06699999999999995,-0.03600000000000003,-0.115,0,0.5,0.0,0.0,-0.01100000000000001,-26.22,-18.600000000000136,0.0,0,0.0,0.41300000000000003,90,14,0
England,Belgium,-0.018000000000000002,-0.6060766508955231,0.06099999999999994,0.32200000000000006,-0.17665053354205862,-0.04300000000000004,606.5799999999998,0.0,0.078,3.3214286605389214,0.931,1.678,0.0,0.5,0.5,0.7442845891047086,0.601,0.74,1.0,48.73937171407834,0.965,0.357,0.782,0.5,0.0,0.53,1,0.333,2,0.0,0.0,0.5694,1.0,0.3031,0.9754,0.6806,0.0462,0.764,1.0,0.691,0.758,0.913,5,54.9,0.767,0.775,1.0,0,0.0,0.0,0.957,1707.8,0.0,0,0.0,0.725,-0.04999999999999999,0.0,0.509,0,0,-0.05041824149330154,-0.16899999999999998,-0.16700000000000004,0.0,0.333,172,-38.928929491682304,0.2360000000000001,-0.07100000000000001,12,0.08799999999999997,0.0,0.5,0.11171400778639162,0,0.0,-0.09300000000000003,0,0.35527730916430045,1.0,0,0.06,2.7153520096433983,0.992,2.0,0.0,0.45,0.5,0.6938663476114071,0.432,0.573,1.0,9.810442222396036,1.201,0.286,0.87,1.0,0.0,0.437,1,0.333,3,0.0,246.0,0.7047,1.0,0.4644,0.9905,1.0,0.0346,0.703,1.0,0.657,0.811,0.87,7,45.1,0.467,0.639,1.0,0,0.0,0.0,0.78,1703.6,0.0,0,0.0,0.925,-246.0,0.0,0.13529999999999998,0.0,0.1613,0.015100000000000002,0.3194,-0.0116,0,10,0,-0.061000000000000054,2,0.0,852.5799999999998,-0.03399999999999992,0.05300000000000005,2,-9.799999999999997,-0.3,-0.136,0.0,0,0.5,0.0,0.0,-0.17699999999999994,472.86,-4.2000000000000455,0.0,0,0.0,0.20000000000000007,90,7,0
Senegal,Colombia,-0.06,-0.20827176417462656,0.14800000000000002,0.254,-0.06507367717430157,-0.08699999999999997,-31.529999999999944,0.0,0.21,1.7108806703718846,0.507,1.123,0.0,0.4,0.5,0.8201116057415795,0.487,0.693,1.0,-32.39386411484701,0.285,0.286,0.837,1.0,0.0,0.517,1,0.333,1,0.0,2.03,0.6034,0.807,0.4448,0.9826,0.4149,0.0462,0.666,0.64,0.677,0.662,0.957,7,55.9,0.567,0.81,0.482,0,0.0,0.0,0.976,1821.0,0.0,0,0.0,0.76,0.09999999999999998,0.0,0.487,0,0,0.18836790167131923,-0.10499999999999998,-0.25999999999999995,0.0,0.333,-115,27.029856294884368,0.07600000000000001,0.0,-11,-0.11099999999999999,-0.12313503181021868,-0.5,0.7938124981332089,-1,0.0,-0.12,-2,-0.043092015786740934,0.16666666666666666,0,0.15,1.502608906197258,0.655,1.377,0.0,0.5,0.5,1.0084795074128987,0.382,0.433,1.0,-5.3640078199626435,0.361,0.286,0.726,0.5,0.0,0.397,3,0.333,3,0.0,18.509999999999998,0.6473,1.0,0.4454,0.9908,0.7102,0.0346,0.544,0.62,0.563,0.575,0.87,3,44.1,1.0,0.745,0.595,0,0.0,0.0,0.889,1844.6,0.0,0,0.0,0.65,-16.479999999999997,0.0,0.04389999999999994,0.19299999999999995,0.0006000000000000449,0.008199999999999985,0.29530000000000006,-0.0116,0,21,0,-0.122,0,-0.020000000000000018,-15.049999999999926,-0.1140000000000001,-0.08700000000000008,-4,-11.799999999999997,0.43300000000000005,-0.06500000000000006,0.11299999999999999,0,0.5,0.0,0.0,-0.08699999999999997,-22.079999999999984,23.59999999999991,0.0,0,0.0,-0.10999999999999999,90,-47,0
Senegal,Colombia,-0.06,-0.20827176417462656,0.14800000000000002,0.254,-0.06507367717430157,-0.08699999999999997,-31.529999999999944,0.0,0.21,1.7108806703718846,0.507,1.123,0.0,0.4,0.5,0.8201116057415795,0.487,0.693,1.0,-32.39386411484701,0.0,0.286,0.837,1.0,0.0,0.517,1,0.333,1,0.0,2.03,0.6034,0.807,0.4448,0.9826,0.4149,0.0462,0.66,0.64,0.0,0.662,0.957,7,0.0,0.983,0.81,0.482,0,0.0,0.0,0.976,1821.0,0.0,0,0.0,0.76,0.09999999999999998,0.0,0.476,0,0,0.18836790167131923,-0.10499999999999998,-0.25999999999999995,0.0,0.333,-115,27.029856294884368,0.0,0.0,-11,-0.11099999999999999,-0.12313503181021868,-0.5,0.7938124981332089,-1,0.0,-0.12,-2,-0.043092015786740934,0.16666666666666666,0,0.15,1.502608906197258,0.655,1.377,0.0,0.5,0.5,1.0084795074128987,0.382,0.433,1.0,-5.3640078199626435,0.0,0.286,0.726,0.5,0.0,0.397,3,0.333,3,0.0,18.509999999999998,0.6473,1.0,0.4454,0.9908,0.7102,0.0346,0.583,0.62,0.0,0.575,0.87,3,0.0,0.8,0.745,0.595,0,0.0,0.0,0.889,1844.6,0.0,0,0.0,0.65,-16.479999999999997,0.0,0.04389999999999994,0.19299999999999995,0.0006000000000000449,0.008199999999999985,0.29530000000000006,-0.0116,0,21,0,-0.07700000000000007,0,-0.020000000000000018,-15.049999999999926,0.0,-0.08700000000000008,-4,0.0,-0.18299999999999994,-0.06500000000000006,0.11299999999999999,0,0.5,0.0,0.0,-0.08699999999999997,-22.079999999999984,23.59999999999991,0.0,0,0.0,-0.10999999999999999,90,-47,0
Uruguay,Portugal,-0.020000000000000004,0.19702703478855343,0.21499999999999997,0.534,0.10806307313800045,0.0,-627.5899999999997,0.0,0.116,1.6075386725626597,0.482,1.257,0.0,0.45,0.5,1.0237549887567716,0.419,0.587,1.0,15.82249264687511,0.996,0.357,0.656,1.0,0.0,0.463,2,0.333,2,0.0,96.63,0.5771,1.0,0.6682,0.983,1.0,0.0462,0.792,0.66,0.745,0.671,0.913,5,70.0,0.8,0.693,0.551,0,0.0,0.0,0.833,1990.2,0.0,0,0.0,0.866,0.0,0.0,0.57,0,0,-0.5553392574927921,0.448,0.41300000000000003,0.0,0.333,-131,29.98324362671604,-0.52,0.0,-21,0.008000000000000007,1.300794511958424,0.0,-0.908099752150895,-6,0.0,0.187,-1,1.0430920157867414,0.5,0,0.096,1.8045657073512131,0.697,1.791,0.0,0.45,0.5,0.4684157312639795,0.867,1.0,1.0,45.80573627359115,0.476,0.357,0.664,1.0,0.0,0.65,3,0.333,2,0.0,0.0,0.7259,0.8405,0.3833,0.9778,0.4614,0.0577,0.462,1.0,0.491,0.748,0.913,2,30.0,1.0,0.776,1.0,0,0.0,0.0,0.957,1763.8,0.0,0,0.0,0.811,96.63,0.0,0.14880000000000004,-0.15949999999999998,-0.28490000000000004,-0.005199999999999982,-0.5386,0.011500000000000003,0,-23,0,-0.33,-1,0.33999999999999997,-724.2199999999998,-0.254,0.07699999999999996,-3,-40.0,0.19999999999999996,0.08300000000000007,0.44899999999999995,0,0.5,0.0,0.0,0.124,-481.2199999999999,-226.4000000000001,0.0,0,0.0,-0.05499999999999994,90,36,2
Uruguay,Portugal,-0.020000000000000004,0.19702703478855343,0.21499999999999997,0.534,0.10806307313800045,0.0,-627.5899999999997,0.0,0.116,1.6075386725626597,0.482,1.257,0.0,0.45,0.5,1.0237549887567716,0.419,0.587,1.0,15.82249264687511,0.0,0.357,0.656,1.0,0.0,0.463,2,0.333,2,0.0,96.63,0.5771,1.0,0.6682,0.983,1.0,0.0462,0.671,0.66,0.0,0.671,0.913,5,0.0,0.667,0.693,0.551,0,0.0,0.0,0.833,1990.2,0.0,0,0.0,0.866,0.0,0.0,0.6,0,0,-0.5553392574927921,0.448,0.41300000000000003,0.0,0.333,-131,29.98324362671604,0.0,0.0,-21,0.008000000000000007,1.300794511958424,0.0,-0.908099752150895,-6,0.0,0.187,-1,1.0430920157867414,0.5,0,0.096,1.8045657073512131,0.697,1.791,0.0,0.45,0.5,0.4684157312639795,0.867,1.0,1.0,45.80573627359115,0.0,0.357,0.664,1.0,0.0,0.65,3,0.333,2,0.0,0.0,0.7259,0.8405,0.3833,0.9778,0.4614,0.0577,0.738,1.0,0.0,0.748,0.913,2,0.0,0.889,0.776,1.0,0,0.0,0.0,0.957,1763.8,0.0,0,0.0,0.811,96.63,0.0,0.14880000000000004,-0.15949999999999998,-0.28490000000000004,-0.005199999999999982,-0.5386,0.011500000000000003,0,-23,0,0.06699999999999995,-1,0.33999999999999997,-724.2199999999998,0.0,0.07699999999999996,-3,0.0,0.22199999999999998,0.08300000000000007,0.44899999999999995,0,0.5,0.0,0.0,0.124,-481.2199999999999,-226.4000000000001,0.0,0,0.0,-0.05499999999999994,90,36,2
France,Argentina,-0.023999999999999994,-0.1340606217599214,-0.0050000000000000044,-0.08699999999999997,-0.10694370381912632,-0.04400000000000004,305.21000000000026,0.0,0.12,1.4209479642259157,0.431,1.311,0.0,0.4,0.4,1.5894943966445716,0.233,0.28,1.0,-63.671519532486045,0.0,0.286,0.507,0.333,0.0,0.33,1,0.333,3,0.0,62.19,0.5536,1.0,0.3083,0.9917,1.0,0.0231,0.823,0.64,0.0,0.835,0.87,9,0.0,0.767,0.731,0.433,0,0.0,0.0,0.818,1798.4,0.0,0,0.0,0.396,0.09999999999999998,0.09999999999999998,0.54,0,0,-1.0730178919480406,0.511,0.613,0.0,0.333,26,58.26296374857379,0.0,0.0,1,-0.010000000000000009,0.26341871244730575,0.334,-1.5703542399557344,1,0.0,0.26699999999999996,0,-0.5646380236801112,0.0,0,0.096,1.2868873424659943,0.426,1.224,0.0,0.5,0.5,0.516476504696531,0.744,0.893,1.0,-5.408555783912255,0.0,0.286,0.497,0.667,0.0,0.597,1,0.333,3,0.0,229.78,0.7,1.0,0.512,0.9967,1.0,0.0115,0.732,0.7,0.0,0.742,0.826,9,0.0,0.889,0.776,0.712,0,0.0,0.0,0.758,1768.6,0.0,1,0.043,0.589,-167.59,0.0,0.14639999999999997,0.0,0.2037,0.0050000000000000044,0.0,-0.0116,0,2,0,-0.09099999999999997,1,0.05999999999999994,472.8000000000002,0.0,-0.09299999999999997,0,0.0,0.122,0.04500000000000004,0.27899999999999997,0,0.5,0.0,0.0,-0.05999999999999994,113.77999999999997,-29.800000000000182,0.0,0.0,0.043,0.19299999999999995,90,-52,2
France,Argentina,-0.023999999999999994,-0.1340606217599214,-0.0050000000000000044,-0.08699999999999997,-0.10694370381912632,-0.04400000000000004,305.21000000000026,0.0,0.12,1.4209479642259157,0.431,1.311,0.0,0.4,0.4,1.5894943966445716,0.233,0.28,1.0,-63.671519532486045,1.447,0.286,0.507,0.333,0.0,0.33,1,0.333,3,0.0,62.19,0.5536,1.0,0.3083,0.9917,1.0,0.0231,0.755,0.64,0.721,0.835,0.87,9,62.3,0.833,0.731,0.433,0,0.0,0.0,0.818,1798.4,0.0,0,0.0,0.396,0.09999999999999998,0.09999999999999998,0.533,0,0,-1.0730178919480406,0.511,0.613,0.0,0.333,26,58.26296374857379,0.19099999999999984,0.0,1,-0.010000000000000009,0.26341871244730575,0.334,-1.5703542399557344,1,0.0,0.26699999999999996,0,-0.5646380236801112,0.0,0,0.096,1.2868873424659943,0.426,1.224,0.0,0.5,0.5,0.516476504696531,0.744,0.893,1.0,-5.408555783912255,1.638,0.286,0.497,0.667,0.0,0.597,1,0.333,3,0.0,229.78,0.7,1.0,0.512,0.9967,1.0,0.0115,0.587,0.7,0.602,0.742,0.826,9,37.7,1.0,0.776,0.712,0,0.0,0.0,0.758,1768.6,0.0,1,0.043,0.589,-167.59,0.0,0.14639999999999997,0.0,0.2037,0.0050000000000000044,0.0,-0.0116,0,2,0,-0.16800000000000004,1,0.05999999999999994,472.8000000000002,-0.119,-0.09299999999999997,0,-24.599999999999994,0.16700000000000004,0.04500000000000004,0.27899999999999997,0,0.5,0.0,0.0,-0.05999999999999994,113.77999999999997,-29.800000000000182,0.0,0.0,0.043,0.19299999999999995,90,-52,2
Brazil,Mexico,0.0,0.8203836068862582,0.245,0.268,-0.06405704004366741,-0.04400000000000004,854.74,0.0,0.112,1.0599408866816962,0.399,1.547,0.0,0.45,0.4,1.0957126183848687,0.354,0.54,1.0,-22.843532340214143,0.0,0.357,0.4,1.0,0.0,0.45,1,0.333,3,0.0,4.65,0.4964,0.8192,0.3552,0.9812,0.2426,0.0231,0.68,0.53,0.0,0.673,0.87,9,0.0,0.922,0.789,0.485,0,0.0,0.0,0.93,1808.2,0.0,0,0.0,0.963,-0.2,0.35,0.57,0,0,-0.8900625100739086,0.396,0.353,0.0,0.333,69,47.91456153885643,0.0,0.0,3,0.19799999999999995,1.0747264921487294,-0.33299999999999996,-1.2809807520211374,0,0.0,0.14699999999999996,0,1.0805094664299695,0.6666666666666666,0,0.112,1.8803244935679544,0.644,1.815,0.0,0.25,0.75,0.20565010831096014,0.75,0.893,1.0,25.071029198642286,0.0,0.357,0.598,0.667,0.0,0.597,1,0.333,4,0.0,100.0,0.6844,1.0,0.3217,0.9746,1.0,0.1231,0.828,0.96,0.0,0.847,0.826,7,0.0,0.9,0.78,0.908,0,0.0,0.0,0.813,1755.6,0.0,0,0.0,0.779,-95.35,0.0,0.188,0.18079999999999996,-0.03350000000000003,-0.006599999999999939,0.7574,0.1,0,7,0,0.1479999999999999,0,0.42999999999999994,950.0899999999999,0.0,0.17399999999999993,-2,0.0,-0.02200000000000002,-0.009000000000000008,0.42300000000000004,0,0.5,0.0,0.0,-0.1170000000000001,711.45,-52.600000000000136,0.0,0,0.0,-0.18399999999999994,90,7,2
Brazil,Mexico,0.0,0.8203836068862582,0.245,0.268,-0.06405704004366741,-0.04400000000000004,854.74,0.0,0.112,1.0599408866816962,0.399,1.547,0.0,0.45,0.4,1.0957126183848687,0.354,0.54,1.0,-22.843532340214143,0.583,0.357,0.4,1.0,0.0,0.45,1,0.333,3,0.0,4.65,0.4964,0.8192,0.3552,0.9812,0.2426,0.0231,0.665,0.53,0.667,0.673,0.87,9,50.4,0.833,0.789,0.485,0,0.0,0.0,0.93,1808.2,0.0,0,0.0,0.963,-0.2,0.35,0.566,0,0,-0.8900625100739086,0.396,0.353,0.0,0.333,69,47.91456153885643,2.737,0.0,3,0.19799999999999995,1.0747264921487294,-0.33299999999999996,-1.2809807520211374,0,0.0,0.14699999999999996,0,1.0805094664299695,0.6666666666666666,0,0.112,1.8803244935679544,0.644,1.815,0.0,0.25,0.75,0.20565010831096014,0.75,0.893,1.0,25.071029198642286,3.32,0.357,0.598,0.667,0.0,0.597,1,0.333,4,0.0,100.0,0.6844,1.0,0.3217,0.9746,1.0,0.1231,0.644,0.96,0.647,0.847,0.826,7,49.6,1.0,0.78,0.908,0,0.0,0.0,0.813,1755.6,0.0,0,0.0,0.779,-95.35,0.0,0.188,0.18079999999999996,-0.03350000000000003,-0.006599999999999939,0.7574,0.1,0,7,0,-0.02100000000000002,0,0.42999999999999994,950.0899999999999,-0.020000000000000018,0.17399999999999993,-2,-0.7999999999999972,0.16700000000000004,-0.009000000000000008,0.42300000000000004,0,0.5,0.0,0.0,-0.1170000000000001,711.45,-52.600000000000136,0.0,0,0.0,-0.18399999999999994,90,7,2
Belgium,Japan,-0.048,1.7690977189359534,0.374,0.2809999999999999,0.0,0.0,280.0100000000002,0.0,0.156,1.192482932937207,0.528,1.232,0.0,0.55,0.15,1.4008849601267028,0.284,0.373,1.0,-42.96363582246918,0.694,0.286,0.626,0.667,0.0,0.357,2,0.333,2,0.0,0.0,0.4989,0.8942,0.3604,0.9875,0.4305,0.0462,0.638,0.24,0.61,0.753,0.913,5,40.6,0.6,0.747,0.417,0,0.0,0.0,0.957,1830.0,0.0,0,0.0,0.658,-0.050000000000000044,0.35,0.607,0,0,-0.7602732775540336,0.305,0.367,0.0,0.333,-33,105.6036953625651,2.224,0.0,-4,0.20099999999999996,2.2638435117216877,0.0,-0.7511869327529594,0,0.0,0.17300000000000004,1,2.067980374449815,0.4444444444444444,0,0.108,2.9615806518731604,0.902,1.513,0.0,0.5,0.5,0.6406116825726692,0.589,0.74,1.0,62.640059540095926,2.918,0.286,0.827,0.667,0.0,0.53,1,0.333,2,0.0,0.0,0.5694,1.0,0.3031,0.9754,0.6806,0.0462,0.795,1.0,0.711,0.764,0.913,5,59.4,0.433,0.76,1.0,0,0.0,0.0,0.957,1746.8,0.0,0,0.0,0.614,0.0,0.0,0.07050000000000001,0.1058,-0.05730000000000002,-0.0121,0.2501,0.0,0,-7,0,0.15700000000000003,0,0.76,280.0100000000002,0.10099999999999998,0.01100000000000001,0,18.799999999999997,-0.16699999999999998,0.013000000000000012,0.583,0,0.5,0.0,0.0,0.0,253.79999999999998,-83.20000000000005,0.0,0,0.0,-0.04400000000000004,90,-14,2
Belgium,Japan,-0.048,1.7690977189359534,0.374,0.2809999999999999,0.0,0.0,280.0100000000002,0.0,0.156,1.192482932937207,0.528,1.232,0.0,0.55,0.15,1.4008849601267028,0.284,0.373,1.0,-42.96363582246918,0.0,0.286,0.626,0.667,0.0,0.357,2,0.333,2,0.0,0.0,0.4989,0.8942,0.3604,0.9875,0.4305,0.0462,0.743,0.24,0.0,0.753,0.913,5,0.0,0.811,0.747,0.417,0,0.0,0.0,0.957,1830.0,0.0,0,0.0,0.658,-0.050000000000000044,0.35,0.602,0,0,-0.7602732775540336,0.305,0.367,0.0,0.333,-33,105.6036953625651,0.0,0.0,-4,0.20099999999999996,2.2638435117216877,0.0,-0.7511869327529594,0,0.0,0.17300000000000004,1,2.067980374449815,0.4444444444444444,0,0.108,2.9615806518731604,0.902,1.513,0.0,0.5,0.5,0.6406116825726692,0.589,0.74,1.0,62.640059540095926,0.0,0.286,0.827,0.667,0.0,0.53,1,0.333,2,0.0,0.0,0.5694,1.0,0.3031,0.9754,0.6806,0.0462,0.757,1.0,0.0,0.764,0.913,5,0.0,0.844,0.76,1.0,0,0.0,0.0,0.957,1746.8,0.0,0,0.0,0.614,0.0,0.0,0.07050000000000001,0.1058,-0.05730000000000002,-0.0121,0.2501,0.0,0,-7,0,0.014000000000000012,0,0.76,280.0100000000002,0.0,0.01100000000000001,0,0.0,0.03299999999999992,0.013000000000000012,0.583,0,0.5,0.0,0.0,0.0,253.79999999999998,-83.20000000000005,0.0,0,0.0,-0.04400000000000004,90,-14,2
Sweden,Switzerland,0.048000000000000015,-0.570509570854258,0.02300000000000002,0.33000000000000007,0.0,0.0,-13.15999999999994,0.0,0.092,1.8702533908272,0.523,1.192,0.0,0.4,0.55,1.0387572551958983,0.249,0.373,1.0,32.379797894234315,0.0,0.429,0.854,1.0,0.0,0.357,1,0.333,2,0.0,0.0,0.6926,1.0,0.3736,0.9875,0.4914,0.0346,0.726,0.66,0.0,0.734,0.913,7,0.0,0.9,0.779,0.538,0,0.0,0.0,0.957,1780.4,0.0,0,0.0,0.931,0.0,-0.050000000000000044,0.535,0,0,-0.37506159500507485,0.41400000000000003,0.474,0.0,0.333,-175,-26.098779678373173,0.0,0.0,-25,-0.368,0.023986631404906422,0.0,-1.0519814447113833,-4,0.0,0.22599999999999998,-2,-0.5838518171996732,0.6666666666666666,0,0.14,1.299743819972942,0.546,1.522,0.0,0.4,0.5,0.6636956601908235,0.663,0.847,1.0,6.281018215861143,0.0,0.429,0.486,1.0,0.0,0.583,3,0.333,2,0.0,0.0,0.5369,0.9304,0.5667,0.9844,0.7194,0.0577,0.497,0.65,0.0,0.489,0.913,4,0.0,0.711,0.711,0.617,0,0.0,0.0,0.957,1837.0,0.0,0,0.0,0.963,0.0,0.0,-0.15569999999999995,-0.0696,0.1931,-0.0030999999999999917,0.22800000000000004,0.023100000000000002,0,18,0,-0.22899999999999998,0,-0.010000000000000009,-13.15999999999994,0.0,-0.245,-3,0.0,-0.18900000000000006,-0.06800000000000006,0.07899999999999996,0,0.5,0.0,0.0,0.0,-14.129999999999995,56.59999999999991,0.0,0,0.0,0.03199999999999992,90,-4,2
Colombia,England,0.09999999999999999,-0.7969117703147328,-0.355,-0.871,0.16913312871314445,0.08699999999999997,-878.5699999999999,0.0,0.072,2.3371251335018837,0.913,1.734,0.0,0.45,0.45,0.7438066261278875,0.434,0.573,1.0,-4.9924110973260465,6.162,0.357,0.86,1.0,0.0,0.437,1,0.333,3,0.0,246.0,0.7047,1.0,0.4644,0.9905,1.0,0.0346,0.729,0.65,0.655,0.778,0.87,7,50.0,0.7,0.633,0.886,0,0.0,0.0,0.78,1712.4,0.0,0,0.0,0.773,-0.04999999999999999,0.10000000000000003,0.47,0,0,-0.15814791337464074,0.21100000000000002,0.274,0.0,0.333,-66,8.496282578810986,-1.4130000000000003,0.0,-3,0.018000000000000016,0.4737374346496068,0.0,-0.6134462557424756,-1,0.0,0.14599999999999996,0,-1.435290082583086,0.0,0,0.172,1.5402133631871509,0.558,0.863,0.0,0.4,0.55,0.5856587127532468,0.645,0.847,1.0,3.5038714814849397,4.749,0.357,0.878,1.0,0.0,0.583,1,0.333,1,0.0,2.03,0.6034,0.807,0.4448,0.9826,0.4149,0.0462,0.696,0.92,0.625,0.662,0.957,7,50.0,0.6,0.758,0.701,0,0.0,0.0,0.976,1815.4,0.0,0,0.0,0.811,243.97,0.0,-0.10129999999999995,-0.19299999999999995,-0.019600000000000006,-0.007900000000000018,-0.5851,0.0116,0,-25,0,-0.03300000000000003,-2,0.27,-1122.54,-0.030000000000000027,-0.11599999999999999,0,0.0,-0.09999999999999998,0.125,-0.18500000000000005,0,0.5,0.0,0.0,0.19599999999999995,-719.39,103.0,0.0,0,0.0,0.038000000000000034,90,28,1
Colombia,England,0.09999999999999999,-0.7969117703147328,-0.355,-0.871,0.16913312871314445,0.08699999999999997,-878.5699999999999,0.0,0.072,2.3371251335018837,0.913,1.734,0.0,0.45,0.45,0.7438066261278875,0.434,0.573,1.0,-4.9924110973260465,0.0,0.357,0.86,1.0,0.0,0.437,1,0.333,3,0.0,246.0,0.7047,1.0,0.4644,0.9905,1.0,0.0346,0.767,0.65,0.0,0.778,0.87,7,0.0,0.5,0.633,0.886,0,0.0,0.0,0.78,1712.4,0.0,0,0.0,0.773,-0.04999999999999999,0.10000000000000003,0.481,0,0,-0.15814791337464074,0.21100000000000002,0.274,0.0,0.333,-66,8.496282578810986,0.0,0.0,-3,0.018000000000000016,0.4737374346496068,0.0,-0.6134462557424756,-1,0.0,0.14599999999999996,0,-1.435290082583086,0.0,0,0.172,1.5402133631871509,0.558,0.863,0.0,0.4,0.55,0.5856587127532468,0.645,0.847,1.0,3.5038714814849397,0.0,0.357,0.878,1.0,0.0,0.583,1,0.333,1,0.0,2.03,0.6034,0.807,0.4448,0.9826,0.4149,0.0462,0.662,0.92,0.0,0.662,0.957,7,0.0,0.844,0.758,0.701,0,0.0,0.0,0.976,1815.4,0.0,0,0.0,0.811,243.97,0.0,-0.10129999999999995,-0.19299999999999995,-0.019600000000000006,-0.007900000000000018,-0.5851,0.0116,0,-25,0,-0.10499999999999998,-2,0.27,-1122.54,0.0,-0.11599999999999999,0,0.0,0.344,0.125,-0.18500000000000005,0,0.5,0.0,0.0,0.19599999999999995,-719.39,103.0,0.0,0,0.0,0.038000000000000034,90,28,1
Sweden,Switzerland,0.048000000000000015,-0.570509570854258,0.02300000000000002,0.33000000000000007,0.0,0.0,-13.15999999999994,0.0,0.092,1.8702533908272,0.523,1.192,0.0,0.4,0.55,1.0387572551958983,0.249,0.373,1.0,32.379797894234315,0.533,0.429,0.854,1.0,0.0,0.357,1,0.333,2,0.0,0.0,0.6926,1.0,0.3736,0.9875,0.4914,0.0346,0.815,0.66,0.749,0.734,0.913,7,72.6,0.467,0.779,0.538,0,0.0,0.0,0.957,1780.4,0.0,0,0.0,0.931,0.0,-0.050000000000000044,0.525,0,0,-0.37506159500507485,0.41400000000000003,0.474,0.0,0.333,-175,-26.098779678373173,0.377,0.0,-25,-0.368,0.023986631404906422,0.0,-1.0519814447113833,-4,0.0,0.22599999999999998,-2,-0.5838518171996732,0.6666666666666666,0,0.14,1.299743819972942,0.546,1.522,0.0,0.4,0.5,0.6636956601908235,0.663,0.847,1.0,6.281018215861143,0.91,0.429,0.486,1.0,0.0,0.583,3,0.333,2,0.0,0.0,0.5369,0.9304,0.5667,0.9844,0.7194,0.0577,0.467,0.65,0.497,0.489,0.913,4,27.4,0.467,0.711,0.617,0,0.0,0.0,0.957,1837.0,0.0,0,0.0,0.963,0.0,0.0,-0.15569999999999995,-0.0696,0.1931,-0.0030999999999999917,0.22800000000000004,0.023100000000000002,0,18,0,-0.3479999999999999,0,-0.010000000000000009,-13.15999999999994,-0.252,-0.245,-3,-45.199999999999996,0.0,-0.06800000000000006,0.07899999999999996,0,0.5,0.0,0.0,0.0,-14.129999999999995,56.59999999999991,0.0,0,0.0,0.03199999999999992,90,-4,2
Uruguay,France,0.016,-0.15047119399519282,0.061000000000000054,0.21100000000000008,0.19535461053204328,0.08700000000000008,-776.46,0.0,0.1,2.0056899090549285,0.622,1.186,0.0,0.55,0.45,1.1863039675419453,0.572,0.6,1.0,9.342769975673828,0.539,0.429,0.868,1.0,0.0,0.49,1,0.333,3,0.0,229.78,0.7,1.0,0.512,0.9967,1.0,0.0115,0.746,0.84,0.701,0.692,0.826,9,64.9,1.0,0.816,0.702,0,0.0,0.0,0.758,1915.8,0.0,1,0.043,0.682,-0.10000000000000003,0.04999999999999999,0.522,0,0,-0.586392986903695,0.09700000000000009,0.18700000000000006,0.0,0.333,-311,61.27931395972992,0.15399999999999991,0.0,-28,-0.027000000000000024,0.6992054880415757,0.0,-1.043092015786741,-9,0.0,0.05300000000000005,-2,0.0057162162756227985,0.4666666666666667,0,0.116,1.8552187150597357,0.683,1.397,0.0,0.45,0.5,0.5999109806382503,0.669,0.787,1.0,70.62208393540375,0.693,0.429,0.841,1.0,0.0,0.543,3,0.333,2,0.0,0.0,0.7259,0.8405,0.3833,0.9778,0.4614,0.0577,0.482,1.0,0.5,0.633,0.913,2,35.1,1.0,0.762,0.955,0,0.0,0.0,0.957,1839.4,0.0,0,0.0,0.843,229.78,0.0,0.025900000000000034,-0.15949999999999998,-0.12870000000000004,-0.018900000000000028,-0.5386,0.046200000000000005,0,-6,2,-0.264,-1,0.16000000000000003,-1006.24,-0.20099999999999996,-0.05899999999999994,-7,-29.800000000000004,0.0,-0.05399999999999994,0.253,0,0.5,0.0,0.0,0.19899999999999995,-542.54,-76.39999999999986,0.0,0.0,-0.043,0.16099999999999992,90,48,0
Brazil,Belgium,0.012999999999999998,-1.0445828420967764,-0.08799999999999997,0.18500000000000005,-0.08620095165850628,-0.08700000000000008,520.0799999999998,0.0,0.099,2.947610148435173,0.855,1.635,0.0,0.5,0.5,1.0065203753131948,0.479,0.54,1.0,71.18820272012277,0.405,0.286,0.739,0.5,0.0,0.45,1,0.333,2,0.0,0.0,0.5694,1.0,0.3031,0.9754,0.6806,0.0462,0.591,1.0,0.612,0.775,0.913,5,33.1,0.633,0.722,0.988,0,0.0,0.0,0.957,1840.4,0.0,0,0.0,0.447,-0.3,0.30000000000000004,0.558,0,0,-0.8614693305821524,0.353,0.45999999999999996,0.0,0.333,154,-40.312902122933515,2.2039999999999997,0.0,11,-0.10799999999999998,0.0,0.16700000000000004,-1.357850555395595,2,0.0,0.2,0,-0.9303115911761326,1.0,0,0.112,1.9030273063383967,0.767,1.82,0.0,0.2,0.8,0.14505104473104252,0.832,1.0,1.0,30.87530059718926,2.609,0.286,0.631,0.667,0.0,0.65,1,0.333,4,0.0,100.0,0.6844,1.0,0.3217,0.9746,1.0,0.1231,0.779,1.0,0.722,0.801,0.826,7,66.9,0.733,0.798,1.0,0,0.0,0.0,0.813,1824.4,0.0,0,0.0,0.779,-100.0,0.0,0.11499999999999999,0.0,0.018600000000000005,-0.0008000000000000229,0.3194,0.0769,0,-1,2,0.18800000000000006,0,0.0,620.0799999999998,0.10999999999999999,0.026000000000000023,2,33.800000000000004,0.09999999999999998,0.07600000000000007,0.01200000000000001,0,0.5,0.0,0.0,-0.14400000000000002,414.86,-16.0,0.0,0,0.0,0.332,90,49,0
Brazil,Belgium,0.012999999999999998,-1.0445828420967764,-0.08799999999999997,0.18500000000000005,-0.08620095165850628,-0.08700000000000008,520.0799999999998,0.0,0.099,2.947610148435173,0.855,1.635,0.0,0.5,0.5,1.0065203753131948,0.479,0.54,1.0,71.18820272012277,0.0,0.286,0.739,0.5,0.0,0.45,1,0.333,2,0.0,0.0,0.5694,1.0,0.3031,0.9754,0.6806,0.0462,0.767,1.0,0.0,0.775,0.913,5,0.0,0.742,0.722,0.988,0,0.0,0.0,0.957,1840.4,0.0,0,0.0,0.447,-0.3,0.30000000000000004,0.549,0,0,-0.8614693305821524,0.353,0.45999999999999996,0.0,0.333,154,-40.312902122933515,0.0,0.0,11,-0.10799999999999998,0.0,0.16700000000000004,-1.357850555395595,2,0.0,0.2,0,-0.9303115911761326,1.0,0,0.112,1.9030273063383967,0.767,1.82,0.0,0.2,0.8,0.14505104473104252,0.832,1.0,1.0,30.87530059718926,0.0,0.286,0.631,0.667,0.0,0.65,1,0.333,4,0.0,100.0,0.6844,1.0,0.3217,0.9746,1.0,0.1231,0.787,1.0,0.0,0.801,0.826,7,0.0,0.956,0.798,1.0,0,0.0,0.0,0.813,1824.4,0.0,0,0.0,0.779,-100.0,0.0,0.11499999999999999,0.0,0.018600000000000005,-0.0008000000000000229,0.3194,0.0769,0,-1,0,0.020000000000000018,0,0.0,620.0799999999998,0.0,0.026000000000000023,2,0.0,0.21399999999999997,0.07600000000000007,0.01200000000000001,0,0.5,0.0,0.0,-0.14400000000000002,414.86,-16.0,0.0,0,0.0,0.332,90,49,0
Uruguay,France,0.016,-0.15047119399519282,0.061000000000000054,0.21100000000000008,0.19535461053204328,0.08700000000000008,-776.46,0.0,0.1,2.0056899090549285,0.622,1.186,0.0,0.55,0.45,1.1863039675419453,0.572,0.6,1.0,9.342769975673828,0.0,0.429,0.868,1.0,0.0,0.49,1,0.333,3,0.0,229.78,0.7,1.0,0.512,0.9967,1.0,0.0115,0.688,0.84,0.0,0.692,0.826,9,0.0,1.0,0.816,0.702,0,0.0,0.0,0.758,1915.8,0.0,1,0.043,0.682,-0.10000000000000003,0.04999999999999999,0.536,0,0,-0.586392986903695,0.09700000000000009,0.18700000000000006,0.0,0.333,-311,61.27931395972992,0.0,0.0,-28,-0.027000000000000024,0.6992054880415757,0.0,-1.043092015786741,-9,0.0,0.05300000000000005,-2,0.0057162162756227985,0.4666666666666667,0,0.116,1.8552187150597357,0.683,1.397,0.0,0.45,0.5,0.5999109806382503,0.669,0.787,1.0,70.62208393540375,0.0,0.429,0.841,1.0,0.0,0.543,3,0.333,2,0.0,0.0,0.7259,0.8405,0.3833,0.9778,0.4614,0.0577,0.633,1.0,0.0,0.633,0.913,2,0.0,0.856,0.762,0.955,0,0.0,0.0,0.957,1839.4,0.0,0,0.0,0.843,229.78,0.0,0.025900000000000034,-0.15949999999999998,-0.12870000000000004,-0.018900000000000028,-0.5386,0.046200000000000005,0,-6,0,-0.05499999999999994,-1,0.16000000000000003,-1006.24,0.0,-0.05899999999999994,-7,0.0,-0.14400000000000002,-0.05399999999999994,0.253,0,0.5,0.0,0.0,0.19899999999999995,-542.54,-76.39999999999986,0.0,0.0,-0.043,0.16099999999999992,90,48,0
Sweden,England,0.030999999999999986,-0.770544169530067,-0.29300000000000004,-0.32899999999999996,0.17665053354205862,0.04300000000000004,-909.7599999999999,0.0,0.116,1.9707049451301062,0.863,1.734,0.0,0.5,0.4,0.8091906852810687,0.195,0.467,1.0,-4.209459916747623,0.758,0.286,0.572,1.0,0.0,0.383,1,0.333,3,0.0,246.0,0.7047,1.0,0.4644,0.9905,1.0,0.0346,0.725,0.5,0.671,0.766,0.87,7,64.0,0.433,0.653,0.733,0,0.0,0.0,0.78,1847.2,0.0,0,0.0,0.608,-0.15000000000000002,0.15000000000000002,0.525,0,0,-0.3300762617330025,0.48500000000000004,0.37999999999999995,0.0,0.333,-317,45.09388239503238,0.07599999999999996,0.0,-34,0.04400000000000004,1.1476246290225418,0.0,-0.6852414603911458,-4,0.0,0.19999999999999996,-2,-0.8544821668022609,0.4666666666666667,0,0.147,1.2001607756000392,0.57,1.405,0.0,0.35,0.55,0.47911442354806627,0.68,0.847,1.0,40.884422478284755,0.834,0.286,0.616,1.0,0.0,0.583,3,0.333,2,0.0,0.0,0.5369,0.9304,0.5667,0.9844,0.7194,0.0577,0.564,0.88,0.572,0.482,0.913,4,36.0,0.7,0.688,0.768,0,0.0,0.0,0.957,1901.0,0.0,0,0.0,0.95,246.0,0.0,-0.16779999999999995,-0.0696,0.1023,-0.006099999999999994,-0.28059999999999996,0.023100000000000002,0,1,0,-0.16100000000000003,-2,0.38,-1155.7599999999998,-0.09900000000000009,-0.28400000000000003,-3,-28.0,0.26699999999999996,0.03499999999999992,0.03500000000000003,0,0.5,0.0,0.0,0.17699999999999994,-751.2,53.799999999999955,0.0,0,0.0,0.34199999999999997,90,-4,0
France,Belgium,0.02800000000000001,-0.7176533928613342,0.05800000000000005,-0.31300000000000006,-0.19535461053204328,-0.08700000000000008,406.43999999999994,0.0,0.104,2.7009902687271374,0.601,1.262,0.0,0.5,0.5,0.990233807655927,0.34,0.48,1.0,92.25067035029596,0.567,0.286,0.856,0.333,0.0,0.41,1,0.333,2,0.0,0.0,0.5694,1.0,0.3031,0.9754,0.6806,0.0462,0.83,1.0,0.755,0.724,0.913,5,64.5,0.567,0.672,0.806,0,0.0,0.0,0.957,1993.2,0.0,0,0.0,0.35,0.0,0.0,0.476,0,0,-0.12396162774251818,0.22899999999999993,0.12,0.0,0.333,257,-73.89391478128358,1.115,0.0,14,0.038000000000000034,-0.2577024961716834,0.667,-0.17194326387258263,4,0.0,0.08000000000000002,0,0.2207514959349468,0.3333333333333333,0,0.132,1.9833368758658032,0.659,0.949,0.0,0.5,0.5,0.8662721799134088,0.569,0.6,1.0,18.356755569012382,1.682,0.286,0.894,1.0,0.0,0.49,1,0.333,3,0.0,229.78,0.7,1.0,0.512,0.9967,1.0,0.0115,0.596,0.96,0.595,0.736,0.826,9,35.5,0.6,0.759,0.767,0,0.0,0.0,0.758,1946.2,0.0,1,0.043,0.804,-229.78,0.0,0.13059999999999994,0.0,0.20890000000000003,0.021299999999999986,0.3194,-0.034699999999999995,0,7,3,-0.23399999999999999,1,-0.040000000000000036,636.2199999999999,-0.16000000000000003,0.01200000000000001,4,-29.0,0.03300000000000003,0.08699999999999997,-0.039000000000000035,0,0.5,0.0,0.0,-0.19899999999999995,214.86,-47.0,0.0,0.0,0.043,0.45400000000000007,90,3,2
France,Belgium,0.02800000000000001,-0.7176533928613342,0.05800000000000005,-0.31300000000000006,-0.19535461053204328,-0.08700000000000008,406.43999999999994,0.0,0.104,2.7009902687271374,0.601,1.262,0.0,0.5,0.5,0.990233807655927,0.34,0.48,1.0,92.25067035029596,0.0,0.286,0.856,0.333,0.0,0.41,1,0.333,2,0.0,0.0,0.5694,1.0,0.3031,0.9754,0.6806,0.0462,0.716,1.0,0.0,0.724,0.913,5,0.0,0.611,0.672,0.806,0,0.0,0.0,0.957,1993.2,0.0,0,0.0,0.35,0.0,0.0,0.501,0,0,-0.12396162774251818,0.22899999999999993,0.12,0.0,0.333,257,-73.89391478128358,0.0,0.0,14,0.038000000000000034,-0.2577024961716834,0.667,-0.17194326387258263,4,0.0,0.08000000000000002,0,0.2207514959349468,0.3333333333333333,0,0.132,1.9833368758658032,0.659,0.949,0.0,0.5,0.5,0.8662721799134088,0.569,0.6,1.0,18.356755569012382,0.0,0.286,0.894,1.0,0.0,0.49,1,0.333,3,0.0,229.78,0.7,1.0,0.512,0.9967,1.0,0.0115,0.73,0.96,0.0,0.736,0.826,9,0.0,0.844,0.759,0.767,0,0.0,0.0,0.758,1946.2,0.0,1,0.043,0.804,-229.78,0.0,0.13059999999999994,0.0,0.20890000000000003,0.021299999999999986,0.3194,-0.034699999999999995,0,7,0,0.014000000000000012,1,-0.040000000000000036,636.2199999999999,0.0,0.01200000000000001,4,0.0,0.23299999999999998,0.08699999999999997,-0.039000000000000035,0,0.5,0.0,0.0,-0.19899999999999995,214.86,-47.0,0.0,0.0,0.043,0.45400000000000007,90,3,2
Croatia,England,0.02099999999999999,-0.3194208499203577,-0.03400000000000003,0.1060000000000001,0.08705398364987449,0.0,-855.2599999999999,0.0,0.12,1.989382117785443,0.732,1.545,0.0,0.5,0.45,0.6891785746793891,0.324,0.573,1.0,-8.684111094998798,0.547,0.286,0.51,1.0,0.0,0.437,1,0.333,3,0.0,246.0,0.7047,1.0,0.4644,0.9905,1.0,0.0346,0.648,0.655,0.6,0.757,0.87,7,39.5,0.4,0.641,0.668,0,0.0,0.0,0.78,1857.8,0.0,0,0.0,0.739,-0.09999999999999998,-0.04999999999999999,0.504,0,0,0.17663812747123597,-0.08700000000000002,-0.04599999999999993,0.0,0.333,-172,59.04553301152074,1.5939999999999999,0.0,-11,-0.06,-0.10138964319147248,-0.5,0.4446762045189123,-4,0.0,-0.014000000000000012,-1,-0.07179520464867006,0.4,0,0.141,1.6699612678650853,0.698,1.651,0.0,0.4,0.4,0.8658167021506251,0.237,0.527,1.0,50.36142191652194,2.141,0.286,0.45,0.5,0.0,0.423,2,0.333,3,0.0,28.669999999999998,0.5234,1.0,0.4299,0.9915,0.629,0.0231,0.756,0.6,0.65,0.748,0.87,6,60.5,0.667,0.682,0.625,0,0.0,0.0,0.879,1826.0,0.0,0,0.0,0.43,217.33,0.0,-0.18130000000000002,0.0,-0.034499999999999975,0.0010000000000000009,-0.371,-0.0115,0,0,0,0.10799999999999998,-2,-0.05500000000000005,-1072.59,0.050000000000000044,-0.009000000000000008,-1,21.0,0.267,0.041000000000000036,-0.04300000000000004,0,0.5,0.0,0.0,0.09899999999999998,-695.6800000000001,-31.799999999999955,0.0,0,0.0,-0.309,90,-5,2
Belgium,England,-0.046,0.12951200734726154,-0.016000000000000014,-0.1389999999999998,0.17665053354205862,0.04300000000000004,-606.5799999999998,0.0,0.114,1.8442707779193617,0.493,1.251,0.0,0.55,0.4,0.886362148739458,0.276,0.527,1.0,-17.8035120914185,1.335,0.214,0.331,1.0,0.0,0.423,1,0.333,3,0.0,246.0,0.7047,1.0,0.4644,0.9905,1.0,0.0346,0.858,0.41,0.741,0.713,0.87,7,59.7,0.8,0.633,0.416,0,0.0,0.0,0.78,1897.4,0.0,0,0.0,0.865,-0.10000000000000003,0.04999999999999999,0.463,0,0,0.113701180616256,-0.025000000000000022,-0.10700000000000004,0.0,0.333,-172,88.57304780248856,-0.014000000000000012,0.07199999999999998,-12,0.333,0.3814123875261204,-0.33299999999999996,0.07686980337445792,0,0.0,-0.05299999999999999,0,-0.02017180120605122,0.5,0,0.068,1.9737827852666232,0.477,1.112,0.0,0.45,0.45,1.000063329355714,0.251,0.42,1.0,70.76953571107006,1.321,0.286,0.664,0.667,0.0,0.37,1,0.333,2,0.0,0.0,0.5694,1.0,0.3031,0.9754,0.6806,0.0462,0.692,0.4,0.639,0.747,0.913,5,40.3,0.7,0.648,0.532,0,0.0,0.0,0.957,2055.0,0.0,0,0.0,0.71,246.0,0.0,-0.13529999999999998,0.0,-0.1613,-0.015100000000000002,-0.3194,0.0116,0,-8,0,-0.16600000000000004,-2,-0.009999999999999953,-852.5799999999998,-0.10199999999999998,0.03400000000000003,-2,-19.400000000000006,-0.10000000000000009,0.015000000000000013,0.11600000000000005,0,0.5,0.0,0.0,0.17699999999999994,-472.86,157.5999999999999,0.0,0,0.0,-0.15500000000000003,90,-5,2
France,Croatia,-0.054000000000000006,0.01882255124169596,-0.06900000000000006,-0.4540000000000002,-0.10575806063985915,-0.04400000000000004,655.12,0.0,0.162,1.7159330307222662,0.659,1.747,0.0,0.4,0.4,0.8845073652380238,0.15,0.42,1.0,70.78029340885298,1.48,0.286,0.414,0.5,0.0,0.37,2,0.333,3,0.0,28.669999999999998,0.5234,1.0,0.4299,0.9915,0.629,0.0231,0.753,0.715,0.732,0.807,0.87,6,64.7,0.933,0.673,0.621,0,0.0,0.0,0.879,1814.2,0.0,0,0.0,0.54,0.09999999999999998,0.09999999999999998,0.499,0,0,-0.24275715028849953,0.522,0.38000000000000006,0.0,0.333,257,-50.640361244962136,-0.3819999999999999,0.07100000000000001,13,0.455,1.1687700512235633,0.5,-0.8482285373334689,8,0.0,0.19999999999999996,1,0.08575923229910054,0.5555555555555556,0,0.108,1.7347555819639622,0.59,1.293,0.0,0.5,0.5,0.6417502149495242,0.672,0.8,1.0,20.139932163890848,1.098,0.357,0.869,1.0,0.0,0.57,1,0.333,3,0.0,229.78,0.7,1.0,0.512,0.9967,1.0,0.0115,0.495,1.0,0.519,0.639,0.826,9,35.3,0.867,0.78,0.87,0,0.0,0.0,0.758,1908.6,0.0,1,0.043,0.925,-201.11,0.0,0.17659999999999998,0.0,0.0821,0.005199999999999982,0.371,-0.0116,0,-1,4,-0.258,1,0.28500000000000003,856.23,-0.21299999999999997,-0.16800000000000004,3,-29.400000000000006,-0.06600000000000006,0.10699999999999998,0.249,0,0.5,0.0,0.0,-0.121,437.68,94.39999999999986,0.0,0.0,0.043,0.385,90,3,2
France,Croatia,-0.054000000000000006,0.01882255124169596,-0.06900000000000006,-0.4540000000000002,-0.10575806063985915,-0.04400000000000004,655.12,0.0,0.162,1.7159330307222662,0.659,1.747,0.0,0.4,0.4,0.8845073652380238,0.15,0.42,1.0,70.78029340885298,0.0,0.286,0.414,0.5,0.0,0.37,2,0.333,3,0.0,28.669999999999998,0.5234,1.0,0.4299,0.9915,0.629,0.0231,0.789,0.715,0.0,0.807,0.87,6,0.0,0.608,0.673,0.621,0,0.0,0.0,0.879,1814.2,0.0,0,0.0,0.54,0.09999999999999998,0.09999999999999998,0.524,0,0,-0.24275715028849953,0.522,0.38000000000000006,0.0,0.333,257,-50.640361244962136,0.0,0.07100000000000001,13,0.455,1.1687700512235633,0.5,-0.8482285373334689,8,0.0,0.19999999999999996,1,0.08575923229910054,0.5555555555555556,0,0.108,1.7347555819639622,0.59,1.293,0.0,0.5,0.5,0.6417502149495242,0.672,0.8,1.0,20.139932163890848,0.0,0.357,0.869,1.0,0.0,0.57,1,0.333,3,0.0,229.78,0.7,1.0,0.512,0.9967,1.0,0.0115,0.643,1.0,0.0,0.639,0.826,9,0.0,0.9,0.78,0.87,0,0.0,0.0,0.758,1908.6,0.0,1,0.043,0.925,-201.11,0.0,0.17659999999999998,0.0,0.0821,0.005199999999999982,0.371,-0.0116,0,-1,0,-0.14600000000000002,1,0.28500000000000003,856.23,0.0,-0.16800000000000004,3,0.0,0.29200000000000004,0.10699999999999998,0.249,0,0.5,0.0,0.0,-0.121,437.68,94.39999999999986,0.0,0.0,0.043,0.385,90,3,2
Germany,France,-0.024000000000000007,-0.8267671478788698,-0.16600000000000004,0.667,0.08881153383434592,0.08700000000000008,-275.57000000000016,0.0,0.112,2.3490256805117977,0.661,1.186,0.0,0.55,0.45,1.0146621234336908,0.584,0.693,1.0,25.108237030838318,0.0,1.0,0.905,0.667,0.0,0.517,0,0.333,3,0.0,229.78,0.7,1.0,0.512,0.9967,1.0,0.0115,0.612,1.0,0.0,0.607,0.826,0,0.0,0.833,0.756,0.866,0,0.0,0.0,0.758,1873.2,0.0,1,0.043,0.742,-0.050000000000000044,-0.10000000000000003,0.497,0,0,0.12743986203857505,-0.294,-0.31999999999999995,0.0,0.333,-233,-37.69744164182019,0.0,0.0,-12,-0.519,-1.8235153458137385,0.0,0.37252295860147755,0,0.0,-0.16000000000000003,0,-1.7803149208892703,0.4666666666666667,1,0.088,1.5222585326329279,0.495,1.853,0.0,0.5,0.35,1.1421019854722658,0.29,0.373,1.0,-12.589204610981874,0.0,1.0,0.386,0.667,0.0,0.357,0,0.333,2,0.0,80.0,0.7408,1.0,0.3347,0.9877,1.0,0.0462,0.873,0.37,0.0,0.891,0.913,0,0.0,0.7,0.705,0.501,0,0.0,0.0,0.849,1808.8,0.0,0,0.0,0.556,149.78,0.0,0.04080000000000006,0.0,-0.1773,-0.009000000000000008,0.0,0.034699999999999995,0,8,0,0.261,-1,-0.63,-425.35000000000014,0.0,0.28400000000000003,0,0.0,-0.133,-0.051000000000000045,-0.365,0,0.5,0.0,0.0,0.09099999999999997,-93.09000000000003,-64.40000000000009,0.0,0.0,-0.043,-0.18599999999999994,90,-1,1
England,Spain,-0.033000000000000015,-0.31172109937432024,-0.09799999999999998,-0.6950000000000001,-0.17665053354205862,-0.04300000000000004,316.5899999999999,0.0,0.136,1.8845030634353908,0.615,2.0,0.0,0.6,0.4,1.2079532628709824,0.278,0.48,1.0,-34.55075671334157,0.0,1.0,0.378,0.333,0.0,0.41,0,0.333,2,0.0,0.0,0.7433,1.0,0.7002,0.9915,1.0,0.0231,0.904,0.54,0.0,0.92,0.913,0,0.0,0.544,0.649,0.61,0,0.0,0.0,0.957,1899.8,0.0,0,0.0,0.499,-0.09999999999999998,0.0,0.437,0,0,-0.16647024429979296,-0.029000000000000026,0.0,0.0,0.333,-117,-2.311863129195366,0.0,0.0,-3,-0.016000000000000014,-0.39480155563233177,0.667,0.10857103774206278,0,0.0,0.0,0,-0.4441429961068041,0.26666666666666666,1,0.103,1.5727819640610705,0.517,1.305,0.0,0.5,0.4,1.0414830185711894,0.249,0.48,1.0,-36.86261984253694,0.0,1.0,0.362,1.0,0.0,0.41,0,0.333,3,0.0,246.0,0.7047,1.0,0.4644,0.9905,1.0,0.0346,0.742,0.3,0.0,0.758,0.87,0,0.0,0.583,0.663,0.399,0,0.0,0.0,0.78,1897.4,0.0,0,0.0,0.906,-246.0,0.0,-0.03859999999999997,0.0,-0.23580000000000007,-0.0010000000000000009,0.0,0.0115,0,-9,0,-0.16200000000000003,2,-0.24000000000000005,562.5899999999999,0.0,-0.16200000000000003,0,0.0,0.038999999999999924,0.014000000000000012,-0.21099999999999997,0,0.5,0.0,0.0,-0.17699999999999994,236.71000000000004,-2.3999999999998636,0.0,0,0.0,0.40700000000000003,90,1,0
France,Netherlands,0.066,0.1756380769734187,0.508,1.37,-0.19535461053204328,-0.131,306.4599999999998,0.0,0.0,1.8315904578886142,0.14,0.0,0.0,0.5,0.3,0.8055325730762197,0.553,0.573,1.0,9.463890125650657,0.0,0.214,0.0,0.5,0.0,0.187,0,0.333,1,0.0,0.0,0.5837,1.0,0.4972,0.9877,1.0,0.0462,0.0,0.695,0.0,0.0,0.957,0,0.0,0.0,0.0,0.554,0,0.0,0.0,0.978,1838.6,0.0,0,0.0,0.5,0.0,0.2,0.662,0,0,0.05319860475777338,0.017999999999999905,0.12,0.0,0.333,183,16.77082807744582,0.0,0.0,8,0.916,0.6670378032674789,0.0,0.011390781419135743,0,0.0,0.33,0,0.5215825232942959,0.8,1,0.066,2.007228534862033,0.648,1.37,0.0,0.5,0.5,0.8587311778339931,0.571,0.693,1.0,26.234718203096477,0.0,0.214,0.916,0.5,0.0,0.517,0,0.333,3,0.0,229.78,0.7,1.0,0.512,0.9967,1.0,0.0115,0.545,0.825,0.0,0.534,0.826,0,0.0,0.733,0.719,0.789,0,0.0,0.0,0.758,1888.8,0.0,1,0.043,0.65,-229.78,0.0,0.11629999999999996,0.0,0.014800000000000035,0.009000000000000008,0.0,-0.034699999999999995,0,-2,0,0.545,1,0.13,536.2399999999998,0.0,0.534,0,0.0,0.733,0.719,0.235,0,0.5,0.0,0.0,-0.21999999999999997,145.90999999999997,50.200000000000045,0.0,0.0,0.043,0.15000000000000002,90,2,2
Spain,Croatia,0.034,0.19661854465450812,-0.020000000000000018,0.16999999999999993,0.08959654989218413,0.04300000000000004,538.67,0.0,0.128,1.7039723207916746,0.679,1.83,0.0,0.55,0.35,1.6369450948161315,0.085,0.14,1.0,38.31866099912736,0.0,0.357,0.464,0.333,0.0,0.29,0,0.333,3,0.0,28.669999999999998,0.5234,1.0,0.4299,0.9915,0.629,0.0231,0.79,0.335,0.0,0.809,0.87,0,0.0,0.678,0.697,0.45,0,0.0,0.0,0.879,2017.6,0.0,0,0.0,0.596,0.04999999999999993,0.050000000000000044,0.559,0,0,-0.46525636533034587,0.048,0.23299999999999998,0.0,0.333,289,-59.79083572957465,0.0,-0.143,14,-0.059,0.6857746688032541,0.16699999999999998,-1.1236379976176352,0,0.0,0.067,0,-0.1402420295049771,0.5833333333333334,1,0.162,1.9005908654461827,0.659,2.0,0.0,0.6,0.4,1.1716887294857856,0.133,0.373,1.0,-21.47217473044729,0.0,0.214,0.405,0.5,0.0,0.357,0,0.333,2,0.0,0.0,0.7433,1.0,0.7002,0.9915,1.0,0.0231,0.906,0.675,0.0,0.921,0.913,0,0.0,0.633,0.681,0.594,0,0.0,0.0,0.957,1939.6,0.0,0,0.0,0.532,28.669999999999998,0.0,0.21989999999999998,0.0,0.27030000000000004,0.0,0.371,0.0,0,9,0,0.11599999999999999,0,0.34,509.99999999999994,0.0,0.11199999999999999,0,0.0,-0.04500000000000004,-0.015999999999999903,0.14399999999999996,0,0.5,0.0,0.0,0.07799999999999996,458.96999999999997,-78.0,0.0,0,0.0,-0.06399999999999995,90,3,2
Bosnia and Herzegovina,Austria,0.0,-0.15584336072280358,-0.06,0.0,0.007228539353005714,0.04399999999999993,-492.47,0.0,0.0,1.646101221034546,0.18,0.0,0.0,0.5,0.35,0.8631575594761837,0.693,0.693,1.0,42.810092511041354,0.0,0.357,0.0,0.5,0.0,0.267,0,0.333,2,0.0,36.0,0.4562,0.728,0.4028,0.9833,0.32,0.0462,0.0,0.75,0.0,0.0,0.913,0,0.0,0.0,0.0,0.713,0,0.0,0.0,0.893,1771.8,0.0,0,0.0,0.5,-0.09999999999999998,0.15000000000000002,0.511,0,0,-0.0701884373388445,0.03400000000000003,0.09400000000000008,0.0,0.333,-262,-0.6940952446842061,0.0,-0.143,-61,0.0,0.0051413567314049224,0.0,-0.37502431109597056,0,0.0,0.025999999999999968,0,-0.2240331177216932,0.2222222222222222,1,0.0,1.4902578603117425,0.12,0.0,0.0,0.4,0.5,0.7929691221373392,0.727,0.787,1.0,42.11599726635715,0.0,0.214,0.0,0.5,0.0,0.293,0,0.333,1,0.0,4.15,0.4804,0.5705,0.3375,0.9656,0.2522,0.0808,0.0,0.84,0.0,0.0,0.957,0,0.0,0.0,0.0,0.667,0,0.0,0.0,0.947,1624.6,0.0,0,0.0,0.5,31.85,0.0,0.0242,-0.15749999999999997,-0.06529999999999997,-0.017699999999999938,-0.06780000000000003,0.0346,0,14,0,0.0,0,0.08999999999999997,-524.32,0.0,0.0,0,0.0,0.0,0.0,-0.04599999999999993,0,0.5,0.0,0.0,0.05399999999999994,-424.06999999999994,-147.20000000000005,0.0,0,0.0,0.0,90,3,2
Belgium,Switzerland,-0.018000000000000002,0.5819194370738068,0.12100000000000005,-0.19100000000000006,0.0,0.0,290.0200000000001,0.0,0.078,1.747853366958857,0.436,1.163,0.0,0.4,0.4,0.9187392982124996,0.388,0.527,1.0,-26.901702287905067,0.0,1.0,0.824,1.0,0.0,0.423,0,0.333,2,0.0,0.0,0.6926,1.0,0.3736,0.9875,0.4914,0.0346,0.803,0.29,0.0,0.812,0.913,0,0.0,0.633,0.681,0.39,0,0.0,0.0,0.957,1751.6,0.0,0,0.0,0.76,-0.050000000000000044,0.15000000000000002,0.525,0,0,-0.30924738103769434,0.15800000000000003,0.26,0.0,0.333,-30,107.74004066372054,0.0,0.0,-3,0.05600000000000005,1.3081103534703722,-0.5,-0.6078384486045794,0,0.0,0.12000000000000005,0,0.5174710679861831,1.0,1,0.06,2.3297728040326637,0.557,0.972,0.0,0.35,0.55,0.6094919171748052,0.546,0.787,1.0,80.83833837581547,0.0,1.0,0.88,0.5,0.0,0.543,0,0.333,2,0.0,0.0,0.5694,1.0,0.3031,0.9754,0.6806,0.0462,0.761,0.8,0.0,0.772,0.913,0,0.0,0.633,0.681,0.59,0,0.0,0.0,0.957,1927.0,0.0,0,0.0,0.587,0.0,0.0,-0.12319999999999998,0.0,-0.07050000000000001,-0.0121,0.18919999999999998,0.0116,0,12,0,-0.04200000000000004,0,0.51,290.0200000000001,0.0,-0.040000000000000036,0,0.0,0.0,0.0,0.19999999999999996,0,0.5,0.0,0.0,0.0,264.21,175.4000000000001,0.0,0,0.0,-0.17300000000000004,90,-2,2
Croatia,England,0.054000000000000006,0.06317356509471961,0.17300000000000004,0.6720000000000002,0.08705398364987449,0.0,-855.2599999999999,0.0,0.072,1.3961507004273066,0.353,1.073,0.0,0.5,0.4,1.005047400920474,0.418,0.54,1.0,-41.102621483400526,0.0,1.0,0.657,1.0,0.0,0.45,0,0.333,3,0.0,246.0,0.7047,1.0,0.4644,0.9905,1.0,0.0346,0.746,0.43,0.0,0.761,0.87,0,0.0,0.544,0.65,0.392,0,0.0,0.0,0.78,1918.8,0.0,0,0.0,0.859,0.0,-0.050000000000000044,0.497,0,0,1.2761279535617236,-0.21699999999999997,-0.54,0.0,0.333,-172,60.419781279815425,0.0,0.0,-11,-0.134,-0.6255088973161378,-0.5,2.3138568123506866,0,0.0,-0.2,0,0.2550624919347717,0.6,1,0.126,1.4593242655220262,0.526,1.745,0.0,0.5,0.35,2.2811753544821975,0.201,0.0,1.0,19.317159796414902,0.0,1.0,0.523,0.5,0.0,0.25,0,0.333,3,0.0,28.669999999999998,0.5234,1.0,0.4299,0.9915,0.629,0.0231,0.755,0.205,0.0,0.767,0.87,0,0.0,0.8,0.741,0.353,0,0.0,0.0,0.879,2094.4,0.0,0,0.0,0.725,217.33,0.0,-0.18130000000000002,0.0,-0.034499999999999975,0.0010000000000000009,-0.371,-0.0115,0,1,0,0.009000000000000008,-2,-0.225,-1072.59,0.0,0.006000000000000005,0,0.0,0.256,0.09099999999999997,-0.039000000000000035,0,0.5,0.0,0.0,0.09899999999999998,-695.6800000000001,175.60000000000014,0.0,0,0.0,-0.134,90,-4,1
Netherlands,Germany,-0.088,0.3439139577924579,-0.30899999999999994,-1.853,0.10654307669769736,0.04399999999999993,-30.889999999999645,0.0,0.088,1.349947674658582,0.469,1.853,0.0,0.55,0.3,0.9926802868804488,0.393,0.527,1.0,-7.462683466306614,0.0,1.0,0.342,0.667,0.0,0.423,0,0.333,2,0.0,80.0,0.7408,1.0,0.3347,0.9877,1.0,0.0462,0.873,0.595,0.0,0.891,0.913,0,0.0,0.7,0.705,0.547,0,0.0,0.0,0.849,1863.2,0.0,0,0.0,0.556,-0.050000000000000044,0.0,0.287,0,0,-0.01346962622277581,0.14400000000000002,0.0,0.0,0.333,50,10.876202009356959,0.0,0.0,4,-0.342,-0.12670793686011295,-0.16700000000000004,0.2004712855911679,0,0.0,-0.25,0,0.604198785549068,0.2,1,0.0,1.6938616324510398,0.16,0.0,0.0,0.5,0.3,0.979210660657673,0.537,0.527,1.0,3.413518543050344,0.0,1.0,0.0,0.5,0.0,0.173,0,0.333,1,0.0,0.0,0.5837,1.0,0.4972,0.9877,1.0,0.0462,0.0,0.49,0.0,0.0,0.957,0,0.0,0.0,0.0,0.554,0,0.0,0.0,0.978,1855.6,0.0,0,0.0,0.5,80.0,0.0,-0.15710000000000002,0.0,0.16249999999999998,0.0,0.0,0.0,0,-5,0,-0.873,0,-0.10499999999999998,-110.88999999999965,0.0,-0.891,0,0.0,-0.7,-0.705,0.007000000000000006,0,0.5,0.0,0.0,0.129,-52.819999999999936,-7.600000000000136,0.0,0,0.0,-0.05600000000000005,90,-1,2
Spain,England,0.172,1.5298426645843737,0.548,0.879,0.17665053354205862,0.04300000000000004,-316.5899999999999,0.0,0.032,1.1870814389674433,0.302,1.121,0.0,0.45,0.45,0.8577540120666395,0.382,0.54,1.0,-47.80932713779265,0.0,0.214,0.436,1.0,0.0,0.45,0,0.333,3,0.0,246.0,0.7047,1.0,0.4644,0.9905,1.0,0.0346,0.756,0.425,0.0,0.776,0.87,0,0.0,0.6,0.67,0.28,0,0.0,0.0,0.78,1947.8,0.0,0,0.0,0.719,0.14999999999999997,-0.04999999999999999,0.616,0,0,0.15056296661533197,-0.129,0.03299999999999992,0.0,0.333,117,35.40220710245315,0.0,0.07199999999999998,3,0.09700000000000003,1.4364283931441055,0.0,-0.1916902658042524,0,0.0,-0.013000000000000012,0,2.670569057185263,0.6666666666666666,1,0.204,2.716924103551817,0.85,2.0,0.0,0.6,0.4,1.0083169786819715,0.253,0.573,1.0,-12.407120035339506,0.0,0.286,0.533,1.0,0.0,0.437,0,0.333,2,0.0,0.0,0.7433,1.0,0.7002,0.9915,1.0,0.0231,0.914,0.9,0.0,0.927,0.913,0,0.0,0.633,0.679,0.81,0,0.0,0.0,0.957,1844.4,0.0,0,0.0,0.775,246.0,0.0,0.03859999999999997,0.0,0.23580000000000007,0.0010000000000000009,0.0,-0.0115,0,9,0,0.15800000000000003,-2,0.47500000000000003,-562.5899999999999,0.0,0.15100000000000002,0,0.0,0.03300000000000003,0.009000000000000008,0.53,0,0.5,0.0,0.0,0.17699999999999994,-236.71000000000004,-103.39999999999986,0.0,0,0.0,0.05600000000000005,90,-1,0
France,Germany,0.023999999999999994,0.8361459964086413,0.33,-0.8310000000000001,-0.08881153383434592,-0.08700000000000008,275.57000000000016,0.0,0.084,1.1619107313351,0.442,1.78,0.0,0.55,0.25,1.2941788194554005,0.348,0.433,1.0,-21.887348801654362,0.0,0.214,0.326,0.5,0.0,0.397,0,0.333,2,0.0,80.0,0.7408,1.0,0.3347,0.9877,1.0,0.0462,0.896,0.43,0.0,0.913,0.913,0,0.0,0.717,0.711,0.506,0,0.0,0.0,0.849,1861.0,0.0,0,0.0,0.444,-0.050000000000000044,0.25,0.456,0,0,-0.2648064252730735,-0.021999999999999964,0.0,0.0,0.333,233,41.644166730813474,0.0,0.143,12,0.6739999999999999,0.7589015357156588,0.5,-0.1579124782165353,0,0.0,0.0,0,1.4607470279941457,0.5333333333333333,1,0.108,1.9980567277437413,0.772,0.949,0.0,0.5,0.5,1.029372394182327,0.326,0.433,1.0,19.756817929159112,0.0,0.357,1.0,1.0,0.0,0.397,0,0.333,3,0.0,229.78,0.7,1.0,0.512,0.9967,1.0,0.0115,0.495,0.725,0.0,0.48,0.826,0,0.0,0.867,0.768,0.647,0,0.0,0.0,0.758,1835.6,0.0,1,0.043,0.775,-149.78,0.0,-0.04080000000000006,0.0,0.1773,0.009000000000000008,0.0,-0.034699999999999995,0,-8,0,-0.401,1,0.295,425.35000000000014,0.0,-0.43300000000000005,0,0.0,0.15000000000000002,0.05700000000000005,0.14100000000000001,0,0.5,0.0,0.0,-0.09099999999999997,93.09000000000003,-25.40000000000009,0.0,0.0,0.043,0.331,90,1,2
Croatia,Spain,-0.11999999999999998,-1.240754445632001,-0.465,-0.51,-0.08959654989218413,-0.04300000000000004,-538.67,0.0,0.204,2.573272478873119,0.876,2.0,0.0,0.65,0.35,1.3076374448138708,0.22,0.48,1.0,-20.210302514585607,0.0,1.0,0.551,1.0,0.0,0.41,0,0.333,2,0.0,0.0,0.7433,1.0,0.7002,0.9915,1.0,0.0231,0.914,0.61,0.0,0.927,0.913,0,0.0,0.633,0.679,0.764,0,0.0,0.0,0.957,1897.8,0.0,0,0.0,0.775,-0.15000000000000002,0.0,0.438,0,0,0.5215908459315597,0.06799999999999998,-0.27999999999999997,0.0,0.333,-289,29.741915503138404,0.0,0.0,-14,-0.11600000000000005,-0.6295535946186341,0.0,0.731584855359942,0,0.0,-0.07999999999999996,0,-2.1209979933807235,0.26666666666666666,1,0.084,1.3325180332411182,0.411,1.49,0.0,0.5,0.35,1.8292282907454305,0.288,0.2,1.0,9.531612988552798,0.0,1.0,0.435,1.0,0.0,0.33,0,0.333,3,0.0,28.669999999999998,0.5234,1.0,0.4299,0.9915,0.629,0.0231,0.753,0.535,0.0,0.758,0.87,0,0.0,0.933,0.789,0.361,0,0.0,0.0,0.879,1994.0,0.0,0,0.0,0.775,-28.669999999999998,0.0,-0.21989999999999998,0.0,-0.27030000000000004,0.0,-0.371,0.0,0,-9,0,-0.16100000000000003,0,-0.07499999999999996,-509.99999999999994,0.0,-0.16900000000000004,0,0.0,0.30000000000000004,0.10999999999999999,-0.403,0,0.5,0.0,0.0,-0.07799999999999996,-458.96999999999997,96.20000000000005,0.0,0,0.0,0.0,90,-3,2
Austria,Bosnia and Herzegovina,0.0,-0.15521594383539683,-0.1,0.0,-0.007228539353005714,-0.04399999999999993,492.47,0.0,0.0,1.298421150553852,0.16,0.0,0.0,0.35,0.55,0.4867743138785552,0.727,0.787,1.0,73.07399208859135,0.0,1.0,0.0,0.5,0.0,0.293,0,0.333,1,0.0,4.15,0.4804,0.5705,0.3375,0.9656,0.2522,0.0808,0.0,0.875,0.0,0.0,0.957,0,0.0,0.0,0.0,0.758,0,0.0,0.0,0.947,1729.8,0.0,0,0.0,0.5,0.0,-0.15000000000000002,0.445,0,0,0.43368493874471814,-0.137,-0.247,0.0,0.333,262,-56.11069630729474,0.0,0.0,61,0.0,-1.3539507826317512,0.0,0.8660741531883709,0,0.0,-0.09299999999999997,0,-0.917522389487646,0.4166666666666667,1,0.0,1.1432052067184553,0.06,0.0,0.0,0.35,0.4,0.9204592526232733,0.59,0.54,1.0,16.963295781296615,0.0,1.0,0.0,0.5,0.0,0.2,0,0.333,2,0.0,36.0,0.4562,0.728,0.4028,0.9833,0.32,0.0462,0.0,0.37,0.0,0.0,0.913,0,0.0,0.0,0.0,0.412,0,0.0,0.0,0.893,1755.2,0.0,0,0.0,0.5,-31.85,0.0,-0.0242,0.15749999999999997,0.06529999999999997,0.017699999999999938,0.06780000000000003,-0.0346,0,-14,0,0.0,0,-0.505,524.32,0.0,0.0,0,0.0,0.0,0.0,-0.34600000000000003,0,0.5,0.0,0.0,-0.05399999999999994,424.06999999999994,25.40000000000009,0.0,0,0.0,0.0,90,-3,1
Netherlands,France,-0.108,-0.22567743686728514,-0.572,-0.949,0.19535461053204328,0.131,-306.4599999999998,0.0,0.108,1.9983274100686728,0.732,0.949,0.0,0.55,0.45,1.0325793565503152,0.342,0.48,1.0,14.649836588973596,0.0,1.0,1.0,1.0,0.0,0.41,0,0.333,3,0.0,229.78,0.7,1.0,0.512,0.9967,1.0,0.0115,0.495,0.815,0.0,0.48,0.826,0,0.0,0.867,0.768,0.635,0,0.0,0.0,0.758,1840.4,0.0,1,0.043,0.775,-0.050000000000000044,-0.10000000000000003,0.358,0,0,-0.1741519409287252,0.195,0.04700000000000004,0.0,0.333,-183,-10.323843324509491,0.0,0.0,-8,-1.0,-0.6235772686346788,-0.5,-0.24881306724704033,0,0.0,-0.237,0,-0.31600012357641494,0.0,1,0.0,1.7726499732013876,0.16,0.0,0.0,0.5,0.35,0.85842741562159,0.537,0.527,1.0,4.325993264464104,0.0,1.0,0.0,0.5,0.0,0.173,0,0.333,1,0.0,0.0,0.5837,1.0,0.4972,0.9877,1.0,0.0462,0.0,0.585,0.0,0.0,0.957,0,0.0,0.0,0.0,0.554,0,0.0,0.0,0.978,1888.6,0.0,0,0.0,0.5,229.78,0.0,-0.11629999999999996,0.0,-0.014800000000000035,-0.009000000000000008,0.0,0.034699999999999995,0,2,0,-0.495,-1,-0.22999999999999998,-536.2399999999998,0.0,-0.48,0,0.0,-0.867,-0.768,-0.08099999999999996,0,0.5,0.0,0.0,0.21999999999999997,-145.90999999999997,48.19999999999982,0.0,0.0,-0.043,-0.275,90,-2,2
England,Croatia,0.0,0.09743703862710595,0.04000000000000001,0.0,-0.08705398364987449,0.0,855.2599999999999,0.0,0.0,1.5866798784383438,0.12,0.0,0.0,0.55,0.3,1.8676120328786223,0.453,0.293,1.0,27.57743262125802,0.0,0.214,0.0,0.5,0.0,0.107,0,0.333,3,0.0,28.669999999999998,0.5234,1.0,0.4299,0.9915,0.629,0.0231,0.0,0.74,0.0,0.0,0.87,0,0.0,0.0,0.0,0.467,0,0.0,0.0,0.879,2000.4,0.0,0,0.0,0.5,-0.050000000000000044,0.10000000000000003,0.53,0,0,-0.9798293058814519,0.23999999999999994,0.39999999999999997,0.0,0.333,172,-44.333456744028254,0.0,0.0,11,0.0,0.34328656132743984,0.0,-1.1541695417544822,0,0.0,0.16000000000000003,0,0.39216155139542064,0.4666666666666667,1,0.0,1.6841169170654497,0.16,0.0,0.0,0.5,0.4,0.8877827269971704,0.693,0.693,1.0,-16.75602412277024,0.0,0.214,0.0,0.5,0.0,0.267,0,0.333,3,0.0,246.0,0.7047,1.0,0.4644,0.9905,1.0,0.0346,0.0,0.82,0.0,0.0,0.87,0,0.0,0.0,0.0,0.633,0,0.0,0.0,0.78,2005.0,0.0,0,0.0,0.5,-217.33,0.0,0.18130000000000002,0.0,0.034499999999999975,-0.0010000000000000009,0.371,0.0115,0,-1,0,0.0,2,0.07999999999999996,1072.59,0.0,0.0,0,0.0,0.0,0.0,0.16599999999999998,0,0.5,0.0,0.0,-0.09899999999999998,695.6800000000001,4.599999999999909,0.0,0,0.0,0.0,90,4,2
Switzerland,Belgium,0.0,-0.6704406838116175,-0.06,0.0,0.0,0.0,-290.0200000000001,0.0,0.0,2.0743041247505913,0.24,0.0,0.0,0.4,0.5,0.6045523304105654,0.727,0.787,1.0,59.79719989800792,0.0,0.214,0.0,0.5,0.0,0.293,0,0.333,2,0.0,0.0,0.5694,1.0,0.3031,0.9754,0.6806,0.0462,0.0,0.875,0.0,0.0,0.913,0,0.0,0.0,0.0,0.808,0,0.0,0.0,0.957,1742.6,0.0,0,0.0,0.5,0.04999999999999999,-0.2,0.445,0,0,0.4566204633113339,-0.18999999999999995,-0.26,0.0,0.333,30,-125.51985746780295,0.0,0.07199999999999998,3,0.0,-1.4395348477875078,0.0,0.6363664703231648,0,0.0,-0.12,0,-0.7454039584717194,0.0,1,0.0,1.4038634409389739,0.18,0.0,0.0,0.45,0.3,1.0611727937218993,0.537,0.527,1.0,-65.72265756979503,0.0,0.286,0.0,0.5,0.0,0.173,0,0.333,2,0.0,0.0,0.6926,1.0,0.3736,0.9875,0.4914,0.0346,0.0,0.33,0.0,0.0,0.913,0,0.0,0.0,0.0,0.5,0,0.0,0.0,0.957,1719.4,0.0,0,0.0,0.5,0.0,0.0,0.12319999999999998,0.0,0.07050000000000001,0.0121,-0.18919999999999998,-0.0116,0,-12,0,0.0,0,-0.5449999999999999,-290.0200000000001,0.0,0.0,0,0.0,0.0,0.0,-0.30800000000000005,0,0.5,0.0,0.0,0.0,-264.21,-23.199999999999818,0.0,0,0.0,0.0,90,2,2
Germany,Netherlands,0.0,-0.40578755144715495,-0.06,0.0,-0.10654307669769736,-0.04399999999999993,30.889999999999645,0.0,0.0,1.7970197159030985,0.18,0.0,0.0,0.45,0.4,0.7315570212165652,0.623,0.633,1.0,14.453888994903881,0.0,0.214,0.0,0.5,0.0,0.227,0,0.333,1,0.0,0.0,0.5837,1.0,0.4972,0.9877,1.0,0.0462,0.0,0.755,0.0,0.0,0.957,0,0.0,0.0,0.0,0.646,0,0.0,0.0,0.978,1948.2,0.0,0,0.0,0.5,0.10000000000000003,-0.15000000000000002,0.476,0,0,0.47223885246082276,-0.03300000000000003,-0.09299999999999997,0.0,0.333,-50,-33.787637514773536,0.0,0.07199999999999998,-4,0.0,-0.5970173909984777,0.0,0.5252221863498071,0,0.0,-0.026999999999999996,0,-0.3902299227139612,0.5333333333333333,1,0.0,1.3912321644559436,0.12,0.0,0.0,0.55,0.25,1.203795873677388,0.59,0.54,1.0,-19.33374851986966,0.0,0.286,0.0,0.5,0.0,0.2,0,0.333,2,0.0,80.0,0.7408,1.0,0.3347,0.9877,1.0,0.0462,0.0,0.51,0.0,0.0,0.913,0,0.0,0.0,0.0,0.483,0,0.0,0.0,0.849,1939.2,0.0,0,0.0,0.5,-80.0,0.0,0.15710000000000002,0.0,-0.16249999999999998,0.0,0.0,0.0,0,5,0,0.0,0,-0.245,110.88999999999965,0.0,0.0,0,0.0,0.0,0.0,-0.16300000000000003,0,0.5,0.0,0.0,-0.129,52.819999999999936,-9.0,0.0,0,0.0,0.0,90,1,1
Australia,Jordan,0.036,1.2898205516218861,0.555,1.615,-0.049821757129714817,0.0,207.70999999999998,0.0,0.0,0.8076566560089495,0.08,0.0,0.0,0.45,0.4,1.0257685799247558,0.45,0.42,1.0,-42.43984908891275,0.0,0.643,0.0,0.5,0.0,0.12,0,0.333,2,0.0,0.0,0.3449,0.1075,0.4597,0.9833,0.0322,0.0462,0.0,0.315,0.0,0.0,0.913,0,0.0,0.0,0.0,0.392,0,0.0,0.0,0.957,1515.4,0.0,0,0.0,0.5,0.10000000000000003,-0.10000000000000003,0.737,0,0,-0.15693832975531785,0.22000000000000003,0.32,0.0,0.333,188,16.716902658276254,0.0,-0.14300000000000002,41,0.775,1.398302566945425,0.5,-0.7848563112029496,0,0.0,0.26,0,2.2580605374404477,0.5,1,0.036,2.0974772076308357,0.635,1.615,0.0,0.55,0.3,0.8688302501694379,0.67,0.74,1.0,-25.722946430636497,0.0,0.5,0.775,1.0,0.0,0.38,0,0.333,2,0.0,17.33,0.4798,0.2338,0.3629,0.9783,0.143,0.0577,0.756,0.82,0.0,0.769,0.913,0,0.0,0.4,0.597,0.816,0,0.0,0.0,0.912,1595.6,0.0,0,0.0,0.775,-17.33,0.0,0.13490000000000002,0.12630000000000002,-0.0968,-0.0050000000000000044,0.11079999999999998,0.011500000000000003,0,12,0,0.756,0,0.5049999999999999,225.03999999999996,0.0,0.769,0,0.0,0.4,0.597,0.42399999999999993,0,0.5,0.0,0.0,-0.04499999999999993,179.64999999999998,80.19999999999982,0.0,0,0.0,0.275,90,30,0
Saudi Arabia,Qatar,0.0,-0.707638118521962,-0.04000000000000001,0.0,-0.03423895241130792,-0.04300000000000004,23.289999999999978,0.0,0.0,2.1021163571690034,0.2,0.0,0.0,0.5,0.35,0.8367004297107845,0.71,0.74,1.0,53.556650567405505,0.0,0.286,0.0,0.5,0.0,0.28,0,0.333,2,0.0,1.94,0.3644,0.0434,0.5111,0.95,0.0276,0.0615,0.0,0.68,0.0,0.0,0.913,0,0.0,0.0,0.0,0.637,0,0.0,0.0,0.955,1618.2,0.0,0,0.0,0.5,-0.09999999999999998,0.0,0.521,0,0,0.06826248144933633,0.10299999999999998,0.15300000000000002,0.0,0.333,128,-37.63440264791714,0.0,0.07100000000000001,41,0.0,0.34960274402078806,0.0,-0.3844469484327217,0,0.0,0.06699999999999995,0,-0.7123345464394553,0.3333333333333333,1,0.0,1.3944782386470413,0.16,0.0,0.0,0.4,0.35,0.9049629111601208,0.813,0.893,1.0,15.922247919488367,0.0,0.357,0.0,0.5,0.0,0.347,0,0.333,1,0.0,6.54,0.3742,0.1149,0.5194,0.975,0.0618,0.0692,0.0,0.84,0.0,0.0,0.87,0,0.0,0.0,0.0,0.704,0,0.0,0.0,0.901,1537.6,0.0,2,0.087,0.5,-4.6,0.0,0.009799999999999975,0.07150000000000001,0.008299999999999974,0.025000000000000022,0.0342,0.0076999999999999985,0,8,0,0.0,0,0.15999999999999992,27.889999999999986,0.0,0.0,0,0.0,0.0,0.0,0.06699999999999995,0,0.5,0.0,0.0,-0.05399999999999994,19.210000000000008,-80.60000000000014,0.0,0.0,0.087,0.0,90,7,0
Japan,Uzbekistan,0.12,0.253917705021514,0.32799999999999996,0.971,0.10592958616429893,0.0,144.1899999999999,0.0,0.0,1.2725456670709876,0.16,0.0,0.0,0.2,0.35,1.0353776343819119,0.677,0.647,1.0,-10.7489969299445,0.0,0.286,0.0,0.5,0.0,0.253,0,0.333,2,0.0,13.719999999999999,0.3388,0.0884,0.4194,0.9833,0.159,0.0615,0.0,0.74,0.0,0.0,0.913,0,0.0,0.0,0.0,0.621,0,0.0,0.0,0.888,1566.6,0.0,0,0.0,0.5,0.39999999999999997,-0.24999999999999997,0.595,0,0,0.5819276497839296,-0.44500000000000006,-0.307,0.0,0.333,234,-16.497977530745725,0.0,0.0,43,0.883,-0.5439330140619518,0.0,0.6435478648737551,0,0.0,0.11699999999999999,0,-0.18400590544624462,0.5333333333333333,1,0.12,1.5264633720925016,0.488,0.971,0.0,0.6,0.1,1.6173052841658415,0.232,0.34,1.0,-27.246974460690225,0.0,0.286,0.883,0.5,0.0,0.37,0,0.333,2,0.0,0.0,0.4989,0.8942,0.3604,0.9875,0.4305,0.0462,0.698,0.6,0.0,0.707,0.913,0,0.0,0.55,0.652,0.339,0,0.0,0.0,0.957,1695.8,0.0,0,0.0,0.407,13.719999999999999,0.0,0.16010000000000002,0.8058,-0.059,0.0042000000000000925,0.27149999999999996,-0.015300000000000001,0,0,0,0.698,0,-0.14,130.4699999999999,0.0,0.707,0,0.0,0.55,0.652,-0.282,0,0.5,0.0,0.0,0.06899999999999995,121.34,129.20000000000005,0.0,0,0.0,-0.09300000000000003,90,0,2
Australia,Uzbekistan,0.0,0.908550238364203,0.14,0.0,0.05610782903458411,0.0,214.71,0.0,0.0,1.2272839269972016,0.14,0.0,0.0,0.2,0.35,1.1697418356745029,0.573,0.493,1.0,-9.503739222968889,0.0,0.286,0.0,0.5,0.0,0.187,0,0.333,2,0.0,13.719999999999999,0.3388,0.0884,0.4194,0.9833,0.159,0.0615,0.0,0.49,0.0,0.0,0.913,0,0.0,0.0,0.0,0.483,0,0.0,0.0,0.888,1636.2,0.0,0,0.0,0.5,0.3,0.0,0.542,0,0,-0.23836721317888243,0.137,0.247,0.0,0.333,144,-19.39297193447919,0.0,0.14300000000000002,24,0.0,1.013461061843013,0.0,-0.6295170792177086,0,0.0,0.09300000000000003,0,1.1277483158606996,1.0,1,0.0,2.1358341653614046,0.28,0.0,0.0,0.5,0.35,0.9313746224956204,0.71,0.74,1.0,-28.896711157448078,0.0,0.429,0.0,0.5,0.0,0.28,0,0.333,2,0.0,17.33,0.4798,0.2338,0.3629,0.9783,0.143,0.0577,0.0,0.8,0.0,0.0,0.913,0,0.0,0.0,0.0,0.775,0,0.0,0.0,0.912,1557.0,0.0,0,0.0,0.5,-3.6099999999999994,0.0,0.14100000000000001,0.1454,-0.056499999999999995,-0.0050000000000000044,-0.016000000000000014,-0.003799999999999998,0,-19,0,0.0,0,0.31000000000000005,218.32,0.0,0.0,0,0.0,0.0,0.0,0.29200000000000004,0,0.5,0.0,0.0,0.02400000000000002,184.52999999999997,-79.20000000000005,0.0,0,0.0,0.0,90,-2,1
Japan,Saudi Arabia,0.168,0.42137791463945984,0.41000000000000003,0.947,0.056127703398558215,0.04300000000000004,150.00999999999993,0.0,0.0,1.1783436351820171,0.14,0.0,0.0,0.4,0.3,1.0720894483360126,0.71,0.74,1.0,8.74480682013819,0.0,0.286,0.0,0.5,0.0,0.28,0,0.333,1,0.0,6.54,0.3742,0.1149,0.5194,0.975,0.0618,0.0692,0.0,0.55,0.0,0.0,0.87,0,0.0,0.0,0.0,0.567,0,0.0,0.0,0.901,1584.0,0.0,2,0.087,0.5,0.19999999999999996,-0.19999999999999998,0.63,0,0,0.4592301336348643,-0.5399999999999999,-0.39999999999999997,0.0,0.333,220,-43.93532251511536,0.0,0.0,38,0.9,0.574060661016863,0.5,0.8275235277153091,0,0.0,0.08999999999999997,0,0.5901314844920953,0.6,1,0.168,1.599721549821477,0.55,0.947,0.0,0.6,0.1,1.531319581970877,0.17,0.34,1.0,-35.190515694977165,0.0,0.286,0.9,1.0,0.0,0.37,0,0.333,2,0.0,0.0,0.4989,0.8942,0.3604,0.9875,0.4305,0.0462,0.638,0.8,0.0,0.641,0.913,0,0.0,0.6,0.672,0.438,0,0.0,0.0,0.957,1691.4,0.0,0,0.0,0.775,6.54,0.0,0.12470000000000003,0.7793,-0.15899999999999997,0.012500000000000067,0.36869999999999997,-0.023,0,7,0,0.638,0,0.25,143.4699999999999,0.0,0.641,0,0.0,0.6,0.672,-0.12899999999999995,0,0.5,0.0,0.0,0.05599999999999994,127.38,107.40000000000009,0.0,0.0,-0.087,0.275,90,3,2
Qatar,Iraq,0.0,0.6111924630338215,0.04000000000000001,0.0,0.09254909143886292,0.04300000000000004,-28.06999999999995,0.0,0.0,1.4839982026958953,0.18,0.0,0.0,0.6,0.35,0.8356183579839445,0.71,0.74,1.0,22.645615847211182,0.0,0.429,0.0,0.5,0.0,0.28,0,0.333,3,0.0,14.83,0.3313,0.085,0.4944,0.9667,0.0274,0.0615,0.0,0.825,0.0,0.0,0.87,0,0.0,0.0,0.0,0.758,0,0.0,0.0,0.865,1540.8,0.0,0,0.0,0.5,-0.14999999999999997,0.050000000000000044,0.498,0,0,-0.13006022943537,0.0,0.0,0.0,0.333,-110,27.576628821768338,0.0,-0.07200000000000001,-34,0.0,-0.2851641010660515,0.0,-0.06968840882386745,0,0.0,0.0,0,0.8279483269896903,0.6,1,0.0,2.095190665729717,0.22,0.0,0.0,0.45,0.4,0.7055581285485745,0.71,0.74,1.0,50.22224466897952,0.0,0.357,0.0,0.5,0.0,0.28,0,0.333,2,0.0,1.94,0.3644,0.0434,0.5111,0.95,0.0276,0.0615,0.0,0.8,0.0,0.0,0.913,0,0.0,0.0,0.0,0.65,0,0.0,0.0,0.955,1659.6,0.0,0,0.0,0.5,12.89,0.0,0.03310000000000002,-0.041600000000000005,0.016699999999999993,-0.016700000000000048,0.0001999999999999988,0.0,0,6,0,0.0,0,-0.02499999999999991,-40.95999999999995,0.0,0.0,0,0.0,0.0,0.0,-0.10799999999999998,0,0.5,0.0,0.0,0.08999999999999997,-25.120000000000005,118.79999999999995,0.0,0,0.0,0.0,90,10,2
South Korea,Qatar,0.0,-0.4426491512106665,-0.12,0.0,-0.04391563597188031,0.0,53.42999999999998,0.0,0.0,1.9280427365180652,0.24,0.0,0.0,0.4,0.45,0.5999812064824087,0.797,0.847,1.0,70.11829759501867,0.0,0.214,0.0,0.5,0.0,0.333,0,0.333,2,0.0,1.94,0.3644,0.0434,0.5111,0.95,0.0276,0.0615,0.0,0.92,0.0,0.0,0.913,0,0.0,0.0,0.0,0.775,0,0.0,0.0,0.955,1629.0,0.0,0,0.0,0.5,0.0,0.04999999999999999,0.506,0,0,-0.05541527909687938,0.015999999999999903,0.04600000000000004,0.0,0.333,231,-48.96156119832901,0.0,0.0,58,0.0,0.12885124808584125,0.0,0.029061230130694005,0,0.0,0.013999999999999957,0,-0.960584162669696,0.75,1,0.0,1.4853935853073987,0.12,0.0,0.0,0.4,0.5,0.5445659273855293,0.813,0.893,1.0,21.156736396689666,0.0,0.214,0.0,0.5,0.0,0.347,0,0.333,2,0.0,9.87,0.4535,0.1998,0.5346,0.9544,0.0709,0.0731,0.0,0.96,0.0,0.0,0.913,0,0.0,0.0,0.0,0.746,0,0.0,0.0,0.919,1518.2,0.0,0,0.0,0.5,-7.93,0.0,0.08910000000000001,0.1564,0.023499999999999965,0.0044000000000000705,0.043300000000000005,0.0116,0,11,0,0.0,0,0.039999999999999925,61.359999999999985,0.0,0.0,0,0.0,0.0,0.0,-0.029000000000000026,0,0.5,0.0,0.0,-0.03599999999999992,47.2,-110.79999999999995,0.0,0,0.0,0.0,90,7,0
Japan,Qatar,0.0,-0.458125262525243,-0.12000000000000002,0.0,0.021888750987250294,0.0,173.2999999999999,0.0,0.0,2.1345802498722746,0.28,0.0,0.0,0.35,0.55,0.42461529272920523,0.9,1.0,1.0,82.74256140465847,0.0,0.214,0.0,0.5,0.0,0.4,0,0.333,2,0.0,1.94,0.3644,0.0434,0.5111,0.95,0.0276,0.0615,0.0,1.0,0.0,0.0,0.913,0,0.0,0.0,0.0,0.875,0,0.0,0.0,0.955,1666.6,0.0,0,0.0,0.5,0.20000000000000007,-0.35000000000000003,0.495,0,0,0.523620566838116,-0.08700000000000008,-0.10699999999999998,0.0,0.333,348,-113.7233444521271,0.0,0.07199999999999998,79,0.0,0.0,0.0,0.15737926980442712,0,0.0,-0.05300000000000005,0,-0.9310199667315844,0.6,1,0.0,1.6764549873470316,0.16,0.0,0.0,0.55,0.2,0.9482358595673211,0.813,0.893,1.0,-30.980783047468616,0.0,0.286,0.0,0.5,0.0,0.347,0,0.333,2,0.0,0.0,0.4989,0.8942,0.3604,0.9875,0.4305,0.0462,0.0,1.0,0.0,0.0,0.913,0,0.0,0.0,0.0,0.838,0,0.0,0.0,0.957,1655.2,0.0,0,0.0,0.5,1.94,0.0,0.1345,0.8508,-0.1507,0.03750000000000009,0.4029,-0.015300000000000001,0,15,0,0.0,0,0.0,171.3599999999999,0.0,0.0,0,0.0,0.0,0.0,-0.03700000000000003,0,0.5,0.0,0.0,0.0020000000000000018,146.59,-11.399999999999864,0.0,0,0.0,0.0,90,10,0
Portugal,Switzerland,0.0,-0.9608850044419284,-0.13999999999999999,0.0,-0.10806307313800045,0.0,547.5899999999998,0.0,0.0,2.123958971210408,0.24,0.0,0.0,0.55,0.25,1.3227847636295802,0.503,0.433,1.0,-49.000941812475496,0.0,1.0,0.0,0.5,0.0,0.147,0,0.333,2,0.0,0.0,0.6926,1.0,0.3736,0.9875,0.4914,0.0346,0.0,0.705,0.0,0.0,0.913,0,0.0,0.0,0.0,0.646,0,0.0,0.0,0.957,1697.2,0.0,0,0.0,0.5,0.04999999999999993,0.09999999999999998,0.502,0,0,-0.4268451142699048,0.137,0.24700000000000005,0.0,0.333,47,13.914636977243639,0.0,0.0,4,0.0,-0.6966322418102813,0.0,-0.9231301966255421,0,0.0,0.093,0,-1.6831346645663428,0.3333333333333333,1,0.0,1.1630739667684797,0.1,0.0,0.0,0.6,0.35,0.8959396493596754,0.64,0.68,1.0,-35.08630483523186,0.0,1.0,0.0,0.5,0.0,0.24,0,0.333,2,0.0,96.63,0.5771,1.0,0.6682,0.983,1.0,0.0462,0.0,0.54,0.0,0.0,0.913,0,0.0,0.0,0.0,0.508,0,0.0,0.0,0.833,1756.0,0.0,0,0.0,0.5,-96.63,0.0,-0.11550000000000005,0.0,0.29460000000000003,-0.0045000000000000595,0.5085999999999999,0.0116,0,31,0,0.0,1,-0.16499999999999992,644.2199999999998,0.0,0.0,0,0.0,0.0,0.0,-0.138,0,0.5,0.0,0.0,-0.124,417.74999999999994,58.799999999999955,0.0,0,0.0,0.0,90,8,2
England,Netherlands,0.0,0.5075324484046124,0.07999999999999999,0.0,-0.17665053354205862,-0.08699999999999997,506.5999999999997,0.0,0.0,2.1400121209640797,0.22,0.0,0.0,0.45,0.45,1.092750750762058,0.59,0.54,1.0,-2.4856594798253715,0.0,1.0,0.0,0.5,0.0,0.2,0,0.333,1,0.0,0.0,0.5837,1.0,0.4972,0.9877,1.0,0.0462,0.0,0.51,0.0,0.0,0.957,0,0.0,0.0,0.0,0.579,0,0.0,0.0,0.978,1862.4,0.0,0,0.0,0.5,0.14999999999999997,-0.15000000000000002,0.538,0,0,-0.27148838073996606,0.03300000000000003,0.09299999999999997,0.0,0.333,98,-5.325944444696934,0.0,0.0,6,0.0,1.5024406235115362,0.0,-0.6368996787352733,0,0.0,0.026999999999999996,0,1.5101552264742346,0.3333333333333333,1,0.0,2.647544569368692,0.3,0.0,0.0,0.6,0.3,0.8212623700220919,0.623,0.633,1.0,-7.811603924522306,0.0,1.0,0.0,0.5,0.0,0.227,0,0.333,3,0.0,246.0,0.7047,1.0,0.4644,0.9905,1.0,0.0346,0.0,1.0,0.0,0.0,0.87,0,0.0,0.0,0.0,0.875,0,0.0,0.0,0.78,1810.8,0.0,0,0.0,0.5,-246.0,0.0,0.121,0.0,-0.032799999999999996,0.0028000000000000247,0.0,-0.0116,0,-3,0,0.0,2,0.49,752.5999999999997,0.0,0.0,0,0.0,0.0,0.0,0.29600000000000004,0,0.5,0.0,0.0,-0.19799999999999995,403.90999999999997,-51.600000000000136,0.0,0,0.0,0.0,90,3,0
Portugal,Netherlands,0.0,-0.8043669488356981,-0.16,0.0,-0.10806307313800045,-0.04399999999999993,157.58999999999958,0.0,0.0,2.2452049677031445,0.26,0.0,0.0,0.5,0.4,1.0871296135912014,0.59,0.54,1.0,17.12294734334504,0.0,0.214,0.0,0.5,0.0,0.2,0,0.333,1,0.0,0.0,0.5837,1.0,0.4972,0.9877,1.0,0.0462,0.0,0.69,0.0,0.0,0.957,0,0.0,0.0,0.0,0.671,0,0.0,0.0,0.978,1896.8,0.0,0,0.0,0.5,0.15000000000000002,-0.050000000000000044,0.507,0,0,-0.191291792598688,0.050000000000000044,0.14,0.0,0.333,3,-29.952415550691512,0.0,0.07199999999999998,1,0.0,-0.407367163013411,0.0,-0.626943832986414,0,0.0,0.03999999999999998,0,-1.4187579444325473,0.6666666666666666,1,0.0,1.4408380188674463,0.1,0.0,0.0,0.65,0.35,0.8958378209925134,0.64,0.68,1.0,-12.829468207346473,0.0,0.286,0.0,0.5,0.0,0.24,0,0.333,2,0.0,96.63,0.5771,1.0,0.6682,0.983,1.0,0.0462,0.0,0.675,0.0,0.0,0.913,0,0.0,0.0,0.0,0.508,0,0.0,0.0,0.833,1788.2,0.0,0,0.0,0.5,-96.63,0.0,-0.00660000000000005,0.0,0.17100000000000004,-0.0047000000000000375,0.0,0.0,0,8,0,0.0,1,-0.014999999999999902,254.21999999999957,0.0,0.0,0,0.0,0.0,0.0,-0.16300000000000003,0,0.5,0.0,0.0,-0.14500000000000002,84.58999999999992,-108.59999999999991,0.0,0,0.0,0.0,90,8,2
Switzerland,England,0.0,-0.45065430067612033,-0.07999999999999999,0.0,0.17665053354205862,0.04300000000000004,-896.5999999999999,0.0,0.0,2.418054752371421,0.3,0.0,0.0,0.6,0.3,1.1393397485223595,0.607,0.587,1.0,-5.97757220145694,0.0,0.214,0.0,0.5,0.0,0.213,0,0.333,3,0.0,246.0,0.7047,1.0,0.4644,0.9905,1.0,0.0346,0.0,0.65,0.0,0.0,0.87,0,0.0,0.0,0.0,0.775,0,0.0,0.0,0.78,1767.8,0.0,0,0.0,0.5,0.0,-0.09999999999999998,0.474,0,0,0.43896262712463807,-0.137,-0.24699999999999994,0.0,0.333,-142,-37.02864692904616,0.0,0.07199999999999998,-9,0.0,-0.8561183074395113,0.0,0.7557950810722558,0,0.0,-0.093,0,-0.9606509206753122,0.06666666666666667,1,0.0,1.9674004516953005,0.22,0.0,0.0,0.6,0.2,1.5783023756469976,0.47,0.34,1.0,-43.0062191305031,0.0,0.286,0.0,0.5,0.0,0.12,0,0.333,2,0.0,0.0,0.6926,1.0,0.3736,0.9875,0.4914,0.0346,0.0,0.445,0.0,0.0,0.913,0,0.0,0.0,0.0,0.508,0,0.0,0.0,0.957,1780.6,0.0,0,0.0,0.5,246.0,0.0,-0.0121,0.0,-0.09079999999999999,-0.0030000000000000027,-0.5085999999999999,0.0,0,-20,0,0.0,-2,-0.20500000000000002,-1142.6,0.0,0.0,0,0.0,0.0,0.0,-0.267,0,0.5,0.0,0.0,0.17699999999999994,-737.0699999999999,12.799999999999955,0.0,0,0.0,0.0,90,-3,1
Curaçao,Haiti,0.0,0.46913670679859765,0.04000000000000001,0.0,-0.011458374491287726,0.30499999999999994,105.86000000000001,0.0,0.0,0.6018828109659295,0.06,0.0,0.0,0.35,0.2,1.376582387190473,0.487,0.387,1.0,-60.690686197006926,0.0,1.0,0.0,0.5,0.0,0.133,0,0.333,8,0.0,0.0,0.3729,0.163,0.5,0.9696,0.1005,0.0808,0.0,0.08,0.0,0.0,0.652,0,0.0,0.0,0.0,0.287,0,0.0,0.0,0.826,1685.4,0.0,0,0.0,0.5,0.20000000000000007,0.04999999999999999,0.579,0,0,-0.5345150064501448,0.136,0.246,0.0,0.333,-20,32.77223305094344,0.0,0.0,-6,0.0,1.4425694086941094,0.0,-0.9453420356507796,0,0.0,0.094,0,0.49037798193787363,0.16666666666666666,1,0.0,1.0710195177645272,0.1,0.0,0.0,0.55,0.25,0.8420673807403282,0.623,0.633,1.0,-27.918453146063484,0.0,1.0,0.0,0.5,0.0,0.227,0,0.333,1,0.0,2.9,0.2613,0.07,0.521,0.9696,0.0467,0.1115,0.0,0.735,0.0,0.0,0.957,0,0.0,0.0,0.0,0.529,0,0.0,0.0,0.975,1656.0,0.0,0,0.0,0.5,-2.9,0.0,-0.11160000000000003,-0.093,0.02100000000000002,0.0,-0.05380000000000001,0.030700000000000005,0,-12,0,0.0,0,0.655,108.76000000000002,0.0,0.0,0,0.0,0.0,0.0,0.24200000000000005,0,0.5,0.0,0.0,0.14900000000000002,92.58000000000001,-29.40000000000009,0.0,0,0.0,0.0,90,-12,2
Haiti,Curaçao,0.0,-0.5357834265593936,-0.08,0.0,0.011458374491287726,-0.30499999999999994,-105.86000000000001,0.0,0.0,1.0538287628309044,0.1,0.0,0.0,0.5,0.3,0.6955809009270144,0.727,0.787,1.0,-11.921156654466172,0.0,0.214,0.0,0.5,0.0,0.293,0,0.333,1,0.0,2.9,0.2613,0.07,0.521,0.9696,0.0467,0.1115,0.0,0.86,0.0,0.0,0.957,0,0.0,0.0,0.0,0.654,0,0.0,0.0,0.975,1616.0,0.0,0,0.0,0.5,-0.15000000000000002,-0.09999999999999998,0.39,0,0,0.6139499583272439,-0.32699999999999996,-0.507,0.0,0.333,20,-50.632550625194554,0.0,0.0,6,0.0,-2.3578505553955953,0.0,1.2717332818277298,0,0.0,-0.21299999999999997,0,-0.7937457401275922,0.5333333333333333,1,0.0,0.5180453362715108,0.02,0.0,0.0,0.35,0.2,1.3095308592542583,0.4,0.28,1.0,-62.55370727966073,0.0,0.214,0.0,0.5,0.0,0.08,0,0.333,8,0.0,0.0,0.3729,0.163,0.5,0.9696,0.1005,0.0808,0.0,0.0,0.0,0.0,0.652,0,0.0,0.0,0.0,0.15,0,0.0,0.0,0.826,1675.2,0.0,0,0.0,0.5,2.9,0.0,0.11160000000000003,0.093,-0.02100000000000002,0.0,0.05380000000000001,-0.030700000000000005,0,12,0,0.0,0,-0.86,-108.76000000000002,0.0,0.0,0,0.0,0.0,0.0,-0.504,0,0.5,0.0,0.0,-0.14900000000000002,-92.58000000000001,59.200000000000045,0.0,0,0.0,0.0,90,12,1
Mexico,Panama,0.0,1.444234155967124,0.18,0.0,0.2787325518232009,0.0,96.05999999999995,0.0,0.0,0.8009021613990613,0.08,0.0,0.0,0.4,0.15,1.9970655347322717,0.47,0.34,1.0,-34.34230167247026,0.0,1.0,0.0,0.5,0.0,0.12,0,0.333,3,0.0,47.03,0.4166,0.0741,0.4333,0.9783,0.0513,0.0577,0.0,0.29,0.0,0.0,0.87,0,0.0,0.0,0.0,0.321,0,0.0,0.0,0.833,1639.6,0.0,0,0.0,0.5,0.0,0.0,0.53,0,0,-0.5193662453138268,0.10299999999999998,0.15299999999999997,0.0,0.333,283,46.72753865147238,0.0,-0.714,46,0.0,1.5901314844920953,0.0,-0.5437578469186077,0,0.0,0.067,0,1.8229456220007048,0.8666666666666667,1,0.0,2.2451363173661854,0.26,0.0,0.0,0.4,0.15,1.4776992894184449,0.573,0.493,1.0,12.385236979002116,0.0,0.286,0.0,0.5,0.0,0.187,0,0.333,3,0.0,4.65,0.4964,0.8192,0.3552,0.9812,0.2426,0.0231,0.0,0.8,0.0,0.0,0.87,0,0.0,0.0,0.0,0.725,0,0.0,0.0,0.93,1750.8,0.0,0,0.0,0.5,42.38,0.0,0.07979999999999998,0.7451000000000001,-0.0781,0.0029000000000000137,0.19130000000000003,-0.034600000000000006,0,35,0,0.0,0,0.51,53.67999999999995,0.0,0.0,0,0.0,0.0,0.0,0.40399999999999997,0,0.5,0.0,0.0,0.09700000000000009,87.50000000000001,111.20000000000005,0.0,0,0.0,0.0,90,36,2
Panama,Mexico,0.0,-1.5435428127889557,-0.16,0.0,-0.2787325518232009,0.0,-96.05999999999995,0.0,0.0,2.372177715016139,0.26,0.0,0.0,0.45,0.15,1.4038612861441524,0.59,0.54,1.0,21.693195939800717,0.0,1.0,0.0,0.5,0.0,0.2,0,0.333,3,0.0,4.65,0.4964,0.8192,0.3552,0.9812,0.2426,0.0231,0.0,0.88,0.0,0.0,0.87,0,0.0,0.0,0.0,0.738,0,0.0,0.0,0.93,1715.8,0.0,0,0.0,0.5,0.0,-0.04999999999999999,0.425,0,0,0.75479992754097,-0.24,-0.4,0.0,0.333,-283,-62.48291951976829,0.0,0.0,-46,0.0,-1.9511917679376358,0.0,1.2297076828652058,0,0.0,-0.16,0,-1.7495456563845244,0.06666666666666667,1,0.0,0.8286349022271834,0.1,0.0,0.0,0.45,0.1,2.1586612136851224,0.35,0.14,1.0,-40.78972357996757,0.0,1.0,0.0,0.5,0.0,0.04,0,0.333,3,0.0,47.03,0.4166,0.0741,0.4333,0.9783,0.0513,0.0577,0.0,0.2,0.0,0.0,0.87,0,0.0,0.0,0.0,0.263,0,0.0,0.0,0.833,1696.2,0.0,0,0.0,0.5,-42.38,0.0,-0.07979999999999998,-0.7451000000000001,0.0781,-0.0029000000000000137,-0.19130000000000003,0.034600000000000006,0,-35,0,0.0,0,-0.6799999999999999,-53.67999999999995,0.0,0.0,0,0.0,0.0,0.0,-0.475,0,0.5,0.0,0.0,-0.09700000000000009,-87.50000000000001,-19.59999999999991,0.0,0,0.0,0.0,90,-36,0
Germany,Spain,0.0,-0.05166465185796776,0.0,0.0,-0.10654307669769736,0.0,-159.12000000000012,0.0,0.0,3.247719102185819,0.3,0.0,0.0,0.65,0.35,0.6154755958563115,0.727,0.787,1.0,-6.126428958452632,0.0,1.0,0.0,0.5,0.0,0.293,0,0.333,2,0.0,0.0,0.7433,1.0,0.7002,0.9915,1.0,0.0231,0.0,0.84,0.0,0.0,0.913,0,0.0,0.0,0.0,0.742,0,0.0,0.0,0.957,1595.2,0.0,0,0.0,0.5,-0.15000000000000002,0.0,0.505,0,0,0.37211154450950346,-0.017000000000000015,-0.04700000000000004,0.0,0.333,-265,19.82320369617721,0.0,0.0,-13,0.0,0.38444694843272176,0.0,0.2519195218904434,0,0.0,-0.012999999999999956,0,-0.13345939640513826,0.26666666666666666,1,0.0,3.196054450327851,0.3,0.0,0.0,0.5,0.35,0.987587140365815,0.71,0.74,1.0,13.696774737724578,0.0,1.0,0.0,0.5,0.0,0.28,0,0.333,2,0.0,80.0,0.7408,1.0,0.3347,0.9877,1.0,0.0462,0.0,0.94,0.0,0.0,0.913,0,0.0,0.0,0.0,0.808,0,0.0,0.0,0.849,1616.8,0.0,0,0.0,0.5,-80.0,0.0,-0.0024999999999999467,0.0,-0.36550000000000005,-0.0038000000000000256,0.0,0.0231,0,-3,0,0.0,0,0.09999999999999998,-79.12000000000012,0.0,0.0,0,0.0,0.0,0.0,0.06600000000000006,0,0.5,0.0,0.0,-0.10799999999999998,-114.38,21.59999999999991,0.0,0,0.0,0.0,90,-1,1
Norway,Austria,0.0,0.2534380202619597,0.06,0.0,-0.010850750536422704,-0.04300000000000004,-279.29000000000013,0.0,0.0,1.6186506345364644,0.12,0.0,0.0,0.3,0.45,0.7909050588928871,0.64,0.68,1.0,-30.474130077181467,0.0,1.0,0.0,0.5,0.0,0.24,0,0.333,2,0.0,36.0,0.4562,0.728,0.4028,0.9833,0.32,0.0462,0.0,0.61,0.0,0.0,0.913,0,0.0,0.0,0.0,0.621,0,0.0,0.0,0.893,1561.2,0.0,0,0.0,0.5,0.2,0.0,0.506,0,0,0.02673336504749879,-0.08699999999999997,-0.1070000000000001,0.0,0.333,110,8.450692675603822,0.0,0.0,15,0.0,0.16108569086555535,0.0,0.086292440711209,0,0.0,-0.05299999999999999,0,0.8571847242637278,1.0,1,0.0,1.8720886547984241,0.18,0.0,0.0,0.5,0.45,0.8176384239403859,0.553,0.573,1.0,-22.023437401577645,0.0,1.0,0.0,0.5,0.0,0.187,0,0.333,3,0.0,21.86,0.5445,1.0,0.3698,0.9935,1.0,0.0231,0.0,0.8,0.0,0.0,0.87,0,0.0,0.0,0.0,0.613,0,0.0,0.0,0.886,1640.0,0.0,0,0.0,0.5,14.14,0.0,0.08829999999999999,0.272,-0.032999999999999974,0.010200000000000098,0.6799999999999999,-0.0231,0,13,0,0.0,0,0.19000000000000006,-293.4300000000001,0.0,0.0,0,0.0,0.0,0.0,-0.008000000000000007,0,0.5,0.0,0.0,-0.007000000000000006,-241.67999999999995,78.79999999999995,0.0,0,0.0,0.0,90,0,0
Sweden,France,0.0,-0.29683767385360604,-0.01999999999999999,0.0,0.19535461053204328,0.08700000000000008,-709.62,0.0,0.0,2.1058014912558045,0.18,0.0,0.0,0.45,0.45,0.6025825056461604,0.727,0.787,1.0,-19.00437800475543,0.0,1.0,0.0,0.5,0.0,0.293,0,0.333,3,0.0,229.78,0.7,1.0,0.512,0.9967,1.0,0.0115,0.0,0.9,0.0,0.0,0.826,0,0.0,0.0,0.0,0.771,0,0.0,0.0,0.758,1470.2,0.0,1,0.043,0.5,-0.10000000000000003,0.04999999999999999,0.515,0,0,-0.07466686635616282,0.08599999999999997,0.10599999999999998,0.0,0.333,-402,55.5879256611384,0.0,0.0,-36,0.0,0.12674445226103837,0.0,-0.29815450772151275,0,0.0,0.05399999999999999,0,-0.23742228582790448,0.4,1,0.0,1.8089638174021985,0.16,0.0,0.0,0.35,0.5,0.5279156392899976,0.813,0.893,1.0,36.58354765638297,0.0,1.0,0.0,0.5,0.0,0.347,0,0.333,2,0.0,0.0,0.5369,0.9304,0.5667,0.9844,0.7194,0.0577,0.0,0.96,0.0,0.0,0.913,0,0.0,0.0,0.0,0.771,0,0.0,0.0,0.957,1628.0,0.0,0,0.0,0.5,229.78,0.0,-0.1630999999999999,-0.0696,0.05469999999999997,-0.012299999999999978,-0.28059999999999996,0.046200000000000005,0,-1,0,0.0,-1,0.05999999999999994,-939.4,0.0,0.0,0,0.0,0.0,0.0,0.0,0,0.5,0.0,0.0,0.19899999999999995,-493.2,157.79999999999995,0.0,0.0,-0.043,0.0,90,-5,0
Portugal,Croatia,0.0,0.6528262459955472,0.09999999999999998,0.0,-0.018466523245816324,0.04300000000000004,506.2499999999998,0.0,0.0,1.9677112861068395,0.2,0.0,0.0,0.8,0.15,1.1535094605815412,0.553,0.573,1.0,-21.091045491067845,0.0,1.0,0.0,0.5,0.0,0.187,0,0.333,3,0.0,28.669999999999998,0.5234,1.0,0.4299,0.9915,0.629,0.0231,0.0,0.86,0.0,0.0,0.87,0,0.0,0.0,0.0,0.692,0,0.0,0.0,0.879,1609.6,0.0,0,0.0,0.5,-0.15000000000000002,0.19999999999999998,0.508,0,0,-0.4400047029185046,0.15699999999999992,0.16700000000000004,0.0,0.333,77,19.309316133880447,0.0,0.0,6,0.0,0.06547902195532185,0.0,-0.3293225336770096,0,0.0,0.09300000000000003,0,1.219751837116346,0.8333333333333334,1,0.0,2.6205375321023867,0.3,0.0,0.0,0.65,0.35,0.7135047576630367,0.71,0.74,1.0,-1.781729357187399,0.0,1.0,0.0,0.5,0.0,0.28,0,0.333,2,0.0,96.63,0.5771,1.0,0.6682,0.983,1.0,0.0462,0.0,0.8,0.0,0.0,0.913,0,0.0,0.0,0.0,0.775,0,0.0,0.0,0.833,1409.4,0.0,0,0.0,0.5,-67.96,0.0,0.05369999999999997,0.0,0.2383,-0.008500000000000063,0.371,0.0231,0,12,0,0.0,1,-0.05999999999999994,574.2099999999998,0.0,0.0,0,0.0,0.0,0.0,0.08300000000000007,0,0.5,0.0,0.0,-0.04600000000000004,376.35999999999996,-200.19999999999982,0.0,0,0.0,0.0,90,9,2
Switzerland,Germany,0.0,-0.8263792508464416,-0.09999999999999998,0.0,0.10654307669769736,0.0,-420.8899999999999,0.0,0.0,2.882863279470042,0.3,0.0,0.0,0.5,0.35,0.9893161527026124,0.623,0.633,1.0,24.33440441986157,0.0,0.214,0.0,0.5,0.0,0.227,0,0.333,2,0.0,80.0,0.7408,1.0,0.3347,0.9877,1.0,0.0462,0.0,0.785,0.0,0.0,0.913,0,0.0,0.0,0.0,0.742,0,0.0,0.0,0.849,1735.2,0.0,0,0.0,0.5,-0.04999999999999999,-0.04999999999999999,0.484,0,0,0.007549865634841946,0.0,0.0,0.0,0.333,6,-55.48896106014229,0.0,0.0,1,0.0,-0.4156149743882187,0.0,0.15791247821653553,0,0.0,0.0,0,-0.9917521886251928,0.26666666666666666,1,0.0,2.0564840286236006,0.2,0.0,0.0,0.45,0.3,0.9968660183374544,0.623,0.633,1.0,-31.154556640280713,0.0,0.214,0.0,0.5,0.0,0.227,0,0.333,2,0.0,0.0,0.6926,1.0,0.3736,0.9875,0.4914,0.0346,0.0,0.57,0.0,0.0,0.913,0,0.0,0.0,0.0,0.625,0,0.0,0.0,0.957,1594.6,0.0,0,0.0,0.5,80.0,0.0,-0.04820000000000002,0.0,0.03889999999999999,-0.00019999999999997797,-0.5085999999999999,-0.0116,0,-26,0,0.0,0,-0.21500000000000008,-500.8899999999999,0.0,0.0,0,0.0,0.0,0.0,-0.11699999999999999,0,0.5,0.0,0.0,0.10799999999999998,-385.97999999999996,-140.60000000000014,0.0,0,0.0,0.0,90,-1,1
Czechia,Scotland,0.0,-0.07186171294785448,-0.06,0.0,0.012697933139026563,0.0,-4.630000000000052,0.0,0.0,1.7865969295394384,0.24,0.0,0.0,0.4,0.25,1.6346251509696035,0.503,0.433,1.0,-29.744220688522304,0.0,0.214,0.0,0.5,0.0,0.147,0,0.333,1,0.0,8.51,0.4355,0.4808,0.4111,0.9792,0.2114,0.0577,0.0,0.745,0.0,0.0,0.957,0,0.0,0.0,0.0,0.646,0,0.0,0.0,0.942,1393.4,0.0,0,0.0,0.5,0.15000000000000002,0.0,0.488,0,0,-0.2609629280629082,-0.07,-0.06,0.0,0.333,-81,41.00269322400492,0.0,0.0,-26,0.0,-0.2164034573239828,0.0,0.08558406515575667,0,0.0,-0.039999999999999994,0,-0.5026339752142517,0.4666666666666667,1,0.0,1.714735216591584,0.18,0.0,0.0,0.55,0.25,1.3736622229066953,0.433,0.373,1.0,11.258472535482616,0.0,0.214,0.0,0.5,0.0,0.107,0,0.333,1,0.0,6.25,0.4928,0.7284,0.4347,0.9957,0.2866,0.0115,0.0,0.63,0.0,0.0,0.957,0,0.0,0.0,0.0,0.575,0,0.0,0.0,0.945,1686.4,0.0,0,0.0,0.5,2.26,0.0,0.05730000000000002,0.24760000000000004,0.023599999999999954,0.01650000000000007,0.07520000000000002,-0.046200000000000005,0,29,0,0.0,0,-0.11499999999999999,-6.890000000000043,0.0,0.0,0,0.0,0.0,0.0,-0.07100000000000006,0,0.5,0.0,0.0,0.0030000000000000027,-3.1099999999999994,293.0,0.0,0,0.0,0.0,90,13,0
Sweden,Portugal,0.0,-1.2775909717717926,-0.15999999999999998,0.0,0.10806307313800045,0.0,-560.7499999999998,0.0,0.0,2.8345805584741863,0.3,0.0,0.0,0.65,0.35,0.7534112597127459,0.71,0.74,1.0,11.910433438491188,0.0,0.214,0.0,0.5,0.0,0.28,0,0.333,2,0.0,96.63,0.5771,1.0,0.6682,0.983,1.0,0.0462,0.0,0.88,0.0,0.0,0.913,0,0.0,0.0,0.0,0.775,0,0.0,0.0,0.833,1531.2,0.0,0,0.0,0.5,-0.30000000000000004,0.15000000000000002,0.492,0,0,-0.16703633711225474,0.10299999999999998,0.15300000000000002,0.0,0.333,-222,21.51560230817698,0.0,0.0,-29,0.0,-0.3881533694938497,0.0,-0.31475853960885436,0,0.0,0.06699999999999995,0,-2.157047266359293,0.3333333333333333,1,0.0,1.5569895867023937,0.14,0.0,0.0,0.35,0.5,0.5863749226004912,0.813,0.893,1.0,33.42603574666817,0.0,0.214,0.0,0.5,0.0,0.347,0,0.333,2,0.0,0.0,0.5369,0.9304,0.5667,0.9844,0.7194,0.0577,0.0,0.65,0.0,0.0,0.913,0,0.0,0.0,0.0,0.725,0,0.0,0.0,0.957,1621.6,0.0,0,0.0,0.5,96.63,0.0,-0.0401999999999999,-0.0696,-0.10150000000000003,0.0014000000000000679,-0.28059999999999996,0.011500000000000003,0,-12,0,0.0,-1,-0.22999999999999998,-657.3799999999998,0.0,0.0,0,0.0,0.0,0.0,-0.050000000000000044,0,0.5,0.0,0.0,0.124,-431.87999999999994,90.39999999999986,0.0,0,0.0,0.0,90,-11,0
France,Croatia,0.0,0.12615364362877246,-0.06,0.0,-0.10575806063985915,-0.04400000000000004,655.12,0.0,0.0,1.8256185202378226,0.2,0.0,0.0,0.8,0.15,1.5645994930858385,0.503,0.433,1.0,-29.715201735610574,0.0,0.214,0.0,0.5,0.0,0.147,0,0.333,3,0.0,28.669999999999998,0.5234,1.0,0.4299,0.9915,0.629,0.0231,0.0,0.59,0.0,0.0,0.87,0,0.0,0.0,0.0,0.621,0,0.0,0.0,0.879,1735.2,0.0,0,0.0,0.5,-0.35000000000000003,0.30000000000000004,0.545,0,0,-1.0459519240219908,0.22399999999999998,0.35400000000000004,0.0,0.333,257,11.88665034827958,0.0,0.0,13,0.0,0.8602911789071317,0.0,-1.3818371868005017,0,0.0,0.146,0,-0.4499259703880436,0.7333333333333333,1,0.0,1.951772163866595,0.14,0.0,0.0,0.45,0.45,0.5186475690638477,0.727,0.787,1.0,-17.828551387330993,0.0,0.214,0.0,0.5,0.0,0.293,0,0.333,3,0.0,229.78,0.7,1.0,0.512,0.9967,1.0,0.0115,0.0,0.94,0.0,0.0,0.826,0,0.0,0.0,0.0,0.746,0,0.0,0.0,0.758,1603.6,0.0,1,0.043,0.5,-201.11,0.0,0.17659999999999998,0.0,0.0821,0.005199999999999982,0.371,-0.0116,0,1,0,0.0,1,0.35,856.23,0.0,0.0,0,0.0,0.0,0.0,0.125,0,0.5,0.0,0.0,-0.121,437.68,-131.60000000000014,0.0,0.0,0.043,0.0,90,3,2
Spain,Switzerland,0.0,0.8697654029250532,0.09999999999999998,0.0,0.0,0.0,580.01,0.0,0.0,1.7836792136001358,0.2,0.0,0.0,0.5,0.3,1.1379869081925926,0.52,0.48,1.0,-31.462413713482093,0.0,0.214,0.0,0.5,0.0,0.16,0,0.333,2,0.0,0.0,0.6926,1.0,0.3736,0.9875,0.4914,0.0346,0.0,0.325,0.0,0.0,0.913,0,0.0,0.0,0.0,0.533,0,0.0,0.0,0.957,1645.8,0.0,0,0.0,0.5,0.050000000000000044,0.15000000000000002,0.555,0,0,-0.6676207052174185,0.2929999999999999,0.41300000000000003,0.0,0.333,259,10.231982447379888,0.0,0.0,12,0.0,0.948551763700725,0.0,-1.157912478216535,0,0.0,0.18699999999999997,0,1.033311337181225,0.16666666666666666,1,0.0,2.653444616525189,0.3,0.0,0.0,0.55,0.45,0.4703662029751742,0.813,0.893,1.0,-21.230431266102205,0.0,0.214,0.0,0.5,0.0,0.347,0,0.333,2,0.0,0.0,0.7433,1.0,0.7002,0.9915,1.0,0.0231,0.0,0.725,0.0,0.0,0.913,0,0.0,0.0,0.0,0.742,0,0.0,0.0,0.957,1698.2,0.0,0,0.0,0.5,0.0,0.0,0.05069999999999997,0.0,0.32660000000000006,0.0040000000000000036,0.5085999999999999,-0.0115,0,29,0,0.0,0,0.39999999999999997,580.01,0.0,0.0,0,0.0,0.0,0.0,0.20899999999999996,0,0.5,0.0,0.0,0.0,500.35999999999996,52.40000000000009,0.0,0,0.0,0.0,90,2,2
Bosnia and Herzegovina,Netherlands,0.0,-0.17595258773840072,0.0,0.0,-0.052425467407781756,0.0,-564.9700000000003,0.0,0.0,1.6989768748803686,0.12,0.0,0.0,0.5,0.35,0.7434641058022395,0.727,0.787,1.0,-24.114707930433593,0.0,0.286,0.0,0.5,0.0,0.293,0,0.333,1,0.0,0.0,0.5837,1.0,0.4972,0.9877,1.0,0.0462,0.0,0.36,0.0,0.0,0.957,0,0.0,0.0,0.0,0.533,0,0.0,0.0,0.978,1686.8,0.0,0,0.0,0.5,0.050000000000000044,-0.04999999999999999,0.48,0,0,0.6698405379149166,-0.22399999999999998,-0.35400000000000004,0.0,0.333,-381,4.087449114505571,0.0,-0.07199999999999998,-77,0.0,-0.2265344702161859,0.0,0.813559500064879,0,0.0,-0.146,0,0.2067874682845161,0.5,1,0.0,1.523024287141968,0.12,0.0,0.0,0.55,0.3,1.4133046437171561,0.503,0.433,1.0,-20.027258815928022,0.0,0.214,0.0,0.5,0.0,0.147,0,0.333,1,0.0,4.15,0.4804,0.5705,0.3375,0.9656,0.2522,0.0808,0.0,0.395,0.0,0.0,0.957,0,0.0,0.0,0.0,0.404,0,0.0,0.0,0.947,1577.0,0.0,0,0.0,0.5,-4.15,0.0,-0.1033,-0.4295,-0.15969999999999995,-0.02210000000000001,-0.7478,0.0346,0,-34,0,0.0,0,0.03500000000000003,-560.8200000000003,0.0,0.0,0,0.0,0.0,0.0,-0.129,0,0.5,0.0,0.0,-0.031000000000000028,-479.87,-109.79999999999995,0.0,0,0.0,0.0,90,-20,1
England,Belgium,0.0,-0.6340348178333004,0.0,0.0,-0.17665053354205862,-0.04300000000000004,606.5799999999998,0.0,0.0,3.4854399589818956,0.3,0.0,0.0,0.4,0.6,0.6039424964221091,0.553,0.573,1.0,31.493231496142208,0.0,0.214,0.0,0.5,0.0,0.187,0,0.333,2,0.0,0.0,0.5694,1.0,0.3031,0.9754,0.6806,0.0462,0.0,0.825,0.0,0.0,0.913,0,0.0,0.0,0.0,0.808,0,0.0,0.0,0.957,1658.8,0.0,0,0.0,0.5,-0.050000000000000044,0.0,0.527,0,0,-0.11615363665147721,0.347,0.42700000000000005,0.0,0.333,172,-49.267873472403814,0.0,0.0,12,0.0,0.1039628894227671,0.0,-0.8077765257836391,0,0.0,0.21300000000000002,0,-0.7208122249179034,0.3333333333333333,1,0.0,2.8514051411485952,0.3,0.0,0.0,0.35,0.6,0.48778885977063186,0.9,1.0,1.0,-17.774641976261606,0.0,0.214,0.0,0.5,0.0,0.4,0,0.333,3,0.0,246.0,0.7047,1.0,0.4644,0.9905,1.0,0.0346,0.0,0.875,0.0,0.0,0.87,0,0.0,0.0,0.0,0.808,0,0.0,0.0,0.78,1647.8,0.0,0,0.0,0.5,-246.0,0.0,0.13529999999999998,0.0,0.1613,0.015100000000000002,0.3194,-0.0116,0,8,0,0.0,2,0.050000000000000044,852.5799999999998,0.0,0.0,0,0.0,0.0,0.0,0.0,0,0.5,0.0,0.0,-0.17699999999999994,472.86,-11.0,0.0,0,0.0,0.0,90,5,2
Croatia,Sweden,0.0,0.43675152937893036,0.12000000000000001,0.0,-0.08959654989218413,-0.04300000000000004,54.5,0.0,0.0,1.4340634930638085,0.08,0.0,0.0,0.35,0.45,0.8144853572114447,0.623,0.633,1.0,39.61533424772981,0.0,0.214,0.0,0.5,0.0,0.227,0,0.333,2,0.0,0.0,0.5369,0.9304,0.5667,0.9844,0.7194,0.0577,0.0,0.55,0.0,0.0,0.913,0,0.0,0.0,0.0,0.55,0,0.0,0.0,0.957,1770.8,0.0,0,0.0,0.5,0.45000000000000007,-0.30000000000000004,0.473,0,0,0.960399715874586,-0.256,-0.446,0.0,0.333,145,-52.50088957498354,0.0,0.07199999999999998,23,0.0,0.0,0.0,1.332465503721338,0,0.0,-0.17400000000000002,0,1.0768698033744575,0.75,1,0.0,1.870815022442739,0.2,0.0,0.0,0.8,0.15,1.7748850730860306,0.367,0.187,1.0,-12.885555327253728,0.0,0.286,0.0,0.5,0.0,0.053,0,0.333,3,0.0,28.669999999999998,0.5234,1.0,0.4299,0.9915,0.629,0.0231,0.0,0.55,0.0,0.0,0.87,0,0.0,0.0,0.0,0.537,0,0.0,0.0,0.879,1866.0,0.0,0,0.0,0.5,-28.669999999999998,0.0,-0.013500000000000068,0.0696,-0.13679999999999998,0.007099999999999995,-0.09040000000000004,-0.034600000000000006,0,0,0,0.0,0,0.0,83.17000000000002,0.0,0.0,0,0.0,0.0,0.0,-0.013000000000000012,0,0.5,0.0,0.0,-0.07799999999999996,55.51999999999998,95.20000000000005,0.0,0,0.0,0.0,90,2,2
France,Portugal,0.0,0.5837346355243995,0.019999999999999962,0.0,-0.08729153739404283,-0.08700000000000008,148.87000000000023,0.0,0.0,2.3386718418579697,0.28,0.0,0.0,0.55,0.45,0.5372624764258582,0.813,0.893,1.0,18.43714194076339,0.0,0.286,0.0,0.5,0.0,0.347,0,0.333,2,0.0,96.63,0.5771,1.0,0.6682,0.983,1.0,0.0462,0.0,0.825,0.0,0.0,0.913,0,0.0,0.0,0.0,0.808,0,0.0,0.0,0.833,1691.2,0.0,0,0.0,0.5,-0.10000000000000003,0.0,0.493,0,0,0.2187343253196562,-0.18999999999999995,-0.26,0.0,0.333,180,-15.277606534403937,0.0,0.0,7,0.0,0.5735274526047545,0.0,0.6929560633538444,0,0.0,-0.11999999999999997,0,1.3848352323061777,0.8,1,0.0,2.9224064773823692,0.3,0.0,0.0,0.45,0.45,0.7559968017455144,0.623,0.633,1.0,3.159535406359453,0.0,0.286,0.0,0.5,0.0,0.227,0,0.333,3,0.0,229.78,0.7,1.0,0.512,0.9967,1.0,0.0115,0.0,1.0,0.0,0.0,0.826,0,0.0,0.0,0.0,0.875,0,0.0,0.0,0.758,1647.4,0.0,1,0.043,0.5,-133.15,0.0,0.12290000000000001,0.0,-0.1562,0.013700000000000045,0.0,-0.034699999999999995,0,-11,0,0.0,0,0.17500000000000004,282.0200000000002,0.0,0.0,0,0.0,0.0,0.0,0.06699999999999995,0,0.5,0.0,0.0,-0.07499999999999996,61.32000000000005,-43.799999999999955,0.0,0.0,0.043,0.0,90,-6,1
Germany,Switzerland,0.0,1.070696269152891,0.08000000000000002,0.0,-0.10654307669769736,0.0,420.8899999999999,0.0,0.0,1.535226926529211,0.18,0.0,0.0,0.5,0.3,1.1187664325235966,0.433,0.373,1.0,-39.01183411040934,0.0,0.214,0.0,0.5,0.0,0.107,0,0.333,2,0.0,0.0,0.6926,1.0,0.3736,0.9875,0.4914,0.0346,0.0,0.18,0.0,0.0,0.913,0,0.0,0.0,0.0,0.408,0,0.0,0.0,0.957,1750.8,0.0,0,0.0,0.5,0.09999999999999998,0.04999999999999999,0.54,0,0,0.1194658690764332,0.0,0.0,0.0,0.333,-6,53.38335136411985,0.0,0.0,-1,0.0,1.2524527303025514,0.0,0.07740301178656606,0,0.0,0.0,0,1.0430920157867416,0.6666666666666666,1,0.0,2.605923195682102,0.26,0.0,0.0,0.6,0.35,1.2382323016000298,0.433,0.373,1.0,14.371517253710506,0.0,0.214,0.0,0.5,0.0,0.107,0,0.333,2,0.0,80.0,0.7408,1.0,0.3347,0.9877,1.0,0.0462,0.0,0.715,0.0,0.0,0.913,0,0.0,0.0,0.0,0.625,0,0.0,0.0,0.849,1848.6,0.0,0,0.0,0.5,-80.0,0.0,0.04820000000000002,0.0,-0.03889999999999999,0.00019999999999997797,0.5085999999999999,0.0116,0,26,0,0.0,0,0.5349999999999999,500.8899999999999,0.0,0.0,0,0.0,0.0,0.0,0.21700000000000003,0,0.5,0.0,0.0,-0.10799999999999998,385.97999999999996,97.79999999999995,0.0,0,0.0,0.0,90,1,1
Portugal,Sweden,0.0,0.6320132951820081,0.08,0.0,-0.10806307313800045,0.0,560.7499999999998,0.0,0.0,1.3736019107549426,0.08,0.0,0.0,0.35,0.45,0.9869163933740728,0.52,0.48,1.0,28.16030228630724,0.0,0.214,0.0,0.5,0.0,0.16,0,0.333,2,0.0,0.0,0.5369,0.9304,0.5667,0.9844,0.7194,0.0577,0.0,0.33,0.0,0.0,0.913,0,0.0,0.0,0.0,0.425,0,0.0,0.0,0.957,1896.2,0.0,0,0.0,0.5,0.15000000000000002,0.04999999999999999,0.553,0,0,-0.5390868996622281,0.2929999999999999,0.41300000000000003,0.0,0.333,222,-14.874634899634279,0.0,0.0,29,0.0,0.8660073951827538,0.0,-1.1927566826284688,0,0.0,0.18699999999999997,0,0.3864869862519079,0.6666666666666666,1,0.0,2.0056152059369508,0.16,0.0,0.0,0.5,0.5,0.44782949371184466,0.813,0.893,1.0,13.28566738667296,0.0,0.214,0.0,0.5,0.0,0.347,0,0.333,2,0.0,96.63,0.5771,1.0,0.6682,0.983,1.0,0.0462,0.0,0.7,0.0,0.0,0.913,0,0.0,0.0,0.0,0.704,0,0.0,0.0,0.833,1864.4,0.0,0,0.0,0.5,-96.63,0.0,0.0401999999999999,0.0696,0.10150000000000003,-0.0014000000000000679,0.28059999999999996,-0.011500000000000003,0,12,0,0.0,1,0.36999999999999994,657.3799999999998,0.0,0.0,0,0.0,0.0,0.0,0.27899999999999997,0,0.5,0.0,0.0,-0.124,431.87999999999994,-31.799999999999955,0.0,0,0.0,0.0,90,11,2
Croatia,France,0.0,-0.6265291060570879,-0.10000000000000003,0.0,0.10575806063985915,0.04400000000000004,-655.12,0.0,0.0,2.515338565439261,0.28,0.0,0.0,0.45,0.45,0.6506924774141974,0.71,0.74,1.0,-1.6450688718580713,0.0,0.214,0.0,0.5,0.0,0.28,0,0.333,3,0.0,229.78,0.7,1.0,0.512,0.9967,1.0,0.0115,0.0,0.825,0.0,0.0,0.826,0,0.0,0.0,0.0,0.808,0,0.0,0.0,0.758,1788.2,0.0,1,0.043,0.5,0.35000000000000003,-0.30000000000000004,0.458,0,0,0.9943623780310064,-0.34299999999999997,-0.5529999999999999,0.0,0.333,-257,11.119648278473289,0.0,0.0,-13,0.0,-0.47528077945760927,0.0,1.4295790020386487,0,0.0,-0.22700000000000004,0,-0.9848309037829341,0.13333333333333333,1,0.0,1.8888094593821732,0.18,0.0,0.0,0.8,0.15,1.6450548554452038,0.367,0.187,1.0,9.474579406615218,0.0,0.214,0.0,0.5,0.0,0.053,0,0.333,3,0.0,28.669999999999998,0.5234,1.0,0.4299,0.9915,0.629,0.0231,0.0,0.68,0.0,0.0,0.87,0,0.0,0.0,0.0,0.525,0,0.0,0.0,0.879,1880.6,0.0,0,0.0,0.5,201.11,0.0,-0.17659999999999998,0.0,-0.0821,-0.005199999999999982,-0.371,0.0116,0,-1,0,0.0,-1,-0.1449999999999999,-856.23,0.0,0.0,0,0.0,0.0,0.0,-0.28300000000000003,0,0.5,0.0,0.0,0.121,-437.68,92.39999999999986,0.0,0.0,-0.043,0.0,90,-3,0
Scotland,Czechia,0.0,-0.22099696715353345,-0.01999999999999999,0.0,-0.012697933139026563,0.0,4.630000000000052,0.0,0.0,1.718558644853995,0.16,0.0,0.0,0.65,0.2,1.3353075179500695,0.45,0.42,1.0,7.306603240898999,0.0,0.214,0.0,0.5,0.0,0.12,0,0.333,1,0.0,6.25,0.4928,0.7284,0.4347,0.9957,0.2866,0.0115,0.0,0.72,0.0,0.0,0.957,0,0.0,0.0,0.0,0.575,0,0.0,0.0,0.945,1546.0,0.0,0,0.0,0.5,-0.2,0.09999999999999998,0.523,0,0,-0.2042894368431012,0.19,0.26000000000000006,0.0,0.333,81,-21.412470572251937,0.0,0.0,26,0.0,0.17890106411576578,0.0,-0.7137694821097313,0,0.0,0.12,0,-0.49230961061933254,0.6666666666666666,1,0.0,1.4975616777004614,0.14,0.0,0.0,0.45,0.3,1.1310180811069683,0.64,0.68,1.0,-14.105867331352938,0.0,0.214,0.0,0.5,0.0,0.24,0,0.333,1,0.0,8.51,0.4355,0.4808,0.4111,0.9792,0.2114,0.0577,0.0,0.815,0.0,0.0,0.957,0,0.0,0.0,0.0,0.667,0,0.0,0.0,0.942,1583.4,0.0,0,0.0,0.5,-2.26,0.0,-0.05730000000000002,-0.24760000000000004,-0.023599999999999954,-0.01650000000000007,-0.07520000000000002,0.046200000000000005,0,-28,0,0.0,0,0.09499999999999997,6.890000000000043,0.0,0.0,0,0.0,0.0,0.0,0.09200000000000008,0,0.5,0.0,0.0,-0.0030000000000000027,3.1099999999999994,37.40000000000009,0.0,0,0.0,0.0,90,-13,2
Portugal,France,0.0,0.7882714037772889,-0.020000000000000018,0.0,0.08729153739404283,0.08700000000000008,-148.87000000000023,0.0,0.0,2.088591546765726,0.26,0.0,0.0,0.4,0.45,0.8805186462221889,0.52,0.48,1.0,-18.544429046475216,0.0,0.214,0.0,0.5,0.0,0.16,0,0.333,3,0.0,229.78,0.7,1.0,0.512,0.9967,1.0,0.0115,0.0,0.55,0.0,0.0,0.826,0,0.0,0.0,0.0,0.671,0,0.0,0.0,0.758,1787.2,0.0,1,0.043,0.5,0.04999999999999999,0.10000000000000003,0.557,0,0,-0.5550401047761244,0.38,0.52,0.0,0.333,-180,31.310546399862517,0.0,0.0,-7,0.0,0.5455326392982773,0.0,-1.2233915001718576,0,0.0,0.24000000000000002,0,0.8827709809049602,0.26666666666666666,1,0.0,2.876862950543015,0.24,0.0,0.0,0.45,0.55,0.3254785414460644,0.9,1.0,1.0,12.7661173533873,0.0,0.214,0.0,0.5,0.0,0.4,0,0.333,2,0.0,96.63,0.5771,1.0,0.6682,0.983,1.0,0.0462,0.0,0.84,0.0,0.0,0.913,0,0.0,0.0,0.0,0.742,0,0.0,0.0,0.833,1772.8,0.0,0,0.0,0.5,133.15,0.0,-0.12290000000000001,0.0,0.1562,-0.013700000000000045,0.0,0.034699999999999995,0,11,0,0.0,0,0.2899999999999999,-282.0200000000002,0.0,0.0,0,0.0,0.0,0.0,0.07099999999999995,0,0.5,0.0,0.0,0.07499999999999996,-61.32000000000005,-14.400000000000091,0.0,0.0,-0.043,0.0,90,6,0
Sweden,Croatia,0.0,-0.9622141861327475,-0.14,0.0,0.08959654989218413,0.04300000000000004,-54.5,0.0,0.0,1.958925197147122,0.2,0.0,0.0,0.85,0.15,1.8607289926279251,0.367,0.187,1.0,9.48994098224539,0.0,0.214,0.0,0.5,0.0,0.053,0,0.333,3,0.0,28.669999999999998,0.5234,1.0,0.4299,0.9915,0.629,0.0231,0.0,0.495,0.0,0.0,0.87,0,0.0,0.0,0.0,0.471,0,0.0,0.0,0.879,1956.6,0.0,0,0.0,0.5,-0.5,0.19999999999999998,0.477,0,0,-0.4579083048022343,0.016000000000000014,0.04600000000000001,0.0,0.333,-145,-2.672145232549193,0.0,0.0,-23,0.0,-0.8634341489514596,0.0,-0.11746046666670562,0,0.0,0.014000000000000005,0,-1.5449994308861683,0.2,1,0.0,0.9967110110143745,0.06,0.0,0.0,0.35,0.35,1.4028206878256908,0.383,0.233,1.0,6.817795749696197,0.0,0.214,0.0,0.5,0.0,0.067,0,0.333,2,0.0,0.0,0.5369,0.9304,0.5667,0.9844,0.7194,0.0577,0.0,0.12,0.0,0.0,0.913,0,0.0,0.0,0.0,0.263,0,0.0,0.0,0.957,1887.2,0.0,0,0.0,0.5,28.669999999999998,0.0,0.013500000000000068,-0.0696,0.13679999999999998,-0.007099999999999995,0.09040000000000004,0.034600000000000006,0,0,0,0.0,0,-0.375,-83.17000000000002,0.0,0.0,0,0.0,0.0,0.0,-0.20799999999999996,0,0.5,0.0,0.0,0.07799999999999996,-55.51999999999998,-69.39999999999986,0.0,0,0.0,0.0,90,-2,2
Switzerland,Spain,0.0,-0.26059959975061897,0.0,0.0,0.0,0.0,-580.01,0.0,0.0,1.8853381514374827,0.12,0.0,0.0,0.5,0.45,0.5609920989582032,0.727,0.787,1.0,-44.131231775404146,0.0,0.214,0.0,0.5,0.0,0.293,0,0.333,2,0.0,0.0,0.7433,1.0,0.7002,0.9915,1.0,0.0231,0.0,0.515,0.0,0.0,0.913,0,0.0,0.0,0.0,0.567,0,0.0,0.0,0.957,1857.4,0.0,0,0.0,0.5,0.09999999999999998,-0.2,0.443,0,0,0.9322071976761671,-0.32699999999999996,-0.507,0.0,0.333,-259,-0.4789675296451179,0.0,0.0,-12,0.0,-1.0437336333365763,0.0,1.3921615513954209,0,0.0,-0.21299999999999997,0,0.2829488961035218,0.4444444444444444,1,0.0,1.6247385516868638,0.12,0.0,0.0,0.6,0.25,1.4931992966343703,0.4,0.28,1.0,-44.610199305049264,0.0,0.214,0.0,0.5,0.0,0.08,0,0.333,2,0.0,0.0,0.6926,1.0,0.3736,0.9875,0.4914,0.0346,0.0,0.165,0.0,0.0,0.913,0,0.0,0.0,0.0,0.279,0,0.0,0.0,0.957,1951.4,0.0,0,0.0,0.5,0.0,0.0,-0.05069999999999997,0.0,-0.32660000000000006,-0.0040000000000000036,-0.5085999999999999,0.0115,0,-29,0,0.0,0,-0.35,-580.01,0.0,0.0,0,0.0,0.0,0.0,-0.2879999999999999,0,0.5,0.0,0.0,0.0,-500.35999999999996,94.0,0.0,0,0.0,0.0,90,-2,1
Belgium,England,0.0,0.35717910616556425,0.06,0.0,0.17665053354205862,0.04300000000000004,-606.5799999999998,0.0,0.0,2.461520727526301,0.16,0.0,0.0,0.35,0.6,0.5224193110468094,0.727,0.787,1.0,-24.62417163967742,0.0,0.214,0.0,0.5,0.0,0.293,0,0.333,3,0.0,246.0,0.7047,1.0,0.4644,0.9905,1.0,0.0346,0.0,0.71,0.0,0.0,0.87,0,0.0,0.0,0.0,0.658,0,0.0,0.0,0.78,1793.0,0.0,0,0.0,0.5,0.20000000000000007,-0.14999999999999997,0.484,0,0,0.35262678499480815,-0.27699999999999997,-0.36700000000000005,0.0,0.333,-172,51.177202778544725,0.0,0.07199999999999998,-12,0.0,0.07062037868672677,0.0,0.7652177184090065,0,0.0,-0.173,0,0.3200750634836018,0.5,1,0.0,2.8186998336918654,0.22,0.0,0.0,0.55,0.45,0.8750460960416175,0.45,0.42,1.0,26.553031138867308,0.0,0.286,0.0,0.5,0.0,0.12,0,0.333,2,0.0,0.0,0.5694,1.0,0.3031,0.9754,0.6806,0.0462,0.0,0.74,0.0,0.0,0.913,0,0.0,0.0,0.0,0.646,0,0.0,0.0,0.957,1775.0,0.0,0,0.0,0.5,246.0,0.0,-0.13529999999999998,0.0,-0.1613,-0.015100000000000002,-0.3194,0.0116,0,-8,0,0.0,-2,0.030000000000000027,-852.5799999999998,0.0,0.0,0,0.0,0.0,0.0,-0.01200000000000001,0,0.5,0.0,0.0,0.17699999999999994,-472.86,-18.0,0.0,0,0.0,0.0,90,-5,2
Netherlands,Bosnia and Herzegovina,0.0,0.39576754353496413,0.0,0.0,0.052425467407781756,0.0,564.9700000000003,0.0,0.0,0.9350412973677089,0.04,0.0,0.0,0.45,0.3,1.5611694461828154,0.487,0.387,1.0,-3.2442883659474075,0.0,0.214,0.0,0.5,0.0,0.133,0,0.333,1,0.0,4.15,0.4804,0.5705,0.3375,0.9656,0.2522,0.0808,0.0,0.16,0.0,0.0,0.957,0,0.0,0.0,0.0,0.242,0,0.0,0.0,0.947,1761.2,0.0,0,0.0,0.5,0.0,0.10000000000000003,0.531,0,0,-0.840639041414979,0.06600000000000006,0.18599999999999994,0.0,0.333,381,-25.75349099488813,0.0,0.07199999999999998,77,0.0,0.3641667380889434,0.0,-0.8851795375702054,0,0.0,0.05399999999999999,0,0.2353154900031018,0.3333333333333333,1,0.0,1.330808840902673,0.04,0.0,0.0,0.45,0.4,0.7205304047678364,0.553,0.573,1.0,-28.997779360835537,0.0,0.286,0.0,0.5,0.0,0.187,0,0.333,1,0.0,0.0,0.5837,1.0,0.4972,0.9877,1.0,0.0462,0.0,0.4,0.0,0.0,0.957,0,0.0,0.0,0.0,0.325,0,0.0,0.0,0.978,1881.0,0.0,0,0.0,0.5,4.15,0.0,0.1033,0.4295,0.15969999999999995,0.02210000000000001,0.7478,-0.0346,0,34,0,0.0,0,0.24000000000000002,560.8200000000003,0.0,0.0,0,0.0,0.0,0.0,0.08300000000000002,0,0.5,0.0,0.0,0.031000000000000028,479.87,119.79999999999995,0.0,0,0.0,0.0,90,20,2
Spain,Germany,0.0,-0.8006566703125311,-0.18,0.0,0.10654307669769736,0.0,159.12000000000012,0.0,0.0,2.5407793713155313,0.24,0.0,0.0,0.65,0.35,1.2337358386843966,0.487,0.387,1.0,24.437277085208628,0.0,0.214,0.0,0.5,0.0,0.133,0,0.333,2,0.0,80.0,0.7408,1.0,0.3347,0.9877,1.0,0.0462,0.0,0.86,0.0,0.0,0.913,0,0.0,0.0,0.0,0.667,0,0.0,0.0,0.849,1777.6,0.0,0,0.0,0.5,-0.15000000000000002,0.10000000000000003,0.488,0,0,-0.6115934408246936,0.15300000000000002,0.29300000000000004,0.0,0.333,265,-69.21177311436853,0.0,0.0,13,0.0,-1.235315490003102,0.0,-0.6935976809036799,0,0.0,0.10699999999999998,0,-1.694130889315788,0.5333333333333333,1,0.0,1.7401227010030003,0.06,0.0,0.0,0.5,0.45,0.622142397859703,0.64,0.68,1.0,-44.7744960291599,0.0,0.214,0.0,0.5,0.0,0.24,0,0.333,2,0.0,0.0,0.7433,1.0,0.7002,0.9915,1.0,0.0231,0.0,0.46,0.0,0.0,0.913,0,0.0,0.0,0.0,0.45,0,0.0,0.0,0.957,1894.8,0.0,0,0.0,0.5,80.0,0.0,0.0024999999999999467,0.0,0.36550000000000005,0.0038000000000000256,0.0,-0.0231,0,3,0,0.0,0,-0.39999999999999997,79.12000000000012,0.0,0.0,0,0.0,0.0,0.0,-0.21700000000000003,0,0.5,0.0,0.0,0.10799999999999998,114.38,117.20000000000005,0.0,0,0.0,0.0,90,1,2
France,Sweden,0.0,0.778603355076855,0.1,0.0,-0.19535461053204328,-0.08700000000000008,709.62,0.0,0.0,1.1510577697024111,0.1,0.0,0.0,0.4,0.35,1.3467109790806002,0.4,0.28,1.0,14.290730711348,0.0,0.214,0.0,0.5,0.0,0.08,0,0.333,2,0.0,0.0,0.5369,0.9304,0.5667,0.9844,0.7194,0.0577,0.0,0.43,0.0,0.0,0.913,0,0.0,0.0,0.0,0.4,0,0.0,0.0,0.957,1871.8,0.0,0,0.0,0.5,-0.050000000000000044,0.15000000000000002,0.536,0,0,-0.596139859477054,0.22299999999999998,0.353,0.0,0.333,402,-28.220755394976834,0.0,0.0,36,0.0,0.7340496924535094,0.0,-0.9859692143439528,0,0.0,0.14700000000000002,0,0.584560192755125,0.6,1,0.0,1.929661124779266,0.2,0.0,0.0,0.35,0.5,0.7505711196035463,0.623,0.633,1.0,-13.930024683628831,0.0,0.214,0.0,0.5,0.0,0.227,0,0.333,3,0.0,229.78,0.7,1.0,0.512,0.9967,1.0,0.0115,0.0,0.69,0.0,0.0,0.826,0,0.0,0.0,0.0,0.658,0,0.0,0.0,0.758,1802.6,0.0,1,0.043,0.5,-229.78,0.0,0.1630999999999999,0.0696,-0.05469999999999997,0.012299999999999978,0.28059999999999996,-0.046200000000000005,0,1,0,0.0,1,0.25999999999999995,939.4,0.0,0.0,0,0.0,0.0,0.0,0.258,0,0.5,0.0,0.0,-0.19899999999999995,493.2,-69.20000000000005,0.0,0.0,0.043,0.0,90,5,2
Croatia,Portugal,0.0,-0.6215911122710591,-0.020000000000000018,0.0,0.018466523245816324,-0.04300000000000004,-506.2499999999998,0.0,0.0,2.4542439808414436,0.2,0.0,0.0,0.4,0.55,0.4121356977618782,0.813,0.893,1.0,6.827583307555944,0.0,0.214,0.0,0.5,0.0,0.347,0,0.333,2,0.0,96.63,0.5771,1.0,0.6682,0.983,1.0,0.0462,0.0,0.55,0.0,0.0,0.913,0,0.0,0.0,0.0,0.629,0,0.0,0.0,0.833,1853.2,0.0,0,0.0,0.5,0.5,-0.45000000000000007,0.444,0,0,1.4825892404899947,-0.4129999999999999,-0.613,0.0,0.333,-77,-16.36807973009763,0.0,0.0,-6,0.0,-0.4737739500505318,0.0,1.6617880373983478,0,0.0,-0.26699999999999996,0,-0.46435131271378105,0.06666666666666667,1,0.0,1.8326528685703845,0.18,0.0,0.0,0.9,0.1,1.894724938251873,0.4,0.28,1.0,-9.540496422541686,0.0,0.214,0.0,0.5,0.0,0.08,0,0.333,3,0.0,28.669999999999998,0.5234,1.0,0.4299,0.9915,0.629,0.0231,0.0,0.325,0.0,0.0,0.87,0,0.0,0.0,0.0,0.483,0,0.0,0.0,0.879,1876.2,0.0,0,0.0,0.5,67.96,0.0,-0.05369999999999997,0.0,-0.2383,0.008500000000000063,-0.371,-0.0231,0,-12,0,0.0,-1,-0.22500000000000003,-574.2099999999998,0.0,0.0,0,0.0,0.0,0.0,-0.14600000000000002,0,0.5,0.0,0.0,0.04600000000000004,-376.35999999999996,23.0,0.0,0,0.0,0.0,90,-9,0
Austria,Norway,0.0,-0.019595807259560116,-0.04000000000000001,0.0,0.010850750536422704,0.04300000000000004,279.29000000000013,0.0,0.0,1.8369336890790564,0.22,0.0,0.0,0.55,0.4,1.1580244195495473,0.59,0.54,1.0,-39.51181907802835,0.0,0.214,0.0,0.5,0.0,0.2,0,0.333,3,0.0,21.86,0.5445,1.0,0.3698,0.9935,1.0,0.0231,0.0,0.53,0.0,0.0,0.87,0,0.0,0.0,0.0,0.613,0,0.0,0.0,0.886,1627.2,0.0,0,0.0,0.5,-0.10000000000000003,0.0,0.552,0,0,-0.41113171064954934,0.137,0.247,0.0,0.333,-110,46.65925434668598,0.0,0.0,-15,0.0,1.3324289883204128,0.0,-0.8882859922136086,0,0.0,0.09299999999999997,0,0.0798678488801341,0.5,1,0.0,1.8173378818194963,0.18,0.0,0.0,0.45,0.4,0.7468927088999979,0.727,0.787,1.0,7.147435268657625,0.0,0.214,0.0,0.5,0.0,0.293,0,0.333,2,0.0,36.0,0.4562,0.728,0.4028,0.9833,0.32,0.0462,0.0,1.0,0.0,0.0,0.913,0,0.0,0.0,0.0,0.838,0,0.0,0.0,0.893,1579.2,0.0,0,0.0,0.5,-14.14,0.0,-0.08829999999999999,-0.272,0.032999999999999974,-0.010200000000000098,-0.6799999999999999,0.0231,0,-14,0,0.0,0,0.47,293.4300000000001,0.0,0.0,0,0.0,0.0,0.0,0.22499999999999998,0,0.5,0.0,0.0,0.007000000000000006,241.67999999999995,-48.0,0.0,0,0.0,0.0,90,0,1
England,Croatia,0.0,0.7463329973630402,0.12,0.0,-0.08705398364987449,0.0,855.2599999999999,0.0,0.0,1.3737652478498121,0.1,0.0,0.0,0.7,0.2,1.2852491406297328,0.64,0.68,1.0,-53.6087693515981,0.34,0.5,0.0,0.5,0.0,0.24,0,0.333,3,0.0,28.669999999999998,0.5234,1.0,0.4299,0.9915,0.629,0.0231,0.697,0.445,0.673,0.0,0.87,0,49.3,0.8,0.0,0.508,0,0.0,0.0,0.879,1501.8,0.0,0,0.0,0.5,-0.49999999999999994,0.49999999999999994,0.56,0,0,-0.9143649264589157,0.17299999999999993,0.21299999999999997,0.0,0.333,172,42.00327762949547,0.36699999999999994,0.0,11,0.0,1.7164094863466428,0.0,-0.45817378176285106,0,0.0,0.10699999999999998,0,0.8961757623196509,0.6666666666666666,1,0.0,2.1200982452128523,0.22,0.0,0.0,0.2,0.7,0.3708842141708172,0.813,0.893,1.0,-11.60549172210263,0.707,0.5,0.0,0.5,0.0,0.347,0,0.333,3,0.0,246.0,0.7047,1.0,0.4644,0.9905,1.0,0.0346,0.691,1.0,0.663,0.0,0.87,0,50.7,1.0,0.0,0.875,0,0.0,0.0,0.78,1533.2,0.0,0,0.0,0.5,-217.33,0.0,0.18130000000000002,0.0,0.034499999999999975,-0.0010000000000000009,0.371,0.0115,0,1,0,-0.006000000000000005,2,0.5549999999999999,1072.59,-0.010000000000000009,0.0,0,1.4000000000000057,0.19999999999999996,0.0,0.367,0,0.5,0.0,0.0,-0.09899999999999998,695.6800000000001,31.40000000000009,0.0,0,0.0,0.0,90,4,2
Scotland,Czechia,0.0,-0.11662311733137631,0.0,0.0,-0.012697933139026563,0.0,4.630000000000052,0.0,0.0,1.6193274578849604,0.2,0.0,0.0,0.55,0.2,1.3791012351042542,0.4,0.28,1.0,15.364971550839448,0.0,0.429,0.0,0.5,0.0,0.08,0,0.333,1,0.0,6.25,0.4928,0.7284,0.4347,0.9957,0.2866,0.0115,0.0,0.49,0.0,0.0,0.957,0,0.0,0.0,0.0,0.496,0,0.0,0.0,0.945,1679.4,0.0,0,0.0,0.5,-0.10000000000000003,0.09999999999999998,0.543,0,0,-0.4569362204138617,0.20699999999999996,0.30699999999999994,0.0,0.333,81,-19.463376621443455,0.0,0.14199999999999996,26,0.0,0.5537502080683925,0.0,-0.9485517637007247,0,0.0,0.133,0,0.14952601509930985,0.6666666666666666,1,0.0,1.502704340553584,0.2,0.0,0.0,0.45,0.3,0.9221650146903925,0.607,0.587,1.0,-4.098405070604008,0.0,0.571,0.0,0.5,0.0,0.213,0,0.333,1,0.0,8.51,0.4355,0.4808,0.4111,0.9792,0.2114,0.0577,0.0,0.775,0.0,0.0,0.957,0,0.0,0.0,0.0,0.613,0,0.0,0.0,0.942,1632.0,0.0,0,0.0,0.5,-2.26,0.0,-0.05730000000000002,-0.24760000000000004,-0.023599999999999954,-0.01650000000000007,-0.07520000000000002,0.046200000000000005,0,-27,0,0.0,0,0.28500000000000003,6.890000000000043,0.0,0.0,0,0.0,0.0,0.0,0.11699999999999999,0,0.5,0.0,0.0,-0.0030000000000000027,3.1099999999999994,-47.40000000000009,0.0,0,0.0,0.0,90,-13,0
Spain,Sweden,0.0,0.5365947548915992,0.0,0.0,0.0,0.0,593.17,0.0,0.0,1.6937655204316424,0.2,0.0,0.0,0.35,0.45,0.9273933460510158,0.813,0.893,1.0,18.618886995286783,0.816,0.643,0.0,0.5,0.0,0.347,0,0.333,2,0.0,0.0,0.5369,0.9304,0.5667,0.9844,0.7194,0.0577,0.325,1.0,0.349,0.0,0.913,0,15.8,1.0,0.0,0.863,0,0.0,0.0,0.957,1506.8,0.0,0,0.0,0.5,0.10000000000000003,0.04999999999999999,0.504,0,0,-0.426995363380554,-0.17299999999999993,-0.21299999999999997,0.0,0.333,434,-53.38797586442317,1.112,-0.21400000000000002,37,0.0,-0.7272670593536699,0.0,0.19169026580425247,0,0.0,-0.10699999999999998,0,0.04426684174868489,0.6666666666666666,1,0.0,2.2303602753232417,0.2,0.0,0.0,0.45,0.5,0.5003979826704618,0.64,0.68,1.0,-34.76908886913639,1.928,0.429,0.0,0.5,0.0,0.24,0,0.333,2,0.0,0.0,0.7433,1.0,0.7002,0.9915,1.0,0.0231,0.916,0.835,0.867,0.0,0.913,0,84.2,0.467,0.0,0.704,0,0.0,0.0,0.957,1665.6,0.0,0,0.0,0.5,0.0,0.0,0.20639999999999992,0.0696,0.13350000000000006,0.007099999999999995,0.28059999999999996,-0.034600000000000006,0,11,0,0.591,0,-0.16500000000000004,593.17,0.518,0.0,0,68.4,-0.5329999999999999,0.0,-0.15900000000000003,0,0.5,0.0,0.0,0.0,514.49,158.79999999999995,0.0,0,0.0,0.0,90,6,1
Germany,France,0.0,0.36612466259452425,0.06,0.0,0.08881153383434592,0.08700000000000008,-275.57000000000016,0.0,0.0,2.198981918510857,0.2,0.0,0.0,0.4,0.55,0.4979534990750165,0.813,0.893,1.0,-19.038493905129965,0.0,0.5,0.0,0.5,0.0,0.347,0,0.333,3,0.0,229.78,0.7,1.0,0.512,0.9967,1.0,0.0115,0.0,0.96,0.0,0.0,0.826,0,0.0,0.0,0.0,0.796,0,0.0,0.0,0.758,1568.0,0.0,1,0.043,0.5,0.19999999999999996,-0.20000000000000007,0.469,0,0,0.8748953371461337,-0.18999999999999995,-0.26,0.0,0.333,-233,16.398365162604726,0.0,0.07099999999999995,-12,0.0,-0.7885324896593862,0.0,0.7771417082402506,0,0.0,-0.11999999999999997,0,0.7778135683947767,0.13333333333333333,1,0.0,2.5651065811053813,0.26,0.0,0.0,0.6,0.35,1.3728488362211502,0.623,0.633,1.0,-2.6401287425252384,0.0,0.571,0.0,0.5,0.0,0.227,0,0.333,2,0.0,80.0,0.7408,1.0,0.3347,0.9877,1.0,0.0462,0.0,0.675,0.0,0.0,0.913,0,0.0,0.0,0.0,0.696,0,0.0,0.0,0.849,1567.6,0.0,0,0.0,0.5,149.78,0.0,0.04080000000000006,0.0,-0.1773,-0.009000000000000008,0.0,0.034699999999999995,0,6,0,0.0,-1,-0.2849999999999999,-425.35000000000014,0.0,0.0,0,0.0,0.0,0.0,-0.10000000000000009,0,0.5,0.0,0.0,0.09099999999999997,-93.09000000000003,-0.40000000000009095,0.0,0.0,-0.043,0.0,90,-1,0
Netherlands,Austria,-0.084,1.128408062033145,0.251,0.2450000000000001,0.05965400676078747,0.04399999999999993,72.50000000000023,0.0,0.192,1.4608663140866172,0.589,1.22,0.0,0.5,0.35,1.1254532307344125,0.403,0.433,1.0,-4.329704986877632,0.398,0.286,0.689,1.0,0.0,0.397,0,0.333,2,0.0,36.0,0.4562,0.728,0.4028,0.9833,0.32,0.0462,0.729,0.555,0.674,0.797,0.913,0,53.2,1.0,0.887,0.521,0,0.0,0.0,0.893,1702.8,0.0,0,0.0,0.775,0.0,0.050000000000000044,0.554,0,0,-0.05096349746195106,0.21899999999999997,0.25999999999999995,0.0,0.333,119,1.6408276773845856,2.94,0.0,16,0.29100000000000004,1.1339258468116293,0.0,-0.2793811267848123,0,0.0,0.12,0,2.0615974337508503,1.0,1,0.108,2.589274376119762,0.84,1.465,0.0,0.5,0.4,1.0744897332724614,0.622,0.693,1.0,-2.688877309493046,3.338,0.286,0.98,1.0,0.0,0.517,0,0.333,1,0.0,0.0,0.5837,1.0,0.4972,0.9877,1.0,0.0462,0.683,0.9,0.645,0.893,0.957,0,46.8,0.833,0.681,0.878,0,0.0,0.0,0.978,1494.8,0.0,0,0.0,0.775,36.0,0.0,0.1275,0.272,0.09439999999999998,0.0044000000000000705,0.6799999999999999,0.0,0,48,0,-0.04599999999999993,0,0.345,36.50000000000023,-0.029000000000000026,0.09599999999999997,0,-6.400000000000006,-0.16700000000000004,-0.20599999999999996,0.357,0,0.5,0.0,0.0,0.08499999999999996,55.80000000000007,-208.0,0.0,0,0.0,0.0,90,23,2
England,Scotland,-0.144,0.8654433434365831,-0.025999999999999968,-1.063,-0.12178270633380595,-0.08699999999999997,999.9899999999999,0.0,0.3,1.105932453188715,0.491,1.817,0.0,0.4,0.3,1.1952384967400922,0.493,0.54,1.0,-46.56186532186875,0.735,0.286,0.503,1.0,0.0,0.45,0,0.333,1,0.0,8.51,0.4355,0.4808,0.4111,0.9792,0.2114,0.0577,0.597,0.34,0.602,0.692,0.957,0,35.8,1.0,0.88,0.573,0,0.0,0.0,0.942,1594.8,0.0,0,0.0,0.775,-0.2,0.39999999999999997,0.491,0,0,-0.8760154952731304,0.28,0.353,0.0,0.333,303,34.956373599766124,0.119,0.07100000000000001,32,0.347,1.8793965632889658,0.0,-1.200471285591168,0,0.0,0.14699999999999996,0,0.2638435117216875,0.8333333333333334,1,0.156,1.971375796625298,0.465,0.754,0.0,0.2,0.7,0.3192230014669618,0.773,0.893,1.0,-11.60549172210263,0.854,0.357,0.85,1.0,0.0,0.597,0,0.333,3,0.0,246.0,0.7047,1.0,0.4644,0.9905,1.0,0.0346,0.809,1.0,0.743,0.69,0.87,0,64.2,0.533,0.796,0.856,0,0.0,0.0,0.78,1733.8,0.0,0,0.0,0.775,-237.49,0.0,0.2692,0.5192,0.05329999999999996,0.011300000000000088,0.7886,-0.023100000000000002,0,41,0,0.21200000000000008,2,0.6599999999999999,1237.4799999999998,0.14100000000000001,-0.0020000000000000018,0,28.400000000000006,-0.46699999999999997,-0.08399999999999996,0.28300000000000003,0,0.5,0.0,0.0,-0.16199999999999992,820.89,139.0,0.0,0,0.0,0.0,90,30,1
Croatia,Czechia,0.144,-0.4899414000357023,0.17099999999999999,0.57,-0.04742665582295802,-0.08699999999999997,149.36000000000004,0.0,0.0,1.6650538040046965,0.12,0.0,0.0,0.55,0.2,1.1870034333518802,0.503,0.433,1.0,20.108002686755853,0.0,0.286,0.0,0.5,0.0,0.147,0,0.333,1,0.0,6.25,0.4928,0.7284,0.4347,0.9957,0.2866,0.0115,0.0,0.64,0.0,0.0,0.957,0,0.0,0.0,0.0,0.471,0,0.0,0.0,0.945,1762.8,0.0,0,0.0,0.5,0.09999999999999998,0.0,0.601,0,0,0.05121447466563889,0.052000000000000046,0.24700000000000005,0.0,0.333,212,-85.18767120860184,0.0,0.07100000000000001,47,0.775,-0.642574243878786,0.5,-0.5761372142369738,0,0.0,0.34299999999999997,0,-0.6135130137480921,0.6666666666666666,1,0.144,1.1751124039689942,0.291,0.57,0.0,0.65,0.2,1.238217908017519,0.555,0.68,1.0,-65.07966852184599,0.0,0.357,0.775,1.0,0.0,0.49,0,0.333,3,0.0,28.669999999999998,0.5234,1.0,0.4299,0.9915,0.629,0.0231,0.697,0.3,0.0,0.699,0.87,0,0.0,0.8,0.746,0.478,0,0.0,0.0,0.879,1578.2,0.0,0,0.0,0.775,-22.419999999999998,0.0,0.03059999999999996,0.27159999999999995,-0.004799999999999971,-0.0041999999999999815,0.3424,0.0116,0,13,0,0.697,0,-0.34,171.78000000000006,0.0,0.699,0,0.0,0.8,0.746,0.007000000000000006,0,0.5,0.0,0.0,-0.06599999999999995,128.32,-184.5999999999999,0.0,0,0.0,0.275,90,13,1
Germany,Portugal,-0.036000000000000004,-0.6127578901355553,-0.452,-0.979,0.0015199964403030952,0.0,-126.69999999999993,0.0,0.192,2.4481853201925254,0.915,1.891,0.0,0.35,0.6,0.4991301840797656,0.686,0.74,1.0,13.99454789247526,0.0,0.286,0.718,1.0,0.0,0.53,0,0.333,2,0.0,96.63,0.5771,1.0,0.6682,0.983,1.0,0.0462,0.875,0.86,0.0,0.896,0.913,0,0.0,1.0,0.925,0.854,0,0.0,0.0,0.833,1718.4,0.0,0,0.0,0.775,0.20000000000000007,-0.3,0.36,0,0,0.7614698268345182,-0.29000000000000004,-0.32,0.0,0.333,-53,-30.315092901578055,0.0,0.0,-5,0.04200000000000004,-1.6238008629420857,0.0,0.7137694821097313,0,0.0,-0.21000000000000002,0,-0.8974657734512748,0.8,1,0.156,1.8354274300569702,0.463,0.912,0.0,0.55,0.3,1.2606000109142839,0.396,0.42,1.0,-16.320545009102794,0.0,0.286,0.76,1.0,0.0,0.32,0,0.333,2,0.0,80.0,0.7408,1.0,0.3347,0.9877,1.0,0.0462,0.851,0.26,0.0,0.877,0.913,0,0.0,0.967,0.804,0.452,0,0.0,0.0,0.849,1793.0,0.0,0,0.0,0.775,16.629999999999995,0.0,0.16370000000000007,0.0,-0.3335,0.0047000000000000375,0.0,0.0,0,-5,0,-0.02400000000000002,-1,-0.6,-143.32999999999993,0.0,-0.019000000000000017,0,0.0,-0.03300000000000003,-0.121,-0.40199999999999997,0,0.5,0.0,0.0,0.016000000000000014,-31.769999999999982,74.59999999999991,0.0,0,0.0,0.0,90,-7,2
England,Czechia,0.216,0.0951685484644853,0.238,0.815,-0.1344806394728325,-0.08699999999999997,1004.6199999999999,0.0,0.0,1.5724171138586691,0.12,0.0,0.0,0.55,0.2,1.1536570441139498,0.503,0.433,1.0,33.26054893595638,0.0,0.286,0.0,0.5,0.0,0.147,0,0.333,1,0.0,6.25,0.4928,0.7284,0.4347,0.9957,0.2866,0.0115,0.0,0.625,0.0,0.0,0.957,0,0.0,0.0,0.0,0.471,0,0.0,0.0,0.945,1762.8,0.0,0,0.0,0.5,-0.35000000000000003,0.49999999999999994,0.66,0,0,-0.8788992604929877,0.246,0.46,0.0,0.333,384,-36.387399297563384,0.0,0.0,58,0.704,0.858691553670806,0.0,-1.1085042797364466,0,0.0,0.44999999999999996,0,-0.4909111903499819,0.4444444444444444,1,0.216,1.6675856623231544,0.358,0.815,0.0,0.2,0.7,0.274757783620962,0.749,0.893,1.0,-3.1268503616070027,0.0,0.286,0.704,0.5,0.0,0.597,0,0.333,3,0.0,246.0,0.7047,1.0,0.4644,0.9905,1.0,0.0346,0.75,0.825,0.0,0.754,0.87,0,0.0,0.767,0.732,0.754,0,0.0,0.0,0.78,1758.4,0.0,0,0.0,0.587,-239.75,0.0,0.21189999999999998,0.27159999999999995,0.029700000000000004,-0.005199999999999982,0.7134,0.0231,0,14,0,0.75,2,0.19999999999999996,1244.37,0.0,0.754,0,0.0,0.767,0.732,0.28300000000000003,0,0.5,0.0,0.0,-0.16499999999999992,824.0,-4.399999999999864,0.0,0,0.0,0.08699999999999997,90,17,2
Scotland,Croatia,0.13199999999999998,-0.15899645391773343,0.05399999999999999,0.5599999999999999,0.03472872268393146,0.08699999999999997,-144.73,0.0,0.168,1.110881337764592,0.253,0.807,0.0,0.7,0.15,1.1827578740063984,0.309,0.467,1.0,-73.01599974669105,0.0,0.286,0.516,0.5,0.0,0.383,0,0.333,3,0.0,28.669999999999998,0.5234,1.0,0.4299,0.9915,0.629,0.0231,0.69,0.34,0.0,0.69,0.87,0,0.0,0.9,0.782,0.271,0,0.0,0.0,0.879,1708.4,0.0,0,0.0,0.587,-0.29999999999999993,0.19999999999999998,0.551,0,0,-0.1831997764954476,0.181,0.07300000000000001,0.0,0.333,-131,33.50733261150341,0.0,0.0,-21,-0.189,0.23735552782228797,0.0,0.11171400778639162,0,0.0,0.067,0,-0.23531549000310176,0.6,1,0.3,0.9518848838468587,0.307,1.367,0.0,0.4,0.35,0.9995580975109508,0.49,0.54,1.0,-39.50866713518764,0.0,0.286,0.327,0.5,0.0,0.45,0,0.333,1,0.0,8.51,0.4355,0.4808,0.4111,0.9792,0.2114,0.0577,0.645,0.335,0.0,0.642,0.957,0,0.0,1.0,0.892,0.413,0,0.0,0.0,0.942,1727.4,0.0,0,0.0,0.485,20.159999999999997,0.0,-0.08789999999999998,-0.5192,-0.018799999999999983,-0.012300000000000089,-0.41759999999999997,0.034600000000000006,0,-40,0,-0.04499999999999993,0,-0.0050000000000000044,-164.89000000000001,0.0,-0.04799999999999993,0,0.0,0.09999999999999998,0.10999999999999999,0.14199999999999996,0,0.5,0.0,0.0,0.06299999999999994,-125.21,19.0,0.0,0,0.0,-0.10199999999999998,90,-26,0
Portugal,France,0.072,0.5827227781942705,0.352,0.5450000000000002,0.08729153739404283,0.08700000000000008,-148.87000000000023,0.0,0.084,1.714842750965088,0.541,1.059,0.0,0.4,0.55,0.457817788120286,0.735,0.893,1.0,1.3106853345494232,1.507,0.286,0.843,1.0,0.0,0.597,0,0.333,3,0.0,229.78,0.7,1.0,0.512,0.9967,1.0,0.0115,0.821,0.825,0.725,0.769,0.826,0,51.6,0.9,0.872,0.818,0,0.0,0.0,0.758,1728.0,0.0,1,0.043,0.862,-0.050000000000000044,0.04999999999999993,0.474,0,0,0.9831323862926871,-0.248,-0.386,0.0,0.333,-180,-14.820761833355757,0.5349999999999999,0.0,-7,-0.09799999999999998,-1.2488130672470403,-0.5,1.7994203052711049,0,0.0,-0.13399999999999995,0,0.6768184818729943,0.26666666666666666,1,0.156,2.2975655291593586,0.893,1.604,0.0,0.35,0.6,1.4409501744129731,0.487,0.507,1.0,-13.510076498806333,2.042,0.286,0.745,0.5,0.0,0.463,0,0.333,2,0.0,96.63,0.5771,1.0,0.6682,0.983,1.0,0.0462,0.772,0.36,0.691,0.786,0.913,0,48.4,1.0,0.797,0.616,0,0.0,0.0,0.833,1854.2,0.0,0,0.0,0.725,133.15,0.0,-0.12290000000000001,0.0,0.1562,-0.013700000000000045,0.0,0.034699999999999995,0,11,0,-0.04899999999999993,0,-0.46499999999999997,-282.0200000000002,-0.03400000000000003,0.017000000000000015,0,-3.200000000000003,0.09999999999999998,-0.07499999999999996,-0.20199999999999996,0,0.5,0.0,0.0,0.07499999999999996,-61.32000000000005,126.20000000000005,0.0,0.0,-0.043,-0.137,90,6,1
Netherlands,Czechia,0.1,1.2863275278357398,0.754,1.822,0.04216989406922611,0.0,498.0200000000002,0.0,0.0,1.3314970443927676,0.12,0.0,0.0,0.55,0.15,1.1395521460936588,0.503,0.433,1.0,35.373887512134885,0.0,0.357,0.0,0.5,0.0,0.147,0,0.333,1,0.0,6.25,0.4928,0.7284,0.4347,0.9957,0.2866,0.0115,0.0,0.445,0.0,0.0,0.957,0,0.0,0.0,0.0,0.471,0,0.0,0.0,0.945,1833.2,0.0,0,0.0,0.5,-0.15000000000000002,0.35,0.785,0,0,-0.47253897720020566,0.22399999999999998,0.414,0.0,0.333,286,-32.03969188345729,0.0,0.07200000000000001,52,0.712,1.7164094863466428,0.5,-0.8795717304323095,0,0.0,0.43599999999999994,0,1.7164094863466433,0.4,1,0.1,2.6178245722285074,0.874,1.822,0.0,0.4,0.5,0.6670131688934532,0.727,0.847,1.0,3.334195628677597,0.0,0.429,0.712,1.0,0.0,0.583,0,0.333,1,0.0,0.0,0.5837,1.0,0.4972,0.9877,1.0,0.0462,0.784,1.0,0.0,0.8,0.957,0,0.0,0.933,0.791,1.0,0,0.0,0.0,0.978,1666.0,0.0,0,0.0,0.893,6.25,0.0,0.09089999999999998,0.27159999999999995,0.0625,-0.008000000000000007,0.7134,0.034699999999999995,0,17,0,0.784,0,0.5549999999999999,491.7700000000002,0.0,0.8,0,0.0,0.933,0.791,0.529,0,0.5,0.0,0.0,0.03300000000000003,420.09000000000003,-167.20000000000005,0.0,0,0.0,0.393,90,14,0
Belgium,Portugal,0.02800000000000001,0.3030393229839179,-0.21000000000000008,-0.44599999999999995,0.10806307313800045,0.0,-257.5699999999997,0.0,0.112,2.248818721865717,0.926,1.577,0.0,0.4,0.55,1.5334179610799794,0.37,0.353,1.0,-3.510076498806333,1.215,0.286,0.847,0.667,0.0,0.397,0,0.333,2,0.0,96.63,0.5771,1.0,0.6682,0.983,1.0,0.0462,0.816,0.375,0.716,0.785,0.913,0,62.5,1.0,0.802,0.599,0,0.0,0.0,0.833,1847.8,0.0,0,0.0,0.747,0.19999999999999996,-0.15000000000000002,0.54,0,0,-1.0177532445900703,0.359,0.54,0.0,0.333,-77,45.013821437957986,-0.9910000000000001,0.14300000000000002,-7,0.134,1.854544720026817,0.33299999999999996,-2.0467681942431777,0,0.0,0.19999999999999996,0,-0.194330270041164,0.13333333333333333,1,0.14,2.551858044849635,0.716,1.131,0.0,0.6,0.4,0.515664716489909,0.729,0.893,1.0,41.50374493915165,0.224,0.429,0.981,1.0,0.0,0.597,0,0.333,2,0.0,0.0,0.5694,1.0,0.3031,0.9754,0.6806,0.0462,0.661,1.0,0.632,0.879,0.913,0,37.5,0.767,0.784,0.916,0,0.0,0.0,0.957,1756.6,0.0,0,0.0,0.741,96.63,0.0,-0.007699999999999929,0.0,-0.36510000000000004,-0.00759999999999994,-0.3194,0.0,0,-19,0,-0.15499999999999992,-1,0.625,-354.1999999999997,-0.08399999999999996,0.09399999999999997,0,-25.0,-0.23299999999999998,-0.018000000000000016,0.31700000000000006,0,0.5,0.0,0.0,0.124,-153.53999999999996,-91.20000000000005,0.0,0,0.0,-0.006000000000000005,90,-10,2
Croatia,Spain,0.04000000000000001,-1.0241509507682138,-0.402,-1.0550000000000002,-0.08959654989218413,-0.04300000000000004,-538.67,0.0,0.124,2.6392540299361227,0.908,1.907,0.0,0.4,0.55,0.37051600203658536,0.755,0.893,1.0,-23.20681187762728,2.78,0.357,0.778,1.0,0.0,0.53,0,0.333,2,0.0,0.0,0.7433,1.0,0.7002,0.9915,1.0,0.0231,0.875,0.84,0.774,0.912,0.913,0,67.7,1.0,0.71,0.867,0,0.0,0.0,0.957,1610.2,0.0,0,0.0,0.843,0.35,-0.45000000000000007,0.361,0,0,0.7711560682547469,-0.438,-0.426,0.0,0.333,-289,-15.245765394840355,0.008000000000000007,0.07200000000000001,-14,0.122,-0.38655374425752487,-0.33299999999999996,0.8077765257836391,0,0.0,-0.14700000000000002,0,-1.4011177383256797,0.4,1,0.164,1.6151030791679089,0.506,0.852,0.0,0.75,0.1,1.1416720702913323,0.317,0.467,1.0,-38.452577272467636,2.788,0.429,0.9,0.667,0.0,0.383,0,0.333,3,0.0,28.669999999999998,0.5234,1.0,0.4299,0.9915,0.629,0.0231,0.639,0.76,0.576,0.756,0.87,0,32.3,1.0,0.765,0.509,0,0.0,0.0,0.879,1760.0,0.0,0,0.0,0.627,-28.669999999999998,0.0,-0.21989999999999998,0.0,-0.27030000000000004,0.0,-0.371,0.0,0,-10,0,-0.236,0,-0.07999999999999996,-509.99999999999994,-0.19800000000000006,-0.15600000000000003,0,-35.400000000000006,0.0,0.05500000000000005,-0.358,0,0.5,0.0,0.0,-0.07799999999999996,-458.96999999999997,149.79999999999995,0.0,0,0.0,-0.21599999999999997,90,-3,0
France,Switzerland,-0.084,-0.47574545326122375,-0.125,-0.24099999999999988,-0.19535461053204328,-0.08700000000000008,696.46,0.0,0.168,2.237606637072334,0.676,1.382,0.0,0.6,0.25,1.228388692307642,0.379,0.48,1.0,14.359609691271187,5.772,0.571,0.891,1.0,0.0,0.41,0,0.333,2,0.0,0.0,0.6926,1.0,0.3736,0.9875,0.4914,0.0346,0.721,0.65,0.647,0.758,0.913,0,42.2,1.0,0.788,0.681,0,0.0,0.0,0.957,1637.8,0.0,0,0.0,0.931,-0.14999999999999997,0.25,0.491,0,0,-0.5411606179915791,0.19699999999999995,0.26,0.0,0.333,227,-23.048924356721763,0.7909999999999995,-0.21399999999999997,11,-0.08899999999999997,0.045701777418960754,-0.33299999999999996,-0.5038755591818123,0,0.0,0.12000000000000005,0,-0.8674058154521049,0.4666666666666667,1,0.084,1.7618611838111102,0.551,1.141,0.0,0.45,0.5,0.6872280743160628,0.576,0.74,1.0,-8.689314665450578,6.563,0.357,0.802,0.667,0.0,0.53,0,0.333,3,0.0,229.78,0.7,1.0,0.512,0.9967,1.0,0.0115,0.827,0.7,0.701,0.793,0.826,0,57.8,1.0,0.842,0.688,0,0.0,0.0,0.758,1779.4,0.0,1,0.043,0.651,-229.78,0.0,0.007399999999999962,0.0,0.13840000000000002,0.009199999999999986,0.5085999999999999,-0.0231,0,21,0,0.10599999999999998,1,0.04999999999999993,926.24,0.05399999999999994,0.03500000000000003,0,15.599999999999994,0.0,0.05399999999999994,0.006999999999999895,0,0.5,0.0,0.0,-0.19899999999999995,479.07,141.60000000000014,0.0,0.0,0.043,-0.28,90,3,1
England,Germany,0.08000000000000002,-0.8878692955251861,-0.30000000000000004,-0.775,-0.07010745684436126,-0.04300000000000004,475.71000000000004,0.0,0.12,2.3573020890226957,0.656,1.526,0.0,0.65,0.2,1.55394778791064,0.292,0.327,1.0,-4.447378473469592,1.059,0.429,0.759,0.667,0.0,0.343,0,0.333,2,0.0,80.0,0.7408,1.0,0.3347,0.9877,1.0,0.0462,0.739,0.625,0.691,0.891,0.913,0,50.4,0.667,0.813,0.562,0,0.0,0.0,0.849,1980.2,0.0,0,0.0,0.779,-0.55,0.6000000000000001,0.499,0,0,-1.383843942474894,0.5489999999999999,0.673,0.0,0.333,148,16.778434656686386,0.10499999999999998,0.07100000000000001,10,-0.09399999999999997,1.0477720578428387,0.0,-1.7137694821097311,0,0.0,0.307,0,-1.4737739500505318,0.26666666666666666,1,0.2,1.4694327934975095,0.356,0.751,0.0,0.1,0.8,0.1701038454357459,0.841,1.0,1.0,12.331056183216795,1.164,0.5,0.665,0.667,0.0,0.65,0,0.333,3,0.0,246.0,0.7047,1.0,0.4644,0.9905,1.0,0.0346,0.69,0.9,0.645,0.757,0.87,0,49.6,0.7,0.766,0.754,0,0.0,0.0,0.78,1697.2,0.0,0,0.0,0.627,-166.0,0.0,-0.03610000000000002,0.0,0.12969999999999998,0.0028000000000000247,0.0,-0.0116,0,-6,0,-0.049000000000000044,2,0.275,641.71,-0.04599999999999993,-0.134,0,-0.7999999999999972,0.03299999999999992,-0.04699999999999993,0.19199999999999995,0,0.5,0.0,0.0,-0.06899999999999995,351.09000000000003,-283.0,0.0,0,0.0,-0.15200000000000002,90,2,2
Switzerland,Spain,0.04199999999999998,-0.6315834644889615,-0.04200000000000004,-0.393,0.0,0.0,-580.01,0.0,0.138,2.9972803236162524,0.903,1.93,0.0,0.4,0.55,0.7513787542526097,0.566,0.693,1.0,-23.594443296119344,6.928,0.286,0.808,1.0,0.0,0.517,0,0.333,2,0.0,0.0,0.7433,1.0,0.7002,0.9915,1.0,0.0231,0.892,0.9,0.807,0.908,0.913,0,73.8,0.8,0.748,0.867,0,0.0,0.0,0.957,1732.0,0.0,0,0.0,0.849,0.25,-0.30000000000000004,0.402,0,0,0.738377867273521,-0.37899999999999995,-0.30599999999999994,0.0,0.333,-259,37.368980643667854,-2.9699999999999998,0.0,-12,-0.03600000000000003,-0.8924953790821535,0.0,0.8114527042400759,0,0.0,-0.134,0,-1.1022506502676541,0.4166666666666667,1,0.18,2.365696859127291,0.861,1.537,0.0,0.65,0.25,1.4897566215261306,0.187,0.387,1.0,13.774537347548513,3.958,0.286,0.772,1.0,0.0,0.383,0,0.333,2,0.0,0.0,0.6926,1.0,0.3736,0.9875,0.4914,0.0346,0.52,0.565,0.486,0.753,0.913,0,26.2,1.0,0.872,0.583,0,0.0,0.0,0.957,1689.8,0.0,0,0.0,0.954,0.0,0.0,-0.05069999999999997,0.0,-0.32660000000000006,-0.0040000000000000036,-0.5085999999999999,0.0115,0,-30,0,-0.372,0,-0.3350000000000001,-580.01,-0.32100000000000006,-0.15500000000000003,0,-47.599999999999994,0.19999999999999996,0.124,-0.28400000000000003,0,0.5,0.0,0.0,0.0,-500.35999999999996,-42.200000000000045,0.0,0,0.0,0.10499999999999998,90,-3,1
Belgium,France,-0.017999999999999988,0.5993407775347712,-0.07799999999999996,-0.7449999999999999,0.19535461053204328,0.08700000000000008,-406.43999999999994,0.0,0.15,1.7399604235735187,0.72,1.652,0.0,0.5,0.45,0.8822770488580152,0.203,0.433,1.0,-26.083850822549774,0.0,1.0,0.465,0.5,0.0,0.397,0,0.333,3,0.0,229.78,0.7,1.0,0.512,0.9967,1.0,0.0115,0.824,0.675,0.0,0.846,0.826,0,0.0,0.983,0.81,0.519,0,0.0,0.0,0.758,1731.8,0.0,1,0.043,0.532,0.050000000000000044,0.0,0.48,0,0,-0.2519190990446276,0.34900000000000003,0.25999999999999995,0.0,0.333,-257,69.37658639986634,0.0,0.0,-14,0.38499999999999995,0.9543347379819642,0.5,-0.4576405733507427,0,0.0,0.12,0,0.5080849460503571,0.3333333333333333,1,0.132,2.33930120110829,0.642,0.907,0.0,0.55,0.45,0.6303579498133876,0.552,0.693,1.0,43.29273557731657,0.0,1.0,0.85,1.0,0.0,0.517,0,0.333,2,0.0,0.0,0.5694,1.0,0.3031,0.9754,0.6806,0.0462,0.67,0.88,0.0,0.674,0.913,0,0.0,0.85,0.76,0.724,0,0.0,0.0,0.957,1656.6,0.0,0,0.0,0.925,229.78,0.0,-0.13059999999999994,0.0,-0.20890000000000003,-0.021299999999999986,-0.3194,0.034699999999999995,0,-7,0,-0.15399999999999991,-1,0.20499999999999996,-636.2199999999999,0.0,-0.17199999999999993,0,0.0,-0.133,-0.050000000000000044,0.20499999999999996,0,0.5,0.0,0.0,0.19899999999999995,-214.86,-75.20000000000005,0.0,0.0,-0.043,0.393,90,-4,0
Spain,France,-0.096,0.45576528405258454,0.0010000000000000009,0.0,0.19535461053204328,0.08700000000000008,-116.45000000000005,0.0,0.216,1.9081755833675906,0.719,2.0,0.0,0.5,0.45,1.0379669405187382,0.203,0.433,1.0,-23.868993699172986,0.0,0.214,0.394,1.0,0.0,0.397,0,0.333,3,0.0,229.78,0.7,1.0,0.512,0.9967,1.0,0.0115,0.827,0.8,0.0,0.852,0.826,0,0.0,1.0,0.839,0.653,0,0.0,0.0,0.758,1716.4,0.0,1,0.043,0.775,0.050000000000000044,-0.04999999999999999,0.524,0,0,-0.2539073318788574,0.12,0.2,0.0,0.333,32,-7.025818253115386,0.0,0.07199999999999998,1,0.021999999999999964,0.2270676786282948,0.0,-0.5793104268859939,0,0.0,0.07999999999999996,0,0.03220420017502246,0.6666666666666666,1,0.12,2.363940867420175,0.72,2.0,0.0,0.55,0.4,0.7840596086398808,0.323,0.633,1.0,-30.89481195228837,0.0,0.286,0.416,1.0,0.0,0.477,0,0.333,2,0.0,0.0,0.7433,1.0,0.7002,0.9915,1.0,0.0231,0.882,0.84,0.0,0.902,0.913,0,0.0,1.0,0.916,0.677,0,0.0,0.0,0.957,1755.8,0.0,0,0.0,0.775,229.78,0.0,0.043300000000000005,0.0,0.18820000000000003,-0.005199999999999982,0.0,0.0116,0,11,0,0.05500000000000005,-1,0.039999999999999925,-346.23,0.0,0.050000000000000044,0,0.0,0.0,0.07700000000000007,0.02400000000000002,0,0.5,0.0,0.0,0.19899999999999995,21.289999999999964,39.399999999999864,0.0,0.0,-0.043,0.0,90,0,0
Czechia,Switzerland,0.0,-0.1216019620824711,0.01999999999999999,0.0,-0.04216989406922611,0.04399999999999993,-108.01999999999998,0.0,0.0,1.8535482002356591,0.22,0.0,0.0,0.55,0.4,0.8462850604513622,0.623,0.633,1.0,-7.127365872693215,0.0,1.0,0.0,0.5,0.0,0.227,0,0.333,2,0.0,0.0,0.6926,1.0,0.3736,0.9875,0.4914,0.0346,0.0,0.515,0.0,0.0,0.913,0,0.0,0.0,0.0,0.604,0,0.0,0.0,0.957,1660.6,0.0,0,0.0,0.5,-0.15000000000000002,-0.050000000000000044,0.516,0,0,0.03104591546270752,0.10399999999999998,0.15400000000000003,0.0,0.333,-242,8.866964905579717,0.0,0.0,-49,0.0,0.31475853960885436,0.0,-0.3921615513954205,0,0.0,0.06599999999999998,0,0.06734389263116491,1.0,1,0.0,1.731946238153188,0.24,0.0,0.0,0.4,0.35,0.8773309759140697,0.727,0.787,1.0,1.7395990328865034,0.0,1.0,0.0,0.5,0.0,0.293,0,0.333,1,0.0,6.25,0.4928,0.7284,0.4347,0.9957,0.2866,0.0115,0.0,0.575,0.0,0.0,0.957,0,0.0,0.0,0.0,0.708,0,0.0,0.0,0.945,1540.2,0.0,0,0.0,0.5,-6.25,0.0,-0.19979999999999998,-0.27159999999999995,0.06109999999999999,0.008199999999999985,-0.20479999999999998,-0.0231,0,7,0,0.0,0,0.05999999999999994,-101.76999999999998,0.0,0.0,0,0.0,0.0,0.0,0.10399999999999998,0,0.5,0.0,0.0,-0.01200000000000001,-86.93,-120.39999999999986,0.0,0,0.0,0.0,90,-13,2
Spain,Portugal,0.0,0.11550403430730993,-0.01999999999999999,0.0,0.10806307313800045,0.0,32.420000000000186,0.0,0.0,2.213905636153456,0.22,0.0,0.0,0.5,0.45,0.8049189896095669,0.71,0.74,1.0,-16.785681868593656,0.0,1.0,0.0,0.5,0.0,0.28,0,0.333,2,0.0,96.63,0.5771,1.0,0.6682,0.983,1.0,0.0462,0.0,0.74,0.0,0.0,0.913,0,0.0,0.0,0.0,0.683,0,0.0,0.0,0.833,1647.6,0.0,0,0.0,0.5,0.0,0.04999999999999999,0.513,0,0,-0.16884705336482675,0.0,0.0,0.0,0.333,212,-10.81168746433297,0.0,0.0,8,0.0,0.5048752180004121,0.0,-0.1267444522610387,0,0.0,0.0,0,0.2674831747771984,0.3333333333333333,1,0.0,2.329409670460766,0.2,0.0,0.0,0.5,0.5,0.6360719362447401,0.71,0.74,1.0,-27.597369332926625,0.0,1.0,0.0,0.5,0.0,0.28,0,0.333,2,0.0,0.0,0.7433,1.0,0.7002,0.9915,1.0,0.0231,0.0,0.92,0.0,0.0,0.913,0,0.0,0.0,0.0,0.738,0,0.0,0.0,0.957,1758.4,0.0,0,0.0,0.5,96.63,0.0,0.16620000000000001,0.0,0.03200000000000003,0.008500000000000063,0.0,-0.0231,0,0,0,0.0,-1,0.18000000000000005,-64.20999999999981,0.0,0.0,0,0.0,0.0,0.0,0.05499999999999994,0,0.5,0.0,0.0,0.124,82.61000000000001,110.80000000000018,0.0,0,0.0,0.0,90,-8,1
Belgium,Netherlands,0.0,-0.47492437694432654,-0.09999999999999998,0.0,0.0,-0.04399999999999993,-99.98000000000013,0.0,0.0,2.6567433966146914,0.3,0.0,0.0,0.4,0.5,0.9274627767231619,0.607,0.587,1.0,-3.8695841636214805,0.0,1.0,0.0,0.5,0.0,0.213,0,0.333,1,0.0,0.0,0.5837,1.0,0.4972,0.9877,1.0,0.0462,0.0,0.765,0.0,0.0,0.957,0,0.0,0.0,0.0,0.742,0,0.0,0.0,0.978,1640.8,0.0,0,0.0,0.5,0.15000000000000002,-0.04999999999999999,0.486,0,0,0.1157503396272318,-0.08699999999999997,-0.10699999999999998,0.0,0.333,-74,-20.36159471271654,0.0,0.0,-6,0.0,-0.3522792636586245,0.0,0.005782974281239861,0,0.0,-0.05299999999999999,0,-0.5751375554183742,0.6,1,0.0,2.181819019670365,0.2,0.0,0.0,0.55,0.45,1.0432131163503937,0.52,0.48,1.0,-24.23117887633802,0.0,1.0,0.0,0.5,0.0,0.16,0,0.333,2,0.0,0.0,0.5694,1.0,0.3031,0.9754,0.6806,0.0462,0.0,0.695,0.0,0.0,0.913,0,0.0,0.0,0.0,0.567,0,0.0,0.0,0.957,1640.4,0.0,0,0.0,0.5,0.0,0.0,-0.01429999999999998,0.0,-0.1941,-0.012299999999999978,-0.3194,0.0,0,-10,0,0.0,0,-0.07000000000000006,-99.98000000000013,0.0,0.0,0,0.0,0.0,0.0,-0.17500000000000004,0,0.5,0.0,0.0,-0.02100000000000002,-68.95000000000005,-0.3999999999998636,0.0,0,0.0,0.0,90,-4,0
Croatia,Austria,0.0,0.39012470564041446,0.04000000000000001,0.0,-0.02994254313139666,-0.04300000000000004,-276.15999999999997,0.0,0.0,1.790009917514604,0.22,0.0,0.0,0.55,0.2,1.5284129228033714,0.417,0.327,1.0,-58.0739612331011,0.0,1.0,0.0,0.5,0.0,0.093,0,0.333,2,0.0,36.0,0.4562,0.728,0.4028,0.9833,0.32,0.0462,0.0,0.495,0.0,0.0,0.913,0,0.0,0.0,0.0,0.521,0,0.0,0.0,0.893,1628.0,0.0,0,0.0,0.5,-0.050000000000000044,0.14999999999999997,0.535,0,0,-0.6501416607398738,0.12000000000000005,0.2,0.0,0.333,45,60.232079412564644,0.0,0.0,11,0.0,0.9371609822815892,0.0,-0.742297503828317,0,0.0,0.07999999999999999,0,0.15316988293588185,1.0,1,0.0,2.1801346231550185,0.26,0.0,0.0,0.5,0.35,0.8782712620634976,0.537,0.527,1.0,2.1581181794635453,0.0,1.0,0.0,0.5,0.0,0.173,0,0.333,3,0.0,28.669999999999998,0.5234,1.0,0.4299,0.9915,0.629,0.0231,0.0,0.835,0.0,0.0,0.87,0,0.0,0.0,0.0,0.717,0,0.0,0.0,0.879,1567.2,0.0,0,0.0,0.5,7.330000000000002,0.0,0.06719999999999998,0.272,0.027100000000000013,0.008200000000000096,0.309,-0.0231,0,43,0,0.0,0,0.33999999999999997,-283.48999999999995,0.0,0.0,0,0.0,0.0,0.0,0.19599999999999995,0,0.5,0.0,0.0,-0.014000000000000012,-235.96999999999997,-60.799999999999955,0.0,0,0.0,0.0,90,21,0
Portugal,Switzerland,0.0,0.31016251945852935,-0.01999999999999999,0.0,-0.10806307313800045,0.0,547.5899999999998,0.0,0.0,1.7200591390243127,0.16,0.0,0.0,0.6,0.35,1.021584954191505,0.52,0.48,1.0,-29.473322600784186,0.0,0.214,0.0,0.5,0.0,0.16,0,0.333,2,0.0,0.0,0.6926,1.0,0.3736,0.9875,0.4914,0.0346,0.0,0.285,0.0,0.0,0.913,0,0.0,0.0,0.0,0.442,0,0.0,0.0,0.957,1740.0,0.0,0,0.0,0.5,-0.09999999999999998,0.10000000000000003,0.538,0,0,-0.19679103847449586,0.10299999999999998,0.15300000000000002,0.0,0.333,47,30.310866269647,0.0,0.0,4,0.0,0.8608609027201648,0.0,-0.5278621905867183,0,0.0,0.067,0,0.018240172524592202,0.5,1,0.0,2.030221658482842,0.14,0.0,0.0,0.5,0.45,0.8247939157170091,0.623,0.633,1.0,0.8375436688628155,0.0,0.214,0.0,0.5,0.0,0.227,0,0.333,2,0.0,96.63,0.5771,1.0,0.6682,0.983,1.0,0.0462,0.0,0.665,0.0,0.0,0.913,0,0.0,0.0,0.0,0.554,0,0.0,0.0,0.833,1805.2,0.0,0,0.0,0.5,-96.63,0.0,-0.11550000000000005,0.0,0.29460000000000003,-0.0045000000000000595,0.5085999999999999,0.0116,0,32,0,0.0,1,0.38000000000000006,644.2199999999998,0.0,0.0,0,0.0,0.0,0.0,0.11200000000000004,0,0.5,0.0,0.0,-0.124,417.74999999999994,65.20000000000005,0.0,0,0.0,0.0,90,10,2
Czechia,Spain,0.0,-0.36765121564359715,0.03999999999999998,0.0,-0.04216989406922611,0.04399999999999993,-688.03,0.0,0.0,2.1369352047113033,0.2,0.0,0.0,0.5,0.5,0.6867642126809209,0.727,0.787,1.0,-25.64294382081212,0.0,0.214,0.0,0.5,0.0,0.293,0,0.333,2,0.0,0.0,0.7433,1.0,0.7002,0.9915,1.0,0.0231,0.0,0.825,0.0,0.0,0.913,0,0.0,0.0,0.0,0.783,0,0.0,0.0,0.957,1722.4,0.0,0,0.0,0.5,-0.04999999999999999,-0.2,0.485,0,0,0.21495188241892682,-0.08699999999999997,-0.10699999999999998,0.0,0.333,-501,48.8904487248418,0.0,0.0,-61,0.0,-0.4727075332263151,0.0,0.23478228159099346,0,0.0,-0.05299999999999999,0,-0.10632559017484189,0.0,1,0.0,1.7692839890677061,0.24,0.0,0.0,0.45,0.3,0.9017160950998477,0.64,0.68,1.0,23.247504904029675,0.0,0.214,0.0,0.5,0.0,0.24,0,0.333,1,0.0,6.25,0.4928,0.7284,0.4347,0.9957,0.2866,0.0115,0.0,0.675,0.0,0.0,0.957,0,0.0,0.0,0.0,0.696,0,0.0,0.0,0.945,1628.8,0.0,0,0.0,0.5,-6.25,0.0,-0.25049999999999994,-0.27159999999999995,-0.26550000000000007,0.0041999999999999815,-0.7134,-0.0116,0,-25,0,0.0,0,-0.1499999999999999,-681.78,0.0,0.0,0,0.0,0.0,0.0,-0.08700000000000008,0,0.5,0.0,0.0,-0.01200000000000001,-587.29,-93.60000000000014,0.0,0,0.0,0.0,90,-15,1
Sweden,Norway,0.0,-1.0586684920110914,-0.18,0.0,0.07050475729721017,0.04300000000000004,-51.369999999999834,0.0,0.0,2.2939368857375384,0.24,0.0,0.0,0.3,0.55,0.5361289387142337,0.797,0.847,1.0,-11.487606759158947,0.0,0.214,0.0,0.5,0.0,0.333,0,0.333,3,0.0,21.86,0.5445,1.0,0.3698,0.9935,1.0,0.0231,0.0,0.84,0.0,0.0,0.87,0,0.0,0.0,0.0,0.708,0,0.0,0.0,0.886,1604.8,0.0,0,0.0,0.5,0.04999999999999999,-0.050000000000000044,0.465,0,0,0.3289256717749589,-0.19000000000000006,-0.26,0.0,0.333,-210,38.55542434825555,0.0,0.0,-27,0.0,-0.8331980928588221,0.0,0.5698877895492427,0,0.0,-0.12000000000000002,0,-2.0185002822329245,0.4666666666666667,1,0.0,1.235268393726447,0.06,0.0,0.0,0.35,0.5,0.8650546104891926,0.607,0.587,1.0,27.067817589096602,0.0,0.214,0.0,0.5,0.0,0.213,0,0.333,2,0.0,0.0,0.5369,0.9304,0.5667,0.9844,0.7194,0.0577,0.0,0.55,0.0,0.0,0.913,0,0.0,0.0,0.0,0.425,0,0.0,0.0,0.957,1774.4,0.0,0,0.0,0.5,21.86,0.0,-0.00759999999999994,-0.0696,0.19689999999999996,-0.009099999999999997,-0.28059999999999996,0.034600000000000006,0,34,0,0.0,0,-0.2899999999999999,-73.22999999999985,0.0,0.0,0,0.0,0.0,0.0,-0.283,0,0.5,0.0,0.0,0.07099999999999995,-49.81,169.60000000000014,0.0,0,0.0,0.0,90,20,0
Croatia,France,0.0,-0.7941065913468395,-0.07999999999999999,0.0,0.10575806063985915,0.04400000000000004,-655.12,0.0,0.0,2.670565851176801,0.3,0.0,0.0,0.5,0.5,0.8595165563085594,0.71,0.74,1.0,-14.808990250109266,0.0,0.214,0.0,0.5,0.0,0.28,0,0.333,3,0.0,229.78,0.7,1.0,0.512,0.9967,1.0,0.0115,0.0,0.65,0.0,0.0,0.826,0,0.0,0.0,0.0,0.775,0,0.0,0.0,0.758,1643.8,0.0,1,0.043,0.5,0.0,-0.15000000000000002,0.479,0,0,0.32889120032099317,-0.18999999999999995,-0.26,0.0,0.333,-257,8.864637771532085,0.0,0.0,-13,0.0,-0.38444694843272154,0.0,0.650397255979212,0,0.0,-0.12000000000000002,0,-1.4695645631819865,0.06666666666666667,1,0.0,1.8764592598299614,0.22,0.0,0.0,0.5,0.35,1.1884077566295526,0.52,0.48,1.0,-5.944352478577182,0.0,0.214,0.0,0.5,0.0,0.16,0,0.333,3,0.0,28.669999999999998,0.5234,1.0,0.4299,0.9915,0.629,0.0231,0.0,0.55,0.0,0.0,0.87,0,0.0,0.0,0.0,0.646,0,0.0,0.0,0.879,1601.8,0.0,0,0.0,0.5,201.11,0.0,-0.17659999999999998,0.0,-0.0821,-0.005199999999999982,-0.371,0.0116,0,-1,0,0.0,-1,-0.09999999999999998,-856.23,0.0,0.0,0,0.0,0.0,0.0,-0.129,0,0.5,0.0,0.0,0.121,-437.68,-42.0,0.0,0.0,-0.043,0.0,90,-1,1
Germany,England,0.0,-0.06585301552706468,0.0,0.0,0.07010745684436126,0.04300000000000004,-475.71000000000004,0.0,0.0,2.9555460288424067,0.3,0.0,0.0,0.3,0.65,0.4608215662188983,0.727,0.787,1.0,-19.00865761686857,0.0,0.214,0.0,0.5,0.0,0.293,0,0.333,3,0.0,246.0,0.7047,1.0,0.4644,0.9905,1.0,0.0346,0.0,0.65,0.0,0.0,0.87,0,0.0,0.0,0.0,0.775,0,0.0,0.0,0.78,1587.8,0.0,0,0.0,0.5,0.2,-0.30000000000000004,0.499,0,0,0.2547559068654803,-0.08699999999999997,-0.10699999999999998,0.0,0.333,-148,30.695349656869094,0.0,0.0,-10,0.0,-0.1828008368796099,0.0,0.19993807717905965,0,0.0,-0.05299999999999999,0,-0.6116714633628062,0.4666666666666667,1,0.0,2.889693013315342,0.3,0.0,0.0,0.5,0.35,0.7155774730843786,0.64,0.68,1.0,11.686692040000523,0.0,0.214,0.0,0.5,0.0,0.24,0,0.333,2,0.0,80.0,0.7408,1.0,0.3347,0.9877,1.0,0.0462,0.0,0.7,0.0,0.0,0.913,0,0.0,0.0,0.0,0.742,0,0.0,0.0,0.849,1532.6,0.0,0,0.0,0.5,166.0,0.0,0.03610000000000002,0.0,-0.12969999999999998,-0.0028000000000000247,0.0,0.0116,0,3,0,0.0,-2,0.04999999999999993,-641.71,0.0,0.0,0,0.0,0.0,0.0,-0.03300000000000003,0,0.5,0.0,0.0,0.06899999999999995,-351.09000000000003,-55.200000000000045,0.0,0,0.0,0.0,90,-2,1
Switzerland,Spain,0.0,-0.6519892072491442,-0.07999999999999999,0.0,0.0,0.0,-580.01,0.0,0.0,2.110562920357532,0.22,0.0,0.0,0.5,0.5,0.8769857855185134,0.623,0.633,1.0,-16.103469854889262,0.0,0.286,0.0,0.5,0.0,0.227,0,0.333,2,0.0,0.0,0.7433,1.0,0.7002,0.9915,1.0,0.0231,0.0,0.7,0.0,0.0,0.913,0,0.0,0.0,0.0,0.704,0,0.0,0.0,0.957,1709.2,0.0,0,0.0,0.5,0.050000000000000044,-0.15000000000000002,0.443,0,0,0.5813635352223675,-0.15300000000000002,-0.293,0.0,0.333,-259,-27.352601810759744,0.0,0.0,-12,0.0,-1.3781307657393733,0.0,1.1579124782165353,0,0.0,-0.10700000000000001,0,-1.1132468750171005,0.4,1,0.0,1.4585737131083876,0.14,0.0,0.0,0.55,0.35,1.4583493207408809,0.47,0.34,1.0,-43.456071665649006,0.0,0.286,0.0,0.5,0.0,0.12,0,0.333,2,0.0,0.0,0.6926,1.0,0.3736,0.9875,0.4914,0.0346,0.0,0.18,0.0,0.0,0.913,0,0.0,0.0,0.0,0.358,0,0.0,0.0,0.957,1763.6,0.0,0,0.0,0.5,0.0,0.0,-0.05069999999999997,0.0,-0.32660000000000006,-0.0040000000000000036,-0.5085999999999999,0.0115,0,-32,0,0.0,0,-0.52,-580.01,0.0,0.0,0,0.0,0.0,0.0,-0.346,0,0.5,0.0,0.0,0.0,-500.35999999999996,54.399999999999864,0.0,0,0.0,0.0,90,-2,0
Portugal,Czechia,0.0,0.5542632987014553,0.07999999999999999,0.0,-0.06589317906877434,-0.04399999999999993,655.6099999999998,0.0,0.0,1.7722276787380618,0.14,0.0,0.0,0.45,0.3,1.0546982826731794,0.537,0.527,1.0,27.40441068783436,0.0,0.286,0.0,0.5,0.0,0.173,0,0.333,1,0.0,6.25,0.4928,0.7284,0.4347,0.9957,0.2866,0.0115,0.0,0.605,0.0,0.0,0.957,0,0.0,0.0,0.0,0.542,0,0.0,0.0,0.945,1773.2,0.0,0,0.0,0.5,0.04999999999999999,0.15000000000000002,0.518,0,0,-0.34479158050869285,0.08599999999999997,0.10599999999999998,0.0,0.333,289,-21.467751682760543,0.0,0.0,53,0.0,0.573993903011246,0.0,-0.5080484306494317,0,0.0,0.05400000000000002,0,0.8742552065575613,1.0,1,0.0,2.326490977439517,0.22,0.0,0.0,0.5,0.45,0.7099067021644866,0.623,0.633,1.0,5.936659005073819,0.0,0.286,0.0,0.5,0.0,0.227,0,0.333,2,0.0,96.63,0.5771,1.0,0.6682,0.983,1.0,0.0462,0.0,0.795,0.0,0.0,0.913,0,0.0,0.0,0.0,0.671,0,0.0,0.0,0.833,1849.0,0.0,0,0.0,0.5,-90.38,0.0,0.08429999999999993,0.27159999999999995,0.23350000000000004,-0.012700000000000045,0.7134,0.034699999999999995,0,25,0,0.0,1,0.19000000000000006,745.9899999999998,0.0,0.0,0,0.0,0.0,0.0,0.129,0,0.5,0.0,0.0,-0.11199999999999999,504.67999999999995,75.79999999999995,0.0,0,0.0,0.0,90,23,2
Canada,Curaçao,0.0,0.5379168037864195,0.1,0.0,0.011458374491287726,-0.131,-202.17999999999995,0.0,0.0,1.3158418240871776,0.06,0.0,0.0,0.5,0.4,1.1930570439164643,0.487,0.387,1.0,-14.916041802236757,0.0,0.214,0.0,0.5,0.0,0.133,0,0.333,1,0.0,2.9,0.2613,0.07,0.521,0.9696,0.0467,0.1115,0.0,0.39,0.0,0.0,0.957,0,0.0,0.0,0.0,0.321,0,0.0,0.0,0.975,1633.4,0.0,0,0.0,0.5,-0.2,0.19999999999999996,0.542,0,0,-0.7478432350418087,0.24,0.4,0.0,0.333,220,31.815808709999665,0.0,0.786,51,0.0,0.5738959714508135,0.0,-1.0565228350250628,0,0.0,0.15999999999999998,0,0.7458392353233959,1.0,1,0.0,1.8537586278735971,0.16,0.0,0.0,0.3,0.6,0.44521380887465556,0.727,0.787,1.0,16.89976690776291,0.0,1.0,0.0,0.5,0.0,0.293,0,0.333,2,0.0,0.0,0.7,0.7052,0.3729,0.9781,0.2356,0.0808,0.0,0.45,0.0,0.0,0.826,0,0.0,0.0,0.0,0.625,0,0.0,0.0,0.913,1675.4,0.0,2,0.087,0.5,2.9,0.0,0.4387,0.6352,-0.1481,0.008499999999999952,0.1889,-0.030700000000000005,0,35,0,0.0,0,0.06,-205.07999999999996,0.0,0.0,0,0.0,0.0,0.0,0.304,0,0.5,0.0,0.0,-0.061999999999999944,-175.72000000000003,42.0,0.0,0.0,0.087,0.0,90,37,2
Austria,France,0.0,-0.6065543930960886,0.0,0.0,0.1357006037712558,0.08700000000000008,-378.96000000000004,0.0,0.0,2.4378693532511875,0.22,0.0,0.0,0.5,0.5,0.8790847794591166,0.623,0.633,1.0,-11.847614650932403,0.0,0.286,0.0,0.5,0.0,0.227,0,0.333,3,0.0,229.78,0.7,1.0,0.512,0.9967,1.0,0.0115,0.0,0.575,0.0,0.0,0.826,0,0.0,0.0,0.0,0.671,0,0.0,0.0,0.758,1738.8,0.0,1,0.043,0.5,0.0,-0.25,0.481,0,0,0.5327920049654515,-0.12,-0.2,0.0,0.333,-302,-35.67362911929368,0.0,0.0,-24,0.0,-0.43900163937540015,0.0,0.4878766294433804,0,0.0,-0.08000000000000002,0,-0.006782633099839952,0.3333333333333333,1,0.0,1.8313149601550989,0.22,0.0,0.0,0.5,0.25,1.411876784424568,0.503,0.433,1.0,-47.52124377022608,0.0,0.286,0.0,0.5,0.0,0.147,0,0.333,2,0.0,36.0,0.4562,0.728,0.4028,0.9833,0.32,0.0462,0.0,0.43,0.0,0.0,0.913,0,0.0,0.0,0.0,0.533,0,0.0,0.0,0.893,1687.8,0.0,0,0.0,0.5,193.78,0.0,-0.24379999999999996,-0.272,-0.10920000000000002,-0.013400000000000079,-0.6799999999999999,0.034699999999999995,0,-44,0,0.0,-1,-0.14499999999999996,-572.74,0.0,0.0,0,0.0,0.0,0.0,-0.138,0,0.5,0.0,0.0,0.135,-201.71000000000004,-51.0,0.0,0.0,-0.043,0.0,90,-22,1
Spain,Czechia,0.0,0.4450964699242905,0.12,0.0,0.04216989406922611,-0.04399999999999993,688.03,0.0,0.0,1.518072196540229,0.1,0.0,0.0,0.4,0.3,1.193669574359386,0.433,0.373,1.0,28.77629807169498,0.0,0.214,0.0,0.5,0.0,0.107,0,0.333,1,0.0,6.25,0.4928,0.7284,0.4347,0.9957,0.2866,0.0115,0.0,0.385,0.0,0.0,0.957,0,0.0,0.0,0.0,0.392,0,0.0,0.0,0.945,1898.2,0.0,0,0.0,0.5,0.09999999999999998,0.2,0.543,0,0,-0.43884091355220667,0.19,0.26,0.0,0.333,501,-42.13281575253866,0.0,0.0,61,0.0,1.1771565143407883,0.0,-0.7309067224091811,0,0.0,0.12000000000000001,0,0.9817598274754076,0.8333333333333334,1,0.0,1.9631686664645196,0.22,0.0,0.0,0.5,0.5,0.7548286608071793,0.623,0.633,1.0,-13.356517680843682,0.0,0.214,0.0,0.5,0.0,0.227,0,0.333,2,0.0,0.0,0.7433,1.0,0.7002,0.9915,1.0,0.0231,0.0,0.775,0.0,0.0,0.913,0,0.0,0.0,0.0,0.704,0,0.0,0.0,0.957,1744.2,0.0,0,0.0,0.5,6.25,0.0,0.25049999999999994,0.27159999999999995,0.26550000000000007,-0.0041999999999999815,0.7134,0.0116,0,25,0,0.0,0,0.39,681.78,0.0,0.0,0,0.0,0.0,0.0,0.31199999999999994,0,0.5,0.0,0.0,0.01200000000000001,587.29,-154.0,0.0,0,0.0,0.0,90,15,2
Switzerland,Portugal,0.0,-1.032905662027589,-0.18,0.0,0.10806307313800045,0.0,-547.5899999999998,0.0,0.0,2.281013388513006,0.24,0.0,0.0,0.45,0.5,0.5964257558888102,0.727,0.787,1.0,7.2264502323776005,0.0,0.214,0.0,0.5,0.0,0.293,0,0.333,2,0.0,96.63,0.5771,1.0,0.6682,0.983,1.0,0.0462,0.0,0.9,0.0,0.0,0.913,0,0.0,0.0,0.0,0.808,0,0.0,0.0,0.833,1833.0,0.0,0,0.0,0.5,0.10000000000000003,-0.2,0.404,0,0,0.805377463052759,-0.344,-0.554,0.0,0.333,-47,-52.342619048714326,0.0,0.0,-4,0.0,-2.4581737817628513,0.0,1.7043468447729802,0,0.0,-0.22599999999999998,0,-1.9277383449448375,0.4,1,0.0,1.248107726485417,0.06,0.0,0.0,0.55,0.3,1.4018032189415692,0.383,0.233,1.0,-45.116168816336724,0.0,0.214,0.0,0.5,0.0,0.067,0,0.333,2,0.0,0.0,0.6926,1.0,0.3736,0.9875,0.4914,0.0346,0.0,0.06,0.0,0.0,0.913,0,0.0,0.0,0.0,0.196,0,0.0,0.0,0.957,1913.6,0.0,0,0.0,0.5,96.63,0.0,0.11550000000000005,0.0,-0.29460000000000003,0.0045000000000000595,-0.5085999999999999,-0.0116,0,-32,0,0.0,-1,-0.8400000000000001,-644.2199999999998,0.0,0.0,0,0.0,0.0,0.0,-0.6120000000000001,0,0.5,0.0,0.0,0.124,-417.74999999999994,80.59999999999991,0.0,0,0.0,0.0,90,-10,2
Norway,Sweden,0.0,0.8948391710228154,0.2,0.0,-0.07050475729721017,-0.04300000000000004,51.369999999999834,0.0,0.0,1.0214190794029057,0.08,0.0,0.0,0.35,0.45,1.0146546404789503,0.607,0.587,1.0,-14.038716041879646,0.0,0.214,0.0,0.5,0.0,0.213,0,0.333,2,0.0,0.0,0.5369,0.9304,0.5667,0.9844,0.7194,0.0577,0.0,0.28,0.0,0.0,0.913,0,0.0,0.0,0.0,0.438,0,0.0,0.0,0.957,1750.4,0.0,0,0.0,0.5,-0.04999999999999999,0.10000000000000003,0.557,0,0,-0.503872505555693,0.20599999999999996,0.30600000000000005,0.0,0.333,210,-0.12824285659101875,0.0,0.0,27,0.0,1.4632483804886385,0.0,-0.8363045475022246,0,0.0,0.13399999999999998,0,1.5878234837003182,0.4666666666666667,1,0.0,1.916258250425721,0.28,0.0,0.0,0.3,0.55,0.5107821349232573,0.813,0.893,1.0,-14.166958898470664,0.0,0.214,0.0,0.5,0.0,0.347,0,0.333,3,0.0,21.86,0.5445,1.0,0.3698,0.9935,1.0,0.0231,0.0,0.825,0.0,0.0,0.87,0,0.0,0.0,0.0,0.808,0,0.0,0.0,0.886,1639.0,0.0,0,0.0,0.5,-21.86,0.0,0.00759999999999994,0.0696,-0.19689999999999996,0.009099999999999997,0.28059999999999996,-0.034600000000000006,0,-34,0,0.0,0,0.5449999999999999,73.22999999999985,0.0,0.0,0,0.0,0.0,0.0,0.37000000000000005,0,0.5,0.0,0.0,-0.07099999999999995,49.81,-111.40000000000009,0.0,0,0.0,0.0,90,-20,2
France,Croatia,0.0,0.5955869346240747,0.1,0.0,-0.10575806063985915,-0.04400000000000004,655.12,0.0,0.0,1.6347003841854766,0.1,0.0,0.0,0.55,0.3,1.0065655827083355,0.52,0.48,1.0,7.345083577850144,0.0,0.214,0.0,0.5,0.0,0.16,0,0.333,3,0.0,28.669999999999998,0.5234,1.0,0.4299,0.9915,0.629,0.0231,0.0,0.635,0.0,0.0,0.87,0,0.0,0.0,0.0,0.504,0,0.0,0.0,0.879,1783.6,0.0,0,0.0,0.5,0.0,0.15000000000000002,0.49,0,0,-0.10333997490818314,0.017000000000000015,0.04700000000000004,0.0,0.333,257,-17.89179772565309,0.0,0.0,13,0.0,-0.31582495643307085,0.0,-0.06283901771841083,0,0.0,0.012999999999999984,0,0.7932125317154837,0.8666666666666667,1,0.0,2.2302873188095513,0.2,0.0,0.0,0.55,0.45,0.9032256078001524,0.537,0.527,1.0,-10.546714147802945,0.0,0.214,0.0,0.5,0.0,0.173,0,0.333,3,0.0,229.78,0.7,1.0,0.512,0.9967,1.0,0.0115,0.0,0.5,0.0,0.0,0.826,0,0.0,0.0,0.0,0.579,0,0.0,0.0,0.758,1810.6,0.0,1,0.043,0.5,-201.11,0.0,0.17659999999999998,0.0,0.0821,0.005199999999999982,0.371,-0.0116,0,1,0,0.0,1,-0.135,856.23,0.0,0.0,0,0.0,0.0,0.0,0.07499999999999996,0,0.5,0.0,0.0,-0.121,437.68,27.0,0.0,0.0,0.043,0.0,90,1,0
France,Austria,0.0,0.4639431514218957,0.01999999999999999,0.0,-0.1357006037712558,-0.08700000000000008,378.96000000000004,0.0,0.0,1.448384631006256,0.14,0.0,0.0,0.45,0.25,1.4454344454890051,0.503,0.433,1.0,-21.79073931866899,0.0,1.0,0.0,0.5,0.0,0.147,0,0.333,2,0.0,36.0,0.4562,0.728,0.4028,0.9833,0.32,0.0462,0.0,0.285,0.0,0.0,0.913,0,0.0,0.0,0.0,0.417,0,0.0,0.0,0.893,1892.0,0.0,0,0.0,0.5,0.10000000000000003,0.15000000000000002,0.503,0,0,-0.5214306341782153,0.03400000000000003,0.09400000000000003,0.0,0.333,302,-5.481127543497543,0.0,0.0,24,0.0,-0.02221183902523738,0.0,-0.42193115708156625,0,0.0,0.025999999999999995,0,0.07179520464867051,0.5833333333333334,1,0.0,1.9123277824281517,0.16,0.0,0.0,0.55,0.4,0.9240038113107898,0.537,0.527,1.0,-27.271866862166533,0.0,1.0,0.0,0.5,0.0,0.173,0,0.333,3,0.0,229.78,0.7,1.0,0.512,0.9967,1.0,0.0115,0.0,0.305,0.0,0.0,0.826,0,0.0,0.0,0.0,0.454,0,0.0,0.0,0.758,1824.0,0.0,1,0.043,0.5,-193.78,0.0,0.24379999999999996,0.272,0.10920000000000002,0.013400000000000079,0.6799999999999999,-0.034699999999999995,0,44,0,0.0,1,0.020000000000000018,572.74,0.0,0.0,0,0.0,0.0,0.0,0.03700000000000003,0,0.5,0.0,0.0,-0.135,201.71000000000004,-68.0,0.0,0.0,0.043,0.0,90,22,2
Czechia,Portugal,0.0,-0.6347746617015535,-0.07999999999999999,0.0,0.06589317906877434,0.04399999999999993,-655.6099999999998,0.0,0.0,1.941391510052837,0.18,0.0,0.0,0.4,0.5,0.6526404290137856,0.727,0.787,1.0,-4.642324643939091,0.0,1.0,0.0,0.5,0.0,0.293,0,0.333,2,0.0,96.63,0.5771,1.0,0.6682,0.983,1.0,0.0462,0.0,0.59,0.0,0.0,0.913,0,0.0,0.0,0.0,0.671,0,0.0,0.0,0.833,1846.2,0.0,0,0.0,0.5,0.0,-0.2,0.45,0,0,0.6606428445940115,-0.31,-0.46,0.0,0.333,-289,30.78967163276105,0.0,0.0,-53,0.0,-1.0317377497685305,0.0,1.269626486002927,0,0.0,-0.19999999999999998,0,-0.8254834898961227,0.0,1,0.0,1.3066168483512834,0.1,0.0,0.0,0.4,0.3,1.313283273607797,0.417,0.327,1.0,26.14734698882196,0.0,1.0,0.0,0.5,0.0,0.093,0,0.333,1,0.0,6.25,0.4928,0.7284,0.4347,0.9957,0.2866,0.0115,0.0,0.26,0.0,0.0,0.957,0,0.0,0.0,0.0,0.379,0,0.0,0.0,0.945,1985.0,0.0,0,0.0,0.5,90.38,0.0,-0.08429999999999993,-0.27159999999999995,-0.23350000000000004,0.012700000000000045,-0.7134,-0.034699999999999995,0,-25,0,0.0,-1,-0.32999999999999996,-745.9899999999998,0.0,0.0,0,0.0,0.0,0.0,-0.29200000000000004,0,0.5,0.0,0.0,0.11199999999999999,-504.67999999999995,138.79999999999995,0.0,0,0.0,0.0,90,-23,0
Spain,Switzerland,0.0,0.7547506782449551,0.16,0.0,0.0,0.0,580.01,0.0,0.0,1.198951694016914,0.06,0.0,0.0,0.5,0.35,1.191946606739559,0.487,0.387,1.0,-26.335740368814793,0.0,1.0,0.0,0.5,0.0,0.133,0,0.333,2,0.0,0.0,0.6926,1.0,0.3736,0.9875,0.4914,0.0346,0.0,0.39,0.0,0.0,0.913,0,0.0,0.0,0.0,0.321,0,0.0,0.0,0.957,1894.6,0.0,0,0.0,0.5,0.0,0.15000000000000002,0.555,0,0,-0.5422595575485751,0.22299999999999998,0.353,0.0,0.333,259,12.764854953337595,0.0,0.0,12,0.0,1.3116520849654516,0.0,-0.905459747913984,0,0.0,0.14700000000000002,0,1.421397948669458,0.6,1,0.0,1.9537023722618692,0.22,0.0,0.0,0.5,0.5,0.6496870491909839,0.71,0.74,1.0,-13.570885415477198,0.0,1.0,0.0,0.5,0.0,0.28,0,0.333,2,0.0,0.0,0.7433,1.0,0.7002,0.9915,1.0,0.0231,0.0,0.84,0.0,0.0,0.913,0,0.0,0.0,0.0,0.717,0,0.0,0.0,0.957,1752.6,0.0,0,0.0,0.5,0.0,0.0,0.05069999999999997,0.0,0.32660000000000006,0.0040000000000000036,0.5085999999999999,-0.0115,0,32,0,0.0,0,0.44999999999999996,580.01,0.0,0.0,0,0.0,0.0,0.0,0.39599999999999996,0,0.5,0.0,0.0,0.0,500.35999999999996,-142.0,0.0,0,0.0,0.0,90,2,0
Austria,Croatia,0.0,-0.37745003319645254,0.0,0.0,0.02994254313139666,0.04300000000000004,276.15999999999997,0.0,0.0,1.624086238035001,0.1,0.0,0.0,0.55,0.35,0.8786924403020491,0.607,0.587,1.0,27.12381864975365,0.0,0.214,0.0,0.5,0.0,0.213,0,0.333,3,0.0,28.669999999999998,0.5234,1.0,0.4299,0.9915,0.629,0.0231,0.0,0.86,0.0,0.0,0.87,0,0.0,0.0,0.0,0.583,0,0.0,0.0,0.879,1960.6,0.0,0,0.0,0.5,-0.10000000000000003,-0.09999999999999998,0.442,0,0,0.6293919582979814,-0.10399999999999998,-0.15399999999999997,0.0,0.333,-45,-53.33009925236958,0.0,0.0,-11,0.0,-1.7199104976597361,0.0,0.7193772892476272,0,0.0,-0.066,0,-0.42175598993822283,0.2,1,0.0,1.2466362048385484,0.1,0.0,0.0,0.45,0.25,1.5080843986000305,0.503,0.433,1.0,-26.206280602615927,0.0,0.214,0.0,0.5,0.0,0.147,0,0.333,2,0.0,36.0,0.4562,0.728,0.4028,0.9833,0.32,0.0462,0.0,0.18,0.0,0.0,0.913,0,0.0,0.0,0.0,0.358,0,0.0,0.0,0.893,1969.6,0.0,0,0.0,0.5,-7.330000000000002,0.0,-0.06719999999999998,-0.272,-0.027100000000000013,-0.008200000000000096,-0.309,0.0231,0,-43,0,0.0,0,-0.6799999999999999,283.48999999999995,0.0,0.0,0,0.0,0.0,0.0,-0.22499999999999998,0,0.5,0.0,0.0,0.014000000000000012,235.96999999999997,9.0,0.0,0,0.0,0.0,90,-21,0
Netherlands,Belgium,0.0,0.43662924998329755,0.04000000000000001,0.0,0.0,0.04399999999999993,99.98000000000013,0.0,0.0,2.126334900498169,0.22,0.0,0.0,0.6,0.4,1.1482974161520898,0.503,0.433,1.0,-13.326015230375761,0.0,0.214,0.0,0.5,0.0,0.147,0,0.333,2,0.0,0.0,0.5694,1.0,0.3031,0.9754,0.6806,0.0462,0.0,0.82,0.0,0.0,0.913,0,0.0,0.0,0.0,0.633,0,0.0,0.0,0.957,1755.2,0.0,0,0.0,0.5,-0.09999999999999998,0.0,0.511,0,0,-0.09532291891551625,0.017000000000000015,0.046999999999999986,0.0,0.333,74,32.481043629088774,0.0,0.0,6,0.0,0.38655374425752465,0.0,-0.011529433161553637,0,0.0,0.013000000000000012,0,0.41882470243816394,0.3333333333333333,1,0.0,2.5629641504814664,0.26,0.0,0.0,0.5,0.4,1.0529744972365735,0.52,0.48,1.0,19.15502839871301,0.0,0.214,0.0,0.5,0.0,0.16,0,0.333,1,0.0,0.0,0.5837,1.0,0.4972,0.9877,1.0,0.0462,0.0,0.9,0.0,0.0,0.957,0,0.0,0.0,0.0,0.771,0,0.0,0.0,0.978,1740.4,0.0,0,0.0,0.5,0.0,0.0,0.01429999999999998,0.0,0.1941,0.012299999999999978,0.3194,0.0,0,10,0,0.0,0,0.08000000000000007,99.98000000000013,0.0,0.0,0,0.0,0.0,0.0,0.138,0,0.5,0.0,0.0,0.02100000000000002,68.95000000000005,-14.799999999999955,0.0,0,0.0,0.0,90,4,2
England,Germany,0.0,-0.65324167559493,-0.14,0.0,-0.07010745684436126,-0.04300000000000004,475.71000000000004,0.0,0.0,2.3513912246326183,0.16,0.0,0.0,0.5,0.3,0.9693239583107454,0.45,0.42,1.0,-3.1441717835465646,0.0,0.214,0.0,0.5,0.0,0.12,0,0.333,2,0.0,80.0,0.7408,1.0,0.3347,0.9877,1.0,0.0462,0.0,0.45,0.0,0.0,0.913,0,0.0,0.0,0.0,0.475,0,0.0,0.0,0.849,1827.2,0.0,0,0.0,0.5,-0.15000000000000002,0.2,0.477,0,0,0.028326576268552506,0.05299999999999999,0.013000000000000012,0.0,0.333,148,-53.289153742204135,0.0,0.0,10,0.0,-0.8331980928588217,0.0,0.2773410889656256,0,0.0,0.026999999999999996,0,-1.4949861302571692,0.5333333333333333,1,0.0,1.6981495490376883,0.02,0.0,0.0,0.35,0.5,0.9976505345792979,0.503,0.433,1.0,-56.433325525750696,0.0,0.214,0.0,0.5,0.0,0.147,0,0.333,3,0.0,246.0,0.7047,1.0,0.4644,0.9905,1.0,0.0346,0.0,0.16,0.0,0.0,0.87,0,0.0,0.0,0.0,0.242,0,0.0,0.0,0.78,1797.6,0.0,0,0.0,0.5,-166.0,0.0,-0.03610000000000002,0.0,0.12969999999999998,0.0028000000000000247,0.0,-0.0116,0,-3,0,0.0,2,-0.29000000000000004,641.71,0.0,0.0,0,0.0,0.0,0.0,-0.23299999999999998,0,0.5,0.0,0.0,-0.06899999999999995,351.09000000000003,-29.600000000000136,0.0,0,0.0,0.0,90,2,1
Portugal,Spain,0.0,0.42917492119749934,0.07999999999999999,0.0,-0.10806307313800045,0.0,-32.420000000000186,0.0,0.0,1.828157541532176,0.14,0.0,0.0,0.55,0.45,0.852371477750394,0.607,0.587,1.0,-32.49822436550308,0.0,0.214,0.0,0.5,0.0,0.213,0,0.333,2,0.0,0.0,0.7433,1.0,0.7002,0.9915,1.0,0.0231,0.0,0.55,0.0,0.0,0.913,0,0.0,0.0,0.0,0.542,0,0.0,0.0,0.957,1826.6,0.0,0,0.0,0.5,-0.15000000000000002,0.04999999999999999,0.524,0,0,-0.2906386547607569,0.12,0.20000000000000007,0.0,0.333,-212,29.145690948867763,0.0,0.0,-8,0.0,0.47070287374300546,0.0,-0.6535037106226149,0,0.0,0.07999999999999999,0,0.8977086295503591,0.3333333333333333,1,0.0,2.2573324627296754,0.22,0.0,0.0,0.4,0.5,0.5617328229896371,0.727,0.787,1.0,-3.3525334166353145,0.0,0.214,0.0,0.5,0.0,0.293,0,0.333,2,0.0,96.63,0.5771,1.0,0.6682,0.983,1.0,0.0462,0.0,0.71,0.0,0.0,0.913,0,0.0,0.0,0.0,0.696,0,0.0,0.0,0.833,1869.0,0.0,0,0.0,0.5,-96.63,0.0,-0.16620000000000001,0.0,-0.03200000000000003,-0.008500000000000063,0.0,0.0231,0,0,0,0.0,1,0.15999999999999992,64.20999999999981,0.0,0.0,0,0.0,0.0,0.0,0.15399999999999991,0,0.5,0.0,0.0,-0.124,-82.61000000000001,42.40000000000009,0.0,0,0.0,0.0,90,8,0
Switzerland,Czechia,0.0,0.18591579003125802,0.0,0.0,0.04216989406922611,-0.04399999999999993,108.01999999999998,0.0,0.0,1.1246155435073197,0.08,0.0,0.0,0.4,0.3,1.6875214831996115,0.367,0.187,1.0,22.04336938644458,0.0,0.214,0.0,0.5,0.0,0.053,0,0.333,1,0.0,6.25,0.4928,0.7284,0.4347,0.9957,0.2866,0.0115,0.0,0.14,0.0,0.0,0.957,0,0.0,0.0,0.0,0.296,0,0.0,0.0,0.945,2036.4,0.0,0,0.0,0.5,0.09999999999999998,0.04999999999999999,0.544,0,0,-0.5223115077311491,0.12,0.2,0.0,0.333,242,-34.61892026308444,0.0,0.0,49,0.0,1.0207050096181596,0.0,-1.078469428610783,0,0.0,0.08000000000000002,0,0.36469994650105164,0.0,1,0.0,1.3105313335385778,0.08,0.0,0.0,0.5,0.35,1.1652099754684624,0.487,0.387,1.0,-12.57555087663986,0.0,0.214,0.0,0.5,0.0,0.133,0,0.333,2,0.0,0.0,0.6926,1.0,0.3736,0.9875,0.4914,0.0346,0.0,0.6,0.0,0.0,0.913,0,0.0,0.0,0.0,0.4,0,0.0,0.0,0.957,1988.0,0.0,0,0.0,0.5,6.25,0.0,0.19979999999999998,0.27159999999999995,-0.06109999999999999,-0.008199999999999985,0.20479999999999998,0.0231,0,-7,0,0.0,0,0.45999999999999996,101.76999999999998,0.0,0.0,0,0.0,0.0,0.0,0.10400000000000004,0,0.5,0.0,0.0,0.01200000000000001,86.93,-48.40000000000009,0.0,0,0.0,0.0,90,13,2
Qatar,Ecuador,0.0,0.44827160438766245,0.12,0.0,0.1341462911931519,0.04300000000000004,-433.53000000000026,0.0,0.0,0.7100915485875186,0.04,0.0,0.0,0.4,0.55,0.4961151665199235,0.9,1.0,1.0,-5.168313808660276,1.154,0.571,0.0,0.5,0.0,0.4,3,0.333,3,0.0,96.17999999999999,0.6952,0.5572,0.4946,0.9613,0.6396,0.1077,0.712,0.64,0.679,0.0,0.87,4,49.6,0.767,0.0,0.575,0,0.0,0.0,0.811,1767.0,0.0,0,0.0,0.5,0.0,-0.20000000000000007,0.506,0,0,0.6132831463836448,-0.19000000000000006,-0.26,0.0,0.333,-292,52.40088290505659,-0.8499999999999999,0.21500000000000008,-72,0.0,1.100148059223912,0.0,0.4924847777626764,-8,0.0,-0.12,-1,1.1999380771790598,1.0,0,0.0,1.158363152975181,0.16,0.0,0.0,0.4,0.35,1.1093983129035683,0.71,0.74,1.0,47.23256909639632,0.304,0.786,0.0,0.5,0.0,0.28,4,0.333,2,0.0,1.94,0.3644,0.0434,0.5111,0.95,0.0276,0.0615,0.68,0.96,0.645,0.0,0.913,1,50.4,0.533,0.0,0.746,0,0.0,0.0,0.955,1661.8,0.0,0,0.0,0.5,94.24,0.0,-0.33080000000000004,-0.5138,0.016500000000000015,-0.011300000000000088,-0.612,-0.046200000000000005,0,7,0,-0.03199999999999992,-1,0.31999999999999995,-527.7700000000002,-0.03400000000000003,0.0,-3,0.7999999999999972,-0.23399999999999999,0.0,0.17100000000000004,0,0.5,0.0,0.0,0.1439999999999999,-382.17,-105.20000000000005,0.0,0,0.0,0.0,90,-38,0
Senegal,Netherlands,0.0,-0.8454756571573283,-0.04000000000000001,0.0,-0.07259108200321573,-0.08699999999999997,-403.5000000000002,0.0,0.0,2.330659106004042,0.2,0.0,0.0,0.45,0.45,0.8917069435619129,0.607,0.587,1.0,26.942340844212058,1.124,1.0,0.0,0.5,0.0,0.213,1,0.333,1,0.0,0.0,0.5837,1.0,0.4972,0.9877,1.0,0.0462,0.69,0.94,0.667,0.0,0.957,7,53.6,0.7,0.0,0.746,0,0.0,0.0,0.978,1740.4,0.0,0,0.0,0.5,-0.04999999999999999,0.10000000000000003,0.497,0,0,-0.42880665938446605,0.12,0.20000000000000007,0.0,0.333,-83,-10.960154964878852,-0.43300000000000016,0.0,-8,0.0,-0.25876891299590055,0.0,-0.3839137400206132,-4,0.0,0.07999999999999999,-2,-0.35591892671413605,0.5,0,0.0,1.4851834488467135,0.16,0.0,0.0,0.4,0.55,0.4629002841774469,0.727,0.787,1.0,15.982185879333207,0.691,1.0,0.0,0.5,0.0,0.293,3,0.333,3,0.0,18.509999999999998,0.6473,1.0,0.4454,0.9908,0.7102,0.0346,0.643,0.825,0.633,0.0,0.87,3,46.4,0.767,0.0,0.758,0,0.0,0.0,0.889,1662.0,0.0,0,0.0,0.5,-18.509999999999998,0.0,0.06359999999999999,0.0,-0.05179999999999996,0.0030999999999999917,-0.28979999999999995,-0.0116,0,-17,0,-0.04699999999999993,0,-0.11499999999999999,-384.99000000000024,-0.03400000000000003,0.0,-4,-7.200000000000003,0.06700000000000006,0.0,0.01200000000000001,0,0.5,0.0,0.0,-0.08899999999999997,-337.56000000000006,-78.40000000000009,0.0,0,0.0,0.0,90,-23,0
France,Australia,0.0,0.21772586779278025,-0.06000000000000001,0.0,-0.14553285340232847,-0.08700000000000008,615.9300000000001,0.0,0.0,1.4105642938055427,0.14,0.0,0.0,0.35,0.55,0.5949429647933896,0.727,0.787,1.0,-13.580381107836056,0.0,1.0,0.0,0.5,0.0,0.293,2,0.333,2,0.0,17.33,0.4798,0.2338,0.3629,0.9783,0.143,0.0577,0.0,0.9,0.0,0.0,0.913,4,0.0,0.0,0.0,0.746,0,0.0,0.0,0.912,1663.0,0.0,0,0.0,0.5,0.20000000000000007,-0.20000000000000007,0.439,0,0,0.38275654693665073,-0.18999999999999995,-0.26,0.0,0.333,314,-42.3104673465555,0.0,0.0,29,0.0,-1.6249756889040294,0.0,0.7657509268211149,8,0.0,-0.12,1,-0.6249756889040293,0.8333333333333334,0,0.0,1.628290161598323,0.08,0.0,0.0,0.55,0.35,0.9776995117300403,0.537,0.527,1.0,-55.89084845439155,0.0,1.0,0.0,0.5,0.0,0.173,1,0.333,3,0.0,229.78,0.7,1.0,0.512,0.9967,1.0,0.0115,0.0,0.35,0.0,0.0,0.826,9,0.0,0.0,0.0,0.404,0,0.0,0.0,0.758,1857.4,0.0,1,0.043,0.5,-212.45,0.0,0.22019999999999995,0.7662,0.1491,0.018400000000000083,0.857,-0.046200000000000005,0,40,0,0.0,1,-0.55,828.3800000000001,0.0,0.0,5,0.0,0.0,0.0,-0.34199999999999997,0,0.5,0.0,0.0,-0.15400000000000003,405.47,194.4000000000001,0.0,0.0,0.043,0.0,90,-15,2
Argentina,Saudi Arabia,0.0,2.149713766479141,0.24,0.0,-0.032283203314358744,0.0,531.2499999999998,0.0,0.0,0.5707624749840634,0.06,0.0,0.0,0.25,0.55,0.5470577992397979,0.64,0.68,1.0,-0.0933460756271618,0.0,0.429,0.0,0.5,0.0,0.24,4,0.333,1,0.0,6.54,0.3742,0.1149,0.5194,0.975,0.0618,0.0692,0.0,0.425,0.0,0.0,0.87,2,0.0,0.0,0.0,0.45,0,0.0,0.0,0.901,1680.2,0.0,2,0.087,0.5,0.09999999999999998,0.09999999999999998,0.553,0,0,-0.33482842229189197,0.17299999999999993,0.21299999999999997,0.0,0.333,418,9.696695472731852,0.0,0.0,47,0.0,1.644614281697972,0.0,-0.5215460078933705,11,0.0,0.10699999999999998,3,3.07472649214873,0.3333333333333333,0,0.0,2.720476241463204,0.3,0.0,0.0,0.35,0.65,0.21222937694790595,0.813,0.893,1.0,9.60334939710469,0.0,0.429,0.0,0.5,0.0,0.347,1,0.333,3,0.0,62.19,0.5536,1.0,0.3083,0.9917,1.0,0.0231,0.0,0.96,0.0,0.0,0.87,9,0.0,0.0,0.0,0.808,0,0.0,0.0,0.818,1644.6,0.0,0,0.0,0.5,-55.65,0.0,0.1794,0.8851,-0.21109999999999995,0.016700000000000048,0.9382,-0.0461,0,0,0,0.0,0,0.5349999999999999,586.8999999999999,0.0,0.0,7,0.0,0.0,0.0,0.35800000000000004,0,0.5,0.0,0.0,-0.08300000000000007,482.26,-35.600000000000136,0.0,0.0,-0.087,0.0,90,43,0
France,Australia,0.0,0.21772586779278025,-0.06000000000000001,0.0,-0.14553285340232847,-0.08700000000000008,615.9300000000001,0.0,0.0,1.4105642938055427,0.14,0.0,0.0,0.35,0.55,0.5949429647933896,0.727,0.787,1.0,-13.580381107836056,0.323,1.0,0.0,0.5,0.0,0.293,2,0.333,2,0.0,17.33,0.4798,0.2338,0.3629,0.9783,0.143,0.0577,0.659,0.9,0.606,0.0,0.913,4,37.9,0.8,0.0,0.746,0,0.0,0.0,0.912,1663.0,0.0,0,0.0,0.5,0.20000000000000007,-0.20000000000000007,0.46,0,0,0.38275654693665073,-0.18999999999999995,-0.26,0.0,0.333,314,-42.3104673465555,2.847,0.0,29,0.0,-1.6249756889040294,0.0,0.7657509268211149,8,0.0,-0.12,1,-0.6249756889040293,0.8333333333333334,0,0.0,1.628290161598323,0.08,0.0,0.0,0.55,0.35,0.9776995117300403,0.537,0.527,1.0,-55.89084845439155,3.17,1.0,0.0,0.5,0.0,0.173,1,0.333,3,0.0,229.78,0.7,1.0,0.512,0.9967,1.0,0.0115,0.862,0.35,0.754,0.0,0.826,9,62.1,0.967,0.0,0.404,0,0.0,0.0,0.758,1857.4,0.0,1,0.043,0.5,-212.45,0.0,0.22019999999999995,0.7662,0.1491,0.018400000000000083,0.857,-0.046200000000000005,0,40,0,0.20299999999999996,1,-0.55,828.3800000000001,0.14800000000000002,0.0,5,24.200000000000003,0.16699999999999993,0.0,-0.34199999999999997,0,0.5,0.0,0.0,-0.15400000000000003,405.47,194.4000000000001,0.0,0.0,0.043,0.0,90,-15,2
Argentina,Saudi Arabia,0.0,2.149713766479141,0.24,0.0,-0.032283203314358744,0.0,531.2499999999998,0.0,0.0,0.5707624749840634,0.06,0.0,0.0,0.25,0.55,0.5470577992397979,0.64,0.68,1.0,-0.0933460756271618,0.153,0.429,0.0,0.5,0.0,0.24,4,0.333,1,0.0,6.54,0.3742,0.1149,0.5194,0.975,0.0618,0.0692,0.473,0.425,0.498,0.0,0.87,2,28.1,1.0,0.0,0.45,0,0.0,0.0,0.901,1680.2,0.0,2,0.087,0.5,0.09999999999999998,0.09999999999999998,0.576,0,0,-0.33482842229189197,0.17299999999999993,0.21299999999999997,0.0,0.333,418,9.696695472731852,2.339,0.0,47,0.0,1.644614281697972,0.0,-0.5215460078933705,11,0.0,0.10699999999999998,3,3.07472649214873,0.3333333333333333,0,0.0,2.720476241463204,0.3,0.0,0.0,0.35,0.65,0.21222937694790595,0.813,0.893,1.0,9.60334939710469,2.492,0.429,0.0,0.5,0.0,0.347,1,0.333,3,0.0,62.19,0.5536,1.0,0.3083,0.9917,1.0,0.0231,0.834,0.96,0.766,0.0,0.87,9,71.9,0.8,0.0,0.808,0,0.0,0.0,0.818,1644.6,0.0,0,0.0,0.5,-55.65,0.0,0.1794,0.8851,-0.21109999999999995,0.016700000000000048,0.9382,-0.0461,0,0,0,0.361,0,0.5349999999999999,586.8999999999999,0.268,0.0,7,43.800000000000004,-0.19999999999999996,0.0,0.35800000000000004,0,0.5,0.0,0.0,-0.08300000000000007,482.26,-35.600000000000136,0.0,0.0,-0.087,0.0,90,43,0
Germany,Japan,0.0,0.41483251493102924,0.04000000000000001,0.0,-0.10654307669769736,0.0,410.88,0.0,0.0,1.8522256633867766,0.16,0.0,0.0,0.3,0.5,0.7748713602864807,0.537,0.527,1.0,5.321640892316864,1.249,0.429,0.0,0.5,0.0,0.173,2,0.333,2,0.0,0.0,0.4989,0.8942,0.3604,0.9875,0.4305,0.0462,0.485,0.34,0.497,0.0,0.913,5,23.1,1.0,0.0,0.521,0,0.0,0.0,0.957,1795.0,0.0,0,0.0,0.5,0.25000000000000006,-0.15000000000000002,0.535,0,0,0.30815586892125735,-0.03400000000000003,-0.09400000000000003,0.0,0.333,-9,-3.9322723981711065,1.5189999999999997,0.07100000000000001,-2,0.0,0.575459081286213,0.0,0.18226762846750155,2,0.0,-0.025999999999999995,1,0.4361187790394041,0.6666666666666666,0,0.0,2.267058178317806,0.2,0.0,0.0,0.55,0.35,1.083027229207738,0.503,0.433,1.0,1.3893684941457578,2.768,0.5,0.0,0.5,0.0,0.147,1,0.333,2,0.0,80.0,0.7408,1.0,0.3347,0.9877,1.0,0.0462,0.892,0.635,0.806,0.0,0.913,6,76.9,0.467,0.0,0.554,0,0.0,0.0,0.849,1779.0,0.0,0,0.0,0.5,-80.0,0.0,0.2419,0.1058,-0.0257,0.00019999999999997797,0.5695,0.0,0,27,0,0.40700000000000003,0,0.295,490.88,0.30900000000000005,0.0,1,53.800000000000004,-0.5329999999999999,0.0,0.03300000000000003,0,0.5,0.0,0.0,-0.10799999999999998,375.56999999999994,-16.0,0.0,0,0.0,0.0,90,-14,0
Belgium,Canada,0.0,-0.018820444090939636,-0.04000000000000001,0.0,0.0,0.08700000000000008,491.9900000000001,0.0,0.0,1.6998983782815853,0.14,0.0,0.0,0.4,0.45,0.9545907275873449,0.503,0.433,1.0,-32.49873923714978,2.546,0.429,0.0,0.5,0.0,0.147,2,0.333,2,0.0,0.0,0.7,0.7052,0.3729,0.9781,0.2356,0.0808,0.704,0.595,0.654,0.0,0.826,4,53.5,0.767,0.0,0.483,0,0.0,0.0,0.913,1697.4,0.0,2,0.087,0.5,0.25,-0.15000000000000002,0.497,0,0,0.31544103638919485,0.03400000000000003,0.09400000000000003,0.0,0.333,49,10.966327557805961,-1.876,-0.07200000000000001,12,0.0,-0.3895517897632006,0.0,-0.2690932775908186,-1,0.0,0.025999999999999995,1,-0.5292606108560693,0.5,0,0.0,1.6810779341906457,0.1,0.0,0.0,0.65,0.3,1.2700317639765397,0.537,0.527,1.0,-21.532411679343817,0.67,0.357,0.0,0.5,0.0,0.173,1,0.333,2,0.0,0.0,0.5694,1.0,0.3031,0.9754,0.6806,0.0462,0.719,0.36,0.686,0.0,0.913,5,46.5,0.9,0.0,0.483,0,0.0,0.0,0.957,1786.4,0.0,0,0.0,0.5,0.0,0.0,-0.13059999999999994,0.29479999999999995,-0.06980000000000003,-0.0026999999999999247,0.44499999999999995,-0.0346,0,91,0,0.015000000000000013,0,-0.235,491.9900000000001,0.03200000000000003,0.0,1,-7.0,0.133,0.0,0.0,0,0.5,0.0,0.0,0.04399999999999993,434.44,89.0,0.0,0.0,-0.087,0.0,90,14,2
Morocco,Croatia,0.0,0.14318202090158083,0.01999999999999999,0.0,-0.08201961553553572,0.04300000000000004,-71.79000000000019,0.0,0.0,1.720959089662733,0.16,0.0,0.0,0.55,0.4,0.7635428233034949,0.727,0.787,1.0,45.86924516168358,0.85,0.5,0.0,0.5,0.0,0.293,2,0.333,3,0.0,28.669999999999998,0.5234,1.0,0.4299,0.9915,0.629,0.0231,0.842,1.0,0.741,0.0,0.87,6,66.7,0.967,0.0,0.825,0,0.0,0.0,0.879,1871.8,0.0,0,0.0,0.5,-0.20000000000000007,0.19999999999999996,0.478,0,0,-0.15728819514236092,0.08599999999999997,0.10599999999999998,0.0,0.333,148,-73.84593654634318,-0.487,-0.07100000000000001,9,0.0,-0.46956456318198736,0.0,-0.29815450772151275,3,0.0,0.05399999999999999,0,0.15541112572204274,0.5,0,0.0,1.8641411105643138,0.18,0.0,0.0,0.35,0.6,0.606254628161134,0.813,0.893,1.0,-27.976691384659603,0.363,0.429,0.0,0.5,0.0,0.347,2,0.333,2,0.0,45.480000000000004,0.5907,1.0,0.3317,0.9937,0.697,0.0385,0.579,0.875,0.571,0.0,0.913,7,33.3,1.0,0.0,0.783,0,0.0,0.0,0.884,1657.8,0.0,0,0.0,0.5,-16.810000000000006,0.0,0.06730000000000003,0.0,-0.09820000000000001,0.0021999999999999797,0.06799999999999995,0.0154,0,-30,0,-0.263,0,-0.125,-54.98000000000019,-0.17000000000000004,0.0,1,-33.400000000000006,0.03300000000000003,0.0,-0.041999999999999926,0,0.5,0.0,0.0,0.0050000000000000044,-70.97999999999999,-214.0,0.0,0,0.0,0.0,90,-24,1
Portugal,Ghana,0.0,1.0756181293038822,0.06,0.0,-0.09730116429265467,-0.04399999999999993,566.8499999999998,0.0,0.0,1.1359944570958946,0.14,0.0,0.0,0.35,0.4,0.8986414951809575,0.693,0.693,1.0,10.560249288138603,0.78,0.5,0.0,0.5,0.0,0.267,3,0.333,1,0.0,2.51,0.3596,0.6928,0.5154,0.9872,0.31,0.0346,0.621,0.74,0.597,0.0,0.957,4,38.5,1.0,0.0,0.621,0,0.0,0.0,0.976,1653.6,0.0,0,0.0,0.5,0.050000000000000044,0.04999999999999999,0.507,0,0,-0.3563281217575772,0.03400000000000003,0.09400000000000008,0.0,0.333,314,-6.075600146436381,1.317,0.0,61,0.0,-0.28505569192832514,0.0,-0.34188814105808907,5,0.0,0.025999999999999968,1,0.8214085499889354,1.0,0,0.0,2.211612586399777,0.2,0.0,0.0,0.4,0.45,0.5423133734233803,0.727,0.787,1.0,4.4846491417022225,2.097,0.5,0.0,0.5,0.0,0.293,2,0.333,2,0.0,96.63,0.5771,1.0,0.6682,0.983,1.0,0.0462,0.835,0.63,0.741,0.0,0.913,5,61.5,0.833,0.0,0.65,0,0.0,0.0,0.833,1854.2,0.0,0,0.0,0.5,-94.11999999999999,0.0,0.21749999999999997,0.30720000000000003,0.15280000000000005,-0.0041999999999999815,0.69,0.0116,0,15,0,0.21399999999999997,1,-0.10999999999999999,660.9699999999998,0.14400000000000002,0.0,1,23.0,-0.16700000000000004,0.0,0.029000000000000026,0,0.5,0.0,0.0,-0.14300000000000002,436.11999999999995,200.60000000000014,0.0,0,0.0,0.0,90,21,2
Uruguay,South Korea,0.0,-0.15842971595932287,0.0,0.0,0.0658043869591306,0.0,29.8600000000001,0.0,0.0,1.8045797351793857,0.2,0.0,0.0,0.4,0.55,0.8823175421981764,0.607,0.587,1.0,27.147833648606547,0.493,0.929,0.0,0.5,0.0,0.213,3,0.333,2,0.0,9.87,0.4535,0.1998,0.5346,0.9544,0.0709,0.0731,0.638,0.86,0.603,0.0,0.913,3,47.5,0.967,0.0,0.679,0,0.0,0.0,0.919,1727.2,0.0,0,0.0,0.5,-0.2,0.0,0.517,0,0,-0.31167101207783543,0.20599999999999996,0.30600000000000005,0.0,0.333,30,10.181162913324595,-0.07600000000000001,0.07099999999999995,3,0.0,-0.37695593977743025,0.0,-0.5647464328178384,0,0.0,0.13399999999999998,0,0.12798603622859916,0.8,0,0.0,1.6461500192200629,0.2,0.0,0.0,0.2,0.55,0.570646530120341,0.813,0.893,1.0,37.32899656193114,0.417,1.0,0.0,0.5,0.0,0.347,3,0.333,2,0.0,0.0,0.7259,0.8405,0.3833,0.9778,0.4614,0.0577,0.745,0.69,0.692,0.0,0.913,2,52.5,1.0,0.0,0.696,0,0.0,0.0,0.957,1845.6,0.0,0,0.0,0.5,9.87,0.0,0.2724,0.6407,-0.1513,0.023399999999999976,0.39049999999999996,-0.015399999999999997,0,-4,0,0.10699999999999998,0,-0.17000000000000004,19.990000000000094,0.08899999999999997,0.0,-1,5.0,0.03300000000000003,0.0,0.016999999999999904,0,0.5,0.0,0.0,0.03799999999999992,25.510000000000005,118.39999999999986,0.0,0,0.0,0.0,90,43,1
Netherlands,Ecuador,0.01200000000000001,1.3875371204131888,0.137,0.18500000000000005,0.1560350421804022,0.08699999999999997,119.75999999999999,0.0,0.216,0.8970638096020686,0.478,0.877,0.0,0.35,0.6,0.4124136758673729,0.864,1.0,1.0,6.124318266932638,1.651,0.357,0.543,1.0,0.0,0.65,3,0.333,3,0.0,96.17999999999999,0.6952,0.5572,0.4946,0.9613,0.6396,0.1077,0.64,0.735,0.616,0.719,0.87,4,44.4,1.0,0.73,0.658,0,0.0,0.0,0.811,1712.8,0.0,0,0.0,0.775,0.10000000000000003,-0.14999999999999997,0.523,0,0,0.35508560308997417,-0.254,-0.30700000000000005,0.0,0.333,97,37.48709758185811,-1.547,-0.07100000000000001,9,0.33699999999999997,0.8540115116147085,0.0,0.5724610357805373,6,0.0,-0.133,2,1.1916902658042523,0.6666666666666666,0,0.228,2.2846009300152574,0.615,1.062,0.0,0.45,0.45,0.767499278957347,0.61,0.693,1.0,43.61141584879075,0.104,0.286,0.88,1.0,0.0,0.517,1,0.333,1,0.0,0.0,0.5837,1.0,0.4972,0.9877,1.0,0.0462,0.741,0.96,0.686,0.691,0.957,7,55.6,1.0,0.708,0.794,0,0.0,0.0,0.978,1774.6,0.0,0,0.0,0.775,96.17999999999999,0.0,-0.11150000000000004,0.44279999999999997,0.002599999999999991,0.02639999999999998,0.36040000000000005,-0.061500000000000006,0,56,0,0.10099999999999998,-1,0.22499999999999998,23.58000000000004,0.07000000000000006,-0.028000000000000025,3,11.200000000000003,0.0,-0.02200000000000002,0.136,0,0.5,0.0,0.0,0.16699999999999993,87.17000000000002,61.799999999999955,0.0,0,0.0,0.0,90,-33,1
Qatar,Senegal,-0.096,-0.2812968355142259,-0.05600000000000005,-0.693,0.05070233101596544,0.04300000000000004,-149.79000000000005,0.0,0.252,1.2637126356950723,0.404,1.095,0.0,0.4,0.5,0.6916026192126099,0.488,0.633,1.0,4.027221237395578,0.903,0.286,0.86,1.0,0.0,0.477,3,0.333,3,0.0,18.509999999999998,0.6473,1.0,0.4454,0.9908,0.7102,0.0346,0.746,0.525,0.696,0.639,0.87,3,54.9,0.533,0.731,0.585,0,0.0,0.0,0.889,1681.4,0.0,0,0.0,0.775,-0.050000000000000044,-0.15000000000000002,0.474,0,0,0.5491477074767632,0.08399999999999996,0.10699999999999998,0.0,0.333,-306,45.23711668789548,0.05699999999999994,0.07100000000000001,-73,-0.16000000000000003,0.4695645631819869,0.0,-0.17141005546047394,-10,0.0,0.0030000000000000027,-1,-0.12885124808584125,0.5,0,0.156,0.9824158001808464,0.348,0.402,0.0,0.35,0.35,1.2407503266893731,0.572,0.74,1.0,49.26433792529106,0.96,0.357,0.7,1.0,0.0,0.48,4,0.333,2,0.0,1.94,0.3644,0.0434,0.5111,0.95,0.0276,0.0615,0.651,0.65,0.627,0.679,0.913,1,45.1,1.0,0.645,0.617,0,0.0,0.0,0.955,1690.4,0.0,0,0.0,0.775,16.569999999999997,0.0,-0.2829,-0.9566,0.06569999999999998,-0.04080000000000006,-0.6826000000000001,0.0269,0,-32,0,-0.09499999999999997,0,0.125,-166.36000000000004,-0.06899999999999995,0.040000000000000036,-2,-9.799999999999997,0.46699999999999997,-0.08599999999999997,0.03200000000000003,0,0.5,0.0,0.0,0.06599999999999995,-131.78,9.0,0.0,0,0.0,0.0,90,18,0
Argentina,Mexico,-0.132,1.0255762809769817,0.373,1.181,-0.0662669950980781,0.0,435.8899999999998,0.0,0.252,1.2427021596946202,0.485,0.815,0.0,0.35,0.55,0.8564201029417917,0.54,0.647,1.0,-61.04349239637628,0.206,0.286,0.918,1.0,0.0,0.503,1,0.333,3,0.0,4.65,0.4964,0.8192,0.3552,0.9812,0.2426,0.0231,0.585,0.455,0.585,0.743,0.87,9,38.1,1.0,0.814,0.47,0,0.0,0.0,0.93,1756.0,0.0,0,0.0,0.775,0.0,0.09999999999999998,0.595,0,0,-0.16725314505306577,0.135,0.04599999999999993,0.0,0.333,146,32.88784414059424,0.11900000000000002,0.0,5,-0.19100000000000006,0.18537408311090475,0.0,0.10138964319147281,1,0.0,-0.186,0,0.8940689664948476,0.8666666666666667,0,0.12,2.268278440671602,0.858,1.996,0.0,0.35,0.65,0.689166957888726,0.675,0.693,1.0,-28.155648255782044,0.325,0.286,0.727,1.0,0.0,0.317,1,0.333,3,0.0,62.19,0.5536,1.0,0.3083,0.9917,1.0,0.0231,0.771,0.4,0.712,0.848,0.87,9,61.9,0.767,0.744,0.787,0,0.0,0.0,0.818,1684.0,0.0,0,0.0,0.775,-57.54,0.0,0.05719999999999997,0.18079999999999996,-0.0469,0.010500000000000065,0.7574,0.0,0,9,0,0.18600000000000005,0,-0.05499999999999999,493.42999999999984,0.127,0.10499999999999998,0,23.799999999999997,-0.23299999999999998,-0.06999999999999995,0.31700000000000006,0,0.5,0.0,0.0,-0.1120000000000001,397.67,-72.0,0.0,0,0.0,0.0,90,17,2
Tunisia,Australia,0.04799999999999999,-0.19286975235304227,-0.15200000000000002,0.818,-0.16263160107924046,-0.04300000000000004,-195.43,0.0,0.192,1.2895569044306974,0.439,0.362,0.0,0.45,0.45,1.531791745239371,0.327,0.507,1.0,-14.303610786911989,0.359,0.286,0.85,1.0,0.0,0.463,2,0.333,2,0.0,17.33,0.4798,0.2338,0.3629,0.9783,0.143,0.0577,0.542,0.36,0.551,0.666,0.913,4,37.1,1.0,0.744,0.321,0,0.0,0.0,0.912,1851.0,0.0,0,0.0,0.775,-0.35,0.24999999999999994,0.597,0,0,-0.848908793268939,0.23200000000000004,0.19999999999999996,0.0,0.333,-201,58.84366889652916,0.6930000000000001,0.0,-45,-0.45199999999999996,0.41444014842627475,0.0,-1.1250666604916777,-10,0.0,0.08000000000000002,-2,-0.24420491892774432,0.5,0,0.24,1.096687152077655,0.287,1.18,0.0,0.1,0.7,0.682882951970432,0.559,0.707,1.0,44.54005810961717,1.052,0.286,0.398,1.0,0.0,0.543,4,0.333,3,0.0,36.44,0.3577,0.16,0.5229,0.9958,0.1064,0.0115,0.706,0.585,0.658,0.595,0.87,0,62.9,0.867,0.9,0.462,0,0.0,0.0,0.844,1726.2,0.0,0,0.0,0.775,-19.11,0.0,-0.12209999999999999,-0.0738,0.16000000000000003,0.01750000000000007,-0.036599999999999994,-0.046200000000000005,0,37,0,0.16399999999999992,0,0.22499999999999998,-176.32,0.10699999999999998,-0.07100000000000006,-4,25.799999999999997,-0.133,0.15600000000000003,0.14100000000000001,0,0.5,0.0,0.0,-0.06800000000000006,-167.26,-124.79999999999995,0.0,0,0.0,0.0,90,-33,0
Spain,Germany,-0.04799999999999999,1.163647725053075,0.267,0.0,0.10654307669769736,0.0,159.12000000000012,0.0,0.216,2.068672172900082,0.7,2.0,0.0,0.55,0.35,1.2107542220145138,0.337,0.387,1.0,-9.188165007256755,1.147,0.286,0.545,1.0,0.0,0.383,1,0.333,2,0.0,80.0,0.7408,1.0,0.3347,0.9877,1.0,0.0462,0.581,0.43,0.571,0.91,0.913,6,36.3,1.0,0.62,0.633,0,0.0,0.0,0.849,1823.0,0.0,0,0.0,0.775,-0.050000000000000044,0.15000000000000002,0.575,0,0,-0.6609145631147751,0.37299999999999994,0.353,0.0,0.333,265,-8.610134651443163,-0.507,0.0,13,0.379,1.33032219249561,0.0,-1.1153536708419027,-1,0.0,-0.10299999999999998,0,2.7712503248212843,0.5333333333333333,0,0.168,3.232319897953157,0.967,2.0,0.0,0.5,0.5,0.5498396588997386,0.71,0.74,1.0,-17.798299658699918,0.64,0.286,0.924,1.0,0.0,0.28,1,0.333,2,0.0,0.0,0.7433,1.0,0.7002,0.9915,1.0,0.0231,0.843,0.92,0.757,0.941,0.913,7,63.7,0.9,0.718,0.9,0,0.0,0.0,0.957,1774.8,0.0,0,0.0,0.775,80.0,0.0,0.0024999999999999467,0.0,0.36550000000000005,0.0038000000000000256,0.0,-0.0231,0,6,0,0.262,0,0.49000000000000005,79.12000000000012,0.18600000000000005,0.030999999999999917,1,27.400000000000006,-0.09999999999999998,0.09799999999999998,0.267,0,0.5,0.0,0.0,0.10799999999999998,114.38,-48.200000000000045,0.0,0,0.0,0.0,90,0,1
Croatia,Canada,0.10799999999999998,0.018127122274939733,0.0040000000000000036,-1.325,-0.08959654989218413,0.04400000000000004,243.31000000000003,0.0,0.132,1.4558177907080951,0.518,2.0,0.0,0.35,0.45,0.9609158770307692,0.44,0.48,1.0,-43.21128336844746,0.0,0.286,0.302,1.0,0.0,0.41,2,0.333,2,0.0,0.0,0.7,0.7052,0.3729,0.9781,0.2356,0.0808,0.704,0.43,0.0,0.703,0.826,4,0.0,0.767,0.732,0.608,0,0.0,0.0,0.913,1742.8,0.0,2,0.087,0.775,0.15000000000000002,0.0,0.464,0,0,-0.31102678126222805,0.24300000000000005,0.30700000000000005,0.0,0.333,49,85.76823050375656,0.0,0.0,13,0.518,1.14334848414838,0.0,-0.8711487519141584,-5,0.0,0.13300000000000006,0,0.1433484841483803,0.5,0,0.24,1.4739449129830349,0.522,0.675,0.0,0.5,0.45,0.6498890957685411,0.683,0.787,1.0,42.556947135309095,0.0,0.286,0.82,1.0,0.0,0.543,2,0.333,3,0.0,28.669999999999998,0.5234,1.0,0.4299,0.9915,0.629,0.0231,0.842,0.825,0.0,0.864,0.87,6,0.0,0.967,0.804,0.786,0,0.0,0.0,0.879,1910.0,0.0,0,0.0,0.775,-28.669999999999998,0.0,-0.17659999999999998,0.29479999999999995,0.056999999999999995,0.013400000000000079,0.39339999999999997,-0.0577,0,97,0,0.138,0,0.39499999999999996,271.9800000000001,0.0,0.16100000000000003,2,0.0,0.19999999999999996,0.07200000000000006,0.17800000000000005,0,0.5,0.0,0.0,-0.03400000000000003,211.62,167.20000000000005,0.0,0.0,-0.087,0.0,90,17,2
Belgium,Morocco,-0.023999999999999994,-0.018271912519580935,-0.020999999999999963,0.20300000000000007,0.17161616542771985,0.0,320.47000000000025,0.0,0.156,1.5971828204536844,0.424,0.582,0.0,0.35,0.6,0.5218081942028956,0.798,1.0,1.0,-32.63016962903949,0.991,0.286,0.85,1.0,0.0,0.65,2,0.333,2,0.0,45.480000000000004,0.5907,1.0,0.3317,0.9937,0.697,0.0385,0.589,0.725,0.579,0.576,0.913,7,35.4,0.933,0.913,0.664,0,0.0,0.0,0.884,1700.2,0.0,0,0.0,0.775,0.25,-0.25,0.495,0,0,0.564019972774013,-0.47500000000000003,-0.367,0.0,0.333,-148,24.458882128824285,-0.348,0.0,-10,0.04700000000000004,-0.32304286638458746,0.0,0.8191673072027749,1,0.0,-0.17300000000000004,1,-0.31165208496545116,0.0,0,0.132,1.5789109079341035,0.403,0.785,0.0,0.6,0.35,1.0858281669769085,0.323,0.633,1.0,-8.171287500215207,0.643,0.286,0.897,1.0,0.0,0.477,1,0.333,2,0.0,0.0,0.5694,1.0,0.3031,0.9754,0.6806,0.0462,0.855,0.55,0.764,0.729,0.913,5,64.6,0.733,0.778,0.438,0,0.0,0.0,0.957,1812.6,0.0,0,0.0,0.775,45.480000000000004,0.0,-0.021299999999999986,0.0,-0.028600000000000014,-0.018299999999999983,-0.01639999999999997,0.0076999999999999985,0,24,0,0.266,0,-0.17499999999999993,274.99000000000024,0.18500000000000005,0.15300000000000002,-2,29.199999999999996,-0.20000000000000007,-0.135,-0.22600000000000003,0,0.5,0.0,0.0,0.07299999999999995,293.79999999999995,112.39999999999986,0.0,0,0.0,0.0,90,21,0
Croatia,Canada,0.10799999999999998,0.018127122274939733,0.0040000000000000036,-1.325,-0.08959654989218413,0.04400000000000004,243.31000000000003,0.0,0.132,1.4558177907080951,0.518,2.0,0.0,0.35,0.45,0.9609158770307692,0.44,0.48,1.0,-43.21128336844746,0.287,0.286,0.302,1.0,0.0,0.41,2,0.333,2,0.0,0.0,0.7,0.7052,0.3729,0.9781,0.2356,0.0808,0.724,0.43,0.668,0.703,0.826,4,53.7,0.733,0.732,0.608,0,0.0,0.0,0.913,1742.8,0.0,2,0.087,0.775,0.15000000000000002,0.0,0.456,0,0,-0.31102678126222805,0.24300000000000005,0.30700000000000005,0.0,0.333,49,85.76823050375656,2.323,0.0,13,0.518,1.14334848414838,0.0,-0.8711487519141584,-5,0.0,0.13300000000000006,0,0.1433484841483803,0.5,0,0.24,1.4739449129830349,0.522,0.675,0.0,0.5,0.45,0.6498890957685411,0.683,0.787,1.0,42.556947135309095,2.61,0.286,0.82,1.0,0.0,0.543,2,0.333,3,0.0,28.669999999999998,0.5234,1.0,0.4299,0.9915,0.629,0.0231,0.686,0.825,0.65,0.864,0.87,6,46.3,1.0,0.804,0.786,0,0.0,0.0,0.879,1910.0,0.0,0,0.0,0.775,-28.669999999999998,0.0,-0.17659999999999998,0.29479999999999995,0.056999999999999995,0.013400000000000079,0.39339999999999997,-0.0577,0,97,0,-0.03799999999999992,0,0.39499999999999996,271.9800000000001,-0.018000000000000016,0.16100000000000003,2,-7.400000000000006,0.267,0.07200000000000006,0.17800000000000005,0,0.5,0.0,0.0,-0.03400000000000003,211.62,167.20000000000005,0.0,0.0,-0.087,0.0,90,17,2
Portugal,Uruguay,-0.192,0.9118725152570826,0.4709999999999999,0.89,-0.10806307313800045,0.0,627.5899999999997,0.0,0.3,1.4168544519349702,0.342,0.709,0.0,0.2,0.6,0.4765634150120883,0.754,0.893,1.0,50.63099448711091,1.217,0.286,0.76,1.0,0.0,0.597,3,0.333,2,0.0,0.0,0.7259,0.8405,0.3833,0.9778,0.4614,0.0577,0.588,0.585,0.576,0.757,0.913,2,36.2,0.767,0.843,0.585,0,0.0,0.0,0.957,1811.8,0.0,0,0.0,0.775,0.2,-0.14999999999999997,0.57,0,0,0.25419747318350916,-0.22399999999999998,-0.26,0.0,0.333,131,-27.946086924274308,-0.0030000000000001137,0.0,21,0.0020000000000000018,0.444676204518913,0.0,0.7023787006905956,6,0.0,-0.12,1,1.1724764722846908,0.0,0,0.108,2.3287269671920527,0.813,1.599,0.0,0.4,0.45,0.7307608881955975,0.53,0.633,1.0,22.684907562836603,1.214,0.286,0.762,1.0,0.0,0.477,2,0.333,2,0.0,96.63,0.5771,1.0,0.6682,0.983,1.0,0.0462,0.804,0.72,0.714,0.856,0.913,5,63.8,0.5,0.752,0.747,0,0.0,0.0,0.833,1849.2,0.0,0,0.0,0.775,-96.63,0.0,-0.14880000000000004,0.15949999999999998,0.28490000000000004,0.005199999999999982,0.5386,-0.011500000000000003,0,43,0,0.21600000000000008,1,0.135,724.2199999999998,0.138,0.09899999999999998,3,27.599999999999994,-0.267,-0.09099999999999997,0.16200000000000003,0,0.5,0.0,0.0,-0.124,481.2199999999999,37.40000000000009,0.0,0,0.0,0.0,90,-46,2
South Korea,Ghana,0.0,0.2895743320260564,-0.05199999999999999,-0.243,-0.05504247811378482,-0.04399999999999993,-90.60000000000005,0.0,0.3,1.2490452349560885,0.454,0.84,0.0,0.35,0.4,1.205940578755388,0.322,0.493,1.0,9.707544243628174,1.181,0.286,0.9,1.0,0.0,0.437,3,0.333,1,0.0,2.51,0.3596,0.6928,0.5154,0.9872,0.31,0.0346,0.577,0.49,0.571,0.619,0.957,4,41.0,0.967,0.84,0.361,0,0.0,0.0,0.976,1749.2,0.0,0,0.0,0.775,0.0,0.19999999999999996,0.519,0,0,-0.45382113503655086,0.338,0.247,0.0,0.333,153,14.467972696411781,0.18700000000000006,0.0,37,-0.20000000000000007,0.7018454922784871,0.0,-1.0176704487115582,-1,0.0,0.09300000000000003,0,-0.10699745032936847,0.25,0,0.3,1.538619566982145,0.402,0.597,0.0,0.35,0.6,0.7521194437188372,0.66,0.74,1.0,24.175516940039955,1.368,0.286,0.7,1.0,0.0,0.53,3,0.333,2,0.0,9.87,0.4535,0.1998,0.5346,0.9544,0.0709,0.0731,0.773,0.765,0.733,0.639,0.913,3,59.0,0.567,0.804,0.685,0,0.0,0.0,0.919,1725.6,0.0,0,0.0,0.775,-7.359999999999999,0.0,0.09390000000000004,-0.493,0.019199999999999995,-0.03279999999999994,-0.23909999999999998,0.0385,0,-24,0,0.19600000000000006,0,0.275,-83.24000000000004,0.16200000000000003,0.020000000000000018,-1,18.0,-0.4,-0.03599999999999992,0.32400000000000007,0,0.5,0.0,0.0,-0.05699999999999994,-70.61,-23.600000000000136,0.0,0,0.0,0.0,90,24,0
Brazil,Switzerland,0.07200000000000001,1.6918915537576098,0.22299999999999998,0.9359999999999999,-0.08620095165850628,-0.08700000000000008,810.0999999999999,0.0,0.18,1.1552868511811158,0.6,1.064,0.0,0.5,0.35,1.0757337784768908,0.55,0.633,1.0,-19.86910408954549,0.289,0.286,0.65,1.0,0.0,0.477,1,0.333,2,0.0,0.0,0.6926,1.0,0.3736,0.9875,0.4914,0.0346,0.689,0.75,0.648,0.739,0.913,7,41.0,0.933,0.718,0.743,0,0.0,0.0,0.957,1833.2,0.0,0,0.0,0.775,-0.25,0.4,0.602,0,0,-0.7759510196734769,0.15699999999999992,0.15400000000000003,0.0,0.333,124,44.65816470677416,0.6340000000000001,0.0,8,0.28500000000000003,0.7043468447729806,0.0,-0.45553377752594,2,0.0,0.06600000000000006,0,2.0109243310126437,0.4166666666666667,0,0.252,2.8471784049387256,0.823,2.0,0.0,0.25,0.75,0.29978275880341393,0.707,0.787,1.0,24.789060617228667,0.923,0.286,0.935,1.0,0.0,0.543,1,0.333,4,0.0,100.0,0.6844,1.0,0.3217,0.9746,1.0,0.1231,0.784,1.0,0.693,0.832,0.826,7,59.0,1.0,0.766,1.0,0,0.0,0.0,0.813,1748.4,0.0,0,0.0,0.775,-100.0,0.0,-0.008199999999999985,0.0,-0.0519,-0.012900000000000023,0.5085999999999999,0.0885,0,-14,0,0.09500000000000008,0,0.25,910.0999999999999,0.04499999999999993,0.09299999999999997,0,18.0,0.06699999999999995,0.04800000000000004,0.257,0,0.5,0.0,0.0,-0.14400000000000002,679.0699999999999,-84.79999999999995,0.0,0,0.0,0.0,90,53,2
Netherlands,Qatar,0.10200000000000001,1.1062045228488062,0.22399999999999998,-0.08399999999999996,0.021888750987250294,0.04399999999999993,553.2900000000002,0.0,0.156,0.9848651389566025,0.363,0.691,0.0,0.35,0.35,1.5003963788401378,0.467,0.54,1.0,52.24262837378353,0.144,0.286,0.82,1.0,0.0,0.45,4,0.333,2,0.0,1.94,0.3644,0.0434,0.5111,0.95,0.0276,0.0615,0.663,0.4,0.592,0.665,0.913,1,40.5,0.833,0.736,0.504,0,0.0,0.0,0.955,1741.8,0.0,0,0.0,0.807,0.15000000000000002,0.050000000000000044,0.551,0,0,-0.6932133013752408,0.10199999999999992,0.19999999999999996,0.0,0.333,389,-21.09376762089315,1.57,0.0,81,0.08000000000000007,0.9911105710753569,0.0,-0.9427687894194848,14,0.0,0.08000000000000002,3,0.7272670593536698,0.5,0,0.258,2.0910696618054088,0.587,0.607,0.0,0.5,0.4,0.8071830774648969,0.569,0.74,1.0,31.148860752890382,1.714,0.286,0.9,1.0,0.0,0.53,1,0.333,1,0.0,0.0,0.5837,1.0,0.4972,0.9877,1.0,0.0462,0.858,0.825,0.765,0.72,0.957,7,59.5,0.667,0.76,0.712,0,0.0,0.0,0.978,1805.8,0.0,0,0.0,0.807,1.94,0.0,0.2193,0.9566,-0.013900000000000023,0.03770000000000007,0.9724,-0.015300000000000001,0,49,0,0.19499999999999995,0,0.42499999999999993,551.3500000000003,0.17300000000000004,0.05499999999999994,6,19.0,-0.16599999999999993,0.02400000000000002,0.20799999999999996,0,0.5,0.0,0.0,0.02300000000000002,469.34000000000003,64.0,0.0,0,0.0,0.0,90,5,2
Qatar,Netherlands,-0.10200000000000001,-1.1062045228488062,-0.22399999999999998,0.08399999999999996,-0.021888750987250294,-0.04399999999999993,-553.2900000000002,0.0,0.258,2.0910696618054088,0.587,0.607,0.0,0.5,0.4,0.8071830774648969,0.569,0.74,1.0,31.148860752890382,0.0,0.286,0.9,1.0,0.0,0.53,1,0.333,1,0.0,0.0,0.5837,1.0,0.4972,0.9877,1.0,0.0462,0.716,0.825,0.0,0.72,0.957,7,0.0,0.85,0.76,0.712,0,0.0,0.0,0.978,1805.8,0.0,0,0.0,0.807,-0.15000000000000002,-0.050000000000000044,0.456,0,0,0.6932133013752408,-0.10199999999999992,-0.19999999999999996,0.0,0.333,-389,21.09376762089315,0.0,0.0,-81,-0.08000000000000007,-0.9911105710753569,0.0,0.9427687894194848,-14,0.0,-0.08000000000000002,-3,-0.7272670593536698,0.5,0,0.156,0.9848651389566025,0.363,0.691,0.0,0.35,0.35,1.5003963788401378,0.467,0.54,1.0,52.24262837378353,0.0,0.286,0.82,1.0,0.0,0.45,4,0.333,2,0.0,1.94,0.3644,0.0434,0.5111,0.95,0.0276,0.0615,0.665,0.4,0.0,0.665,0.913,1,0.0,0.783,0.736,0.504,0,0.0,0.0,0.955,1741.8,0.0,0,0.0,0.807,-1.94,0.0,-0.2193,-0.9566,0.013900000000000023,-0.03770000000000007,-0.9724,0.015300000000000001,0,-49,0,-0.050999999999999934,0,-0.42499999999999993,-551.3500000000003,0.0,-0.05499999999999994,-6,0.0,-0.06699999999999995,-0.02400000000000002,-0.20799999999999996,0,0.5,0.0,0.0,-0.02300000000000002,-469.34000000000003,-64.0,0.0,0,0.0,0.0,90,-5,0
Ecuador,Senegal,0.048000000000000015,-0.6087582214967874,0.006000000000000005,0.1519999999999999,-0.08344396017718647,0.0,283.74000000000024,0.0,0.204,1.5128619187675938,0.437,1.074,0.0,0.45,0.45,0.741858217038583,0.498,0.633,1.0,5.564163047979816,1.707,0.286,0.878,1.0,0.0,0.477,3,0.333,3,0.0,18.509999999999998,0.6473,1.0,0.4454,0.9908,0.7102,0.0346,0.509,0.65,0.543,0.697,0.87,3,38.8,0.6,0.688,0.6,0,0.0,0.0,0.889,1697.0,0.0,0,0.0,0.862,-0.04999999999999999,0.10000000000000003,0.538,0,0,-0.2403001504669291,0.29100000000000004,0.26,0.0,0.333,-14,-1.4134485736204683,-0.7050000000000001,0.0,-1,-0.412,-0.18393914744062823,-0.5,-0.6617880373983477,-2,0.0,0.020000000000000018,0,-0.6109449032479827,0.0,0,0.252,0.9041036972708064,0.443,1.226,0.0,0.4,0.55,0.5015580665716539,0.789,0.893,1.0,4.150714474359348,1.002,0.286,0.466,0.5,0.0,0.497,3,0.333,3,0.0,96.17999999999999,0.6952,0.5572,0.4946,0.9613,0.6396,0.1077,0.685,0.665,0.689,0.68,0.87,4,61.2,0.867,0.81,0.687,0,0.0,0.0,0.811,1710.6,0.0,0,0.0,0.65,-77.66999999999999,0.0,0.047900000000000054,-0.44279999999999997,0.049199999999999966,-0.02949999999999997,-0.07060000000000011,0.0731,0,-39,0,0.17600000000000005,1,0.015000000000000013,361.4100000000002,0.1459999999999999,-0.016999999999999904,1,22.400000000000006,0.267,0.12200000000000011,0.08700000000000008,0,0.5,0.0,0.0,-0.07799999999999996,250.39000000000001,13.599999999999909,0.0,0,0.0,-0.21199999999999997,90,56,0
Saudi Arabia,Mexico,-0.006000000000000005,-0.2586347979091177,-0.020000000000000018,0.47199999999999986,-0.03398379178371935,0.0,-95.36,0.0,0.246,1.0623053585789202,0.467,0.559,0.0,0.3,0.55,1.0157116609226535,0.486,0.493,1.0,-53.27219572240954,2.322,0.286,0.9,0.5,0.0,0.412,1,0.333,3,0.0,4.65,0.4964,0.8192,0.3552,0.9812,0.2426,0.0231,0.695,0.245,0.677,0.662,0.87,9,66.9,1.0,0.846,0.353,0,0.0,0.0,0.93,1845.6,0.0,0,0.0,0.532,0.0,-0.10000000000000003,0.53,0,0,-0.14435002317382717,-0.29,-0.07300000000000001,0.0,0.333,-272,88.65432456568715,-1.246,0.0,-42,-0.251,0.7029484245036293,0.0,-0.05776441899262319,-10,0.0,-0.04199999999999998,-3,-0.09658028990520218,0.5,0,0.24,0.8036705606698025,0.447,1.031,0.0,0.3,0.45,0.8713616377488264,0.196,0.42,1.0,35.3821288432776,1.076,0.286,0.649,0.5,0.0,0.37,4,0.333,1,0.0,6.54,0.3742,0.1149,0.5194,0.975,0.0618,0.0692,0.457,0.49,0.5,0.632,0.87,2,33.1,1.0,0.829,0.383,0,0.0,0.0,0.901,1901.0,0.0,2,0.087,0.532,-1.8899999999999997,0.0,-0.12220000000000003,-0.7043,0.16419999999999996,-0.006199999999999983,-0.18080000000000002,0.0461,0,9,0,-0.23799999999999993,0,0.245,-93.47,-0.17700000000000005,-0.030000000000000027,-7,-33.800000000000004,0.0,-0.017000000000000015,0.030000000000000027,0,0.5,0.0,0.0,-0.029000000000000026,-84.59,55.40000000000009,0.0,0.0,0.087,0.0,90,-26,0
Tunisia,France,0.126,-1.3148814865336789,-0.408,-0.7969999999999999,-0.017098747676911996,0.04400000000000004,-811.3600000000001,0.0,0.174,2.2515105633789116,0.736,2.0,0.0,0.65,0.25,0.997469003677878,0.464,0.527,1.0,-50.642976650209995,0.477,0.286,0.603,1.0,0.0,0.423,1,0.333,3,0.0,229.78,0.7,1.0,0.512,0.9967,1.0,0.0115,0.841,0.88,0.75,0.845,0.826,9,68.2,1.0,0.853,0.863,0,0.0,0.0,0.758,1835.0,0.0,1,0.043,0.807,-0.55,0.4,0.377,0,0,-0.26311587378640966,0.08000000000000002,0.07299999999999995,0.0,0.333,-515,74.9159970255734,-0.179,0.0,-74,-0.13799999999999996,-1.3298557420891177,-0.5,0.04513205360592698,-18,0.0,0.067,-3,-1.8685755056828635,0.2222222222222222,0,0.3,0.9366290768452329,0.328,1.203,0.0,0.1,0.65,0.7343531298914684,0.544,0.6,1.0,24.273020375363416,0.298,0.286,0.465,0.5,0.0,0.49,4,0.333,3,0.0,36.44,0.3577,0.16,0.5229,0.9958,0.1064,0.0115,0.553,0.405,0.558,0.653,0.87,0,31.8,1.0,0.839,0.466,0,0.0,0.0,0.844,1817.8,0.0,0,0.0,0.65,193.34,0.0,-0.34229999999999994,-0.84,0.01090000000000002,-0.0009000000000000119,-0.8936,0.0,0,-3,0,-0.2879999999999999,-1,-0.475,-1004.7,-0.19199999999999995,-0.19199999999999995,-9,-36.400000000000006,0.0,-0.014000000000000012,-0.39699999999999996,0,0.5,0.0,0.0,0.08599999999999997,-572.73,-17.200000000000045,0.0,0.0,-0.043,-0.15700000000000003,90,-18,2
Croatia,Belgium,0.09000000000000002,0.7978477675956721,0.474,0.5119999999999999,-0.08959654989218413,-0.04300000000000004,-248.68000000000006,0.0,0.144,1.3443846073416428,0.374,0.803,0.0,0.6,0.3,1.2277616166756802,0.308,0.48,1.0,-9.19174870409196,2.382,0.286,0.79,0.5,0.0,0.41,1,0.333,2,0.0,0.0,0.5694,1.0,0.3031,0.9754,0.6806,0.0462,0.786,0.33,0.685,0.806,0.913,5,50.0,0.733,0.747,0.332,0,0.0,0.0,0.957,1878.0,0.0,0,0.0,0.532,-0.09999999999999998,0.15000000000000002,0.602,0,0,-0.4871301537896968,0.293,0.20000000000000007,0.0,0.333,0,73.0333258975504,-1.6870000000000003,0.0,1,0.15699999999999992,1.5246524625367734,0.5,-0.5938076629485323,-4,0.0,0.08000000000000002,-1,1.9454087936563962,0.26666666666666666,0,0.234,2.142232374937315,0.848,1.315,0.0,0.5,0.45,0.7406314628859834,0.601,0.68,1.0,63.841577193458434,0.695,0.286,0.947,1.0,0.0,0.49,2,0.333,3,0.0,28.669999999999998,0.5234,1.0,0.4299,0.9915,0.629,0.0231,0.764,0.9,0.668,0.778,0.87,6,50.0,0.733,0.889,0.913,0,0.0,0.0,0.879,1847.6,0.0,0,0.0,0.925,-28.669999999999998,0.0,-0.04600000000000004,0.0,0.12680000000000002,0.016100000000000003,-0.05159999999999998,-0.0231,0,7,0,-0.02200000000000002,0,0.5700000000000001,-220.01000000000005,-0.017000000000000015,-0.028000000000000025,1,0.0,0.0,0.14200000000000002,0.581,0,0.5,0.0,0.0,-0.07799999999999996,-222.82,-30.40000000000009,0.0,0,0.0,0.393,90,4,1
Japan,Spain,0.07799999999999999,-1.303151803108429,-0.424,-0.20399999999999996,0.0,0.0,-570.0000000000001,0.0,0.126,2.921375542100654,0.887,1.335,0.0,0.5,0.5,0.6125434037447802,0.658,0.787,1.0,-24.746396646198633,0.858,0.286,0.975,1.0,0.0,0.543,1,0.333,2,0.0,0.0,0.7433,1.0,0.7002,0.9915,1.0,0.0231,0.932,0.825,0.861,0.912,0.913,7,87.5,0.767,0.749,0.902,0,0.0,0.0,0.957,1773.6,0.0,0,0.0,0.925,-0.15000000000000002,-0.04999999999999999,0.377,0,0,0.21966060262160825,-0.386,-0.36700000000000005,0.0,0.333,-256,15.226923417702995,0.29999999999999993,0.0,-11,-0.16100000000000003,-1.3355719583647407,-0.5,0.7480804781095567,-1,0.0,-0.17300000000000004,-1,-2.699600044711266,0.0,0,0.204,1.618223738992225,0.463,1.131,0.0,0.35,0.45,0.8322040063663885,0.272,0.42,1.0,-9.519473228495638,1.158,0.286,0.814,0.5,0.0,0.37,2,0.333,2,0.0,0.0,0.4989,0.8942,0.3604,0.9875,0.4305,0.0462,0.424,0.33,0.444,0.641,0.913,5,12.5,0.967,0.79,0.423,0,0.0,0.0,0.957,1859.8,0.0,0,0.0,0.444,0.0,0.0,-0.24439999999999995,-0.1058,-0.33980000000000005,-0.0040000000000000036,-0.5695,0.0231,0,-33,0,-0.508,0,-0.49499999999999994,-570.0000000000001,-0.417,-0.271,-2,-75.0,0.19999999999999996,0.041000000000000036,-0.47900000000000004,0,0.5,0.0,0.0,0.0,-489.94999999999993,86.20000000000005,0.0,0,0.0,-0.48100000000000004,90,14,2
Canada,Morocco,-0.04200000000000001,-0.33021052103777015,-0.057999999999999996,0.484,0.17161616542771985,-0.08700000000000008,-171.51999999999984,0.0,0.168,1.6532920405234415,0.479,0.788,0.0,0.35,0.6,0.44912447491438784,0.81,1.0,1.0,-12.090287330357732,0.426,0.286,0.9,0.5,0.0,0.65,2,0.333,2,0.0,45.480000000000004,0.5907,1.0,0.3317,0.9937,0.697,0.0385,0.599,0.815,0.6,0.578,0.913,7,38.5,1.0,0.852,0.698,0,0.0,0.0,0.884,1794.4,0.0,0,0.0,0.65,0.050000000000000044,-0.19999999999999996,0.437,0,0,1.3475049647320463,-0.657,-0.86,0.0,0.333,-197,-39.618077557319204,0.6700000000000002,0.0,-22,-0.405,-1.6146878397100357,0.0,2.693489271765953,2,0.0,-0.36000000000000004,0,-0.31389332775161183,0.0,1,0.126,1.3230815194856713,0.421,1.272,0.0,0.4,0.4,1.7966294396464342,0.153,0.14,1.0,-51.708364887676936,1.096,0.286,0.495,0.5,0.0,0.29,2,0.333,2,0.0,0.0,0.7,0.7052,0.3729,0.9781,0.2356,0.0808,0.776,0.16,0.721,0.717,0.826,4,61.5,0.733,0.726,0.29,0,0.0,0.0,0.913,1816.6,0.0,2,0.087,0.65,45.480000000000004,0.0,0.10929999999999995,-0.29479999999999995,0.041200000000000014,-0.015600000000000058,-0.4613999999999999,0.0423,0,-66,0,0.17700000000000005,0,-0.6549999999999999,-216.99999999999986,0.121,0.139,-3,23.0,-0.267,-0.126,-0.408,0,0.5,0.0,0.0,0.029000000000000026,-140.64,22.199999999999818,0.0,0.0,0.087,0.0,90,8,0
South Korea,Portugal,0.13799999999999998,-0.6654551364113617,-0.356,-0.31299999999999994,0.04225868617886985,0.0,-657.4499999999998,0.0,0.162,2.2829379227282183,0.742,1.478,0.0,0.35,0.5,0.5997785149658684,0.59,0.74,1.0,22.22586777783375,0.974,0.286,0.885,0.5,0.0,0.53,2,0.333,2,0.0,96.63,0.5771,1.0,0.6682,0.983,1.0,0.0462,0.812,0.88,0.739,0.837,0.913,5,62.4,0.6,0.693,0.83,0,0.0,0.0,0.833,1832.4,0.0,0,0.0,0.532,0.050000000000000044,0.050000000000000044,0.437,0,0,0.48734766796479556,-0.009000000000000008,-0.09299999999999997,0.0,0.333,-161,-23.815886301342914,0.42500000000000004,0.0,-24,-0.15500000000000003,-1.1154204288475194,0.5,0.4910498420924003,-6,0.0,-0.027000000000000024,-1,-1.3813404937893188,1.0,0,0.3,1.6174827863168566,0.386,1.165,0.0,0.4,0.55,1.087126182930664,0.581,0.647,1.0,-1.5900185235091655,1.399,0.286,0.73,1.0,0.0,0.503,3,0.333,2,0.0,9.87,0.4535,0.1998,0.5346,0.9544,0.0709,0.0731,0.599,0.485,0.591,0.713,0.913,3,37.6,0.6,0.731,0.54,0,0.0,0.0,0.919,1682.8,0.0,0,0.0,0.807,86.75999999999999,0.0,-0.12359999999999993,-0.8002,-0.13360000000000005,-0.02859999999999996,-0.9291,0.0269,0,-39,0,-0.21300000000000008,-1,-0.395,-744.2099999999998,-0.14800000000000002,-0.124,-2,-24.799999999999997,0.0,0.038000000000000034,-0.2899999999999999,0,0.5,0.0,0.0,0.08600000000000008,-506.72999999999996,-149.60000000000014,0.0,0,0.0,0.275,90,3,2
South Korea,Portugal,0.13799999999999998,-0.6654551364113617,-0.356,-0.31299999999999994,0.04225868617886985,0.0,-657.4499999999998,0.0,0.162,2.2829379227282183,0.742,1.478,0.0,0.35,0.5,0.5997785149658684,0.59,0.74,1.0,22.22586777783375,0.0,0.286,0.885,0.5,0.0,0.53,2,0.333,2,0.0,96.63,0.5771,1.0,0.6682,0.983,1.0,0.0462,0.819,0.88,0.0,0.837,0.913,5,0.0,0.667,0.693,0.83,0,0.0,0.0,0.833,1832.4,0.0,0,0.0,0.532,0.050000000000000044,0.050000000000000044,0.451,0,0,0.48734766796479556,-0.009000000000000008,-0.09299999999999997,0.0,0.333,-161,-23.815886301342914,0.0,0.0,-24,-0.15500000000000003,-1.1154204288475194,0.5,0.4910498420924003,-6,0.0,-0.027000000000000024,-1,-1.3813404937893188,1.0,0,0.3,1.6174827863168566,0.386,1.165,0.0,0.4,0.55,1.087126182930664,0.581,0.647,1.0,-1.5900185235091655,0.0,0.286,0.73,1.0,0.0,0.503,3,0.333,2,0.0,9.87,0.4535,0.1998,0.5346,0.9544,0.0709,0.0731,0.706,0.485,0.0,0.713,0.913,3,0.0,0.767,0.731,0.54,0,0.0,0.0,0.919,1682.8,0.0,0,0.0,0.807,86.75999999999999,0.0,-0.12359999999999993,-0.8002,-0.13360000000000005,-0.02859999999999996,-0.9291,0.0269,0,-39,0,-0.11299999999999999,-1,-0.395,-744.2099999999998,0.0,-0.124,-2,0.0,0.09999999999999998,0.038000000000000034,-0.2899999999999999,0,0.5,0.0,0.0,0.08600000000000008,-506.72999999999996,-149.60000000000014,0.0,0,0.0,0.275,90,3,2
Ghana,Uruguay,0.04799999999999999,0.2953362469261165,0.16699999999999998,-0.04300000000000004,-0.01076190884534578,0.04399999999999993,60.73999999999995,0.0,0.252,1.2194979282137826,0.421,0.933,0.0,0.2,0.55,0.703362584904925,0.608,0.74,1.0,34.00219017749951,1.637,0.286,0.814,0.5,0.0,0.53,3,0.333,2,0.0,0.0,0.7259,0.8405,0.3833,0.9778,0.4614,0.0577,0.631,0.405,0.632,0.674,0.913,2,39.7,1.0,0.786,0.53,0,0.0,0.0,0.957,1827.8,0.0,0,0.0,0.532,0.2,-0.15000000000000002,0.505,0,0,0.620482440065258,-0.259,-0.293,0.0,0.333,-183,-6.679616279934059,-0.244,0.0,-40,0.1110000000000001,0.7110929624718945,0.0,0.9335213192260778,1,0.0,-0.10700000000000004,0,0.8429787714643373,0.3333333333333333,0,0.3,1.514834175139899,0.588,0.89,0.0,0.4,0.4,1.323845024970183,0.349,0.447,1.0,27.322573897565448,1.393,0.286,0.925,0.5,0.0,0.423,3,0.333,1,0.0,2.51,0.3596,0.6928,0.5154,0.9872,0.31,0.0346,0.696,0.67,0.646,0.591,0.957,4,60.3,1.0,0.821,0.487,0,0.0,0.0,0.976,1847.4,0.0,0,0.0,0.532,-2.51,0.0,-0.3663,-0.14770000000000005,0.1321,0.009399999999999964,-0.15139999999999998,-0.023100000000000002,0,28,0,0.06499999999999995,0,0.265,63.24999999999994,0.014000000000000012,-0.08300000000000007,2,20.599999999999994,0.0,0.03499999999999992,-0.04300000000000004,0,0.5,0.0,0.0,0.019000000000000017,45.099999999999994,19.600000000000136,0.0,0,0.0,0.0,90,-67,0
Argentina,Australia,-0.12799999999999997,1.0312582631291582,0.33,0.9279999999999999,-0.03858914958320214,-0.04300000000000004,310.7199999999998,0.0,0.296,1.1747855965273284,0.437,0.542,0.0,0.4,0.5,1.1284975279088352,0.428,0.507,1.0,14.049754940650297,0.426,0.214,0.9,0.667,0.0,0.463,2,0.333,2,0.0,17.33,0.4798,0.2338,0.3629,0.9783,0.143,0.0577,0.626,0.68,0.6,0.559,0.913,4,29.6,0.8,0.78,0.419,0,0.0,0.0,0.912,1880.4,0.0,0,0.0,0.742,-0.10000000000000003,0.19999999999999996,0.603,0,0,-0.6252483910039623,0.24300000000000005,0.18599999999999994,0.0,0.333,288,-42.848063641602785,1.056,0.0,28,-0.09099999999999997,0.0,0.0,-0.6992054880415759,7,0.0,-0.04600000000000004,1,0.9080997521508947,1.0,0,0.168,2.2060438596564866,0.767,1.47,0.0,0.3,0.7,0.5032491369048728,0.671,0.693,1.0,-28.798308700952486,1.482,0.214,0.809,0.667,0.0,0.417,1,0.333,3,0.0,62.19,0.5536,1.0,0.3083,0.9917,1.0,0.0231,0.881,0.68,0.745,0.895,0.87,9,70.4,1.0,0.73,0.762,0,0.0,0.0,0.818,1754.2,0.0,0,0.0,0.556,-44.86,0.0,0.07379999999999998,0.7662,-0.05459999999999998,0.013400000000000079,0.857,-0.034600000000000006,0,9,0,0.255,0,0.0,355.57999999999987,0.14500000000000002,0.33599999999999997,5,40.800000000000004,0.19999999999999996,-0.050000000000000044,0.343,0,0.5,0.0,0.0,-0.09400000000000008,291.69000000000005,-126.20000000000005,0.0,0,0.0,-0.18599999999999994,90,40,2
England,Senegal,-0.064,0.675117740848499,0.279,0.20799999999999996,-0.10405945153884288,0.0,910.0999999999999,0.0,0.216,1.5734180652719851,0.498,1.217,0.0,0.45,0.45,0.7778153083565222,0.413,0.527,1.0,11.345588556980246,0.973,0.357,0.844,1.0,0.0,0.423,3,0.333,3,0.0,18.509999999999998,0.6473,1.0,0.4454,0.9908,0.7102,0.0346,0.604,0.74,0.593,0.629,0.87,3,36.7,0.767,0.682,0.627,0,0.0,0.0,0.889,1784.2,0.0,0,0.0,0.834,-0.04999999999999999,0.0,0.531,0,0,0.26001253654002787,0.09000000000000002,0.013000000000000012,0.0,0.333,181,-69.27563026112824,0.04700000000000004,0.0,14,0.04400000000000004,-0.27944788479042915,-0.33299999999999996,-0.07793622019867463,2,0.0,0.027000000000000024,2,0.7928137702647331,0.5,0,0.152,2.248535806120484,0.777,1.425,0.0,0.4,0.45,1.0378278448965501,0.503,0.54,1.0,-57.930041704147996,1.02,0.357,0.888,0.667,0.0,0.45,1,0.333,3,0.0,246.0,0.7047,1.0,0.4644,0.9905,1.0,0.0346,0.813,0.735,0.731,0.884,0.87,7,63.3,1.0,0.666,0.68,0,0.0,0.0,0.78,1838.6,0.0,0,0.0,0.697,-227.49,0.0,0.05740000000000001,0.0,0.01899999999999996,-0.00029999999999996696,0.28979999999999995,0.0,0,17,0,0.20899999999999996,2,-0.0050000000000000044,1137.59,0.138,0.255,4,26.599999999999994,0.23299999999999998,-0.016000000000000014,0.05300000000000005,0,0.5,0.0,0.0,-0.10899999999999999,741.47,54.399999999999864,0.0,0,0.0,-0.137,90,26,2
Japan,Croatia,-0.01999999999999999,-0.15783776034189767,-0.26099999999999995,-0.129,0.08959654989218413,0.04300000000000004,-31.330000000000155,0.0,0.204,1.8219415846918852,0.695,1.176,0.0,0.45,0.5,0.6009758947428974,0.605,0.787,1.0,75.12958699826686,3.988,0.286,0.906,1.0,0.0,0.543,2,0.333,3,0.0,28.669999999999998,0.5234,1.0,0.4299,0.9915,0.629,0.0231,0.828,0.765,0.701,0.78,0.87,6,59.3,0.833,0.833,0.735,0,0.0,0.0,0.879,1856.6,0.0,0,0.0,0.963,-0.04999999999999999,-0.09999999999999998,0.43,0,0,0.2618990577153705,-0.308,-0.36700000000000005,0.0,0.333,33,-71.18164562748684,0.2150000000000003,0.0,3,-0.272,-0.6747524062301775,-0.667,0.7303735139970726,4,0.0,-0.17300000000000004,0,-0.7215206004733556,0.3333333333333333,0,0.184,1.6641038243499875,0.434,1.047,0.0,0.4,0.4,0.8628749524582678,0.297,0.42,1.0,3.9479413707800095,4.203,0.286,0.634,0.333,0.0,0.37,2,0.333,2,0.0,0.0,0.4989,0.8942,0.3604,0.9875,0.4305,0.0462,0.671,0.55,0.586,0.566,0.913,5,40.7,1.0,0.795,0.42,0,0.0,0.0,0.957,1926.8,0.0,0,0.0,0.352,28.669999999999998,0.0,-0.024499999999999966,-0.1058,-0.0695,-0.0040000000000000036,-0.1985,0.0231,0,-21,0,-0.15699999999999992,0,-0.21499999999999997,-60.00000000000017,-0.11499999999999999,-0.21400000000000008,-1,-18.599999999999994,0.16700000000000004,-0.03799999999999992,-0.315,0,0.5,0.0,0.0,0.07799999999999996,-30.97999999999999,70.20000000000005,0.0,0,0.0,-0.611,90,15,1
Brazil,South Korea,-0.068,0.16856516741454008,0.125,0.494,-0.020396564699375674,-0.08700000000000008,919.9599999999999,0.0,0.264,1.7229059856334639,0.474,1.21,0.0,0.45,0.5,1.0708263710678232,0.504,0.587,1.0,43.840740953811945,0.345,0.214,0.781,0.667,0.0,0.463,3,0.333,2,0.0,9.87,0.4535,0.1998,0.5346,0.9544,0.0709,0.0731,0.74,0.74,0.661,0.673,0.913,3,47.5,1.0,0.71,0.627,0,0.0,0.0,0.919,1788.6,0.0,0,0.0,0.624,-0.2,0.15000000000000002,0.516,0,0,-0.6069146555204199,0.10299999999999998,0.09300000000000008,0.0,0.333,238,-49.42932945327623,2.9160000000000004,0.0,28,-0.137,-0.6732090614221746,0.0,-0.44781917456324094,7,0.0,0.02699999999999997,2,-0.40515195805088133,1.0,0,0.196,1.891471153048004,0.599,1.704,0.0,0.25,0.65,0.4639117155474033,0.607,0.68,1.0,-5.588588499464285,3.261,0.214,0.644,0.667,0.0,0.49,1,0.333,4,0.0,100.0,0.6844,1.0,0.3217,0.9746,1.0,0.1231,0.81,0.4,0.709,0.816,0.826,7,52.5,0.933,0.782,0.738,0,0.0,0.0,0.813,1743.6,0.0,0,0.0,0.545,-90.13,0.0,0.2309,0.8002,-0.21289999999999998,0.020199999999999996,0.9291,0.05,0,-7,0,0.07000000000000006,0,-0.33999999999999997,1010.0899999999999,0.04799999999999993,0.1429999999999999,4,5.0,-0.06699999999999995,0.07200000000000006,0.11099999999999999,0,0.5,0.0,0.0,-0.1060000000000001,768.05,-45.0,0.0,0,0.0,-0.07899999999999996,90,40,2
Morocco,Spain,0.03199999999999997,-0.9740524687782386,-0.374,-0.5200000000000001,-0.17161616542771985,0.0,-610.4600000000002,0.0,0.14,2.6537432547940525,0.848,1.233,0.0,0.5,0.5,0.813103343250457,0.531,0.633,1.0,-35.57606738693869,2.845,0.357,0.967,1.0,0.0,0.477,1,0.333,2,0.0,0.0,0.7433,1.0,0.7002,0.9915,1.0,0.0231,0.907,0.525,0.822,0.922,0.913,7,78.9,0.767,0.743,0.763,0,0.0,0.0,0.957,1764.8,0.0,0,0.0,0.822,-0.09999999999999998,0.050000000000000044,0.465,0,0,-0.27994799911809987,0.17899999999999994,0.26,0.0,0.333,-141,34.59136813735563,0.859,0.0,-5,-0.07499999999999996,0.6877062974847137,-0.33299999999999996,-0.6503972559792119,-2,0.0,0.12,-1,-1.8400891350963886,0.3333333333333333,0,0.172,1.679690786015814,0.474,0.713,0.0,0.4,0.55,0.5331553441323571,0.71,0.893,1.0,-0.984699249583056,3.704,0.357,0.892,0.667,0.0,0.597,2,0.333,2,0.0,45.480000000000004,0.5907,1.0,0.3317,0.9937,0.697,0.0385,0.488,0.86,0.47,0.583,0.913,7,21.1,1.0,0.88,0.669,0,0.0,0.0,0.884,1817.8,0.0,0,0.0,0.71,-45.480000000000004,0.0,-0.15259999999999996,0.0,-0.36850000000000005,0.0021999999999999797,-0.30300000000000005,0.0154,0,-43,0,-0.41900000000000004,0,0.33499999999999996,-564.9800000000001,-0.352,-0.3390000000000001,0,-57.800000000000004,0.23299999999999998,0.137,-0.09399999999999997,0,0.5,0.0,0.0,-0.07299999999999995,-529.9499999999999,53.0,0.0,0,0.0,-0.11199999999999999,90,-26,1
Portugal,Switzerland,0.008000000000000007,0.6965518860663753,0.10200000000000009,0.19500000000000006,-0.10806307313800045,0.0,547.5899999999998,0.0,0.192,1.2548884984307893,0.568,1.169,0.0,0.45,0.35,1.18809868400081,0.411,0.48,1.0,-9.308845202147113,1.272,0.286,0.571,1.0,0.0,0.41,1,0.333,2,0.0,0.0,0.6926,1.0,0.3736,0.9875,0.4914,0.0346,0.733,0.63,0.675,0.691,0.913,7,56.9,0.533,0.784,0.608,0,0.0,0.0,0.957,1764.4,0.0,0,0.0,0.866,-0.04999999999999999,0.15000000000000002,0.496,0,0,-0.21810997051322256,0.04300000000000004,0.06000000000000005,0.0,0.333,47,-4.354646572523812,1.0119999999999998,0.0,4,0.3440000000000001,-0.3881533694938495,-0.33299999999999996,0.10593103350515198,1,0.0,0.040000000000000036,-1,0.5833186087875646,0.6,0,0.2,1.9514403844971646,0.67,1.364,0.0,0.4,0.5,0.9699887134875875,0.454,0.54,1.0,-13.663491774670925,2.284,0.286,0.915,0.667,0.0,0.45,2,0.333,2,0.0,96.63,0.5771,1.0,0.6682,0.983,1.0,0.0462,0.678,0.4,0.654,0.834,0.913,5,43.1,0.767,0.685,0.637,0,0.0,0.0,0.833,1783.4,0.0,0,0.0,0.561,-96.63,0.0,-0.11550000000000005,0.0,0.29460000000000003,-0.0045000000000000595,0.5085999999999999,0.0116,0,33,0,-0.05499999999999994,1,-0.22999999999999998,644.2199999999998,-0.02100000000000002,0.14300000000000002,-2,-13.799999999999997,0.23399999999999999,-0.09899999999999998,0.029000000000000026,0,0.5,0.0,0.0,-0.124,417.74999999999994,19.0,0.0,0,0.0,-0.30499999999999994,90,11,2
Croatia,Brazil,0.048000000000000015,-0.48501902739721614,0.08399999999999996,-0.39600000000000013,-0.0033955982336778545,0.04400000000000004,-768.7599999999999,0.0,0.183,2.1997690080878587,0.631,1.778,0.0,0.3,0.6,0.5458828400945102,0.605,0.68,1.0,-4.272452552082558,4.95,0.286,0.557,0.75,0.0,0.49,1,0.333,4,0.0,100.0,0.6844,1.0,0.3217,0.9746,1.0,0.1231,0.823,0.55,0.688,0.82,0.826,7,49.6,0.967,0.784,0.725,0,0.0,0.0,0.813,1778.4,0.0,0,0.0,0.538,0.2,-0.14999999999999997,0.488,0,0,0.11797223231571519,-0.182,0.0,0.0,0.333,-154,74.05933816117246,-1.1830000000000003,0.0,-10,0.12,-0.019777244536360872,0.25,-0.07740301178656639,-6,0.0,0.0,-1,0.12303803119991064,0.08333333333333333,0,0.231,1.7147499806906426,0.715,1.382,0.0,0.5,0.45,0.6638550724102253,0.423,0.68,1.0,69.78688560908991,3.767,0.286,0.677,1.0,0.0,0.49,2,0.333,3,0.0,28.669999999999998,0.5234,1.0,0.4299,0.9915,0.629,0.0231,0.823,0.66,0.682,0.812,0.87,6,50.4,1.0,0.813,0.644,0,0.0,0.0,0.879,1900.6,0.0,0,0.0,0.929,71.33,0.0,-0.16100000000000003,0.0,0.10820000000000002,0.016900000000000026,-0.371,-0.1,0,34,0,0.0,0,0.10999999999999999,-840.0899999999999,-0.005999999999999894,-0.007999999999999896,-1,0.7999999999999972,0.03300000000000003,0.028999999999999915,-0.08099999999999996,0,0.5,0.0,0.0,0.06600000000000006,-637.6800000000001,122.19999999999982,0.0,0,0.0,0.391,90,-52,1
Netherlands,Argentina,0.026999999999999996,0.049068616942959054,0.017000000000000015,-0.4590000000000001,0.08841090671291696,0.08699999999999997,-1.2499999999995453,0.0,0.177,2.1773435934997436,0.649,1.462,0.0,0.3,0.7,0.5651442672471066,0.577,0.587,1.0,-27.304507435637298,5.857,0.429,0.674,0.5,0.0,0.388,1,0.333,3,0.0,62.19,0.5536,1.0,0.3083,0.9917,1.0,0.0231,0.778,0.8,0.655,0.896,0.87,9,52.9,1.0,0.758,0.713,0,0.0,0.0,0.818,1779.0,0.0,0,0.0,0.526,0.25000000000000006,-0.24999999999999994,0.506,0,0,0.06896869293258912,0.026000000000000023,0.20000000000000007,0.0,0.333,-157,56.89717492330824,-1.37,0.0,-7,0.259,0.543933014061952,0.5,-0.41508176597611024,-1,0.0,0.15500000000000003,0,0.4156149743882185,0.6666666666666666,0,0.204,2.2264122104427027,0.666,1.003,0.0,0.55,0.45,0.6341129601796958,0.603,0.787,1.0,29.592667487670944,4.487,0.429,0.933,1.0,0.0,0.543,1,0.333,1,0.0,0.0,0.5837,1.0,0.4972,0.9877,1.0,0.0462,0.788,0.94,0.674,0.755,0.957,7,47.1,1.0,0.756,0.789,0,0.0,0.0,0.978,1751.0,0.0,0,0.0,0.89,62.19,0.0,0.030100000000000016,0.0,0.18889999999999996,-0.0040000000000000036,0.0,0.0231,0,34,0,0.010000000000000009,0,0.1399999999999999,-63.4399999999996,0.019000000000000017,-0.14100000000000001,-2,-5.799999999999997,0.0,-0.0020000000000000018,0.07600000000000007,0,0.5,0.0,0.0,0.16000000000000003,-32.129999999999995,-28.0,0.0,0,0.0,0.364,90,-55,1
Morocco,Portugal,-0.023999999999999994,-1.1207373065890571,-0.18900000000000006,-0.4610000000000001,-0.06355309228971939,0.0,-578.04,0.0,0.195,2.5445656562678867,0.782,1.496,0.0,0.4,0.5,0.9741690463159889,0.363,0.433,1.0,-13.66349177467093,0.744,0.286,0.956,0.75,0.0,0.397,2,0.333,2,0.0,96.63,0.5771,1.0,0.6682,0.983,1.0,0.0462,0.871,0.55,0.794,0.796,0.913,5,73.7,0.6,0.696,0.665,0,0.0,0.0,0.833,1798.2,0.0,0,0.0,0.566,0.0,0.050000000000000044,0.487,0,0,-0.5152779889476226,0.28700000000000003,0.46,0.0,0.333,71,12.76526034335396,0.22799999999999998,0.0,3,-0.239,0.3927312752084544,0.0,-1.163695452497775,-2,0.0,0.19999999999999996,0,-1.608335141615762,0.0,0,0.171,1.4238283496788295,0.593,1.035,0.0,0.4,0.55,0.45889105736836633,0.65,0.893,1.0,-0.8982314313169706,0.972,0.286,0.717,0.75,0.0,0.597,2,0.333,2,0.0,45.480000000000004,0.5907,1.0,0.3317,0.9937,0.697,0.0385,0.476,0.765,0.497,0.56,0.913,7,26.3,0.9,0.91,0.693,0,0.0,0.0,0.884,1884.8,0.0,0,0.0,0.766,51.14999999999999,0.0,0.013600000000000056,0.0,-0.3365,0.010700000000000043,-0.30300000000000005,-0.0076999999999999985,0,-43,0,-0.395,-1,0.21499999999999997,-629.1899999999999,-0.29700000000000004,-0.236,2,-47.400000000000006,0.30000000000000004,0.21400000000000008,0.027999999999999914,0,0.5,0.0,0.0,0.051000000000000045,-447.3399999999999,86.59999999999991,0.0,0,0.0,0.20000000000000007,90,-34,2
England,France,0.0030000000000000027,0.2945326738872396,0.15900000000000003,-0.22899999999999987,0.018704076989984664,0.04400000000000004,200.13999999999987,0.0,0.162,2.073272705624606,0.711,1.525,0.0,0.6,0.25,0.9772466793719837,0.374,0.467,1.0,-52.43779768652299,0.839,0.429,0.897,0.75,0.0,0.383,1,0.333,3,0.0,229.78,0.7,1.0,0.512,0.9967,1.0,0.0115,0.615,0.75,0.611,0.833,0.826,9,39.5,0.5,0.85,0.825,0,0.0,0.0,0.758,1765.2,0.0,1,0.043,0.528,-0.25,0.25,0.519,0,0,-0.0912782777043808,0.20799999999999996,0.18,0.0,0.333,-85,-4.310354217338805,1.5140000000000002,0.0,-2,0.07099999999999995,0.06219740016857589,-0.25,-0.2986877161336212,-4,0.0,0.12,0,0.5058071878632711,0.26666666666666666,0,0.165,2.3678053795118457,0.87,1.296,0.0,0.35,0.5,0.8859684016676029,0.582,0.647,1.0,-56.748151903861796,2.353,0.429,0.968,0.5,0.0,0.503,1,0.333,3,0.0,246.0,0.7047,1.0,0.4644,0.9905,1.0,0.0346,0.761,0.86,0.706,0.87,0.87,7,60.5,0.833,0.716,0.809,0,0.0,0.0,0.78,1845.0,0.0,0,0.0,0.599,-16.22,0.0,0.0047000000000000375,0.0,-0.04760000000000003,-0.006199999999999983,0.0,0.0231,0,2,0,0.14600000000000002,1,0.10999999999999999,216.3599999999999,0.09499999999999997,0.03700000000000003,-2,21.0,0.33299999999999996,-0.134,-0.015999999999999903,0,0.5,0.0,0.0,0.02200000000000002,258.0,79.79999999999995,0.0,0.0,-0.043,0.07099999999999995,90,2,0
Argentina,Croatia,-0.023999999999999994,0.530151733372134,-0.03500000000000003,-0.14300000000000002,0.0011856431792671707,0.0,349.90999999999974,0.0,0.216,1.6151910095300923,0.79,1.713,0.0,0.55,0.4,0.717975682179543,0.253,0.573,1.0,65.18157215418685,0.41,0.286,0.607,1.0,0.0,0.437,2,0.333,3,0.0,28.669999999999998,0.5234,1.0,0.4299,0.9915,0.629,0.0231,0.822,0.6,0.732,0.816,0.87,6,60.6,1.0,0.868,0.609,0,0.0,0.0,0.879,1901.8,0.0,0,0.0,0.908,-0.25000000000000006,0.29999999999999993,0.472,0,0,0.05433084621170614,0.22199999999999998,0.014000000000000012,0.0,0.333,231,-90.48333011000354,1.4540000000000002,0.0,12,-0.017000000000000015,0.4674577673571836,-0.6,0.2582357045837913,7,0.0,-0.014000000000000012,1,0.20468067245971366,0.25,0,0.192,2.1453427429022263,0.755,1.57,0.0,0.3,0.7,0.7723065283912491,0.475,0.587,1.0,-25.30175795581668,1.864,0.286,0.59,0.4,0.0,0.423,1,0.333,3,0.0,62.19,0.5536,1.0,0.3083,0.9917,1.0,0.0231,0.642,0.745,0.615,0.886,0.87,9,39.4,1.0,0.774,0.758,0,0.0,0.0,0.818,1831.2,0.0,0,0.0,0.502,-33.519999999999996,0.0,0.030200000000000005,0.0,-0.12159999999999999,0.00019999999999997797,0.371,0.0,0,-30,0,-0.17999999999999994,0,0.14500000000000002,383.4299999999998,-0.11699999999999999,0.07000000000000006,3,-21.200000000000003,0.0,-0.09399999999999997,0.14900000000000002,0,0.5,0.0,0.0,-0.061000000000000054,323.90000000000003,-70.59999999999991,0.0,0,0.0,-0.406,90,56,2
France,Morocco,0.010000000000000009,0.7274671713452485,0.15800000000000003,0.369,-0.023738445104323436,-0.08700000000000008,726.9100000000002,0.0,0.175,1.3428975334309805,0.5,1.015,0.0,0.35,0.6,0.3876728907961962,0.665,0.893,1.0,21.177895504137233,1.23,0.286,0.593,0.6,0.0,0.597,2,0.333,2,0.0,45.480000000000004,0.5907,1.0,0.3317,0.9937,0.697,0.0385,0.799,0.835,0.737,0.54,0.913,7,58.9,0.733,0.884,0.671,0,0.0,0.0,0.884,1947.4,0.0,0,0.0,0.673,0.25,-0.35,0.494,0,0,0.5927431446491132,-0.329,-0.426,0.0,0.333,109,-59.724848621456445,0.7719999999999998,0.0,4,0.30300000000000005,0.150596636704587,0.20000000000000007,0.8077765257836391,5,0.0,-0.21399999999999997,1,1.122068614986002,0.3333333333333333,0,0.185,2.070364704776229,0.658,1.384,0.0,0.6,0.25,0.9804160354453094,0.336,0.467,1.0,-38.54695311731921,2.002,0.286,0.896,0.8,0.0,0.383,1,0.333,3,0.0,229.78,0.7,1.0,0.512,0.9967,1.0,0.0115,0.618,0.8,0.602,0.789,0.826,9,41.1,1.0,0.806,0.76,0,0.0,0.0,0.758,1811.0,0.0,1,0.043,0.639,-184.3,0.0,0.10929999999999995,0.0,0.18030000000000002,0.0030000000000000027,0.30300000000000005,-0.027,0,32,0,-0.18100000000000005,1,-0.03499999999999992,911.2100000000002,-0.135,0.249,2,-17.799999999999997,0.267,-0.07799999999999996,0.08899999999999997,0,0.5,0.0,0.0,-0.126,508.65999999999997,-136.4000000000001,0.0,0.0,0.043,-0.03400000000000003,90,26,2
Croatia,Morocco,0.0,0.23436516680701192,0.128,0.379,0.08201961553553572,-0.04300000000000004,71.79000000000019,0.0,0.192,1.133947710772924,0.496,1.152,0.0,0.35,0.55,0.6268538016837019,0.534,0.74,1.0,11.979820906068168,0.991,0.214,0.527,0.6,0.0,0.53,2,0.333,2,0.0,45.480000000000004,0.5907,1.0,0.3317,0.9937,0.697,0.0385,0.715,0.55,0.667,0.588,0.913,7,49.9,0.867,0.845,0.608,0,0.0,0.0,0.884,1998.8,0.0,0,0.0,0.657,0.20000000000000007,-0.20000000000000007,0.507,0,0,0.43088457334493635,-0.31400000000000006,-0.26,0.0,0.333,-148,32.72804155396919,-0.14200000000000002,0.07199999999999998,-9,-0.04300000000000004,-0.7843231027908409,0.4,0.6852414603911459,-3,0.0,-0.12000000000000005,0,0.13516743077918958,0.3333333333333333,0,0.192,1.3683128775799358,0.624,1.531,0.0,0.55,0.35,1.0577383750286382,0.22,0.48,1.0,44.70786246003736,0.849,0.286,0.484,1.0,0.0,0.41,2,0.333,3,0.0,28.669999999999998,0.5234,1.0,0.4299,0.9915,0.629,0.0231,0.717,0.365,0.669,0.821,0.87,6,50.1,0.8,0.865,0.413,0,0.0,0.0,0.879,1957.8,0.0,0,0.0,0.931,16.810000000000006,0.0,-0.06730000000000003,0.0,0.09820000000000001,-0.0021999999999999797,-0.06799999999999995,-0.0154,0,31,0,0.0020000000000000018,0,-0.18500000000000005,54.98000000000019,0.0020000000000000018,0.23299999999999998,-1,0.20000000000000284,-0.06699999999999995,0.020000000000000018,-0.195,0,0.5,0.0,0.0,-0.0050000000000000044,70.97999999999999,-41.0,0.0,0,0.0,0.274,90,25,2
Argentina,France,0.007000000000000006,0.1965279164558047,0.267,0.123,0.10694370381912632,0.04400000000000004,-305.21000000000026,0.0,0.185,2.0678617652505804,0.577,1.324,0.0,0.55,0.3,0.8365535993319247,0.401,0.573,1.0,-24.57538788387643,5.407,0.286,0.867,0.8,0.0,0.437,1,0.333,3,0.0,229.78,0.7,1.0,0.512,0.9967,1.0,0.0115,0.688,0.88,0.606,0.723,0.826,9,46.9,1.0,0.841,0.713,0,0.0,0.0,0.758,1852.0,0.0,1,0.043,0.653,-0.25000000000000006,0.39999999999999997,0.521,0,0,-0.17182321010043122,0.17199999999999993,0.16700000000000004,0.0,0.333,-26,3.2344872686528596,0.4850000000000003,0.07100000000000001,-1,-0.16000000000000003,0.0025732462312944016,-0.4,-0.05144823629927531,-1,0.0,0.09300000000000003,0,0.4092987916948707,0.5,0,0.192,2.264389681706385,0.844,1.447,0.0,0.3,0.7,0.6647303892314935,0.573,0.74,1.0,-21.34090061522357,5.892,0.357,0.707,0.4,0.0,0.53,1,0.333,3,0.0,62.19,0.5536,1.0,0.3083,0.9917,1.0,0.0231,0.791,0.875,0.678,0.846,0.87,9,53.1,1.0,0.793,0.898,0,0.0,0.0,0.818,1868.6,0.0,0,0.0,0.538,167.59,0.0,-0.14639999999999997,0.0,-0.2037,-0.0050000000000000044,0.0,0.0116,0,-31,0,0.10300000000000009,-1,-0.0050000000000000044,-472.8000000000002,0.07200000000000006,0.123,0,6.200000000000003,0.0,-0.04799999999999993,0.18500000000000005,0,0.5,0.0,0.0,0.05999999999999994,-113.77999999999997,16.59999999999991,0.0,0.0,-0.043,-0.11499999999999999,90,55,1
Curaçao,Canada,-0.12,-0.05181622137004549,-0.28300000000000003,-1.114,-0.011458374491287726,0.131,202.17999999999995,0.0,0.12,1.278078840856845,0.383,1.114,0.0,0.4,0.4,1.8322556391245381,0.202,0.14,1.0,-42.53310095996546,0.0,1.0,0.442,0.333,0.0,0.29,0,0.333,2,0.0,0.0,0.7,0.7052,0.3729,0.9781,0.2356,0.0808,0.735,0.08,0.0,0.739,0.826,0,0.0,0.744,0.723,0.269,0,0.0,0.0,0.913,1920.2,0.0,2,0.087,0.476,0.09999999999999998,-0.050000000000000044,0.374,0,0,0.016583168241175894,0.16499999999999998,0.046999999999999986,0.0,0.333,-220,-11.330754230289578,0.0,0.0,-51,-0.442,0.08558406515575684,0.16699999999999998,-0.23478228159099324,0,0.0,-0.237,0,0.09961485081180366,0.0,1,0.0,1.2262626194867996,0.1,0.0,0.0,0.5,0.35,1.848838807365714,0.367,0.187,1.0,-53.86385519025504,0.0,1.0,0.0,0.5,0.0,0.053,0,0.333,1,0.0,2.9,0.2613,0.07,0.521,0.9696,0.0467,0.1115,0.0,0.12,0.0,0.0,0.957,0,0.0,0.0,0.0,0.275,0,0.0,0.0,0.975,1645.8,0.0,0,0.0,0.5,-2.9,0.0,-0.4387,-0.6352,0.1481,-0.008499999999999952,-0.1889,0.030700000000000005,0,-40,0,-0.735,0,0.039999999999999994,205.07999999999996,0.0,-0.739,0,0.0,-0.744,-0.723,0.006000000000000005,0,0.5,0.0,0.0,0.061999999999999944,175.72000000000003,-274.4000000000001,0.0,0.0,-0.087,0.02400000000000002,90,-41,0
Netherlands,Croatia,0.043999999999999984,0.5731154738502731,0.30399999999999994,0.32200000000000006,0.08959654989218413,0.08699999999999997,348.6600000000002,0.0,0.132,1.4291488162365342,0.518,1.277,0.0,0.55,0.35,0.8893502954663653,0.22,0.48,1.0,40.36859158650328,0.0,1.0,0.513,0.667,0.0,0.41,0,0.333,3,0.0,28.669999999999998,0.5234,1.0,0.4299,0.9915,0.629,0.0231,0.794,0.715,0.0,0.816,0.87,0,0.0,1.0,0.872,0.439,0,0.0,0.0,0.879,1947.4,0.0,0,0.0,0.676,-0.050000000000000044,0.10000000000000003,0.531,0,0,0.22415238231152046,0.05300000000000002,0.013000000000000012,0.0,0.333,74,-12.904390542499012,0.0,0.0,5,0.135,0.1106110755612495,0.33299999999999996,0.4529605312946452,0,0.0,0.027000000000000024,0,0.6529705022105068,1.0,1,0.176,2.0022642900868073,0.822,1.599,0.0,0.5,0.45,1.1135026777778858,0.273,0.493,1.0,27.464201044004266,0.0,1.0,0.648,1.0,0.0,0.437,0,0.333,1,0.0,0.0,0.5837,1.0,0.4972,0.9877,1.0,0.0462,0.772,0.65,0.0,0.8,0.957,0,0.0,0.978,0.808,0.622,0,0.0,0.0,0.978,1753.6,0.0,0,0.0,0.963,28.669999999999998,0.0,0.06030000000000002,0.0,0.06729999999999997,-0.0038000000000000256,0.371,0.0231,0,2,0,-0.02200000000000002,0,-0.06499999999999995,319.9900000000002,0.0,-0.015999999999999903,0,0.0,-0.02200000000000002,-0.06399999999999995,0.183,0,0.5,0.0,0.0,0.09899999999999998,291.77000000000004,-193.80000000000018,0.0,0,0.0,0.2869999999999999,90,-1,0
Panama,Canada,-0.114,-0.39248172355720334,-0.405,-0.671,-0.30087646343803975,0.04400000000000004,61.27000000000002,0.0,0.114,1.7563351130696465,0.525,0.671,0.0,0.4,0.4,1.4966603859852263,0.255,0.247,1.0,-22.533100959965456,0.0,1.0,0.792,0.5,0.0,0.343,0,0.333,2,0.0,0.0,0.7,0.7052,0.3729,0.9781,0.2356,0.0808,0.75,0.6,0.0,0.756,0.826,0,0.0,0.733,0.719,0.356,0,0.0,0.0,0.913,1814.4,0.0,2,0.087,0.485,0.09999999999999998,-0.10000000000000003,0.398,0,0,-0.1884124140355652,0.265,0.23299999999999998,0.0,0.333,-149,23.823879676545353,0.0,-0.643,-26,-0.792,0.28623051789026843,0.0,-0.5719278273684292,0,0.0,-0.18300000000000002,0,-0.7137694821097311,0.4666666666666667,1,0.0,1.3638533895124432,0.12,0.0,0.0,0.5,0.3,1.3082479719496611,0.52,0.48,1.0,1.2907787165798954,0.0,0.357,0.0,0.5,0.0,0.16,0,0.333,3,0.0,47.03,0.4166,0.0741,0.4333,0.9783,0.0513,0.0577,0.0,0.7,0.0,0.0,0.87,0,0.0,0.0,0.0,0.517,0,0.0,0.0,0.833,1730.0,0.0,0,0.0,0.5,-47.03,0.0,-0.28339999999999993,-0.6311,0.06040000000000001,0.00019999999999997797,-0.18430000000000002,-0.023099999999999996,0,23,0,-0.75,0,0.09999999999999998,108.30000000000001,0.0,-0.756,0,0.0,-0.733,-0.719,0.16100000000000003,0,0.5,0.0,0.0,-0.08000000000000007,50.349999999999994,-84.40000000000009,0.0,0.0,-0.087,0.015000000000000013,90,23,0
Panama,Mexico,0.0,-0.1483928166356061,-0.04000000000000001,0.0,-0.2787325518232009,0.0,-96.05999999999995,0.0,0.0,1.3149740050724317,0.14,0.0,0.0,0.4,0.4,1.3521379972507326,0.487,0.387,1.0,-48.857296856259666,0.0,0.214,0.0,0.5,0.0,0.133,0,0.333,3,0.0,4.65,0.4964,0.8192,0.3552,0.9812,0.2426,0.0231,0.0,0.425,0.0,0.0,0.87,0,0.0,0.0,0.0,0.438,0,0.0,0.0,0.93,1751.8,0.0,0,0.0,0.5,0.04999999999999999,-0.10000000000000003,0.508,0,0,0.059763817089016014,0.016000000000000014,0.045999999999999985,0.0,0.333,-283,48.63641828763339,0.0,0.0,-46,0.0,0.3121852933775595,0.0,-0.2582357045837911,0,0.0,0.013999999999999985,0,-0.2436717105156363,0.06666666666666667,1,0.0,1.1665811884368256,0.1,0.0,0.0,0.45,0.3,1.4119018143397486,0.503,0.433,1.0,-0.2208785686262793,0.0,0.214,0.0,0.5,0.0,0.147,0,0.333,3,0.0,47.03,0.4166,0.0741,0.4333,0.9783,0.0513,0.0577,0.0,0.49,0.0,0.0,0.87,0,0.0,0.0,0.0,0.458,0,0.0,0.0,0.833,1754.4,0.0,0,0.0,0.5,-42.38,0.0,-0.07979999999999998,-0.7451000000000001,0.0781,-0.0029000000000000137,-0.19130000000000003,0.034600000000000006,0,-35,0,0.0,0,0.065,-53.67999999999995,0.0,0.0,0,0.0,0.0,0.0,0.020000000000000018,0,0.5,0.0,0.0,-0.09700000000000009,-87.50000000000001,2.6000000000001364,0.0,0,0.0,0.0,90,-33,0
Croatia,Spain,-0.06599999999999999,-0.21279291082203255,-0.05600000000000005,-0.599,-0.08959654989218413,-0.04300000000000004,-538.67,0.0,0.174,2.021935698527672,0.532,1.514,0.0,0.45,0.5,0.8285683193111004,0.315,0.587,1.0,-30.33612761160071,0.0,0.214,0.48,1.0,0.0,0.463,0,0.333,2,0.0,0.0,0.7433,1.0,0.7002,0.9915,1.0,0.0231,0.92,0.61,0.0,0.933,0.913,0,0.0,0.767,0.731,0.448,0,0.0,0.0,0.957,1898.8,0.0,0,0.0,0.719,0.14999999999999997,-0.2,0.447,0,0,0.23008322616443744,0.017000000000000015,-0.15399999999999997,0.0,0.333,-289,78.78342926606095,0.0,0.07199999999999998,-14,0.37,0.634658435949113,-0.5,0.29565315522701985,0,0.0,-0.066,0,0.8445523588770318,0.4,1,0.108,1.8091427877056396,0.476,0.915,0.0,0.6,0.3,1.0586515454755379,0.332,0.433,1.0,48.44730165446025,0.0,0.286,0.85,0.5,0.0,0.397,0,0.333,3,0.0,28.669999999999998,0.5234,1.0,0.4299,0.9915,0.629,0.0231,0.77,0.82,0.0,0.783,0.87,0,0.0,0.95,0.797,0.542,0,0.0,0.0,0.879,1931.4,0.0,0,0.0,0.444,-28.669999999999998,0.0,-0.21989999999999998,0.0,-0.27030000000000004,0.0,-0.371,0.0,0,-9,0,-0.15000000000000002,0,0.20999999999999996,-509.99999999999994,0.0,-0.15000000000000002,0,0.0,0.18299999999999994,0.06600000000000006,0.09400000000000003,0,0.5,0.0,0.0,-0.07799999999999996,-458.96999999999997,32.600000000000136,0.0,0,0.0,-0.27499999999999997,90,2,1
Curaçao,Panama,0.0,-0.8114188348357031,-0.12,0.0,0.28941808894675203,0.08699999999999997,140.90999999999994,0.0,0.0,1.3590131658110192,0.12,0.0,0.0,0.45,0.35,1.0944783301008398,0.537,0.527,1.0,16.85751839866069,0.0,1.0,0.0,0.5,0.0,0.173,0,0.333,3,0.0,47.03,0.4166,0.0741,0.4333,0.9783,0.0513,0.0577,0.0,0.625,0.0,0.0,0.87,0,0.0,0.0,0.0,0.496,0,0.0,0.0,0.833,1723.6,0.0,0,0.0,0.5,-0.10000000000000003,-0.04999999999999999,0.448,0,0,0.8508475584128135,-0.10000000000000003,-0.28,0.0,0.333,-71,-71.2029870011514,0.0,0.0,-25,0.5,-1.3755575195080787,0.0,0.9868344262011954,0,0.0,-0.07999999999999999,0,-1.375557519508079,0.16666666666666666,1,0.0,0.5475943309753161,0.0,0.0,0.0,0.35,0.3,1.9453258885136533,0.437,0.247,1.0,-54.34546860249071,0.0,1.0,0.5,0.5,0.0,0.093,0,0.333,1,0.0,2.9,0.2613,0.07,0.521,0.9696,0.0467,0.1115,0.0,0.1,0.0,0.0,0.957,0,0.0,0.0,0.0,0.158,0,0.0,0.0,0.975,1740.2,0.0,0,0.0,0.5,44.13,0.0,-0.15530000000000005,-0.0040999999999999925,0.0877,-0.00869999999999993,-0.0046,0.0538,0,-66,0,0.0,0,-0.525,96.77999999999994,0.0,0.0,0,0.0,0.0,0.0,-0.33799999999999997,0,0.5,0.0,0.0,0.14200000000000002,125.37000000000002,16.600000000000136,0.0,0,0.0,0.0,90,-64,0
Iraq,Japan,0.0,-2.8320257988736977,-0.12,0.0,-0.11443784242611321,-0.04300000000000004,-145.22999999999996,0.0,0.0,4.1000525620773285,0.3,0.0,0.0,0.7,0.2,0.9316771080916236,0.71,0.74,1.0,39.570716348925835,0.0,0.357,0.0,0.5,0.0,0.28,0,0.333,2,0.0,0.0,0.4989,0.8942,0.3604,0.9875,0.4305,0.0462,0.0,1.0,0.0,0.0,0.913,0,0.0,0.0,0.0,0.875,0,0.0,0.0,0.957,1468.4,0.0,0,0.0,0.5,-0.35,0.14999999999999997,0.471,0,0,-0.05820265041091033,-0.06999999999999995,-0.05999999999999994,0.0,0.333,-238,-36.827151846750475,0.0,-0.07100000000000001,-45,0.0,-0.9620493409446635,0.0,-0.12938445649794994,0,0.0,-0.040000000000000036,0,-3.1086075531429884,0.06666666666666667,1,0.0,1.2680267632036308,0.18,0.0,0.0,0.35,0.35,0.8734744576807133,0.64,0.68,1.0,2.743564502175359,0.0,0.286,0.0,0.5,0.0,0.24,0,0.333,3,0.0,14.83,0.3313,0.085,0.4944,0.9667,0.0274,0.0615,0.0,0.71,0.0,0.0,0.87,0,0.0,0.0,0.0,0.658,0,0.0,0.0,0.865,1577.2,0.0,0,0.0,0.5,-14.83,0.0,-0.16760000000000003,-0.8092,0.134,-0.02080000000000004,-0.4031,0.015300000000000001,0,-28,0,0.0,0,-0.29000000000000004,-130.39999999999995,0.0,0.0,0,0.0,0.0,0.0,-0.21699999999999997,0,0.5,0.0,0.0,-0.09199999999999997,-121.47,108.79999999999995,0.0,0,0.0,0.0,90,-24,2
Jordan,South Korea,0.0,-0.7432041900009734,-0.13999999999999999,0.0,0.0658043869591306,0.0,-17.31999999999998,0.0,0.0,2.4825317173340737,0.3,0.0,0.0,0.45,0.5,0.5495095196102756,0.813,0.893,1.0,5.766958469634723,0.0,0.357,0.0,0.5,0.0,0.347,0,0.333,2,0.0,9.87,0.4535,0.1998,0.5346,0.9544,0.0709,0.0731,0.0,1.0,0.0,0.0,0.913,0,0.0,0.0,0.0,0.875,0,0.0,0.0,0.919,1503.6,0.0,0,0.0,0.5,0.0,-0.09999999999999998,0.433,0,0,1.4221169431035405,-0.35999999999999993,-0.6000000000000001,0.0,0.333,-161,-18.929583801759804,0.0,0.0,-39,0.0,-1.4341871503579449,0.0,1.75776322515464,0,0.0,-0.24,0,-1.3366123373653271,0.13333333333333333,1,0.0,1.7393275273331004,0.16,0.0,0.0,0.45,0.4,1.9716264627138163,0.453,0.293,1.0,-13.16262533212508,0.0,0.357,0.0,0.5,0.0,0.107,0,0.333,2,0.0,0.0,0.3449,0.1075,0.4597,0.9833,0.0322,0.0462,0.0,0.59,0.0,0.0,0.913,0,0.0,0.0,0.0,0.458,0,0.0,0.0,0.957,1643.8,0.0,0,0.0,0.5,9.87,0.0,-0.10860000000000003,-0.09230000000000001,-0.07489999999999997,0.028899999999999926,-0.038700000000000005,-0.0269,0,-39,0,0.0,0,-0.41000000000000003,-27.189999999999984,0.0,0.0,0,0.0,0.0,0.0,-0.417,0,0.5,0.0,0.0,0.03799999999999992,-17.070000000000007,140.20000000000005,0.0,0,0.0,0.0,90,-43,1
Australia,Uzbekistan,0.0,0.04271052957351351,0.08000000000000002,0.0,0.05610782903458411,0.0,214.71,0.0,0.0,1.7121577161124713,0.18,0.0,0.0,0.3,0.6,0.7111775581873776,0.71,0.74,1.0,24.58129316702892,0.0,0.357,0.0,0.5,0.0,0.28,0,0.333,2,0.0,13.719999999999999,0.3388,0.0884,0.4194,0.9833,0.159,0.0615,0.0,0.815,0.0,0.0,0.913,0,0.0,0.0,0.0,0.692,0,0.0,0.0,0.888,1526.2,0.0,0,0.0,0.5,0.10000000000000003,-0.09999999999999998,0.529,0,0,-0.05485716256623763,0.19000000000000006,0.26,0.0,0.333,144,-15.472190490756967,0.0,0.0,24,0.0,0.7843231027908413,0.0,-0.4436097876946958,0,0.0,0.12,0,0.4462863073325325,0.8333333333333334,1,0.0,1.7548682456859848,0.26,0.0,0.0,0.4,0.5,0.65632039562114,0.9,1.0,1.0,9.109102676271954,0.0,0.357,0.0,0.5,0.0,0.4,0,0.333,2,0.0,17.33,0.4798,0.2338,0.3629,0.9783,0.143,0.0577,0.0,1.0,0.0,0.0,0.913,0,0.0,0.0,0.0,0.875,0,0.0,0.0,0.912,1415.2,0.0,0,0.0,0.5,-3.6099999999999994,0.0,0.14100000000000001,0.1454,-0.056499999999999995,-0.0050000000000000044,-0.016000000000000014,-0.003799999999999998,0,-4,0,0.0,0,0.18500000000000005,218.32,0.0,0.0,0,0.0,0.0,0.0,0.18300000000000005,0,0.5,0.0,0.0,0.02400000000000002,184.52999999999997,-111.0,0.0,0,0.0,0.0,90,15,1
Iraq,Jordan,0.0,0.10946790677217177,0.0,0.0,-0.11443784242611321,-0.04300000000000004,-8.040000000000049,0.0,0.0,1.5074267230322096,0.18,0.0,0.0,0.5,0.3,1.8595500601178236,0.453,0.293,1.0,-18.658779898768707,0.0,0.286,0.0,0.5,0.0,0.107,0,0.333,2,0.0,0.0,0.3449,0.1075,0.4597,0.9833,0.0322,0.0462,0.0,0.405,0.0,0.0,0.913,0,0.0,0.0,0.0,0.471,0,0.0,0.0,0.957,1667.6,0.0,0,0.0,0.5,-0.09999999999999998,0.0,0.549,0,0,-0.8077087564203058,0.08400000000000002,0.23400000000000004,0.0,0.333,40,39.69203615615778,0.0,0.07100000000000001,15,0.0,1.3298557420891177,0.0,-0.6715426781802325,0,0.0,0.06599999999999999,0,0.38183718680050194,0.5333333333333333,1,0.0,1.6168946298043814,0.18,0.0,0.0,0.4,0.3,1.0518413036975178,0.537,0.527,1.0,21.033256257389077,0.0,0.357,0.0,0.5,0.0,0.173,0,0.333,3,0.0,14.83,0.3313,0.085,0.4944,0.9667,0.0274,0.0615,0.0,0.88,0.0,0.0,0.87,0,0.0,0.0,0.0,0.7,0,0.0,0.0,0.865,1626.2,0.0,0,0.0,0.5,-14.83,0.0,-0.013600000000000001,-0.022499999999999992,0.03470000000000001,-0.016599999999999948,-0.004799999999999999,0.015300000000000001,0,17,0,0.0,0,0.475,6.789999999999949,0.0,0.0,0,0.0,0.0,0.0,0.22899999999999998,0,0.5,0.0,0.0,-0.09199999999999997,-5.009999999999991,-41.399999999999864,0.0,0,0.0,0.0,90,22,0
Saudi Arabia,South Korea,0.0,-1.1919321103135503,-0.12,0.0,0.009676683560572386,-0.04300000000000004,-30.14,0.0,0.0,2.5113569170146355,0.24,0.0,0.0,0.5,0.45,1.086637154549513,0.59,0.54,1.0,16.188234913286703,0.0,0.357,0.0,0.5,0.0,0.2,0,0.333,2,0.0,9.87,0.4535,0.1998,0.5346,0.9544,0.0709,0.0731,0.0,0.7,0.0,0.0,0.913,0,0.0,0.0,0.0,0.692,0,0.0,0.0,0.919,1581.4,0.0,0,0.0,0.5,0.0,-0.10000000000000003,0.525,0,0,-0.4523601716740555,0.22299999999999998,0.353,0.0,0.333,-103,-4.503226109114255,0.0,0.0,-17,0.0,0.21186206701030397,0.0,-1.329855742089118,0,0.0,0.14699999999999996,0,-1.2816891275765891,0.13333333333333333,1,0.0,1.3194248067010852,0.12,0.0,0.0,0.5,0.35,0.6342769828754575,0.813,0.893,1.0,11.685008804172448,0.0,0.357,0.0,0.5,0.0,0.347,0,0.333,1,0.0,6.54,0.3742,0.1149,0.5194,0.975,0.0618,0.0692,0.0,0.785,0.0,0.0,0.87,0,0.0,0.0,0.0,0.679,0,0.0,0.0,0.901,1490.0,0.0,2,0.087,0.5,3.329999999999999,0.0,-0.07930000000000004,-0.0849,-0.015199999999999991,0.02059999999999995,-0.009100000000000004,-0.0039000000000000007,0,-4,0,0.0,0,0.08500000000000008,-33.47,0.0,0.0,0,0.0,0.0,0.0,-0.0129999999999999,0,0.5,0.0,0.0,-0.018000000000000016,-27.989999999999995,-91.40000000000009,0.0,0.0,0.087,0.0,90,0,1
Australia,South Korea,0.0,-0.31542583442920025,0.0,0.0,0.015982629829415784,0.0,190.39000000000001,0.0,0.0,2.3008369536996804,0.2,0.0,0.0,0.55,0.4,1.0818675925664218,0.503,0.433,1.0,16.002424537887183,0.0,0.214,0.0,0.5,0.0,0.147,0,0.333,2,0.0,9.87,0.4535,0.1998,0.5346,0.9544,0.0709,0.0731,0.0,0.6,0.0,0.0,0.913,0,0.0,0.0,0.0,0.588,0,0.0,0.0,0.919,1613.4,0.0,0,0.0,0.5,-0.20000000000000007,0.15000000000000002,0.552,0,0,-0.4830620317327934,0.30999999999999994,0.46,0.0,0.333,27,-9.550377061650407,0.0,0.143,2,0.0,0.9579744010374753,0.0,-1.2981545077215126,0,0.0,0.19999999999999998,0,0.16997511979019797,0.4666666666666667,1,0.0,1.9854111192704802,0.2,0.0,0.0,0.35,0.55,0.5988055608336285,0.813,0.893,1.0,6.4520474762367765,0.0,0.357,0.0,0.5,0.0,0.347,0,0.333,2,0.0,17.33,0.4798,0.2338,0.3629,0.9783,0.143,0.0577,0.0,0.875,0.0,0.0,0.913,0,0.0,0.0,0.0,0.796,0,0.0,0.0,0.912,1514.2,0.0,0,0.0,0.5,-7.459999999999999,0.0,0.02629999999999999,0.034,-0.17169999999999996,0.02389999999999992,0.07209999999999998,-0.015399999999999997,0,-12,0,0.0,0,0.275,197.85,0.0,0.0,0,0.0,0.0,0.0,0.20800000000000007,0,0.5,0.0,0.0,-0.007000000000000006,162.57999999999998,-99.20000000000005,0.0,0,0.0,0.0,90,4,0
Qatar,Uzbekistan,0.0,0.1660646105447252,0.01999999999999999,0.0,0.08404083517704863,0.0,-29.109999999999985,0.0,0.0,1.6658548403335922,0.14,0.0,0.0,0.4,0.55,0.7933333751543098,0.727,0.787,1.0,38.51803065242143,0.0,0.286,0.0,0.5,0.0,0.293,0,0.333,2,0.0,13.719999999999999,0.3388,0.0884,0.4194,0.9833,0.159,0.0615,0.0,0.815,0.0,0.0,0.913,0,0.0,0.0,0.0,0.679,0,0.0,0.0,0.888,1544.4,0.0,0,0.0,0.5,0.04999999999999999,-0.15000000000000002,0.507,0,0,-0.039882980385312905,-0.017000000000000015,-0.04700000000000004,0.0,0.333,-114,-12.535672648058245,0.0,0.07100000000000001,-36,0.0,0.39776935853331663,0.0,0.022920214580689602,0,0.0,-0.012999999999999956,0,0.08769086098055978,0.2,1,0.0,1.8319194508783174,0.16,0.0,0.0,0.45,0.4,0.7534503947689969,0.71,0.74,1.0,25.982358004363185,0.0,0.357,0.0,0.5,0.0,0.28,0,0.333,2,0.0,1.94,0.3644,0.0434,0.5111,0.95,0.0276,0.0615,0.0,0.92,0.0,0.0,0.913,0,0.0,0.0,0.0,0.713,0,0.0,0.0,0.955,1533.6,0.0,0,0.0,0.5,11.78,0.0,0.02560000000000001,-0.045000000000000005,0.0917,-0.033299999999999996,-0.13140000000000002,0.0,0,-11,0,0.0,0,0.1050000000000001,-40.889999999999986,0.0,0.0,0,0.0,0.0,0.0,0.03399999999999992,0,0.5,0.0,0.0,0.06699999999999995,-25.25,-10.800000000000182,0.0,0,0.0,0.0,90,-6,1
Jordan,South Korea,0.0,-0.6535903806834997,-0.01999999999999999,0.0,0.0658043869591306,0.0,-17.31999999999998,0.0,0.0,2.2735293708345017,0.22,0.0,0.0,0.6,0.35,1.0777623925235216,0.417,0.327,1.0,19.658663455476464,0.0,0.286,0.0,0.5,0.0,0.093,0,0.333,2,0.0,9.87,0.4535,0.1998,0.5346,0.9544,0.0709,0.0731,0.0,0.715,0.0,0.0,0.913,0,0.0,0.0,0.0,0.588,0,0.0,0.0,0.919,1643.0,0.0,0,0.0,0.5,-0.09999999999999998,0.0,0.517,0,0,0.5385890904316792,0.19,0.25999999999999995,0.0,0.333,-161,-28.921081573696114,0.0,0.0,-39,0.0,0.2773410889656265,0.0,-0.5652796412299469,0,0.0,0.12,0,-0.26501833768363103,0.13333333333333333,1,0.0,1.619938990151002,0.2,0.0,0.0,0.5,0.35,1.6163514829552008,0.607,0.587,1.0,-9.262418118219651,0.0,0.286,0.0,0.5,0.0,0.213,0,0.333,2,0.0,0.0,0.3449,0.1075,0.4597,0.9833,0.0322,0.0462,0.0,0.74,0.0,0.0,0.913,0,0.0,0.0,0.0,0.646,0,0.0,0.0,0.957,1605.8,0.0,0,0.0,0.5,9.87,0.0,-0.10860000000000003,-0.09230000000000001,-0.07489999999999997,0.028899999999999926,-0.038700000000000005,-0.0269,0,-39,0,0.0,0,0.025000000000000022,-27.189999999999984,0.0,0.0,0,0.0,0.0,0.0,0.05800000000000005,0,0.5,0.0,0.0,0.03799999999999992,-17.070000000000007,-37.200000000000045,0.0,0,0.0,0.0,90,-43,2
Qatar,Jordan,0.0,0.22302327254181353,0.0,0.0,-0.021888750987250294,0.0,-36.11,0.0,0.0,1.6728784572948048,0.16,0.0,0.0,0.5,0.35,1.3912066140860124,0.607,0.587,1.0,22.13394820607676,0.0,0.286,0.0,0.5,0.0,0.213,0,0.333,2,0.0,0.0,0.3449,0.1075,0.4597,0.9833,0.0322,0.0462,0.0,0.84,0.0,0.0,0.913,0,0.0,0.0,0.0,0.621,0,0.0,0.0,0.957,1658.2,0.0,0,0.0,0.5,0.0,0.0,0.504,0,0,-0.42624813244064963,0.016000000000000014,0.04600000000000004,0.0,0.333,-70,31.61250230752625,0.0,-0.07199999999999998,-19,0.0,0.2602757424029769,0.0,0.20100449400327647,0,0.0,0.014000000000000012,0,0.12306827380460139,0.8,1,0.0,1.8959017298366183,0.16,0.0,0.0,0.5,0.35,0.9649584816453628,0.623,0.633,1.0,53.74645051360301,0.0,0.214,0.0,0.5,0.0,0.227,0,0.333,2,0.0,1.94,0.3644,0.0434,0.5111,0.95,0.0276,0.0615,0.0,0.875,0.0,0.0,0.913,0,0.0,0.0,0.0,0.733,0,0.0,0.0,0.955,1622.2,0.0,0,0.0,0.5,-1.94,0.0,0.019500000000000017,-0.06409999999999999,0.0514,-0.033299999999999996,-0.0046,0.015300000000000001,0,20,0,0.0,0,0.03500000000000003,-34.17,0.0,0.0,0,0.0,0.0,0.0,0.11199999999999999,0,0.5,0.0,0.0,-0.0020000000000000018,-30.129999999999995,-36.0,0.0,0,0.0,0.0,90,26,2
Panama,Mexico,0.0,0.3826870397060238,0.07999999999999999,0.0,-0.2787325518232009,0.0,-96.05999999999995,0.0,0.0,1.6350559118285413,0.16,0.0,0.0,0.5,0.35,1.5530942694795815,0.573,0.493,1.0,-48.84652408736852,0.0,1.0,0.0,0.5,0.0,0.187,0,0.333,3,0.0,4.65,0.4964,0.8192,0.3552,0.9812,0.2426,0.0231,0.0,0.39,0.0,0.0,0.87,0,0.0,0.0,0.0,0.496,0,0.0,0.0,0.93,1771.8,0.0,0,0.0,0.5,0.0,-0.04999999999999999,0.554,0,0,-0.735639397537918,0.06700000000000006,0.18700000000000006,0.0,0.333,-283,94.30069053701138,0.0,0.0,-46,0.0,1.4940176449933844,0.0,-0.9865024227560615,0,0.0,0.05299999999999999,0,0.9693651824566114,0.06666666666666667,1,0.0,2.017742951534565,0.24,0.0,0.0,0.5,0.3,0.8174548719416636,0.64,0.68,1.0,45.45416644964285,0.0,1.0,0.0,0.5,0.0,0.24,0,0.333,3,0.0,47.03,0.4166,0.0741,0.4333,0.9783,0.0513,0.0577,0.0,0.96,0.0,0.0,0.87,0,0.0,0.0,0.0,0.796,0,0.0,0.0,0.833,1642.2,0.0,0,0.0,0.5,-42.38,0.0,-0.07979999999999998,-0.7451000000000001,0.0781,-0.0029000000000000137,-0.19130000000000003,0.034600000000000006,0,-31,0,0.0,0,0.57,-53.67999999999995,0.0,0.0,0,0.0,0.0,0.0,0.30000000000000004,0,0.5,0.0,0.0,-0.09700000000000009,-87.50000000000001,-129.5999999999999,0.0,0,0.0,0.0,90,-33,0
Germany,Scotland,0.0,0.013177242757320018,-0.020000000000000018,0.0,-0.051675249489444686,-0.04399999999999993,524.2799999999999,0.0,0.0,1.4941670687240654,0.14,0.0,0.0,0.45,0.35,1.74158906331477,0.453,0.293,1.0,-28.45096616269136,0.061,0.5,0.0,0.5,0.0,0.107,0,0.333,1,0.0,8.51,0.4355,0.4808,0.4111,0.9792,0.2114,0.0577,0.488,0.465,0.512,0.0,0.957,0,24.2,0.633,0.0,0.379,0,0.0,0.0,0.942,1606.0,0.0,0,0.0,0.5,0.2,-0.14999999999999997,0.573,0,0,-0.4297499946206811,0.16999999999999998,0.34,0.0,0.333,155,49.818149985014536,1.784,0.0,22,0.0,1.0239198733992896,0.0,-1.0451320536059274,0,0.0,0.12000000000000001,0,-0.15691281939793567,0.8333333333333334,1,0.0,1.5073443114813854,0.12,0.0,0.0,0.65,0.2,1.3118390686940888,0.623,0.633,1.0,21.367183822323177,1.845,0.5,0.0,0.5,0.0,0.227,0,0.333,2,0.0,80.0,0.7408,1.0,0.3347,0.9877,1.0,0.0462,0.908,0.795,0.822,0.0,0.913,0,75.8,0.533,0.0,0.608,0,0.0,0.0,0.849,1880.6,0.0,0,0.0,0.5,-71.49,0.0,0.3053,0.5192,-0.07640000000000002,0.008500000000000063,0.7886,-0.011500000000000003,0,42,0,0.42000000000000004,0,0.33,595.7699999999999,0.30999999999999994,0.0,0,51.599999999999994,-0.09999999999999998,0.0,0.22899999999999998,0,0.5,0.0,0.0,-0.09299999999999997,469.79999999999995,274.5999999999999,0.0,0,0.0,0.0,90,30,2
Spain,Croatia,0.0,1.3775476837591452,0.12,0.0,0.08959654989218413,0.04300000000000004,538.67,0.0,0.0,1.7764023751566649,0.18,0.0,0.0,0.45,0.45,0.6223908891507061,0.71,0.74,1.0,11.089507487734547,2.482,0.5,0.0,0.5,0.0,0.28,0,0.333,3,0.0,28.669999999999998,0.5234,1.0,0.4299,0.9915,0.629,0.0231,0.766,0.92,0.698,0.0,0.87,0,55.8,0.933,0.0,0.725,0,0.0,0.0,0.879,1574.2,0.0,0,0.0,0.5,0.0,0.0,0.457,0,0,0.26045076793129673,-0.18999999999999995,-0.26,0.0,0.333,289,-20.86449023217504,-0.9150000000000003,0.0,14,0.0,-0.47003101358847843,0.0,0.6051984443676682,0,0.0,-0.12000000000000002,0,1.6572466470846678,0.4666666666666667,1,0.0,3.15395005891581,0.3,0.0,0.0,0.45,0.45,0.8828416570820028,0.52,0.48,1.0,-9.774982744440493,1.567,0.5,0.0,0.5,0.0,0.16,0,0.333,2,0.0,0.0,0.7433,1.0,0.7002,0.9915,1.0,0.0231,0.687,0.78,0.653,0.0,0.913,0,44.2,0.5,0.0,0.708,0,0.0,0.0,0.957,1665.8,0.0,0,0.0,0.5,28.669999999999998,0.0,0.21989999999999998,0.0,0.27030000000000004,0.0,0.371,0.0,0,9,0,-0.07899999999999996,0,-0.14,509.99999999999994,-0.04499999999999993,0.0,0,-11.599999999999994,-0.43300000000000005,0.0,-0.017000000000000015,0,0.5,0.0,0.0,0.07799999999999996,458.96999999999997,91.59999999999991,0.0,0,0.0,0.0,90,-2,2
Austria,France,0.0,-0.5151609399053494,0.1,0.0,0.1357006037712558,0.08700000000000008,-378.96000000000004,0.0,0.0,2.6832442741086497,0.16,0.0,0.0,0.45,0.45,0.8611640138719105,0.59,0.54,1.0,-36.548300177569196,1.905,0.571,0.0,0.5,0.0,0.2,0,0.333,3,0.0,229.78,0.7,1.0,0.512,0.9967,1.0,0.0115,0.699,0.665,0.665,0.0,0.826,0,45.8,0.7,0.0,0.542,0,0.0,0.0,0.758,1716.8,0.0,1,0.043,0.5,0.10000000000000003,-0.10000000000000003,0.537,0,0,-0.07954889161156564,0.050000000000000044,0.14,0.0,0.333,-302,65.07789092132322,-1.157,0.07200000000000006,-24,0.0,0.7298403055849645,0.0,-0.2431385021035276,0,0.0,0.03999999999999998,0,0.9434104069693203,0.26666666666666666,1,0.0,2.1680833342033003,0.26,0.0,0.0,0.55,0.35,0.7816151222603449,0.64,0.68,1.0,28.529590743754017,0.748,0.643,0.0,0.5,0.0,0.24,0,0.333,2,0.0,36.0,0.4562,0.728,0.4028,0.9833,0.32,0.0462,0.72,0.825,0.666,0.0,0.913,0,54.2,1.0,0.0,0.808,0,0.0,0.0,0.893,1817.6,0.0,0,0.0,0.5,193.78,0.0,-0.24379999999999996,-0.272,-0.10920000000000002,-0.013400000000000079,-0.6799999999999999,0.034699999999999995,0,-52,0,0.02100000000000002,-1,0.15999999999999992,-572.74,0.0010000000000000009,0.0,0,8.400000000000006,0.30000000000000004,0.0,0.266,0,0.5,0.0,0.0,0.135,-201.71000000000004,100.79999999999995,0.0,0.0,-0.043,0.0,90,-30,0
Portugal,Czechia,0.0,0.42054688116376004,-0.03999999999999998,0.0,-0.06589317906877434,-0.04399999999999993,655.6099999999998,0.0,0.0,2.419226659737458,0.3,0.0,0.0,0.55,0.25,0.978629387077601,0.553,0.573,1.0,22.578277288734064,0.0,0.571,0.0,0.5,0.0,0.187,0,0.333,1,0.0,6.25,0.4928,0.7284,0.4347,0.9957,0.2866,0.0115,0.0,1.0,0.0,0.0,0.957,0,0.0,0.0,0.0,0.875,0,0.0,0.0,0.945,1482.4,0.0,0,0.0,0.5,-0.20000000000000007,0.30000000000000004,0.457,0,0,-0.001603114535289829,-0.06600000000000006,-0.18599999999999994,0.0,0.333,289,-34.96574140461733,0.0,-0.07099999999999995,53,0.0,-1.176484654186262,0.0,0.5553237954810875,0,0.0,-0.05399999999999999,0,-0.794539058248033,1.0,1,0.0,2.839773540901218,0.26,0.0,0.0,0.35,0.55,0.9770262725423112,0.487,0.387,1.0,-12.387464115883267,0.0,0.5,0.0,0.5,0.0,0.133,0,0.333,2,0.0,96.63,0.5771,1.0,0.6682,0.983,1.0,0.0462,0.0,0.63,0.0,0.0,0.913,0,0.0,0.0,0.0,0.613,0,0.0,0.0,0.833,1694.4,0.0,0,0.0,0.5,-90.38,0.0,0.08429999999999993,0.27159999999999995,0.23350000000000004,-0.012700000000000045,0.7134,0.034699999999999995,0,33,0,0.0,1,-0.37,745.9899999999998,0.0,0.0,0,0.0,0.0,0.0,-0.262,0,0.5,0.0,0.0,-0.11199999999999999,504.67999999999995,212.0,0.0,0,0.0,0.0,90,29,2
Scotland,Switzerland,-0.096,-0.6720214123228561,-0.47900000000000004,-1.717,-0.05486782720825267,0.04399999999999993,-103.38999999999993,0.0,0.228,2.0224961803762005,0.806,1.798,0.0,0.55,0.35,0.8885714563306739,0.508,0.68,1.0,-28.493463303023177,0.99,0.214,0.814,1.0,0.0,0.49,0,0.333,2,0.0,0.0,0.6926,1.0,0.3736,0.9875,0.4914,0.0346,0.685,0.9,0.661,0.719,0.913,0,58.4,0.567,0.78,0.879,0,0.0,0.0,0.957,1652.8,0.0,0,0.0,0.775,-0.050000000000000044,0.0,0.285,0,0,1.7392949761765442,-0.326,-0.527,0.0,0.333,-161,-10.002899335393835,-0.21799999999999997,0.07199999999999998,-23,-0.11399999999999999,-1.9511917679376358,0.0,2.407258753875684,0,0.0,-0.173,0,-1.2944783292650759,0.0,1,0.132,1.3504747680533444,0.327,0.081,0.0,0.5,0.35,2.627866432507218,0.182,0.153,1.0,-38.49636263841701,0.772,0.286,0.7,1.0,0.0,0.317,0,0.333,1,0.0,8.51,0.4355,0.4808,0.4111,0.9792,0.2114,0.0577,0.605,0.22,0.621,0.475,0.957,0,41.6,0.5,0.681,0.171,0,0.0,0.0,0.942,1587.8,0.0,0,0.0,0.775,-8.51,0.0,-0.2571,-0.5192,0.03750000000000003,-0.008300000000000085,-0.28,0.023100000000000002,0,-26,0,-0.08000000000000007,0,-0.68,-94.87999999999994,-0.040000000000000036,-0.244,0,-16.799999999999997,-0.06699999999999995,-0.09899999999999998,-0.708,0,0.5,0.0,0.0,-0.015000000000000013,-83.82000000000001,-65.0,0.0,0,0.0,0.0,90,-28,1
Argentina,Canada,0.0,1.1083432141021705,0.13999999999999999,0.0,-0.08841090671291696,0.04400000000000004,593.2199999999998,0.0,0.0,1.151203746520231,0.1,0.0,0.0,0.5,0.25,1.8982457508996409,0.42,0.2,1.0,-14.158748101906461,0.977,0.857,0.0,0.5,0.0,0.08,0,0.333,2,0.0,0.0,0.7,0.7052,0.3729,0.9781,0.2356,0.0808,0.583,0.295,0.587,0.0,0.826,0,32.6,1.0,0.0,0.296,0,0.0,0.0,0.913,1869.6,0.0,2,0.087,0.5,-0.25,0.44999999999999996,0.597,0,0,-1.4126743571758424,0.307,0.587,0.0,0.333,280,22.070627950283104,2.561,-0.357,25,0.0,2.2410984642843417,0.0,-1.7095966106421117,0,0.0,0.21299999999999997,0,1.7314399308212893,1.0,1,0.0,2.2595469606224015,0.24,0.0,0.0,0.25,0.7,0.48557139372379843,0.727,0.787,1.0,7.911879848376641,3.538,0.5,0.0,0.5,0.0,0.293,0,0.333,3,0.0,62.19,0.5536,1.0,0.3083,0.9917,1.0,0.0231,0.865,1.0,0.775,0.0,0.87,0,67.4,0.8,0.0,0.875,0,0.0,0.0,0.818,1732.2,0.0,0,0.0,0.5,-62.19,0.0,-0.14639999999999997,0.29479999999999995,-0.06459999999999999,0.013600000000000056,0.7644,-0.0577,0,71,0,0.28200000000000003,0,0.7050000000000001,655.4099999999999,0.18800000000000006,0.0,0,34.800000000000004,-0.19999999999999996,0.0,0.579,0,0.5,0.0,0.0,-0.09500000000000008,535.52,-137.39999999999986,0.0,0.0,-0.087,0.0,90,83,2
Netherlands,France,0.0,0.34577098570851117,0.027000000000000024,0.05400000000000005,0.19535461053204328,0.131,-306.4599999999998,0.0,0.108,2.2479946234544066,0.566,1.653,0.0,0.4,0.55,0.6243859826264908,0.707,0.847,1.0,-16.139331870808917,1.218,0.214,0.521,1.0,0.0,0.583,0,0.333,3,0.0,229.78,0.7,1.0,0.512,0.9967,1.0,0.0115,0.869,0.9,0.763,0.705,0.826,0,63.2,0.433,0.707,0.855,0,0.0,0.0,0.758,1723.2,0.0,1,0.043,0.775,0.04999999999999999,-0.050000000000000044,0.494,0,0,0.1739521681824896,-0.19299999999999995,-0.21399999999999997,0.0,0.333,-183,28.209182718625264,-0.48,0.07199999999999998,-8,0.2929999999999999,-0.0021067958248028873,0.0,0.5215460078933705,0,0.0,-0.10599999999999998,0,1.1901166783915575,0.2,1,0.108,2.5937656091629178,0.593,1.707,0.0,0.45,0.5,0.7983381508089804,0.514,0.633,1.0,12.069850847816346,0.738,0.286,0.814,1.0,0.0,0.477,0,0.333,1,0.0,0.0,0.5837,1.0,0.4972,0.9877,1.0,0.0462,0.652,0.92,0.622,0.855,0.957,0,36.8,0.733,0.694,0.796,0,0.0,0.0,0.978,1739.4,0.0,0,0.0,0.775,229.78,0.0,-0.11629999999999996,0.0,-0.014800000000000035,-0.009000000000000008,0.0,0.034699999999999995,0,3,0,-0.21699999999999997,-1,0.020000000000000018,-536.2399999999998,-0.14100000000000001,0.15000000000000002,0,-26.400000000000006,0.3,-0.013000000000000012,-0.05899999999999994,0,0.5,0.0,0.0,0.21999999999999997,-145.90999999999997,16.200000000000045,0.0,0.0,-0.043,0.0,90,-2,1
Germany,Switzerland,-0.096,0.5853765541098457,0.14400000000000002,0.3859999999999999,-0.10654307669769736,0.0,420.8899999999999,0.0,0.264,1.7647821035910347,0.661,1.421,0.0,0.65,0.3,0.9237334118000737,0.354,0.467,1.0,-21.21485165657046,0.0,0.214,0.821,0.5,0.0,0.383,0,0.333,2,0.0,0.0,0.6926,1.0,0.3736,0.9875,0.4914,0.0346,0.703,0.66,0.0,0.699,0.913,0,0.0,0.733,0.719,0.65,0,0.0,0.0,0.957,1747.8,0.0,0,0.0,0.65,-0.050000000000000044,-0.04999999999999999,0.586,0,0,-0.035536489572507324,0.20899999999999996,0.21300000000000002,0.0,0.333,-6,46.28803061962799,0.0,0.0,-1,0.14100000000000001,1.300794511958424,0.5,-0.5215460078933705,0,0.0,0.10699999999999998,0,1.3496027440207874,0.5333333333333333,1,0.168,2.3501586577008804,0.805,1.807,0.0,0.6,0.25,0.8881969222275664,0.563,0.68,1.0,25.073178963057526,0.0,0.214,0.962,1.0,0.0,0.49,0,0.333,2,0.0,80.0,0.7408,1.0,0.3347,0.9877,1.0,0.0462,0.903,1.0,0.0,0.92,0.913,0,0.0,0.617,0.675,0.96,0,0.0,0.0,0.849,1727.6,0.0,0,0.0,1.0,-80.0,0.0,0.04820000000000002,0.0,-0.03889999999999999,0.00019999999999997797,0.5085999999999999,0.0116,0,16,0,0.20000000000000007,0,0.33999999999999997,500.8899999999999,0.0,0.22100000000000009,0,0.0,-0.11599999999999999,-0.04399999999999993,0.30999999999999994,0,0.5,0.0,0.0,-0.10799999999999998,385.97999999999996,-20.200000000000045,0.0,0,0.0,0.35,90,2,1
Colombia,Paraguay,0.0,1.8535284637355325,0.27999999999999997,0.0,0.14138216511796164,0.0,99.78999999999996,0.0,0.0,0.4541388215027039,0.02,0.0,0.0,0.2,0.45,0.8621074700114337,0.693,0.693,1.0,-34.37364590328291,0.828,0.571,0.0,0.5,0.0,0.267,0,0.333,1,0.0,29.43,0.3356,0.5458,0.5158,0.9569,0.2305,0.1615,0.46,0.49,0.485,0.0,0.957,0,33.9,0.9,0.0,0.379,0,0.0,0.0,0.922,1755.8,0.0,0,0.0,0.5,0.25,0.10000000000000003,0.562,0,0,-0.12043641989817733,-0.08599999999999997,-0.10599999999999998,0.0,0.333,152,73.264615021229,-0.20599999999999996,0.07200000000000006,20,0.0,1.8186340987906666,0.0,0.015205611617990611,0,0.0,-0.05400000000000002,0,2.868042297270755,0.5333333333333333,1,0.0,2.3076672852382365,0.3,0.0,0.0,0.45,0.55,0.7416710501132564,0.607,0.587,1.0,38.89096911794609,0.622,0.643,0.0,0.5,0.0,0.213,0,0.333,1,0.0,2.03,0.6034,0.807,0.4448,0.9826,0.4149,0.0462,0.768,1.0,0.74,0.0,0.957,0,66.1,1.0,0.0,0.875,0,0.0,0.0,0.976,1862.0,0.0,0,0.0,0.5,27.4,0.0,0.26780000000000004,0.2612000000000001,-0.07100000000000006,0.025700000000000056,0.18439999999999998,-0.11530000000000001,0,1,0,0.308,0,0.51,72.38999999999993,0.255,0.0,0,32.199999999999996,0.09999999999999998,0.0,0.496,0,0.5,0.0,0.0,0.05399999999999994,86.02999999999997,106.20000000000005,0.0,0,0.0,0.0,90,1,2
Uruguay,Panama,0.0,0.32934868015699803,0.03999999999999998,0.0,0.30087646343803975,0.04300000000000004,60.700000000000045,0.0,0.0,1.5674090265210865,0.14,0.0,0.0,0.4,0.3,0.8443686024556973,0.64,0.68,1.0,27.711626496575967,0.541,0.571,0.0,0.5,0.0,0.24,0,0.333,3,0.0,47.03,0.4166,0.0741,0.4333,0.9783,0.0513,0.0577,0.59,0.57,0.608,0.0,0.87,0,44.1,0.733,0.0,0.6,0,0.0,0.0,0.833,1552.6,0.0,0,0.0,0.5,0.0,0.2,0.535,0,0,-0.2059376022808116,0.06999999999999995,0.05999999999999994,0.0,0.333,144,7.752784441962419,0.82,0.42900000000000005,24,0.0,-0.0793043978633341,0.0,-0.1434152421539968,0,0.0,0.040000000000000036,0,0.47965906067326447,1.0,1,0.0,1.8967577066780845,0.18,0.0,0.0,0.4,0.5,0.6384310001748857,0.71,0.74,1.0,35.464410938538386,1.361,1.0,0.0,0.5,0.0,0.28,0,0.333,2,0.0,0.0,0.7259,0.8405,0.3833,0.9778,0.4614,0.0577,0.677,0.655,0.674,0.0,0.913,0,55.9,0.9,0.0,0.592,0,0.0,0.0,0.957,1765.6,0.0,0,0.0,0.5,47.03,0.0,0.30929999999999996,0.7664,-0.050000000000000044,-0.0004999999999999449,0.41009999999999996,0.0,0,34,0,0.08700000000000008,0,0.08500000000000008,13.670000000000044,0.06600000000000006,0.0,0,11.799999999999997,0.16700000000000004,0.0,-0.008000000000000007,0,0.5,0.0,0.0,0.124,56.41000000000001,213.0,0.0,0,0.0,0.0,90,52,2
Netherlands,Austria,-0.108,-0.10185401978588038,-0.131,0.11999999999999988,0.05965400676078747,0.04399999999999993,72.50000000000023,0.0,0.21,1.9962028235409361,0.606,1.143,0.0,0.55,0.35,0.8538628099740195,0.266,0.467,1.0,45.001590511973006,1.058,0.214,0.808,1.0,0.0,0.383,0,0.333,2,0.0,36.0,0.4562,0.728,0.4028,0.9833,0.32,0.0462,0.644,0.64,0.627,0.724,0.913,0,49.9,1.0,0.847,0.476,0,0.0,0.0,0.893,1921.2,0.0,0,0.0,0.807,-0.10000000000000003,0.15000000000000002,0.536,0,0,-0.26243936158937775,0.33299999999999996,0.32,0.0,0.333,119,-22.5004771249075,0.45199999999999996,0.0,16,0.051999999999999935,0.26341871244730575,0.0,-0.650397255979212,0,0.0,0.16000000000000003,0,-0.47887879138101086,1.0,1,0.102,1.8943488037550558,0.475,1.263,0.0,0.45,0.5,0.5914234483846418,0.599,0.787,1.0,22.501113387065505,1.51,0.214,0.86,1.0,0.0,0.543,0,0.333,1,0.0,0.0,0.5837,1.0,0.4972,0.9877,1.0,0.0462,0.685,0.7,0.671,0.753,0.957,0,50.1,0.9,0.706,0.689,0,0.0,0.0,0.978,1847.2,0.0,0,0.0,0.925,36.0,0.0,0.1275,0.272,0.09439999999999998,0.0044000000000000705,0.6799999999999999,0.0,0,55,0,0.041000000000000036,0,0.05999999999999994,36.50000000000023,0.04400000000000004,0.029000000000000026,0,0.20000000000000284,-0.09999999999999998,-0.14100000000000001,0.21299999999999997,0,0.5,0.0,0.0,0.08499999999999996,55.80000000000007,-74.0,0.0,0,0.0,0.118,90,28,0
Paraguay,Brazil,0.108,-0.8831930513002297,-0.20099999999999996,-0.8460000000000001,-0.06269861828836953,0.131,-891.8599999999999,0.0,0.072,1.3987693757650537,0.479,1.81,0.0,0.55,0.25,1.2283736554761802,0.586,0.54,1.0,-29.61772241720221,3.748,0.286,0.551,1.0,0.0,0.3,0,0.333,4,0.0,100.0,0.6844,1.0,0.3217,0.9746,1.0,0.1231,0.728,0.64,0.701,0.905,0.826,0,53.5,0.9,0.863,0.7,0,0.0,0.0,0.813,1951.8,0.0,0,0.0,0.775,-0.35000000000000003,0.2,0.417,0,0,-0.20046852976094298,-0.07099999999999995,0.0,0.0,0.333,-200,-13.459036244307178,-3.056,0.07100000000000001,-22,-0.16200000000000003,-0.7804233300269973,0.0,0.1876820839026816,0,0.0,0.15000000000000002,0,-0.8908957538458284,0.06666666666666667,1,0.18,0.5155763244648239,0.278,0.964,0.0,0.2,0.45,1.0279051257152372,0.515,0.54,1.0,-43.07675866150939,0.692,0.357,0.389,1.0,0.0,0.45,0,0.333,1,0.0,29.43,0.3356,0.5458,0.5158,0.9569,0.2305,0.1615,0.654,0.31,0.642,0.447,0.957,0,46.5,1.0,0.779,0.35,0,0.0,0.0,0.922,1810.2,0.0,0,0.0,0.775,70.57,0.0,-0.3488,-0.45420000000000005,0.19410000000000005,-0.01770000000000005,-0.7695,0.038400000000000004,0,-22,0,-0.07399999999999995,0,-0.33,-962.4299999999998,-0.05899999999999994,-0.458,0,-7.0,0.09999999999999998,-0.08399999999999996,-0.35,0,0.5,0.0,0.0,0.1090000000000001,-747.42,-141.5999999999999,0.0,0,0.0,0.0,90,-22,0
Mexico,Ecuador,0.006000000000000005,-0.394848845482606,-0.07200000000000006,0.375,0.13389113056556334,0.0,-314.8800000000003,0.0,0.27,1.5187398309441793,0.544,1.409,0.0,0.55,0.3,1.013977310084176,0.299,0.42,1.0,-4.42368574442957,0.306,0.357,0.673,1.0,0.0,0.37,0,0.333,3,0.0,96.17999999999999,0.6952,0.5572,0.4946,0.9613,0.6396,0.1077,0.526,0.67,0.551,0.518,0.87,0,43.4,1.0,0.79,0.612,0,0.0,0.0,0.811,1763.4,0.0,0,0.0,0.925,-0.15000000000000002,0.04999999999999999,0.498,0,0,0.4802511613384992,0.15900000000000003,0.027000000000000024,0.0,0.333,108,-60.663659045114294,0.6319999999999999,-0.07100000000000001,11,-0.24000000000000005,-0.8181988219389902,-0.5,0.25816894657817446,0,0.0,0.05299999999999999,0,-1.2035777402345706,0.5333333333333333,1,0.276,1.1238909854615733,0.472,1.784,0.0,0.4,0.35,1.4942284714226752,0.458,0.447,1.0,-65.08734478954386,0.938,0.286,0.433,0.5,0.0,0.423,0,0.333,3,0.0,4.65,0.4964,0.8192,0.3552,0.9812,0.2426,0.0231,0.672,0.33,0.687,0.752,0.87,0,56.6,0.833,0.748,0.478,0,0.0,0.0,0.93,1782.6,0.0,0,0.0,0.587,91.52999999999999,0.0,-0.19880000000000003,0.262,-0.13939999999999997,0.019899999999999918,-0.3969999999999999,-0.08460000000000001,0,16,0,0.14600000000000002,-1,-0.34,-406.4100000000002,0.136,0.23399999999999999,0,13.200000000000003,-0.16700000000000004,-0.04200000000000004,-0.134,0,0.5,0.0,0.0,0.119,-278.37,19.199999999999818,0.0,0,0.0,-0.3380000000000001,90,0,1
France,Belgium,-0.036000000000000004,0.18338912435468901,-0.014999999999999958,0.2569999999999999,-0.19535461053204328,-0.08700000000000008,406.43999999999994,0.0,0.114,1.2638657091043097,0.419,1.37,0.0,0.25,0.65,0.3350917553105654,0.696,0.893,1.0,-30.550232375726125,0.363,0.286,0.571,1.0,0.0,0.597,0,0.333,2,0.0,0.0,0.5694,1.0,0.3031,0.9754,0.6806,0.0462,0.728,0.62,0.658,0.752,0.913,0,46.3,0.967,0.644,0.568,0,0.0,0.0,0.957,1668.4,0.0,0,0.0,0.925,0.09999999999999998,-0.050000000000000044,0.498,0,0,0.24838510002932596,-0.08399999999999996,-0.10599999999999998,0.0,0.333,257,-11.176384276871858,0.899,0.07100000000000001,14,-0.19699999999999995,-0.31265174378405125,-0.5,0.392694759807529,0,0.0,-0.05399999999999994,0,-0.048808232062363954,0.6666666666666666,1,0.078,1.4472548334589987,0.404,1.627,0.0,0.35,0.6,0.5834768553398914,0.612,0.787,1.0,-41.72661665259798,1.262,0.357,0.374,0.5,0.0,0.543,0,0.333,3,0.0,229.78,0.7,1.0,0.512,0.9967,1.0,0.0115,0.833,0.54,0.731,0.852,0.826,0,53.7,0.9,0.668,0.545,0,0.0,0.0,0.758,1833.0,0.0,1,0.043,0.587,-229.78,0.0,0.13059999999999994,0.0,0.20890000000000003,0.021299999999999986,0.3194,-0.034699999999999995,0,12,0,0.10499999999999998,1,-0.07999999999999996,636.2199999999999,0.07299999999999995,0.09999999999999998,0,7.400000000000006,-0.06699999999999995,0.02400000000000002,-0.02299999999999991,0,0.5,0.0,0.0,-0.19899999999999995,214.86,164.5999999999999,0.0,0.0,0.043,-0.3380000000000001,90,9,2
Brazil,Colombia,-0.09,-0.5905043006689397,-0.08600000000000008,0.4750000000000001,-0.07868354682959211,-0.131,792.0699999999999,0.0,0.186,2.36620095905056,0.798,1.43,0.0,0.45,0.55,0.6683165880828372,0.564,0.633,1.0,58.49891608198979,1.503,0.357,0.866,1.0,0.0,0.477,0,0.333,1,0.0,2.03,0.6034,0.807,0.4448,0.9826,0.4149,0.0462,0.675,1.0,0.661,0.784,0.957,0,51.2,0.933,0.777,0.98,0,0.0,0.0,0.976,1737.2,0.0,0,0.0,0.862,0.14999999999999997,-0.35000000000000003,0.484,0,0,0.5355447413817449,-0.10399999999999993,-0.2,0.0,0.333,48,-85.4251776351286,-1.1969999999999998,-0.07100000000000001,2,-0.33799999999999997,-1.1117140077863918,-0.5,0.5304354368180131,0,0.0,-0.07999999999999996,0,-0.8820063249211856,0.4,1,0.096,1.7756966583816203,0.712,1.905,0.0,0.6,0.2,1.2038613294645821,0.46,0.433,1.0,-26.92626155313881,0.306,0.286,0.528,0.5,0.0,0.397,0,0.333,4,0.0,100.0,0.6844,1.0,0.3217,0.9746,1.0,0.1231,0.66,0.735,0.653,0.837,0.826,0,48.8,1.0,0.826,0.725,0,0.0,0.0,0.813,1908.2,0.0,0,0.0,0.587,-97.97,0.0,0.08099999999999996,0.19299999999999995,-0.12309999999999999,-0.008000000000000007,0.5851,0.0769,0,21,0,-0.015000000000000013,0,-0.265,890.04,-0.008000000000000007,0.052999999999999936,0,-2.4000000000000057,0.06699999999999995,0.04899999999999993,-0.255,0,0.5,0.0,0.0,-0.16300000000000003,661.39,171.0,0.0,0,0.0,-0.275,90,21,1
Germany,Spain,0.024000000000000007,-0.7621912702936446,-0.05900000000000005,0.129,-0.10654307669769736,0.0,-159.12000000000012,0.0,0.108,2.6453812394437413,0.638,1.638,0.0,0.4,0.55,0.5082054297812066,0.69,0.787,1.0,15.793119825621677,0.0,0.286,0.741,0.5,0.0,0.543,0,0.333,2,0.0,0.0,0.7433,1.0,0.7002,0.9915,1.0,0.0231,0.888,1.0,0.0,0.907,0.913,0,0.0,0.9,0.779,0.988,0,0.0,0.0,0.957,1679.8,0.0,0,0.0,0.296,0.19999999999999996,-0.25000000000000006,0.494,0,0,0.14349211084004532,-0.1309999999999999,-0.10699999999999998,0.0,0.333,-265,27.159831640591353,0.0,0.07100000000000001,-13,-0.17600000000000005,-0.9569079842132591,0.5,-0.04309201578674099,0,0.0,-0.05300000000000005,0,-1.043092015786741,0.4,1,0.132,1.8831899691500966,0.579,1.767,0.0,0.6,0.3,0.651697540621252,0.559,0.68,1.0,42.95295146621303,0.0,0.357,0.565,1.0,0.0,0.49,0,0.333,2,0.0,80.0,0.7408,1.0,0.3347,0.9877,1.0,0.0462,0.828,0.8,0.0,0.844,0.913,0,0.0,0.7,0.707,0.701,0,0.0,0.0,0.849,1884.8,0.0,0,0.0,0.807,-80.0,0.0,-0.0024999999999999467,0.0,-0.36550000000000005,-0.0038000000000000256,0.0,0.0231,0,-17,0,-0.06000000000000005,0,-0.19999999999999996,-79.12000000000012,0.0,-0.06300000000000006,0,0.0,-0.20000000000000007,-0.07200000000000006,-0.28700000000000003,0,0.5,0.0,0.0,-0.10799999999999998,-114.38,205.0,0.0,0,0.0,0.5110000000000001,90,-1,0
Argentina,Ecuador,-0.19999999999999998,0.7467281043367044,0.245,0.744,0.06762413546748525,0.0,121.00999999999954,0.0,0.296,1.292594881426328,0.519,1.14,0.0,0.55,0.3,0.8727383587034744,0.398,0.527,1.0,-4.9628047874541314,4.523,0.286,0.846,0.667,0.0,0.423,0,0.333,3,0.0,96.17999999999999,0.6952,0.5572,0.4946,0.9613,0.6396,0.1077,0.621,0.625,0.648,0.515,0.87,0,44.8,0.8,0.81,0.632,0,0.0,0.0,0.811,1734.2,0.0,0,0.0,0.742,-0.35000000000000003,0.45,0.616,0,0,-0.5704226710338459,0.364,0.366,0.0,0.333,254,10.841205026254903,0.2530000000000001,0.07100000000000001,16,-0.253,1.1501978752538369,0.0,-0.7480804781095567,0,0.0,0.174,0,0.35324240707629895,0.8666666666666667,1,0.096,2.0393229857630324,0.764,1.884,0.0,0.2,0.75,0.30231568766962846,0.762,0.893,1.0,5.878400238800771,4.776,0.357,0.593,0.667,0.0,0.597,0,0.333,3,0.0,62.19,0.5536,1.0,0.3083,0.9917,1.0,0.0231,0.654,1.0,0.655,0.864,0.87,0,55.2,1.0,0.787,0.988,0,0.0,0.0,0.818,1739.8,0.0,0,0.0,0.518,33.989999999999995,0.0,-0.14160000000000006,0.44279999999999997,-0.18629999999999997,0.030399999999999983,0.36040000000000005,-0.08460000000000001,0,27,2,0.03300000000000003,-1,0.375,87.01999999999964,0.007000000000000006,0.349,0,10.400000000000006,0.19999999999999996,-0.02300000000000002,0.356,0,0.5,0.0,0.0,0.006999999999999895,119.30000000000001,5.599999999999909,0.0,0,0.0,-0.22399999999999998,90,27,1
Portugal,France,0.12000000000000001,0.5148467781919026,0.179,0.262,0.08729153739404283,0.08700000000000008,-148.87000000000023,0.0,0.072,1.3124894081513772,0.408,1.738,0.0,0.35,0.6,0.4322502857818624,0.634,0.787,1.0,-20.062904820732864,4.985,0.214,0.395,1.0,0.0,0.543,0,0.333,3,0.0,229.78,0.7,1.0,0.512,0.9967,1.0,0.0115,0.767,0.8,0.65,0.828,0.826,0,34.6,1.0,0.754,0.642,0,0.0,0.0,0.758,1827.2,0.0,1,0.043,0.862,0.0,-0.09999999999999998,0.492,0,0,0.3617215845945204,-0.20500000000000002,-0.09400000000000008,0.0,0.333,-180,7.670265917421741,-0.44200000000000017,0.0,-7,-0.03400000000000003,-0.561464811031092,-0.5,0.34960274402078795,0,0.0,-0.026000000000000023,0,0.37569617125049715,0.3333333333333333,1,0.192,1.8273361863432798,0.587,2.0,0.0,0.35,0.5,0.7939718703763828,0.429,0.693,1.0,-12.392638903311123,4.543,0.214,0.361,0.5,0.0,0.517,0,0.333,2,0.0,96.63,0.5771,1.0,0.6682,0.983,1.0,0.0462,0.876,0.555,0.751,0.908,0.913,0,65.4,0.833,0.778,0.592,0,0.0,0.0,0.833,1698.4,0.0,0,0.0,0.346,133.15,0.0,-0.12290000000000001,0.0,0.1562,-0.013700000000000045,0.0,0.034699999999999995,0,11,0,0.10899999999999999,0,-0.245,-282.0200000000002,0.10099999999999998,0.08000000000000007,0,30.800000000000004,-0.16700000000000004,0.02400000000000002,-0.050000000000000044,0,0.5,0.0,0.0,0.07499999999999996,-61.32000000000005,-128.79999999999995,0.0,0.0,-0.043,-0.516,90,6,1
England,Switzerland,0.07799999999999999,-0.30951395940159054,-0.08700000000000002,0.52,-0.17665053354205862,-0.04300000000000004,896.5999999999999,0.0,0.138,1.5845199090065294,0.456,0.766,0.0,0.65,0.3,0.6756274389322644,0.504,0.68,1.0,13.582011562719444,4.335,0.429,0.91,1.0,0.0,0.49,0,0.333,2,0.0,0.0,0.6926,1.0,0.3736,0.9875,0.4914,0.0346,0.827,0.8,0.686,0.664,0.913,0,49.9,0.667,0.694,0.55,0,0.0,0.0,0.957,1882.0,0.0,0,0.0,0.925,-0.2,0.15000000000000002,0.535,0,0,-0.04852200663208417,0.03300000000000003,0.0,0.0,0.333,142,-48.65040074145575,0.1200000000000001,-0.07200000000000001,9,-0.405,0.0,0.0,0.17194326387258246,0,0.0,0.0,0,-0.34960274402078806,0.8666666666666667,1,0.216,1.2750059496049388,0.369,1.286,0.0,0.45,0.45,0.6271054323001802,0.537,0.68,1.0,-35.068389178736304,4.455,0.357,0.505,1.0,0.0,0.49,0,0.333,3,0.0,246.0,0.7047,1.0,0.4644,0.9905,1.0,0.0346,0.826,0.8,0.7,0.9,0.87,0,50.1,0.633,0.639,0.601,0,0.0,0.0,0.78,1704.2,0.0,0,0.0,0.925,-246.0,0.0,0.0121,0.0,0.09079999999999999,0.0030000000000000027,0.5085999999999999,0.0,0,23,0,-0.0010000000000000009,2,0.0,1142.6,0.013999999999999901,0.236,0,0.20000000000000284,-0.03400000000000003,-0.05499999999999994,0.050999999999999934,0,0.5,0.0,0.0,-0.17699999999999994,737.0699999999999,-177.79999999999995,0.0,0,0.0,0.0,90,6,1
Colombia,Panama,-0.032,0.37285707095823994,0.22499999999999998,0.385,0.2933590586091256,0.08699999999999997,158.72999999999996,0.0,0.196,1.7884463867143698,0.549,1.036,0.0,0.45,0.3,1.1106603062572695,0.311,0.373,1.0,20.55636416102907,0.61,0.286,0.917,1.0,0.0,0.357,0,0.333,3,0.0,47.03,0.4166,0.0741,0.4333,0.9783,0.0513,0.0577,0.639,0.68,0.641,0.689,0.87,0,54.6,0.833,0.694,0.562,0,0.0,0.0,0.833,1698.0,0.0,0,0.0,0.834,0.0,0.25000000000000006,0.56,0,0,-0.4034411671331354,0.27699999999999997,0.30700000000000005,0.0,0.333,304,42.86659136033609,1.5700000000000003,-0.07199999999999998,47,-0.017000000000000015,0.47528077945760927,0.0,-0.776608499828142,0,0.0,0.133,0,0.5833186087875644,1.0,1,0.164,2.16130345767261,0.774,1.421,0.0,0.45,0.55,0.7072191391241341,0.588,0.68,1.0,63.422955521365154,2.18,0.214,0.9,1.0,0.0,0.49,0,0.333,1,0.0,2.03,0.6034,0.807,0.4448,0.9826,0.4149,0.0462,0.638,0.825,0.669,0.746,0.957,0,45.4,0.767,0.781,0.912,0,0.0,0.0,0.976,1822.6,0.0,0,0.0,0.893,45.0,0.0,0.18680000000000002,0.7329000000000001,0.011499999999999955,0.0043000000000000815,0.3636,-0.011500000000000003,0,13,2,-0.0010000000000000009,0,0.1449999999999999,113.72999999999993,0.028000000000000025,0.05700000000000005,0,-9.200000000000003,-0.06599999999999995,0.08700000000000008,0.35,0,0.5,0.0,0.0,0.14300000000000002,137.56,124.59999999999991,0.0,0,0.0,0.05900000000000005,90,31,2
Uruguay,Brazil,0.032,0.6033856215017084,0.137,0.20100000000000007,0.08620095165850628,0.08700000000000008,-890.0999999999999,0.0,0.1,1.6676483011553238,0.614,1.438,0.0,0.65,0.15,1.1827633749456679,0.447,0.527,1.0,-20.837611745806772,3.81,0.286,0.608,0.667,0.0,0.423,0,0.333,4,0.0,100.0,0.6844,1.0,0.3217,0.9746,1.0,0.1231,0.672,0.665,0.701,0.777,0.826,0,59.0,1.0,0.855,0.696,0,0.0,0.0,0.813,1871.6,0.0,0,0.0,0.71,-0.2,0.35,0.56,0,0,-0.6733667190211331,0.324,0.366,0.0,0.333,-208,77.59502817362302,0.7369999999999997,0.07100000000000001,-25,0.344,1.015030444474647,0.33299999999999996,-0.7444042996531197,0,0.0,0.174,0,0.897036769395833,0.2,1,0.132,2.271033922657032,0.751,1.639,0.0,0.45,0.5,0.5093966559245348,0.771,0.893,1.0,56.757416427816246,4.547,0.357,0.952,1.0,0.0,0.597,0,0.333,2,0.0,0.0,0.7259,0.8405,0.3833,0.9778,0.4614,0.0577,0.513,0.96,0.554,0.671,0.913,0,41.0,1.0,0.843,0.916,0,0.0,0.0,0.957,1778.4,0.0,0,0.0,0.963,100.0,0.0,0.04149999999999998,-0.15949999999999998,0.06159999999999999,0.0031999999999999806,-0.5386,-0.0654,0,0,2,-0.15900000000000003,0,0.29499999999999993,-990.0999999999999,-0.1469999999999999,-0.10599999999999998,0,-18.0,0.0,-0.01200000000000001,0.22000000000000008,0,0.5,0.0,0.0,0.14400000000000002,-742.54,-93.19999999999982,0.0,0,0.0,0.253,90,0,1
Spain,France,0.06000000000000001,0.7084608738665916,0.135,0.06899999999999995,0.19535461053204328,0.08700000000000008,-116.45000000000005,0.0,0.078,1.6791242744855404,0.627,1.79,0.0,0.4,0.55,0.7599898660995664,0.399,0.693,1.0,-12.773746632037792,0.851,0.214,0.403,0.5,0.0,0.517,0,0.333,3,0.0,229.78,0.7,1.0,0.512,0.9967,1.0,0.0115,0.614,0.835,0.616,0.826,0.826,0,39.5,0.9,0.816,0.723,0,0.0,0.0,0.758,1879.0,0.0,1,0.043,0.587,0.04999999999999999,-0.050000000000000044,0.522,0,0,-0.06729022163146114,-0.03700000000000003,-0.22599999999999992,0.0,0.333,32,35.42450441299871,-0.429,0.0,1,0.4159999999999999,0.7272670593536699,0.5,0.010857573007027388,0,0.0,-0.134,0,0.6601884121620227,0.4666666666666667,1,0.138,2.387585148352132,0.762,1.859,0.0,0.45,0.5,0.6926996444681053,0.362,0.467,1.0,22.650757780960916,0.422,0.214,0.819,1.0,0.0,0.383,0,0.333,2,0.0,0.0,0.7433,1.0,0.7002,0.9915,1.0,0.0231,0.774,1.0,0.727,0.893,0.913,0,60.5,0.533,0.736,0.969,0,0.0,0.0,0.957,1804.0,0.0,0,0.0,1.0,229.78,0.0,0.043300000000000005,0.0,0.18820000000000003,-0.005199999999999982,0.0,0.0116,0,10,0,0.16000000000000003,-1,0.16500000000000004,-346.23,0.11099999999999999,0.06700000000000006,0,21.0,-0.367,-0.07999999999999996,0.246,0,0.5,0.0,0.0,0.19899999999999995,21.289999999999964,-75.0,0.0,0.0,-0.043,0.41300000000000003,90,-3,2
Argentina,Canada,-0.108,1.0427793335603899,0.29800000000000004,0.79,-0.08841090671291696,0.04400000000000004,593.2199999999998,0.0,0.216,0.8444759477768733,0.475,1.123,0.0,0.5,0.25,1.3580929021634125,0.41,0.74,1.0,-29.616275109232014,0.718,0.286,0.308,0.75,0.0,0.53,0,0.333,2,0.0,0.0,0.7,0.7052,0.3729,0.9781,0.2356,0.0808,0.703,0.54,0.674,0.612,0.826,0,47.5,0.767,0.765,0.405,0,0.0,0.0,0.913,1868.8,0.0,2,0.087,0.791,-0.3,0.5,0.585,0,0,-0.9658936574036802,0.14300000000000007,0.04700000000000004,0.0,0.333,280,27.84729346885246,1.036,0.07100000000000001,25,0.23800000000000004,1.1994048687669512,0.0,-0.18590729152301283,0,0.0,0.013000000000000012,0,1.2997280951342072,1.0,1,0.108,1.8872552813372632,0.773,1.913,0.0,0.2,0.75,0.39219924475973234,0.553,0.787,1.0,-1.768981640379554,1.754,0.357,0.546,0.75,0.0,0.543,0,0.333,3,0.0,62.19,0.5536,1.0,0.3083,0.9917,1.0,0.0231,0.725,0.825,0.684,0.809,0.87,0,52.5,0.633,0.796,0.908,0,0.0,0.0,0.818,1739.8,0.0,0,0.0,0.537,-62.19,0.0,-0.14639999999999997,0.29479999999999995,-0.06459999999999999,0.013600000000000056,0.7644,-0.0577,0,71,3,0.02200000000000002,0,0.2849999999999999,655.4099999999999,0.010000000000000009,0.19700000000000006,0,5.0,-0.134,0.031000000000000028,0.503,0,0.5,0.0,0.0,-0.09500000000000008,535.52,-129.0,0.0,0.0,-0.087,-0.254,90,83,2
Netherlands,England,-0.10799999999999998,0.285519237432462,-0.07599999999999996,-0.34199999999999986,0.17665053354205862,0.08699999999999997,-506.5999999999997,0.0,0.24,1.8740461117840264,0.741,1.797,0.0,0.55,0.35,1.1771038981974487,0.203,0.433,1.0,-15.006645583772716,1.237,0.214,0.516,0.5,0.0,0.397,0,0.333,3,0.0,246.0,0.7047,1.0,0.4644,0.9905,1.0,0.0346,0.841,0.835,0.743,0.867,0.87,0,64.2,0.533,0.699,0.673,0,0.0,0.0,0.78,1766.8,0.0,0,0.0,0.65,-0.10000000000000003,0.20000000000000007,0.503,0,0,-0.29189715789827975,0.317,0.15399999999999997,0.0,0.333,-98,24.280471856905354,-0.8250000000000002,0.0,-6,0.32499999999999996,0.3407133150961452,0.5,-0.8233401786703946,0,0.0,0.066,0,-0.3049673834260438,0.6666666666666666,1,0.132,2.1595653492164884,0.665,1.455,0.0,0.45,0.55,0.8852067402991689,0.52,0.587,1.0,9.273826273132638,0.412,0.214,0.841,1.0,0.0,0.463,0,0.333,1,0.0,0.0,0.5837,1.0,0.4972,0.9877,1.0,0.0462,0.673,0.92,0.655,0.782,0.957,0,35.8,0.8,0.725,0.816,0,0.0,0.0,0.978,1751.4,0.0,0,0.0,1.0,246.0,0.0,-0.121,0.0,0.032799999999999996,-0.0028000000000000247,0.0,0.0116,0,3,0,-0.16799999999999993,-2,0.08500000000000008,-752.5999999999997,-0.08799999999999997,-0.08499999999999996,0,-28.400000000000006,0.267,0.026000000000000023,0.1429999999999999,0,0.5,0.0,0.0,0.19799999999999995,-403.90999999999997,-15.399999999999864,0.0,0,0.0,0.35,90,-2,0
Uruguay,Colombia,-0.017999999999999988,-0.6239091391784448,-0.0040000000000000036,0.30300000000000016,0.007517404828914165,-0.04399999999999993,-98.02999999999992,0.0,0.156,2.5786061511412406,0.834,1.426,0.0,0.45,0.55,0.608709154124605,0.669,0.787,1.0,55.01116076664033,1.172,0.357,0.933,1.0,0.0,0.543,0,0.333,1,0.0,2.03,0.6034,0.807,0.4448,0.9826,0.4149,0.0462,0.532,0.875,0.565,0.718,0.957,0,40.4,0.967,0.768,0.919,0,0.0,0.0,0.976,1783.6,0.0,0,0.0,0.883,0.0,-0.050000000000000044,0.53,0,0,-0.17026738920610734,-0.0020000000000000018,0.10599999999999998,0.0,0.333,-160,-8.253744338824085,-0.4169999999999999,-0.07100000000000001,-23,-0.18000000000000005,-0.1039628894227671,-0.25,-0.2347822815909934,0,0.0,0.05399999999999994,0,-0.7631411651888946,0.6,1,0.138,1.9546970119627958,0.83,1.729,0.0,0.45,0.5,0.4384417649184977,0.667,0.893,1.0,46.757416427816246,0.755,0.286,0.753,0.75,0.0,0.597,0,0.333,2,0.0,0.0,0.7259,0.8405,0.3833,0.9778,0.4614,0.0577,0.699,0.825,0.71,0.627,0.913,0,59.6,1.0,0.85,0.905,0,0.0,0.0,0.957,1850.0,0.0,0,0.0,0.838,2.03,0.0,0.12249999999999994,0.033499999999999974,-0.0615,-0.0048000000000000265,0.046499999999999986,0.011500000000000003,0,21,3,0.16699999999999993,0,-0.050000000000000044,-100.05999999999989,0.14500000000000002,-0.09099999999999997,0,19.200000000000003,0.03300000000000003,0.08199999999999996,-0.014000000000000012,0,0.5,0.0,0.0,-0.019000000000000017,-81.14999999999998,66.40000000000009,0.0,0,0.0,-0.04500000000000004,90,21,0
Spain,England,0.05399999999999999,0.35632884164017864,-0.3340000000000001,-0.41999999999999993,0.17665053354205862,0.04300000000000004,-316.5899999999999,0.0,0.138,1.9056744693073517,0.907,1.534,0.0,0.55,0.35,1.13120179473843,0.132,0.327,1.0,-6.425046819449147,0.726,0.214,0.715,1.0,0.0,0.343,0,0.333,3,0.0,246.0,0.7047,1.0,0.4644,0.9905,1.0,0.0346,0.555,0.94,0.57,0.87,0.87,0,34.5,0.733,0.662,0.785,0,0.0,0.0,0.78,1882.0,0.0,0,0.0,0.925,0.0,0.050000000000000044,0.489,0,0,-0.34527548749320336,0.186,0.14,0.0,0.333,117,41.450387523909185,1.066,0.07199999999999998,3,0.17700000000000005,0.3147585396088539,-0.5,-0.5766704226490822,0,0.0,0.03999999999999998,0,-0.6115146270610157,0.4666666666666667,1,0.192,2.2620033109475304,0.573,1.114,0.0,0.55,0.4,0.7859263072452267,0.318,0.467,1.0,35.025340704460035,1.792,0.286,0.892,0.5,0.0,0.383,0,0.333,2,0.0,0.0,0.7433,1.0,0.7002,0.9915,1.0,0.0231,0.813,1.0,0.761,0.784,0.913,0,65.5,0.6,0.681,0.791,0,0.0,0.0,0.957,2001.2,0.0,0,0.0,0.532,246.0,0.0,0.03859999999999997,0.0,0.23580000000000007,0.0010000000000000009,0.0,-0.0115,0,10,0,0.2579999999999999,-2,0.06000000000000005,-562.5899999999999,0.19100000000000006,-0.08599999999999997,0,31.0,-0.133,0.019000000000000017,0.006000000000000005,0,0.5,0.0,0.0,0.17699999999999994,-236.71000000000004,119.20000000000005,0.0,0,0.0,-0.393,90,-3,2
Canada,Uruguay,0.038000000000000006,-0.9555761255399388,-0.23500000000000004,-0.5089999999999999,0.0,-0.08700000000000008,-121.97000000000006,0.0,0.149,1.6824233096906043,0.667,1.569,0.0,0.45,0.5,0.5093640452472877,0.582,0.787,1.0,24.310162281372268,4.65,0.214,0.633,0.6,0.0,0.543,0,0.333,2,0.0,0.0,0.7259,0.8405,0.3833,0.9778,0.4614,0.0577,0.592,0.525,0.62,0.64,0.913,0,49.3,0.767,0.848,0.741,0,0.0,0.0,0.957,1854.2,0.0,0,0.0,0.713,0.04999999999999999,-0.25,0.44,0,0,0.9381413955209014,-0.26199999999999996,-0.20000000000000007,0.0,0.333,5,-48.56949206832019,1.5549999999999997,0.07199999999999998,2,-0.326,-0.771000692690246,0.0,0.6503972559792119,0,0.0,-0.08000000000000002,0,-0.9735120161006007,0.0,1,0.187,0.7268471841506655,0.432,1.06,0.0,0.5,0.25,1.447505440768189,0.32,0.587,1.0,-24.259329786947916,6.205,0.286,0.307,0.6,0.0,0.463,0,0.333,2,0.0,0.0,0.7,0.7052,0.3729,0.9781,0.2356,0.0808,0.586,0.345,0.614,0.631,0.826,0,50.7,1.0,0.759,0.336,0,0.0,0.0,0.913,1863.6,0.0,2,0.087,0.708,0.0,0.0,-0.025900000000000034,-0.13529999999999998,-0.010399999999999965,0.00029999999999996696,-0.22579999999999997,0.023099999999999996,0,-65,0,-0.006000000000000005,0,-0.18000000000000005,-121.97000000000006,-0.006000000000000005,-0.009000000000000008,0,1.4000000000000057,0.23299999999999998,-0.08899999999999997,-0.40499999999999997,0,0.5,0.0,0.0,-0.04399999999999993,-106.76,9.399999999999864,0.0,0.0,0.087,-0.0050000000000000044,90,-77,1
Argentina,Colombia,-0.05299999999999999,-0.47035578975551395,-0.04500000000000004,0.44799999999999995,-0.0808935018840028,-0.08699999999999997,373.2199999999998,0.0,0.154,2.3660172085118116,0.754,1.368,0.0,0.45,0.55,0.5239208242779975,0.663,0.787,1.0,54.82173293989639,0.972,0.286,0.898,0.8,0.0,0.543,0,0.333,1,0.0,2.03,0.6034,0.807,0.4448,0.9826,0.4149,0.0462,0.798,0.9,0.697,0.677,0.957,0,53.6,1.0,0.775,0.904,0,0.0,0.0,0.976,1814.4,0.0,0,0.0,0.783,-0.25,0.19999999999999996,0.524,0,0,-0.1863518059654123,-0.006000000000000005,0.10599999999999998,0.0,0.333,125,-36.51165479651676,0.11099999999999999,0.07100000000000001,4,-0.399,-0.0851176147492656,0.0,-0.08629244071120895,0,0.0,0.05399999999999994,0,-0.7749004654540903,0.7333333333333333,1,0.101,1.8956614187562977,0.709,1.816,0.0,0.2,0.75,0.3375690183125852,0.657,0.893,1.0,18.310078143379634,1.083,0.357,0.499,0.8,0.0,0.597,0,0.333,3,0.0,62.19,0.5536,1.0,0.3083,0.9917,1.0,0.0231,0.701,0.875,0.63,0.793,0.87,0,46.4,0.867,0.773,0.896,0,0.0,0.0,0.818,1783.2,0.0,0,0.0,0.598,-60.16,0.0,-0.049800000000000066,0.19299999999999995,-0.13649999999999995,0.009099999999999997,0.5851,-0.0231,0,27,4,-0.09700000000000009,0,-0.025000000000000022,433.3799999999999,-0.06699999999999995,0.11599999999999999,0,-7.200000000000003,-0.133,-0.0020000000000000018,-0.008000000000000007,0,0.5,0.0,0.0,-0.15800000000000003,347.61,-31.200000000000045,0.0,0,0.0,-0.18500000000000005,90,27,2
Portugal,Croatia,0.02400000000000002,0.3706175812015218,0.049000000000000044,0.49,-0.018466523245816324,0.04300000000000004,506.2499999999998,0.0,0.144,1.3509109088777975,0.569,1.51,0.0,0.45,0.35,1.3567863727297331,0.261,0.28,1.0,-4.790895829824995,0.0,1.0,0.602,1.0,0.0,0.33,0,0.333,3,0.0,28.669999999999998,0.5234,1.0,0.4299,0.9915,0.629,0.0231,0.807,0.46,0.0,0.822,0.87,0,0.0,0.767,0.732,0.389,0,0.0,0.0,0.879,1823.8,0.0,0,0.0,0.76,-0.04999999999999999,0.10000000000000003,0.547,0,0,-0.03564591361702707,0.08200000000000002,0.273,0.0,0.333,77,-14.819228695567032,0.0,0.0,6,-0.243,0.09768322213034453,-0.5,0.08421588749109743,0,0.0,0.14699999999999996,0,0.2162101056212673,0.6666666666666666,1,0.168,1.7215284900793193,0.618,2.0,0.0,0.4,0.45,1.321140459112706,0.343,0.553,1.0,-19.610124525392028,0.0,1.0,0.359,0.5,0.0,0.477,0,0.333,2,0.0,96.63,0.5771,1.0,0.6682,0.983,1.0,0.0462,0.881,0.385,0.0,0.901,0.913,0,0.0,0.967,0.803,0.428,0,0.0,0.0,0.833,1855.6,0.0,0,0.0,0.725,-67.96,0.0,0.05369999999999997,0.0,0.2383,-0.008500000000000063,0.371,0.0231,2,12,0,0.07399999999999995,1,-0.07500000000000001,574.2099999999998,0.0,0.07900000000000007,0,0.0,0.19999999999999996,0.07100000000000006,0.03899999999999998,0,0.5,0.0,0.0,-0.04600000000000004,376.35999999999996,31.799999999999955,0.0,0,0.0,-0.03500000000000003,90,7,2
Netherlands,Bosnia and Herzegovina,0.144,1.1482177766277974,0.5029999999999999,0.733,0.052425467407781756,0.0,564.9700000000003,0.0,0.0,0.690947645043373,0.06,0.0,0.0,0.4,0.25,2.0606227015927936,0.35,0.14,1.0,-60.29153870373487,0.0,1.0,0.0,0.5,0.0,0.04,0,0.333,1,0.0,4.15,0.4804,0.5705,0.3375,0.9656,0.2522,0.0808,0.0,0.0,0.0,0.0,0.957,0,0.0,0.0,0.0,0.138,0,0.0,0.0,0.947,1735.4,0.0,0,0.0,0.5,0.09999999999999998,0.25,0.677,0,0,-0.8666201435727723,0.025000000000000022,0.33999999999999997,0.0,0.333,381,47.5008663714448,0.0,0.0,77,0.933,1.4353619763198886,0.5,-0.8130262916527704,0,0.0,0.37,0,1.1288512480858413,0.6666666666666666,1,0.144,1.8391654216711704,0.563,0.733,0.0,0.5,0.5,1.1940025580200213,0.375,0.48,1.0,-12.79067233229007,0.0,1.0,0.933,1.0,0.0,0.41,0,0.333,1,0.0,0.0,0.5837,1.0,0.4972,0.9877,1.0,0.0462,0.725,0.4,0.0,0.732,0.957,0,0.0,0.75,0.724,0.534,0,0.0,0.0,0.978,1883.8,0.0,0,0.0,0.925,4.15,0.0,0.1033,0.4295,0.15969999999999995,0.02210000000000001,0.7478,-0.0346,3,51,0,0.725,0,0.4,560.8200000000003,0.0,0.732,0,0.0,0.75,0.724,0.396,0,0.5,0.0,0.0,0.031000000000000028,479.87,148.39999999999986,0.0,0,0.0,0.42500000000000004,90,28,2
Switzerland,Spain,-0.006000000000000005,-0.28736135622307324,0.1519999999999999,0.4909999999999999,0.0,0.0,-580.01,0.0,0.186,1.8657067402407554,0.555,1.104,0.0,0.55,0.4,0.7223169763514753,0.459,0.573,1.0,35.876549687795006,0.0,0.214,0.893,1.0,0.0,0.437,0,0.333,2,0.0,0.0,0.7433,1.0,0.7002,0.9915,1.0,0.0231,0.794,0.825,0.0,0.8,0.913,0,0.0,0.567,0.655,0.76,0,0.0,0.0,0.957,2029.2,0.0,0,0.0,0.862,0.09999999999999998,-0.15000000000000002,0.488,0,0,0.8439114680494756,-0.21900000000000003,-0.17299999999999993,0.0,0.333,-259,-43.4058671504229,0.0,0.0,-12,-0.358,-1.3755575195080787,0.0,1.4612083426694524,0,0.0,-0.027000000000000024,0,0.2773410889656258,0.3333333333333333,1,0.18,1.5783453840176822,0.707,1.595,0.0,0.65,0.25,1.5662284444009509,0.24,0.4,1.0,-7.529317462627896,0.0,0.214,0.535,1.0,0.0,0.41,0,0.333,2,0.0,0.0,0.6926,1.0,0.3736,0.9875,0.4914,0.0346,0.794,0.3,0.0,0.815,0.913,0,0.0,0.6,0.669,0.481,0,0.0,0.0,0.957,1927.8,0.0,0,0.0,1.0,0.0,0.0,-0.05069999999999997,0.0,-0.32660000000000006,-0.0040000000000000036,-0.5085999999999999,0.0115,-2,-35,0,0.0,0,-0.5249999999999999,-580.01,0.0,0.014999999999999902,0,0.0,0.03300000000000003,0.014000000000000012,-0.279,0,0.5,0.0,0.0,0.0,-500.35999999999996,-101.40000000000009,0.0,0,0.0,0.138,90,-3,0
Portugal,Scotland,-0.096,0.6974986906409859,0.38100000000000006,1.361,-0.05319524592974778,-0.04399999999999993,650.9799999999998,0.0,0.264,1.055520356972269,0.292,0.639,0.0,0.55,0.2,2.07255901163944,0.314,0.373,1.0,-58.31219078305408,0.0,0.214,0.812,0.5,0.0,0.357,0,0.333,1,0.0,8.51,0.4355,0.4808,0.4111,0.9792,0.2114,0.0577,0.675,0.1,0.0,0.675,0.957,0,0.0,0.533,0.645,0.236,0,0.0,0.0,0.942,1785.4,0.0,0,0.0,0.65,-0.15000000000000002,0.25,0.675,0,0,-0.8034491595192141,0.045999999999999985,0.22699999999999998,0.0,0.333,208,44.65509482280764,0.0,0.0,27,-0.41000000000000003,1.3672731927323463,0.0,-0.11285231834740994,0,0.0,0.133,0,0.8902541362959929,1.0,1,0.168,1.753019047613255,0.673,2.0,0.0,0.4,0.45,1.269109852120226,0.36,0.6,1.0,-13.657095960246433,0.0,0.214,0.402,0.5,0.0,0.49,0,0.333,2,0.0,96.63,0.5771,1.0,0.6682,0.983,1.0,0.0462,0.881,0.61,0.0,0.901,0.913,0,0.0,0.967,0.803,0.565,0,0.0,0.0,0.833,1902.8,0.0,0,0.0,0.725,-88.11999999999999,0.0,0.14159999999999995,0.5192,0.2571,0.0038000000000000256,0.7886,-0.011500000000000003,2,62,0,0.20599999999999996,1,0.51,739.0999999999998,0.0,0.22599999999999998,0,0.0,0.43399999999999994,0.15800000000000003,0.32899999999999996,0,0.5,0.0,0.0,-0.10899999999999999,501.56999999999994,117.39999999999986,0.0,0,0.0,0.07499999999999996,90,40,2
Norway,Austria,-0.252,-0.1826971747269306,-0.502,-1.49,-0.010850750536422704,-0.04300000000000004,-279.29000000000013,0.0,0.252,1.7912586274381752,0.622,1.49,0.0,0.65,0.25,1.3483175189511594,0.256,0.28,1.0,11.483436043788265,0.0,0.214,0.674,1.0,0.0,0.33,0,0.333,2,0.0,36.0,0.4562,0.728,0.4028,0.9833,0.32,0.0462,0.717,0.375,0.0,0.722,0.913,0,0.0,0.867,0.766,0.531,0,0.0,0.0,0.893,1857.2,0.0,0,0.0,0.76,-0.050000000000000044,0.0,0.332,0,0,-0.17877236641773475,0.33399999999999996,0.26,0.0,0.333,110,-58.19398887693787,0.0,0.0,15,-0.674,-0.12464186121729637,-0.5,-0.5938076629485323,0,0.0,-0.13,0,-0.4747778136501928,0.4444444444444444,1,0.0,1.6085614527112446,0.12,0.0,0.0,0.6,0.25,1.1695451525334246,0.59,0.54,1.0,-46.710552833149606,0.0,0.214,0.0,0.5,0.0,0.2,0,0.333,3,0.0,21.86,0.5445,1.0,0.3698,0.9935,1.0,0.0231,0.0,0.435,0.0,0.0,0.87,0,0.0,0.0,0.0,0.417,0,0.0,0.0,0.886,1658.8,0.0,0,0.0,0.5,14.14,0.0,0.08829999999999999,0.272,-0.032999999999999974,0.010200000000000098,0.6799999999999999,-0.0231,-1,5,0,-0.717,0,0.06,-293.4300000000001,0.0,-0.722,0,0.0,-0.867,-0.766,-0.11400000000000005,0,0.5,0.0,0.0,-0.007000000000000006,-241.67999999999995,-198.4000000000001,0.0,0,0.0,-0.26,90,-1,2
France,Belgium,-0.03,0.21703997421165688,0.37099999999999994,0.7639999999999999,-0.19535461053204328,-0.08700000000000008,406.43999999999994,0.0,0.126,1.2032837635197742,0.317,0.674,0.0,0.2,0.6,0.5751607932256358,0.522,0.68,1.0,-36.030469806177315,0.0,0.214,0.773,0.5,0.0,0.49,0,0.333,2,0.0,0.0,0.5694,1.0,0.3031,0.9754,0.6806,0.0462,0.755,0.45,0.0,0.767,0.913,0,0.0,0.617,0.674,0.376,0,0.0,0.0,0.957,1864.2,0.0,0,0.0,0.587,0.25,-0.09999999999999998,0.516,0,0,0.7988758969386297,-0.367,-0.38700000000000007,0.0,0.333,257,-13.008891873300023,0.0,0.0,14,-0.28800000000000003,-0.5455326392982768,0.0,1.4726710178253897,0,0.0,-0.133,0,0.6403746522247359,1.0,1,0.096,1.420323737731431,0.688,1.438,0.0,0.45,0.5,1.3740366901642656,0.155,0.293,1.0,-49.03936167947734,0.0,0.214,0.485,0.5,0.0,0.357,0,0.333,3,0.0,229.78,0.7,1.0,0.512,0.9967,1.0,0.0115,0.69,0.16,0.0,0.702,0.826,0,0.0,1.0,0.814,0.395,0,0.0,0.0,0.758,2022.2,0.0,1,0.043,0.587,-229.78,0.0,0.13059999999999994,0.0,0.20890000000000003,0.021299999999999986,0.3194,-0.034699999999999995,2,14,0,-0.06500000000000006,1,-0.29000000000000004,636.2199999999999,0.0,-0.06500000000000006,0,0.0,0.383,0.1399999999999999,0.019000000000000017,0,0.5,0.0,0.0,-0.19899999999999995,214.86,158.0,0.0,0.0,0.043,0.0,90,9,2
Netherlands,Germany,-0.048000000000000015,0.253796149266484,0.08699999999999997,-1.2320000000000002,0.10654307669769736,0.04399999999999993,-30.889999999999645,0.0,0.192,2.054841527369301,0.552,1.965,0.0,0.6,0.35,0.9696218477535654,0.406,0.54,1.0,15.1442264399189,0.0,0.214,0.703,1.0,0.0,0.45,0,0.333,2,0.0,80.0,0.7408,1.0,0.3347,0.9877,1.0,0.0462,0.768,0.43,0.0,0.796,0.913,0,0.0,0.967,0.801,0.508,0,0.0,0.0,0.849,2011.4,0.0,0,0.0,0.775,-0.09999999999999998,0.15000000000000002,0.397,0,0,0.3366497249560745,-0.134,-0.21300000000000002,0.0,0.333,50,-30.756335534595983,0.0,0.0,4,0.2300000000000001,0.4721378094132811,0.0,0.5449994308861683,0,0.0,-0.10699999999999998,0,0.1573792698044274,0.3333333333333333,1,0.144,2.308637676635785,0.639,0.733,0.0,0.5,0.5,1.30627157270964,0.272,0.327,1.0,-15.612109094677082,0.0,0.214,0.933,1.0,0.0,0.343,0,0.333,1,0.0,0.0,0.5837,1.0,0.4972,0.9877,1.0,0.0462,0.725,0.55,0.0,0.732,0.957,0,0.0,0.75,0.724,0.534,0,0.0,0.0,0.978,1877.0,0.0,0,0.0,0.925,80.0,0.0,-0.15710000000000002,0.0,0.16249999999999998,0.0,0.0,0.0,1,11,0,-0.04300000000000004,0,0.12000000000000005,-110.88999999999965,0.0,-0.06400000000000006,0,0.0,-0.21699999999999997,-0.07700000000000007,0.026000000000000023,0,0.5,0.0,0.0,0.129,-52.819999999999936,-134.4000000000001,0.0,0,0.0,0.15000000000000002,90,2,1
Bosnia and Herzegovina,Germany,-0.192,-1.2965730189107025,-0.49200000000000005,-1.965,0.0541176092899156,0.04399999999999993,-595.8599999999999,0.0,0.192,2.0472025400460905,0.552,1.965,0.0,0.6,0.35,1.113145305627381,0.303,0.387,1.0,11.995774001838477,0.0,1.0,0.703,1.0,0.0,0.383,0,0.333,2,0.0,80.0,0.7408,1.0,0.3347,0.9877,1.0,0.0462,0.768,0.425,0.0,0.796,0.913,0,0.0,0.967,0.801,0.416,0,0.0,0.0,0.849,2034.8,0.0,0,0.0,0.775,-0.19999999999999996,-0.09999999999999998,0.248,0,0,1.0369605500604546,0.134,-0.14,0.0,0.333,-331,-56.375126705244874,0.0,0.0,-73,-0.703,-0.7043468447729803,-0.5,0.5655397509382794,0,0.0,-0.29000000000000004,0,-1.627477041398522,0.16666666666666666,1,0.0,0.750629521135388,0.06,0.0,0.0,0.4,0.25,2.1501058556878356,0.437,0.247,1.0,-44.3793527034064,0.0,1.0,0.0,0.5,0.0,0.093,0,0.333,1,0.0,4.15,0.4804,0.5705,0.3375,0.9656,0.2522,0.0808,0.0,0.175,0.0,0.0,0.957,0,0.0,0.0,0.0,0.183,0,0.0,0.0,0.947,1856.2,0.0,0,0.0,0.5,75.85,0.0,-0.2604,-0.4295,0.0028000000000000247,-0.02210000000000001,-0.7478,0.0346,-2,-40,0,-0.768,0,-0.25,-671.7099999999999,0.0,-0.796,0,0.0,-0.967,-0.801,-0.23299999999999998,0,0.5,0.0,0.0,0.09799999999999998,-532.6899999999999,-178.5999999999999,0.0,0,0.0,-0.275,90,-26,0
Croatia,Scotland,-0.10799999999999998,0.2184560882869946,0.396,0.75,-0.03472872268393146,-0.08699999999999997,144.73,0.0,0.3,1.0404885115091131,0.262,0.292,0.0,0.6,0.15,2.077048725261356,0.297,0.327,1.0,-48.36895146174735,0.0,1.0,0.7,1.0,0.0,0.343,0,0.333,1,0.0,8.51,0.4355,0.4808,0.4111,0.9792,0.2114,0.0577,0.745,0.04,0.0,0.747,0.957,0,0.0,0.567,0.657,0.165,0,0.0,0.0,0.942,1794.8,0.0,0,0.0,0.775,-0.14999999999999997,0.25,0.602,0,0,-0.8457171571290574,0.10500000000000004,0.15299999999999997,0.0,0.333,131,39.451209467874975,0.0,0.0,21,-0.02199999999999991,1.2098939229279189,0.0,-0.6794584861099058,0,0.0,0.06699999999999995,0,0.2436717105156362,0.4666666666666667,1,0.192,1.2589445997961077,0.658,1.042,0.0,0.45,0.4,1.2313315681322985,0.402,0.48,1.0,-8.917741993872376,0.0,1.0,0.678,1.0,0.0,0.41,0,0.333,3,0.0,28.669999999999998,0.5234,1.0,0.4299,0.9915,0.629,0.0231,0.747,0.55,0.0,0.756,0.87,0,0.0,0.667,0.695,0.492,0,0.0,0.0,0.879,1796.4,0.0,0,0.0,0.775,-20.159999999999997,0.0,0.08789999999999998,0.5192,0.018799999999999983,0.012300000000000089,0.41759999999999997,-0.034600000000000006,0,50,0,0.0020000000000000018,0,0.51,164.89000000000001,0.0,0.009000000000000008,0,0.0,0.10000000000000009,0.03799999999999992,0.32699999999999996,0,0.5,0.0,0.0,-0.06299999999999994,125.21,1.6000000000001364,0.0,0,0.0,0.0,90,33,2
Austria,Norway,0.264,0.1620459663272693,0.435,2.0,0.010850750536422704,0.04300000000000004,279.29000000000013,0.0,0.0,1.8576221133936826,0.18,0.0,0.0,0.55,0.3,0.9654318022139702,0.693,0.693,1.0,-39.8462397635553,0.0,0.214,0.0,0.5,0.0,0.267,0,0.333,3,0.0,21.86,0.5445,1.0,0.3698,0.9935,1.0,0.0231,0.0,0.78,0.0,0.0,0.87,0,0.0,0.0,0.0,0.646,0,0.0,0.0,0.886,1693.8,0.0,0,0.0,0.5,0.09999999999999998,-0.04999999999999999,0.685,0,0,0.27847100649388834,-0.29599999999999993,-0.25999999999999995,0.0,0.333,-110,46.810646433663855,0.0,0.0,-15,0.443,-1.090900589030505,0.5,0.5273289821746103,0,0.0,0.13,0,-0.013497577243938519,0.3333333333333333,1,0.264,2.019668079720952,0.615,2.0,0.0,0.65,0.25,1.2439028087078585,0.397,0.433,1.0,6.964406670108552,0.0,0.214,0.443,1.0,0.0,0.397,0,0.333,2,0.0,36.0,0.4562,0.728,0.4028,0.9833,0.32,0.0462,0.791,0.45,0.0,0.805,0.913,0,0.0,0.7,0.705,0.521,0,0.0,0.0,0.893,1745.6,0.0,0,0.0,0.775,-14.14,0.0,-0.08829999999999999,-0.272,0.032999999999999974,-0.010200000000000098,-0.6799999999999999,0.0231,1,-5,0,0.791,0,-0.33,293.4300000000001,0.0,0.805,0,0.0,0.7,0.705,-0.125,0,0.5,0.0,0.0,0.007000000000000006,241.67999999999995,51.799999999999955,0.0,0,0.0,0.275,90,1,2
Belgium,France,-0.011999999999999997,-0.6051511049034475,-0.11099999999999993,-0.444,0.19535461053204328,0.08700000000000008,-406.43999999999994,0.0,0.12,1.7636028695471209,0.575,0.875,0.0,0.45,0.5,1.1582200348703768,0.436,0.387,1.0,-31.220950490357502,0.0,0.286,0.9,1.0,0.0,0.333,0,0.333,3,0.0,229.78,0.7,1.0,0.512,0.9967,1.0,0.0115,0.614,0.6,0.0,0.608,0.826,0,0.0,0.9,0.777,0.498,0,0.0,0.0,0.758,1931.6,0.0,1,0.043,0.775,-0.2,0.0,0.461,0,0,-0.18660686110006286,-0.15400000000000003,-0.014000000000000012,0.0,0.333,-257,4.797871711351128,0.0,0.0,-14,0.039999999999999925,-0.7012038747286519,0.0,0.08565082316137329,0,0.0,0.023999999999999966,0,-0.9448755852442876,0.0,1,0.108,1.1584517646436734,0.464,0.431,0.0,0.25,0.5,0.971613173770314,0.282,0.373,1.0,-26.423078779006374,0.0,0.286,0.94,1.0,0.0,0.357,0,0.333,2,0.0,0.0,0.5694,1.0,0.3031,0.9754,0.6806,0.0462,0.728,0.375,0.0,0.737,0.913,0,0.0,0.967,0.802,0.283,0,0.0,0.0,0.957,1970.2,0.0,0,0.0,0.775,229.78,0.0,-0.13059999999999994,0.0,-0.20890000000000003,-0.021299999999999986,-0.3194,0.034699999999999995,-2,-14,0,0.11399999999999999,-1,-0.22499999999999998,-636.2199999999999,0.0,0.129,0,0.0,0.06699999999999995,0.025000000000000022,-0.21500000000000002,0,0.5,0.0,0.0,0.19899999999999995,-214.86,38.600000000000136,0.0,0.0,-0.043,0.0,90,-9,0
Germany,Netherlands,0.048000000000000015,-0.055006495394864796,-0.04200000000000004,1.409,-0.10654307669769736,-0.04399999999999993,30.889999999999645,0.0,0.144,2.095634098120058,0.621,0.556,0.0,0.6,0.4,1.3666430343830496,0.252,0.28,1.0,-14.93163495229772,0.0,0.214,0.957,1.0,0.0,0.33,0,0.333,1,0.0,0.0,0.5837,1.0,0.4972,0.9877,1.0,0.0462,0.673,0.5,0.0,0.675,0.957,0,0.0,0.8,0.742,0.36,0,0.0,0.0,0.978,1858.8,0.0,0,0.0,0.775,0.0,-0.050000000000000044,0.636,0,0,-0.28385457251628265,0.067,0.15299999999999997,0.0,0.333,-50,29.344727082849154,0.0,0.0,-4,-0.19599999999999995,0.573527452604754,0.0,-0.38444694843272154,0,0.0,0.067,0,0.286763726302377,0.5333333333333333,1,0.192,2.040627602725193,0.579,1.965,0.0,0.6,0.35,1.082788461866767,0.319,0.433,1.0,14.413092130551433,0.0,0.214,0.761,1.0,0.0,0.397,0,0.333,2,0.0,80.0,0.7408,1.0,0.3347,0.9877,1.0,0.0462,0.768,0.675,0.0,0.796,0.913,0,0.0,0.967,0.801,0.541,0,0.0,0.0,0.849,1915.6,0.0,0,0.0,0.775,-80.0,0.0,0.15710000000000002,0.0,-0.16249999999999998,0.0,0.0,0.0,-1,-11,0,0.09499999999999997,0,0.17500000000000004,110.88999999999965,0.0,0.121,0,0.0,0.16699999999999993,0.05900000000000005,0.18100000000000005,0,0.5,0.0,0.0,-0.129,52.819999999999936,56.799999999999955,0.0,0,0.0,0.0,90,-2,2
Scotland,Portugal,0.252,-0.9172267324948005,-0.47,-1.708,0.05319524592974778,0.04399999999999993,-650.9799999999998,0.0,0.048,1.9447772147133864,0.732,2.0,0.0,0.5,0.35,1.2129414916608505,0.187,0.387,1.0,-15.33354565073597,0.0,0.214,0.426,1.0,0.0,0.383,0,0.333,2,0.0,96.63,0.5771,1.0,0.6682,0.983,1.0,0.0462,0.876,0.84,0.0,0.898,0.913,0,0.0,0.833,0.753,0.571,0,0.0,0.0,0.833,1924.8,0.0,0,0.0,0.775,0.09999999999999998,-0.19999999999999998,0.29,0,0,0.8606732633358667,0.09300000000000003,-0.10699999999999998,0.0,0.333,-208,-39.801673640311854,0.0,0.0,-27,0.27399999999999997,-2.2701596944150357,0.0,0.405327125194225,0,0.0,-0.05299999999999999,0,-1.280447543609029,0.0,1,0.3,1.027550482218586,0.262,0.292,0.0,0.6,0.15,2.073614754996717,0.28,0.28,1.0,-55.135219291047825,0.0,0.214,0.7,1.0,0.0,0.33,0,0.333,1,0.0,8.51,0.4355,0.4808,0.4111,0.9792,0.2114,0.0577,0.745,0.0,0.0,0.747,0.957,0,0.0,0.567,0.657,0.119,0,0.0,0.0,0.942,1788.8,0.0,0,0.0,0.775,88.11999999999999,0.0,-0.14159999999999995,-0.5192,-0.2571,-0.0038000000000000256,-0.7886,0.011500000000000003,-2,-62,0,-0.131,-1,-0.84,-739.0999999999998,0.0,-0.15100000000000002,0,0.0,-0.266,-0.09599999999999997,-0.45199999999999996,0,0.5,0.0,0.0,0.10899999999999999,-501.56999999999994,-136.0,0.0,0,0.0,0.0,90,-40,1
Scotland,Croatia,0.0,-0.7340603993713603,-0.08,0.0,0.03472872268393146,0.08699999999999997,-144.73,0.0,0.0,1.6038846904145405,0.16,0.0,0.0,0.5,0.35,1.4718535956138215,0.503,0.433,1.0,-22.09528486816451,0.0,1.0,0.0,0.5,0.0,0.147,0,0.333,3,0.0,28.669999999999998,0.5234,1.0,0.4299,0.9915,0.629,0.0231,0.0,0.665,0.0,0.0,0.87,0,0.0,0.0,0.0,0.529,0,0.0,0.0,0.879,1793.4,0.0,0,0.0,0.5,0.09999999999999998,-0.19999999999999998,0.465,0,0,0.3129231640445449,-0.016000000000000014,-0.045999999999999985,0.0,0.333,-131,-21.118906754308238,0.0,0.0,-21,0.0,-1.409868515507904,0.0,-0.08368267907898841,0,0.0,-0.013999999999999985,0,-1.0665454387795386,0.4,1,0.0,0.8698242910431803,0.08,0.0,0.0,0.6,0.15,1.7847767596583664,0.487,0.387,1.0,-43.21419162247275,0.0,1.0,0.0,0.5,0.0,0.133,0,0.333,1,0.0,8.51,0.4355,0.4808,0.4111,0.9792,0.2114,0.0577,0.0,0.175,0.0,0.0,0.957,0,0.0,0.0,0.0,0.233,0,0.0,0.0,0.942,1841.6,0.0,0,0.0,0.5,20.159999999999997,0.0,-0.08789999999999998,-0.5192,-0.018799999999999983,-0.012300000000000089,-0.41759999999999997,0.034600000000000006,0,-50,0,0.0,0,-0.49000000000000005,-164.89000000000001,0.0,0.0,0,0.0,0.0,0.0,-0.29600000000000004,0,0.5,0.0,0.0,0.06299999999999994,-125.21,48.19999999999982,0.0,0,0.0,0.0,90,-33,2
Germany,Bosnia and Herzegovina,0.0,1.2343033013534024,0.16,0.0,-0.0541176092899156,-0.04399999999999993,595.8599999999999,0.0,0.0,0.6686714793911425,0.06,0.0,0.0,0.4,0.2,2.1310628700241323,0.453,0.293,1.0,-43.12777336097049,0.0,1.0,0.0,0.5,0.0,0.107,0,0.333,1,0.0,4.15,0.4804,0.5705,0.3375,0.9656,0.2522,0.0808,0.0,0.1,0.0,0.0,0.957,0,0.0,0.0,0.0,0.196,0,0.0,0.0,0.947,1820.6,0.0,0,0.0,0.5,0.19999999999999996,0.2,0.569,0,0,-1.2136948092961575,0.15399999999999997,0.294,0.0,0.333,331,68.79745112326789,0.0,0.0,73,0.0,2.036775833093393,0.0,-1.08190788669932,0,0.0,0.106,0,1.506982013825215,0.7777777777777778,1,0.0,1.902974780744545,0.22,0.0,0.0,0.6,0.4,0.9173680607279748,0.607,0.587,1.0,25.669677762297407,0.0,1.0,0.0,0.5,0.0,0.213,0,0.333,2,0.0,80.0,0.7408,1.0,0.3347,0.9877,1.0,0.0462,0.0,0.82,0.0,0.0,0.913,0,0.0,0.0,0.0,0.658,0,0.0,0.0,0.849,1872.6,0.0,0,0.0,0.5,-75.85,0.0,0.2604,0.4295,-0.0028000000000000247,0.02210000000000001,0.7478,-0.0346,2,40,0,0.0,0,0.72,671.7099999999999,0.0,0.0,0,0.0,0.0,0.0,0.462,0,0.5,0.0,0.0,-0.09799999999999998,532.6899999999999,52.0,0.0,0,0.0,0.0,90,26,2
Croatia,Portugal,0.0,-0.7733399632500639,-0.09999999999999998,0.0,0.018466523245816324,-0.04300000000000004,-506.2499999999998,0.0,0.0,2.1246230991923514,0.24,0.0,0.0,0.5,0.35,1.0305628786272765,0.553,0.573,1.0,-6.657164110979862,0.0,0.214,0.0,0.5,0.0,0.187,0,0.333,2,0.0,96.63,0.5771,1.0,0.6682,0.983,1.0,0.0462,0.0,0.875,0.0,0.0,0.913,0,0.0,0.0,0.0,0.783,0,0.0,0.0,0.833,1760.0,0.0,0,0.0,0.5,-0.04999999999999999,0.0,0.457,0,0,0.3682669722314984,-0.050000000000000044,-0.13999999999999996,0.0,0.333,-77,-25.853995125161376,0.0,0.0,-6,0.0,-1.2468449231646554,0.0,0.6758188230543947,0,0.0,-0.04000000000000001,0,-1.2079257788455346,0.26666666666666666,1,0.0,1.3512831359422874,0.14,0.0,0.0,0.45,0.35,1.3988298508587749,0.503,0.433,1.0,-32.51115923614124,0.0,0.214,0.0,0.5,0.0,0.147,0,0.333,3,0.0,28.669999999999998,0.5234,1.0,0.4299,0.9915,0.629,0.0231,0.0,0.445,0.0,0.0,0.87,0,0.0,0.0,0.0,0.483,0,0.0,0.0,0.879,1775.4,0.0,0,0.0,0.5,67.96,0.0,-0.05369999999999997,0.0,-0.2383,0.008500000000000063,-0.371,-0.0231,-2,-12,0,0.0,-1,-0.43,-574.2099999999998,0.0,0.0,0,0.0,0.0,0.0,-0.30000000000000004,0,0.5,0.0,0.0,0.04600000000000004,-376.35999999999996,15.400000000000091,0.0,0,0.0,0.0,90,-7,1
Spain,Switzerland,0.0,0.7610052225005315,0.12000000000000001,0.0,0.0,0.0,580.01,0.0,0.0,1.3329684510374105,0.08,0.0,0.0,0.65,0.25,1.8166241563459045,0.367,0.187,1.0,-22.977073632339803,0.0,0.214,0.0,0.5,0.0,0.053,0,0.333,2,0.0,0.0,0.6926,1.0,0.3736,0.9875,0.4914,0.0346,0.0,0.3,0.0,0.0,0.913,0,0.0,0.0,0.0,0.229,0,0.0,0.0,0.957,1871.8,0.0,0,0.0,0.5,-0.09999999999999998,0.2,0.586,0,0,-1.2083198022914017,0.36,0.6000000000000001,0.0,0.333,259,60.30761954462219,0.0,0.0,12,0.0,2.2207514959349464,0.0,-1.5838518171996727,0,0.0,0.24,0,1.185907291523013,0.5333333333333333,1,0.0,2.093973673537942,0.2,0.0,0.0,0.55,0.45,0.6083043540545028,0.727,0.787,1.0,37.33054591228239,0.0,0.214,0.0,0.5,0.0,0.293,0,0.333,2,0.0,0.0,0.7433,1.0,0.7002,0.9915,1.0,0.0231,0.0,0.96,0.0,0.0,0.913,0,0.0,0.0,0.0,0.783,0,0.0,0.0,0.957,1820.0,0.0,0,0.0,0.5,0.0,0.0,0.05069999999999997,0.0,0.32660000000000006,0.0040000000000000036,0.5085999999999999,-0.0115,2,35,0,0.0,0,0.6599999999999999,580.01,0.0,0.0,0,0.0,0.0,0.0,0.554,0,0.5,0.0,0.0,0.0,500.35999999999996,-51.799999999999955,0.0,0,0.0,0.0,90,3,2
Bosnia and Herzegovina,Netherlands,0.0,-1.51832580639573,-0.18,0.0,-0.052425467407781756,0.0,-564.9700000000003,0.0,0.0,2.0719617745429733,0.24,0.0,0.0,0.6,0.35,1.1386055240363937,0.52,0.48,1.0,-11.811819105584343,0.0,0.214,0.0,0.5,0.0,0.16,0,0.333,1,0.0,0.0,0.5837,1.0,0.4972,0.9877,1.0,0.0462,0.0,0.59,0.0,0.0,0.957,0,0.0,0.0,0.0,0.592,0,0.0,0.0,0.978,1757.4,0.0,0,0.0,0.5,-0.25,-0.14999999999999997,0.435,0,0,1.7071529644356762,-0.15000000000000002,-0.42,0.0,0.333,-381,-31.9296856829541,0.0,0.0,-77,0.0,-1.4390683973810166,0.0,2.5061470445726637,0,0.0,-0.12,0,-1.8483671890758873,0.1111111111111111,1,0.0,0.5536359681472434,0.06,0.0,0.0,0.35,0.2,2.84575848847207,0.37,0.06,1.0,-43.74150478853844,0.0,0.214,0.0,0.5,0.0,0.04,0,0.333,1,0.0,4.15,0.4804,0.5705,0.3375,0.9656,0.2522,0.0808,0.0,0.06,0.0,0.0,0.957,0,0.0,0.0,0.0,0.158,0,0.0,0.0,0.947,1833.6,0.0,0,0.0,0.5,-4.15,0.0,-0.1033,-0.4295,-0.15969999999999995,-0.02210000000000001,-0.7478,0.0346,-3,-51,0,0.0,0,-0.53,-560.8200000000003,0.0,0.0,0,0.0,0.0,0.0,-0.43399999999999994,0,0.5,0.0,0.0,-0.031000000000000028,-479.87,76.19999999999982,0.0,0,0.0,0.0,90,-28,1
Canada,Mexico,0.0,-0.11937974775416715,-0.01999999999999999,0.0,0.022143911614838863,-0.04400000000000004,-157.32999999999996,0.0,0.0,1.4635269981137735,0.18,0.0,0.0,0.25,0.5,0.8192919928975726,0.797,0.847,1.0,-45.991966997999995,0.0,1.0,0.0,0.5,0.0,0.333,0,0.333,3,0.0,4.65,0.4964,0.8192,0.3552,0.9812,0.2426,0.0231,0.0,0.69,0.0,0.0,0.87,0,0.0,0.0,0.0,0.671,0,0.0,0.0,0.93,1736.6,0.0,0,0.0,0.5,0.15000000000000002,-0.09999999999999998,0.513,0,0,0.019851556033744333,-0.07000000000000006,-0.05999999999999994,0.0,0.333,-134,69.28752725068186,0.0,0.0,-20,0.0,0.704346844772981,0.0,-0.14848984087978445,0,0.0,-0.040000000000000036,0,-0.1808326927972257,0.3333333333333333,1,0.0,1.3441472503596064,0.16,0.0,0.0,0.4,0.4,0.8391435489313169,0.727,0.787,1.0,23.295560252681867,0.0,1.0,0.0,0.5,0.0,0.293,0,0.333,2,0.0,0.0,0.7,0.7052,0.3729,0.9781,0.2356,0.0808,0.0,0.94,0.0,0.0,0.826,0,0.0,0.0,0.0,0.758,0,0.0,0.0,0.913,1735.6,0.0,2,0.087,0.5,4.65,0.0,0.20359999999999995,-0.11399999999999999,0.017699999999999994,-0.0030999999999999917,-0.007000000000000006,0.0577,0,-60,0,0.0,0,0.25,-161.97999999999996,0.0,0.0,0,0.0,0.0,0.0,0.08699999999999997,0,0.5,0.0,0.0,-0.017000000000000015,-137.85000000000002,-1.0,0.0,0.0,0.087,0.0,90,-56,0
Croatia,France,0.0,-0.4391285470688817,-0.07999999999999999,0.0,0.10575806063985915,0.04400000000000004,-655.12,0.0,0.0,1.7487790467489022,0.22,0.0,0.0,0.45,0.55,0.9557273600016511,0.64,0.68,1.0,-32.60264074035217,0.0,1.0,0.0,0.5,0.0,0.24,0,0.333,3,0.0,229.78,0.7,1.0,0.512,0.9967,1.0,0.0115,0.0,0.875,0.0,0.0,0.826,0,0.0,0.0,0.0,0.783,0,0.0,0.0,0.758,1756.2,0.0,1,0.043,0.5,0.04999999999999999,-0.25000000000000006,0.46,0,0,0.39484697645979794,-0.12,-0.20000000000000007,0.0,0.333,-257,5.457672719063424,0.0,0.0,-13,0.0,-1.192756682628469,0.0,0.6192292300237149,0,0.0,-0.07999999999999999,0,-0.8249137660830892,0.26666666666666666,1,0.0,1.3096504996800205,0.14,0.0,0.0,0.5,0.3,1.350574336461449,0.52,0.48,1.0,-27.144968021288747,0.0,1.0,0.0,0.5,0.0,0.16,0,0.333,3,0.0,28.669999999999998,0.5234,1.0,0.4299,0.9915,0.629,0.0231,0.0,0.475,0.0,0.0,0.87,0,0.0,0.0,0.0,0.529,0,0.0,0.0,0.879,1775.4,0.0,0,0.0,0.5,201.11,0.0,-0.17659999999999998,0.0,-0.0821,-0.005199999999999982,-0.371,0.0116,-3,-2,0,0.0,-1,-0.4,-856.23,0.0,0.0,0,0.0,0.0,0.0,-0.254,0,0.5,0.0,0.0,0.121,-437.68,19.200000000000045,0.0,0.0,-0.043,0.0,90,-1,2
Netherlands,Spain,0.0,-0.2975298641911168,-0.1,0.0,0.0,0.04399999999999993,-190.00999999999976,0.0,0.0,2.2201759139630135,0.26,0.0,0.0,0.6,0.4,0.8167530619604586,0.623,0.633,1.0,37.433037415510576,0.0,1.0,0.0,0.5,0.0,0.227,0,0.333,2,0.0,0.0,0.7433,1.0,0.7002,0.9915,1.0,0.0231,0.0,1.0,0.0,0.0,0.913,0,0.0,0.0,0.0,0.863,0,0.0,0.0,0.957,1852.4,0.0,0,0.0,0.5,0.0,-0.050000000000000044,0.46,0,0,0.29524751556335493,-0.08599999999999997,-0.10599999999999998,0.0,0.333,-215,-59.626951579147914,0.0,0.0,-9,0.0,-1.7226589110343742,0.0,-0.043092015786740934,0,0.0,-0.05400000000000002,0,-0.9383358082435327,0.6666666666666666,1,0.0,1.9226460497718967,0.16,0.0,0.0,0.6,0.35,1.1120005775238135,0.537,0.527,1.0,-22.193914163637338,0.0,1.0,0.0,0.5,0.0,0.173,0,0.333,1,0.0,0.0,0.5837,1.0,0.4972,0.9877,1.0,0.0462,0.0,0.525,0.0,0.0,0.957,0,0.0,0.0,0.0,0.488,0,0.0,0.0,0.978,1757.4,0.0,0,0.0,0.5,0.0,0.0,-0.15959999999999996,0.0,-0.20300000000000007,-0.0038000000000000256,0.0,0.0231,-1,-8,0,0.0,0,-0.475,-190.00999999999976,0.0,0.0,0,0.0,0.0,0.0,-0.375,0,0.5,0.0,0.0,0.02100000000000002,-167.19999999999993,-95.0,0.0,0,0.0,0.0,90,1,1
Panama,Mexico,0.0,-0.2987990972883696,-0.04000000000000001,0.0,-0.2787325518232009,0.0,-96.05999999999995,0.0,0.0,1.5382534081398305,0.16,0.0,0.0,0.2,0.55,0.6905745481263512,0.797,0.847,1.0,-25.868169136266886,0.0,0.214,0.0,0.5,0.0,0.333,0,0.333,3,0.0,4.65,0.4964,0.8192,0.3552,0.9812,0.2426,0.0231,0.0,0.76,0.0,0.0,0.87,0,0.0,0.0,0.0,0.658,0,0.0,0.0,0.93,1773.0,0.0,0,0.0,0.5,0.25,-0.25000000000000006,0.456,0,0,1.2374309931952494,-0.274,-0.494,0.0,0.333,-283,46.425947359698355,0.0,0.0,-46,0.0,-0.6409746186424612,0.0,1.6663961857176433,0,0.0,-0.18600000000000003,0,-0.6351916443612211,0.06666666666666667,1,0.0,1.2394543108514608,0.12,0.0,0.0,0.45,0.3,1.9280055413216006,0.523,0.353,1.0,20.55777822343147,0.0,0.214,0.0,0.5,0.0,0.147,0,0.333,3,0.0,47.03,0.4166,0.0741,0.4333,0.9783,0.0513,0.0577,0.0,0.57,0.0,0.0,0.87,0,0.0,0.0,0.0,0.433,0,0.0,0.0,0.833,1758.8,0.0,0,0.0,0.5,-42.38,0.0,-0.07979999999999998,-0.7451000000000001,0.0781,-0.0029000000000000137,-0.19130000000000003,0.034600000000000006,0,-29,0,0.0,0,-0.19000000000000006,-53.67999999999995,0.0,0.0,0,0.0,0.0,0.0,-0.22500000000000003,0,0.5,0.0,0.0,-0.09700000000000009,-87.50000000000001,-14.200000000000045,0.0,0,0.0,0.0,90,-31,0
France,Croatia,0.0,0.09937739598824824,0.01999999999999999,0.0,-0.10575806063985915,-0.04400000000000004,655.12,0.0,0.0,1.383915770780884,0.16,0.0,0.0,0.5,0.3,1.162450104147349,0.52,0.48,1.0,-4.618096304518774,0.0,0.214,0.0,0.5,0.0,0.16,0,0.333,3,0.0,28.669999999999998,0.5234,1.0,0.4299,0.9915,0.629,0.0231,0.0,0.615,0.0,0.0,0.87,0,0.0,0.0,0.0,0.542,0,0.0,0.0,0.879,1862.6,0.0,0,0.0,0.5,-0.04999999999999999,0.2,0.496,0,0,-0.04666728977460943,0.017000000000000015,0.04700000000000004,0.0,0.333,257,-39.51203553511927,0.0,0.0,13,0.0,0.11625539810007113,0.0,0.066545438779539,0,0.0,0.012999999999999984,0,-0.003639663055511333,0.4666666666666667,1,0.0,1.4832931667691323,0.18,0.0,0.0,0.45,0.5,1.1157828143727395,0.537,0.527,1.0,-44.13013183963804,0.0,0.214,0.0,0.5,0.0,0.173,0,0.333,3,0.0,229.78,0.7,1.0,0.512,0.9967,1.0,0.0115,0.0,0.55,0.0,0.0,0.826,0,0.0,0.0,0.0,0.633,0,0.0,0.0,0.758,1756.2,0.0,1,0.043,0.5,-201.11,0.0,0.17659999999999998,0.0,0.0821,0.005199999999999982,0.371,-0.0116,3,2,0,0.0,1,-0.06499999999999995,856.23,0.0,0.0,0,0.0,0.0,0.0,0.09099999999999997,0,0.5,0.0,0.0,-0.121,437.68,-106.39999999999986,0.0,0.0,0.043,0.0,90,1,2
Spain,Netherlands,0.0,0.2633846299248441,0.06,0.0,0.0,-0.04399999999999993,190.00999999999976,0.0,0.0,1.9188242328489133,0.16,0.0,0.0,0.65,0.3,1.250288419195673,0.537,0.527,1.0,-23.62651350626626,0.0,0.214,0.0,0.5,0.0,0.173,0,0.333,1,0.0,0.0,0.5837,1.0,0.4972,0.9877,1.0,0.0462,0.0,0.54,0.0,0.0,0.957,0,0.0,0.0,0.0,0.488,0,0.0,0.0,0.978,1810.4,0.0,0,0.0,0.5,0.0,0.04999999999999999,0.523,0,0,-0.2541218916650613,0.06999999999999995,0.05999999999999994,0.0,0.333,215,46.47493206439283,0.0,0.0,9,0.0,1.1994048687669512,0.0,0.14077523791708568,0,0.0,0.04000000000000001,0,0.5572554241625471,0.3333333333333333,1,0.0,2.1822088627737575,0.22,0.0,0.0,0.65,0.35,0.9961665275306116,0.607,0.587,1.0,22.848418558126568,0.0,0.214,0.0,0.5,0.0,0.213,0,0.333,2,0.0,0.0,0.7433,1.0,0.7002,0.9915,1.0,0.0231,0.0,0.825,0.0,0.0,0.913,0,0.0,0.0,0.0,0.758,0,0.0,0.0,0.957,1861.2,0.0,0,0.0,0.5,0.0,0.0,0.15959999999999996,0.0,0.20300000000000007,0.0038000000000000256,0.0,-0.0231,1,8,0,0.0,0,0.2849999999999999,190.00999999999976,0.0,0.0,0,0.0,0.0,0.0,0.27,0,0.5,0.0,0.0,-0.02100000000000002,167.19999999999993,50.799999999999955,0.0,0,0.0,0.0,90,-1,1
Germany,Portugal,0.0,0.30081619689580386,0.060000000000000026,0.0,0.0015199964403030952,0.0,-126.69999999999993,0.0,0.0,2.163842783451161,0.22,0.0,0.0,0.5,0.35,1.1470913525885778,0.537,0.527,1.0,5.250911635195443,0.0,1.0,0.0,0.5,0.0,0.173,0,0.333,2,0.0,96.63,0.5771,1.0,0.6682,0.983,1.0,0.0462,0.0,0.61,0.0,0.0,0.913,0,0.0,0.0,0.0,0.592,0,0.0,0.0,0.833,1804.8,0.0,0,0.0,0.5,0.15000000000000002,0.0,0.512,0,0,0.018205121684167436,0.06999999999999995,0.05999999999999994,0.0,0.333,-53,11.09804197001234,0.0,0.0,-5,0.0,0.3885218883399093,0.0,0.12938445649795005,0,0.0,0.04000000000000001,0,0.33964689827192807,1.0,1,0.0,2.464658980346965,0.28,0.0,0.0,0.65,0.35,1.1652964742727452,0.607,0.587,1.0,16.348953605207782,0.0,1.0,0.0,0.5,0.0,0.213,0,0.333,2,0.0,80.0,0.7408,1.0,0.3347,0.9877,1.0,0.0462,0.0,0.725,0.0,0.0,0.913,0,0.0,0.0,0.0,0.729,0,0.0,0.0,0.849,1783.6,0.0,0,0.0,0.5,16.629999999999995,0.0,0.16370000000000007,0.0,-0.3335,0.0047000000000000375,0.0,0.0,0,-18,0,0.0,-1,0.11499999999999999,-143.32999999999993,0.0,0.0,0,0.0,0.0,0.0,0.137,0,0.5,0.0,0.0,0.016000000000000014,-31.769999999999982,-21.200000000000045,0.0,0,0.0,0.0,90,-10,0
Spain,France,0.0,0.7408543379747936,0.12,0.0,0.19535461053204328,0.08700000000000008,-116.45000000000005,0.0,0.0,1.5698629123466312,0.14,0.0,0.0,0.45,0.5,0.9603631682886166,0.623,0.633,1.0,-45.65762293892391,0.0,1.0,0.0,0.5,0.0,0.227,0,0.333,3,0.0,229.78,0.7,1.0,0.512,0.9967,1.0,0.0115,0.0,0.69,0.0,0.0,0.826,0,0.0,0.0,0.0,0.621,0,0.0,0.0,0.758,1816.0,0.0,1,0.043,0.5,0.24999999999999994,-0.2,0.49,0,0,0.3368162863021159,-0.136,-0.246,0.0,0.333,32,53.92142263966647,0.0,0.0,1,0.0,-0.023986631404906422,0.0,1.0810426748420774,0,0.0,-0.094,0,1.1999380771790598,0.6,1,0.0,2.310717250321425,0.26,0.0,0.0,0.7,0.3,1.2971794545907325,0.487,0.387,1.0,8.26379970074256,0.0,1.0,0.0,0.5,0.0,0.133,0,0.333,2,0.0,0.0,0.7433,1.0,0.7002,0.9915,1.0,0.0231,0.0,0.7,0.0,0.0,0.913,0,0.0,0.0,0.0,0.679,0,0.0,0.0,0.957,1884.6,0.0,0,0.0,0.5,229.78,0.0,0.043300000000000005,0.0,0.18820000000000003,-0.005199999999999982,0.0,0.0116,1,11,0,0.0,-1,0.010000000000000009,-346.23,0.0,0.0,0,0.0,0.0,0.0,0.05800000000000005,0,0.5,0.0,0.0,0.19899999999999995,21.289999999999964,68.59999999999991,0.0,0.0,-0.043,0.0,90,-3,2
Germany,France,0.0,0.30119392414064006,0.10000000000000003,0.0,0.08881153383434592,0.08700000000000008,-275.57000000000016,0.0,0.0,1.930256532623042,0.18,0.0,0.0,0.5,0.45,1.559543870039991,0.557,0.447,1.0,-45.65762293892391,0.0,0.214,0.0,0.5,0.0,0.173,0,0.333,3,0.0,229.78,0.7,1.0,0.512,0.9967,1.0,0.0115,0.0,0.41,0.0,0.0,0.826,0,0.0,0.0,0.0,0.496,0,0.0,0.0,0.758,1873.8,0.0,1,0.043,0.5,0.15000000000000002,-0.10000000000000003,0.509,0,0,-0.270681549992672,-0.05400000000000005,-0.014000000000000012,0.0,0.333,-233,57.09348615692004,0.0,0.07199999999999998,-12,0.0,0.05004981602992453,0.0,-0.34816780835051153,0,0.0,-0.025999999999999995,0,0.34613824810862015,0.4,1,0.0,2.231450456763682,0.28,0.0,0.0,0.65,0.35,1.288862320047319,0.503,0.433,1.0,11.43586321799613,0.0,0.286,0.0,0.5,0.0,0.147,0,0.333,2,0.0,80.0,0.7408,1.0,0.3347,0.9877,1.0,0.0462,0.0,0.465,0.0,0.0,0.913,0,0.0,0.0,0.0,0.604,0,0.0,0.0,0.849,1784.2,0.0,0,0.0,0.5,149.78,0.0,0.04080000000000006,0.0,-0.1773,-0.009000000000000008,0.0,0.034699999999999995,-1,-8,0,0.0,-1,0.05500000000000005,-425.35000000000014,0.0,0.0,0,0.0,0.0,0.0,0.10799999999999998,0,0.5,0.0,0.0,0.09099999999999997,-93.09000000000003,-89.59999999999991,0.0,0.0,-0.043,0.0,90,-4,0
Portugal,Spain,0.0,-0.5807836088476677,-0.03999999999999998,0.0,-0.10806307313800045,0.0,-32.420000000000186,0.0,0.0,2.71450609685288,0.3,0.0,0.0,0.75,0.25,1.7028540080842605,0.35,0.14,1.0,10.591117193750662,0.0,0.214,0.0,0.5,0.0,0.04,0,0.333,2,0.0,0.0,0.7433,1.0,0.7002,0.9915,1.0,0.0231,0.0,0.775,0.0,0.0,0.913,0,0.0,0.0,0.0,0.654,0,0.0,0.0,0.957,1962.4,0.0,0,0.0,0.5,-0.19999999999999996,0.04999999999999999,0.516,0,0,-0.5689530050572356,0.10000000000000003,0.27999999999999997,0.0,0.333,-212,-1.6161252568921842,0.0,0.07199999999999998,-8,0.0,-0.0374174506432281,0.0,-1.4446762045189125,0,0.0,0.07999999999999999,0,-0.703378359509196,0.26666666666666666,1,0.0,2.1337224880052124,0.26,0.0,0.0,0.55,0.3,1.133901003027025,0.45,0.42,1.0,8.974991936858478,0.0,0.286,0.0,0.5,0.0,0.12,0,0.333,2,0.0,96.63,0.5771,1.0,0.6682,0.983,1.0,0.0462,0.0,0.74,0.0,0.0,0.913,0,0.0,0.0,0.0,0.671,0,0.0,0.0,0.833,1835.8,0.0,0,0.0,0.5,-96.63,0.0,-0.16620000000000001,0.0,-0.03200000000000003,-0.008500000000000063,0.0,0.0231,-2,-1,0,0.0,1,-0.03500000000000003,64.20999999999981,0.0,0.0,0,0.0,0.0,0.0,0.017000000000000015,0,0.5,0.0,0.0,-0.124,-82.61000000000001,-126.60000000000014,0.0,0,0.0,0.0,90,9,1
Mexico,South Africa,0.0,-0.010925075116446248,0.04000000000000001,0.0,0.17790641551148223,0.0,78.17999999999999,0.0,0.0,1.2917040090176812,0.12,0.0,0.0,0.4,0.5,0.9778338574607051,0.503,0.433,1.0,-12.07068101360176,0.0,0.929,0.0,0.5,0.0,0.147,2,0.333,3,0.0,31.799999999999997,0.4535,0.1998,0.5346,0.9544,0.0709,0.0731,0.0,0.355,0.0,0.0,0.87,4,0.0,0.0,0.0,0.404,0,0.0,0.0,0.848,1606.0,0.0,0,0.0,0.5,-0.10000000000000003,0.09999999999999998,0.562,0,0,-0.4345421978277746,0.30999999999999994,0.46,0.0,0.333,297,5.860696269887923,0.0,-0.07200000000000006,53,0.0,1.435253567182162,0.0,-1.0420255989625242,7,0.0,0.19999999999999998,1,0.49301798617478465,0.3333333333333333,1,0.0,1.280778933901235,0.16,0.0,0.0,0.3,0.6,0.5432916596329305,0.813,0.893,1.0,-6.209984743713838,0.0,0.857,0.0,0.5,0.0,0.347,1,0.333,3,0.0,4.65,0.4964,0.8192,0.3552,0.9812,0.2426,0.0231,0.0,0.84,0.0,0.0,0.87,9,0.0,0.0,0.0,0.704,0,0.0,0.0,0.93,1772.6,0.0,0,0.0,0.5,27.15,0.0,0.042899999999999994,0.6194000000000001,-0.17939999999999995,0.026799999999999935,0.17170000000000002,-0.05,0,-13,0,0.0,0,0.485,51.03,0.0,0.0,5,0.0,0.0,0.0,0.29999999999999993,0,0.5,0.0,0.0,0.08200000000000007,68.28000000000002,166.5999999999999,0.0,0,0.0,0.0,90,65,2
South Korea,Czechia,0.0,-0.3449897232363215,-0.12,0.0,-0.02363449288990449,-0.04399999999999993,-1.8400000000000318,0.0,0.0,2.0137555461521375,0.26,0.0,0.0,0.6,0.4,1.1357189248649917,0.607,0.587,1.0,6.1261115625842475,0.0,0.857,0.0,0.5,0.0,0.213,4,0.333,1,0.0,6.25,0.4928,0.7284,0.4347,0.9957,0.2866,0.0115,0.0,0.775,0.0,0.0,0.957,1,0.0,0.0,0.0,0.717,0,0.0,0.0,0.945,1437.0,0.0,0,0.0,0.5,-0.25,0.09999999999999998,0.489,0,0,-0.19351282424487593,0.07000000000000006,0.06000000000000005,0.0,0.333,128,18.13446122394587,0.0,-0.21399999999999997,29,0.0,-0.19479672044765506,0.0,-0.3190346844830162,3,0.0,0.04000000000000001,1,-0.911139448788681,0.5,0,0.0,1.668765822915816,0.14,0.0,0.0,0.35,0.5,0.9422061006201158,0.677,0.647,1.0,24.260572786530116,0.0,0.643,0.0,0.5,0.0,0.253,3,0.333,2,0.0,9.87,0.4535,0.1998,0.5346,0.9544,0.0709,0.0731,0.0,0.68,0.0,0.0,0.913,3,0.0,0.0,0.0,0.575,0,0.0,0.0,0.919,1663.6,0.0,0,0.0,0.5,-3.619999999999999,0.0,-0.0393,-0.5286000000000001,0.09989999999999999,-0.0413,-0.2157,0.0616,0,-14,0,0.0,0,-0.09499999999999997,1.7799999999999727,0.0,0.0,2,0.0,0.0,0.0,-0.14200000000000002,0,0.5,0.0,0.0,-0.025999999999999912,-2.049999999999997,226.5999999999999,0.0,0,0.0,0.0,90,37,2
Qatar,Switzerland,0.0,-1.1459301327708213,-0.15999999999999998,0.0,-0.021888750987250294,0.0,-163.29,0.0,0.0,2.3045833176617623,0.24,0.0,0.0,0.6,0.3,1.1270800109781094,0.503,0.433,1.0,11.299712158698934,0.0,0.929,0.0,0.5,0.0,0.147,1,0.333,2,0.0,0.0,0.6926,1.0,0.3736,0.9875,0.4914,0.0346,0.0,0.615,0.0,0.0,0.913,7,0.0,0.0,0.0,0.579,0,0.0,0.0,0.957,1788.2,0.0,0,0.0,0.5,0.09999999999999998,-0.15,0.472,0,0,0.6418687960986114,-0.016000000000000014,-0.045999999999999985,0.0,0.333,-345,-28.546288287613155,0.0,0.07099999999999995,-78,0.0,-0.9049567821065663,0.0,0.12206861498600152,-12,0.0,-0.013999999999999985,-3,-1.648429111896827,1.0,0,0.0,1.158653184890941,0.08,0.0,0.0,0.7,0.15,1.7689488070767208,0.487,0.387,1.0,-17.24657612891422,0.0,1.0,0.0,0.5,0.0,0.133,4,0.333,2,0.0,1.94,0.3644,0.0434,0.5111,0.95,0.0276,0.0615,0.0,0.26,0.0,0.0,0.913,1,0.0,0.0,0.0,0.333,0,0.0,0.0,0.955,1642.0,0.0,0,0.0,0.5,-1.94,0.0,-0.3282,-0.9566,0.1375,-0.03750000000000009,-0.4638,0.0269,-2,-27,0,0.0,0,-0.355,-161.35,0.0,0.0,-6,0.0,0.0,0.0,-0.24599999999999994,0,0.5,0.0,0.0,-0.0020000000000000018,-136.18,-146.20000000000005,0.0,0,0.0,0.0,90,9,1
Brazil,Morocco,0.0,-0.07473341311774773,-0.03999999999999998,0.0,0.08541521376921357,-0.08700000000000008,840.5500000000001,0.0,0.0,2.496755495324032,0.3,0.0,0.0,0.15,0.85,0.2400690176814662,0.727,0.787,1.0,-0.6223425010077657,0.0,0.786,0.0,0.5,0.0,0.293,2,0.333,2,0.0,45.480000000000004,0.5907,1.0,0.3317,0.9937,0.697,0.0385,0.0,0.94,0.0,0.0,0.913,7,0.0,0.0,0.0,0.808,0,0.0,0.0,0.884,1683.4,0.0,0,0.0,0.5,0.35,-0.44999999999999996,0.466,0,0,0.7908490345848467,-0.20699999999999996,-0.30700000000000005,0.0,0.333,6,-11.886944807283967,0.0,0.14300000000000002,1,0.0,-0.5766704226490829,0.0,1.000533208412108,3,0.0,-0.13299999999999998,1,-0.2171118328794357,0.0,0,0.0,2.422022082206284,0.26,0.0,0.0,0.5,0.4,1.0309180522663128,0.52,0.48,1.0,-12.509287308291734,0.0,0.929,0.0,0.5,0.0,0.16,1,0.333,4,0.0,100.0,0.6844,1.0,0.3217,0.9746,1.0,0.1231,0.0,0.74,0.0,0.0,0.826,7,0.0,0.0,0.0,0.671,0,0.0,0.0,0.813,1842.4,0.0,0,0.0,0.5,-54.519999999999996,0.0,0.0937,0.0,-0.010000000000000009,-0.019100000000000006,0.30300000000000005,0.08460000000000001,0,-14,0,0.0,0,-0.19999999999999996,895.07,0.0,0.0,0,0.0,0.0,0.0,-0.137,0,0.5,0.0,0.0,-0.07100000000000006,708.66,159.0,0.0,0,0.0,0.0,90,85,1
Haiti,Scotland,0.0,0.2922701471019564,-0.04000000000000001,0.0,0.05486782720825267,-0.30499999999999994,-2.2600000000001046,0.0,0.0,1.8540830602757576,0.2,0.0,0.0,0.5,0.3,1.229457169595734,0.417,0.327,1.0,13.289058078976653,0.0,1.0,0.0,0.5,0.0,0.093,3,0.333,1,0.0,8.51,0.4355,0.4808,0.4111,0.9792,0.2114,0.0577,0.0,0.47,0.0,0.0,0.957,3,0.0,0.0,0.0,0.475,0,0.0,0.0,0.942,1785.6,0.0,0,0.0,0.5,-0.09999999999999998,0.2,0.524,0,0,-0.3439723799680434,0.31,0.46,0.0,0.333,-118,-8.506378001852253,0.0,-0.14300000000000002,-37,0.0,0.6213360258485181,0.0,-0.988076010168756,-3,0.0,0.19999999999999998,-1,-0.20882750610370238,0.5,0,0.0,2.146353207377714,0.16,0.0,0.0,0.4,0.5,0.8854847896276905,0.727,0.787,1.0,4.7826800771244,0.0,0.857,0.0,0.5,0.0,0.293,4,0.333,8,0.0,0.0,0.3729,0.163,0.5,0.9696,0.1005,0.0808,0.0,0.675,0.0,0.0,0.652,0,0.0,0.0,0.0,0.658,0,0.0,0.0,0.826,1605.4,0.0,0,0.0,0.5,8.51,0.0,-0.06259999999999999,-0.31779999999999997,0.08889999999999998,-0.009599999999999942,-0.1109,0.023099999999999996,0,-84,0,0.0,0,0.20500000000000007,-10.770000000000095,0.0,0.0,-3,0.0,0.0,0.0,0.18300000000000005,0,0.5,0.0,0.0,-0.11599999999999999,-3.269999999999996,-180.19999999999982,0.0,0,0.0,0.0,90,-14,0
Germany,Curaçao,0.0,0.6154017135056415,0.07999999999999999,0.0,-0.09508470220640963,-0.04399999999999993,420.67999999999995,0.0,0.0,2.2757636000046624,0.22,0.0,0.0,0.45,0.5,1.0390087241101722,0.677,0.647,1.0,8.261183860103337,0.0,1.0,0.0,0.5,0.0,0.253,4,0.333,1,0.0,2.9,0.2613,0.07,0.521,0.9696,0.0467,0.1115,0.0,0.465,0.0,0.0,0.957,1,0.0,0.0,0.0,0.592,0,0.0,0.0,0.975,1596.4,0.0,0,0.0,0.5,0.04999999999999999,-0.09999999999999998,0.541,0,0,-0.12332898777819912,0.015999999999999903,0.04599999999999993,0.0,0.333,293,-1.9051920618152227,0.0,0.0,65,0.0,1.6446142816979725,0.0,-0.49298147077385934,14,0.0,0.014000000000000012,3,1.5400816684621712,0.5,0,0.0,2.891165313510304,0.3,0.0,0.0,0.5,0.4,0.9156797363319731,0.693,0.693,1.0,6.355991798288114,0.0,1.0,0.0,0.5,0.0,0.267,1,0.333,2,0.0,80.0,0.7408,1.0,0.3347,0.9877,1.0,0.0462,0.0,1.0,0.0,0.0,0.913,6,0.0,0.0,0.0,0.875,0,0.0,0.0,0.849,1618.4,0.0,0,0.0,0.5,-77.1,0.0,0.47950000000000004,0.9299999999999999,-0.18630000000000002,0.018100000000000005,0.9533,-0.0653,2,143,0,0.0,0,0.5349999999999999,497.7799999999999,0.0,0.0,5,0.0,0.0,0.0,0.28300000000000003,0,0.5,0.0,0.0,-0.126,380.48999999999995,22.0,0.0,0,0.0,0.0,90,55,2
Netherlands,Japan,0.0,0.573055212872978,0.1,0.0,0.0,0.04399999999999993,379.99000000000035,0.0,0.0,1.6270022819901322,0.06,0.0,0.0,0.2,0.7,0.340876963505439,0.797,0.847,1.0,-0.333070903434427,0.0,1.0,0.0,0.5,0.0,0.333,2,0.333,2,0.0,0.0,0.4989,0.8942,0.3604,0.9875,0.4305,0.0462,0.0,0.84,0.0,0.0,0.913,5,0.0,0.0,0.0,0.596,0,0.0,0.0,0.957,1840.6,0.0,0,0.0,0.5,0.39999999999999997,-0.39999999999999997,0.454,0,0,0.5097587436255637,-0.244,-0.274,0.0,0.333,41,-15.783413982905602,0.0,-0.21399999999999997,2,0.0,-0.8577179326758368,0.0,0.5278621905867186,2,0.0,-0.14600000000000002,1,0.6638280752175336,0.7777777777777778,0,0.0,2.20005749486311,0.16,0.0,0.0,0.6,0.3,0.8506357071310028,0.553,0.573,1.0,-16.11648488634003,0.0,0.786,0.0,0.5,0.0,0.187,1,0.333,1,0.0,0.0,0.5837,1.0,0.4972,0.9877,1.0,0.0462,0.0,0.485,0.0,0.0,0.957,7,0.0,0.0,0.0,0.567,0,0.0,0.0,0.978,1724.4,0.0,0,0.0,0.5,0.0,0.0,0.08479999999999999,0.1058,0.13679999999999998,0.00019999999999997797,0.5695,0.0,3,38,0,0.0,0,-0.355,379.99000000000035,0.0,0.0,2,0.0,0.0,0.0,-0.029000000000000026,0,0.5,0.0,0.0,0.02100000000000002,322.75,-116.19999999999982,0.0,0,0.0,0.0,90,-20,1
Sweden,Tunisia,0.0,0.4994052942825091,0.12,0.0,0.21245335820895528,0.04300000000000004,101.74000000000007,0.0,0.0,1.2697831072138785,0.06,0.0,0.0,0.4,0.45,0.828159489710221,0.64,0.68,1.0,24.892787728632168,0.0,1.0,0.0,0.5,0.0,0.24,4,0.333,3,0.0,36.44,0.3577,0.16,0.5229,0.9958,0.1064,0.0115,0.0,0.425,0.0,0.0,0.87,0,0.0,0.0,0.0,0.45,0,0.0,0.0,0.844,1694.6,0.0,0,0.0,0.5,0.15000000000000002,-0.25,0.479,0,0,1.0133930711200216,-0.273,-0.49300000000000005,0.0,0.333,113,-34.489283983912,0.0,0.0,38,0.0,0.3407133150961452,0.0,1.6218692342606262,10,0.0,-0.187,1,1.3755575195080785,0.0,0,0.0,1.7691884014963877,0.18,0.0,0.0,0.55,0.2,1.8415525608302425,0.367,0.187,1.0,-9.596496255279833,0.0,1.0,0.0,0.5,0.0,0.053,3,0.333,2,0.0,0.0,0.5369,0.9304,0.5667,0.9844,0.7194,0.0577,0.0,0.51,0.0,0.0,0.913,4,0.0,0.0,0.0,0.458,0,0.0,0.0,0.957,1793.8,0.0,0,0.0,0.5,36.44,0.0,0.17920000000000003,0.7704,0.04379999999999995,-0.011399999999999966,0.613,0.046200000000000005,0,-7,0,0.0,0,0.08500000000000002,65.30000000000007,0.0,0.0,4,0.0,0.0,0.0,0.008000000000000007,0,0.5,0.0,0.0,0.11299999999999999,79.53000000000002,99.20000000000005,0.0,0,0.0,0.0,90,9,2
Belgium,Egypt,0.0,1.5648113178705443,0.19999999999999998,0.0,0.25868960590908396,0.04300000000000004,52.24000000000018,0.0,0.0,1.3469500397388963,0.1,0.0,0.0,0.25,0.7,0.3412848954532619,0.813,0.893,1.0,21.19815372789393,0.0,1.0,0.0,0.5,0.0,0.347,2,0.15786858775307416,3,0.0,170.20999999999998,0.6143,0.3995,0.3,0.9755,0.1872,0.0846,0.0,0.735,0.0,0.0,0.87,5,0.0,0.0,0.0,0.567,0,0.0,0.0,0.753,1874.8,0.0,0,0.0,0.5,0.25,-0.39999999999999997,0.492,0,0,0.5779558895387816,-0.18999999999999995,-0.26,0.0,0.23102720158986464,23,-3.166401314535559,0.0,-0.07099999999999995,4,0.0,0.44360978769469606,0.0,0.6192292300237151,2,0.0,-0.11999999999999997,1,1.9442756188265622,0.3333333333333333,0,0.0,2.9117613576094405,0.3,0.0,0.0,0.5,0.3,0.9192407849920435,0.623,0.633,1.0,18.031752413358372,0.0,0.929,0.0,0.5,0.0,0.227,1,0.6111042106570612,2,0.0,0.0,0.5694,1.0,0.3031,0.9754,0.6806,0.0462,0.0,0.835,0.0,0.0,0.913,5,0.0,0.0,0.0,0.742,0,0.0,0.0,0.957,1611.2,0.0,0,0.0,0.5,170.20999999999998,0.0,-0.04489999999999994,0.6005,0.0030999999999999917,-9.999999999998899e-05,0.49339999999999995,-0.0384,1,8,0,0.0,-1,0.09999999999999998,-117.9699999999998,0.0,0.0,0,0.0,0.0,0.0,0.17500000000000004,0,0.5,0.0,0.0,0.20399999999999996,53.77999999999997,-263.5999999999999,0.0,0,0.0,0.0,90,20,1
Saudi Arabia,Uruguay,0.0,0.05965517219553973,-0.020000000000000004,0.0,-0.056127703398558215,-0.04300000000000004,-60.0000000000001,0.0,0.0,0.820720089353242,0.08,0.0,0.0,0.35,0.5,0.9619669937279774,0.573,0.493,1.0,9.267738201784834,0.0,1.0,0.0,0.5,0.0,0.187,3,0.333,2,0.0,0.0,0.7259,0.8405,0.3833,0.9778,0.4614,0.0577,0.0,0.44,0.0,0.0,0.913,2,0.0,0.0,0.0,0.412,0,0.0,0.0,0.957,1884.2,0.0,0,0.0,0.5,0.050000000000000044,-0.09999999999999998,0.459,0,0,0.5726611789523469,-0.11999999999999994,-0.2,0.0,0.333,-133,-17.571235638766133,0.0,0.0,-20,0.0,-0.6789252776977975,0.0,0.8019935515023993,-3,0.0,-0.08,-1,-0.034310995999825344,0.4444444444444444,0,0.0,0.8803752615487818,0.06,0.0,0.0,0.4,0.4,1.5346281726803244,0.453,0.293,1.0,-8.3034974369813,0.0,1.0,0.0,0.5,0.0,0.107,4,0.333,1,0.0,6.54,0.3742,0.1149,0.5194,0.975,0.0618,0.0692,0.0,0.08,0.0,0.0,0.87,2,0.0,0.0,0.0,0.263,0,0.0,0.0,0.901,1824.6,0.0,2,0.087,0.5,-6.54,0.0,-0.3517,-0.7256,0.1361,-0.0028000000000000247,-0.39959999999999996,0.011499999999999996,0,6,0,0.0,0,-0.36,-53.46000000000009,0.0,0.0,0,0.0,0.0,0.0,-0.14899999999999997,0,0.5,0.0,0.0,-0.05599999999999994,-53.5,-59.600000000000136,0.0,0.0,0.087,0.0,90,-41,1
France,Senegal,0.0,0.36660882043796406,0.12000000000000002,0.0,-0.12276352852882755,-0.04400000000000004,709.96,0.0,0.0,2.14810491948865,0.16,0.0,0.0,0.35,0.55,1.067055698700937,0.573,0.493,1.0,7.764933811124683,0.0,1.0,0.0,0.5,0.0,0.187,3,0.333,3,0.0,18.509999999999998,0.6473,1.0,0.4454,0.9908,0.7102,0.0346,0.0,0.53,0.0,0.0,0.87,3,0.0,0.0,0.0,0.562,0,0.0,0.0,0.889,1790.6,0.0,0,0.0,0.5,0.25,-0.20000000000000007,0.532,0,0,-0.09024820826647284,-0.03599999999999992,0.03400000000000003,0.0,0.333,266,-4.668991564134705,0.0,0.0,16,0.0,1.0747264921487294,0.0,-0.5957392916299914,6,0.0,-0.014000000000000012,2,1.002573246231294,0.0,0,0.0,2.514713739926614,0.28,0.0,0.0,0.6,0.35,0.9768074904344641,0.537,0.527,1.0,3.0959422469899778,0.0,1.0,0.0,0.5,0.0,0.173,1,0.333,3,0.0,229.78,0.7,1.0,0.512,0.9967,1.0,0.0115,0.0,0.96,0.0,0.0,0.826,9,0.0,0.0,0.0,0.796,0,0.0,0.0,0.758,1726.4,0.0,1,0.043,0.5,-211.27,0.0,0.05269999999999997,0.0,0.06659999999999999,0.005900000000000016,0.28979999999999995,-0.0231,3,17,0,0.0,1,0.42999999999999994,921.23,0.0,0.0,6,0.0,0.0,0.0,0.23399999999999999,0,0.5,0.0,0.0,-0.131,483.47,-64.19999999999982,0.0,0.0,0.043,0.0,90,23,2
Iraq,Norway,0.0,-1.6558112489967056,-0.12,0.0,-0.04393308512890304,0.0,-173.42999999999995,0.0,0.0,2.852410754615156,0.24,0.0,0.0,0.55,0.45,0.8466393958953671,0.537,0.527,1.0,-1.0709279142568118,0.0,1.0,0.0,0.5,0.0,0.173,2,0.333,3,0.0,21.86,0.5445,1.0,0.3698,0.9935,1.0,0.0231,0.0,0.675,0.0,0.0,0.87,6,0.0,0.0,0.0,0.671,0,0.0,0.0,0.886,1758.0,0.0,0,0.0,0.5,-0.20000000000000007,0.14999999999999997,0.526,0,0,-0.1655054795864641,0.10299999999999998,0.15300000000000002,0.0,0.333,-270,12.216411236541393,0.0,0.0,-46,0.0,0.47377395005053224,0.0,-0.373056167013586,-12,0.0,0.067,-2,-0.8992822169630541,0.5,0,0.0,1.1965995056184504,0.12,0.0,0.0,0.35,0.6,0.681133916308903,0.64,0.68,1.0,11.145483322284582,0.0,1.0,0.0,0.5,0.0,0.24,4,0.333,3,0.0,14.83,0.3313,0.085,0.4944,0.9667,0.0274,0.0615,0.0,0.9,0.0,0.0,0.87,0,0.0,0.0,0.0,0.654,0,0.0,0.0,0.865,1570.2,0.0,0,0.0,0.5,7.029999999999999,0.0,-0.2132,-0.915,0.12459999999999999,-0.026800000000000046,-0.9726,0.038400000000000004,0,-7,0,0.0,0,0.22499999999999998,-180.45999999999995,0.0,0.0,-6,0.0,0.0,0.0,-0.017000000000000015,0,0.5,0.0,0.0,-0.02100000000000002,-146.74,-187.79999999999995,0.0,0,0.0,0.0,90,31,0
Argentina,Algeria,0.0,0.5294390362429429,0.12,0.0,-0.023603517126056683,-0.04300000000000004,11.489999999999782,0.0,0.0,2.063729883276459,0.18,0.0,0.0,0.4,0.55,0.4493322681674795,0.797,0.847,1.0,32.83868743041459,0.0,1.0,0.0,0.5,0.0,0.333,3,0.333,2,0.0,43.64,0.5319,0.7322,0.3736,0.9957,0.4217,0.0115,0.0,0.755,0.0,0.0,0.913,4,0.0,0.0,0.0,0.671,0,0.0,0.0,0.886,1804.8,0.0,0,0.0,0.5,-0.050000000000000044,0.04999999999999993,0.519,0,0,-0.058823040076942,0.015999999999999903,0.04600000000000004,0.0,0.333,283,-37.076990823077274,0.0,0.0,26,0.0,0.9417023725952682,0.0,-0.07997625801786085,9,0.0,0.013999999999999957,2,1.5997777161362539,1.0,0,0.0,2.593168919519402,0.3,0.0,0.0,0.35,0.6,0.3905092280905375,0.813,0.893,1.0,-4.238303392662685,0.0,1.0,0.0,0.5,0.0,0.347,1,0.333,3,0.0,62.19,0.5536,1.0,0.3083,0.9917,1.0,0.0231,0.0,1.0,0.0,0.0,0.87,9,0.0,0.0,0.0,0.875,0,0.0,0.0,0.818,1540.4,0.0,0,0.0,0.5,-18.549999999999997,0.0,0.02169999999999994,0.26780000000000004,-0.06529999999999997,-0.0040000000000000036,0.5783,0.0116,0,-19,0,0.0,0,0.245,30.03999999999985,0.0,0.0,5,0.0,0.0,0.0,0.20399999999999996,0,0.5,0.0,0.0,-0.06800000000000006,18.32000000000005,-264.39999999999986,0.0,0,0.0,0.0,90,88,2
Austria,Jordan,0.0,0.759563211707619,0.020000000000000018,0.0,-0.05965400676078747,0.0,444.68,0.0,0.0,1.5119306214142552,0.18,0.0,0.0,0.5,0.3,2.1018390236038567,0.317,0.047,1.0,-32.92345250461457,0.0,1.0,0.0,0.5,0.0,0.013,4,0.333,2,0.0,0.0,0.3449,0.1075,0.4597,0.9833,0.0322,0.0462,0.0,0.225,0.0,0.0,0.913,0,0.0,0.0,0.0,0.254,0,0.0,0.0,0.957,1750.6,0.0,0,0.0,0.5,0.0,0.10000000000000003,0.598,0,0,-1.5799759492884573,0.41,0.74,0.0,0.333,200,34.716626784309234,0.0,0.0,46,0.0,2.2582357045837917,0.0,-2.510155226474235,5,0.0,0.27999999999999997,2,0.184508871253662,0.5,0,0.0,2.271493833121874,0.2,0.0,0.0,0.5,0.4,0.5218630743153992,0.727,0.787,1.0,1.7931742796946626,0.0,1.0,0.0,0.5,0.0,0.293,2,0.333,2,0.0,36.0,0.4562,0.728,0.4028,0.9833,0.32,0.0462,0.0,0.94,0.0,0.0,0.913,4,0.0,0.0,0.0,0.783,0,0.0,0.0,0.893,1590.6,0.0,0,0.0,0.5,-36.0,0.0,0.11130000000000001,0.6204999999999999,-0.056900000000000006,0.0,0.2878,0.0,1,23,0,0.0,0,0.715,480.68,0.0,0.0,4,0.0,0.0,0.0,0.529,0,0.5,0.0,0.0,-0.06399999999999995,383.40999999999997,-160.0,0.0,0,0.0,0.0,90,-3,2
Portugal,Congo DR,0.0,1.3316668842889252,0.14,0.0,-0.10806307313800045,0.08700000000000008,677.9899999999998,0.0,0.0,1.1860738574095657,0.12,0.0,0.0,0.3,0.6,0.3763008830734043,0.813,0.893,1.0,21.733075189200058,0.0,1.0,0.0,0.5,0.0,0.347,3,0.333,4,0.0,0.0,0.439,0.484,0.5042,0.9812,0.2246,0.0846,0.0,0.705,0.0,0.0,0.826,4,0.0,0.0,0.0,0.646,0,0.0,0.0,0.913,1610.8,0.0,0,0.0,0.5,0.3,-0.3,0.487,0,0,0.553752493660012,-0.20599999999999996,-0.30600000000000005,0.0,0.333,183,-14.297122110970532,0.0,0.0,26,0.0,-0.15373960674891585,0.0,0.607305240192471,4,0.0,-0.13399999999999998,1,1.555458242442445,0.5,0,0.0,2.517740741698491,0.26,0.0,0.0,0.6,0.3,0.9300533767334163,0.607,0.587,1.0,7.435953078229526,0.0,1.0,0.0,0.5,0.0,0.213,2,0.333,2,0.0,96.63,0.5771,1.0,0.6682,0.983,1.0,0.0462,0.0,0.715,0.0,0.0,0.913,5,0.0,0.0,0.0,0.617,0,0.0,0.0,0.833,1721.2,0.0,0,0.0,0.5,-96.63,0.0,0.13809999999999995,0.516,0.16400000000000003,0.0018000000000000238,0.7754,-0.0384,2,46,0,0.0,1,0.010000000000000009,774.6199999999998,0.0,0.0,1,0.0,0.0,0.0,-0.029000000000000026,0,0.5,0.0,0.0,-0.08000000000000007,527.02,110.40000000000009,0.0,0,0.0,0.0,90,40,1
England,Croatia,0.0,0.18509716625873018,0.020000000000000018,0.0,-0.08705398364987449,0.0,855.2599999999999,0.0,0.0,1.9132174851147559,0.18,0.0,0.0,0.5,0.35,1.2686295706801594,0.4,0.28,1.0,1.5925303962096562,0.0,1.0,0.0,0.5,0.0,0.08,2,0.333,3,0.0,28.669999999999998,0.5234,1.0,0.4299,0.9915,0.629,0.0231,0.0,0.4,0.0,0.0,0.87,6,0.0,0.0,0.0,0.55,0,0.0,0.0,0.879,1749.8,0.0,0,0.0,0.5,-0.2,0.30000000000000004,0.54,0,0,-0.7778971752621505,0.32699999999999996,0.507,0.0,0.333,172,-25.689546194763185,0.0,0.0,11,0.0,0.234782281590993,0.0,-1.3921615513954209,4,0.0,0.21299999999999997,1,0.10032322636725599,0.6666666666666666,0,0.0,2.098314651373486,0.2,0.0,0.0,0.3,0.65,0.49073239541800884,0.727,0.787,1.0,-24.097015798553528,0.0,1.0,0.0,0.5,0.0,0.293,1,0.333,3,0.0,246.0,0.7047,1.0,0.4644,0.9905,1.0,0.0346,0.0,0.525,0.0,0.0,0.87,7,0.0,0.0,0.0,0.683,0,0.0,0.0,0.78,1682.6,0.0,0,0.0,0.5,-217.33,0.0,0.18130000000000002,0.0,0.034499999999999975,-0.0010000000000000009,0.371,0.0115,4,1,0,0.0,2,0.125,1072.59,0.0,0.0,1,0.0,0.0,0.0,0.133,0,0.5,0.0,0.0,-0.09899999999999998,695.6800000000001,-67.20000000000005,0.0,0,0.0,0.0,90,1,2
Ghana,Panama,0.0,-0.6377955606156347,-0.12,0.0,0.290114554592694,0.08699999999999997,121.44,0.0,0.0,1.8684938815559018,0.18,0.0,0.0,0.6,0.35,1.736970006876786,0.367,0.187,1.0,22.629514564844822,0.0,1.0,0.0,0.5,0.0,0.053,4,0.333,3,0.0,47.03,0.4166,0.0741,0.4333,0.9783,0.0513,0.0577,0.0,0.61,0.0,0.0,0.87,0,0.0,0.0,0.0,0.458,0,0.0,0.0,0.833,1775.8,0.0,0,0.0,0.5,-0.09999999999999998,-0.04999999999999999,0.472,0,0,-0.3167439713861733,0.0,0.0,0.0,0.333,-39,-20.474113512211176,0.0,0.0,-16,0.0,-1.3075771450582636,0.0,-0.40415229923228146,4,0.0,0.0,1,-1.5220792163054786,0.5,0,0.0,1.230698320940267,0.06,0.0,0.0,0.5,0.3,1.4202260354906127,0.367,0.187,1.0,2.1554010526336462,0.0,1.0,0.0,0.5,0.0,0.053,3,0.333,1,0.0,2.51,0.3596,0.6928,0.5154,0.9872,0.31,0.0346,0.0,0.175,0.0,0.0,0.957,4,0.0,0.0,0.0,0.183,0,0.0,0.0,0.976,1844.0,0.0,0,0.0,0.5,44.52,0.0,-0.05700000000000005,0.6187,0.08209999999999995,0.008900000000000019,0.2587,-0.023100000000000002,0,67,0,0.0,0,-0.435,76.91999999999999,0.0,0.0,4,0.0,0.0,0.0,-0.275,0,0.5,0.0,0.0,0.14300000000000002,101.51,68.20000000000005,0.0,0,0.0,0.0,90,-19,2
Uzbekistan,Colombia,0.0,-0.769240574546227,-0.04000000000000001,0.0,-0.09841218133538476,-0.04399999999999993,-152.21,0.0,0.0,2.0434749017603906,0.2,0.0,0.0,0.55,0.3,1.2371953681474608,0.503,0.433,1.0,6.839609501998133,0.0,1.0,0.0,0.5,0.0,0.147,1,0.333,1,0.0,2.03,0.6034,0.807,0.4448,0.9826,0.4149,0.0462,0.0,0.55,0.0,0.0,0.957,7,0.0,0.0,0.0,0.588,0,0.0,0.0,0.976,1837.0,0.0,0,0.0,0.5,-0.20000000000000007,0.3,0.487,0,0,-0.19366389635673298,0.08699999999999997,0.10700000000000004,0.0,0.333,-307,1.4157986968651581,0.0,0.0,-48,0.0,-0.6255088973161376,0.0,-0.07686980337445792,-12,0.0,0.05300000000000002,-3,-0.6540369190347233,0.5,0,0.0,1.2742343272141636,0.16,0.0,0.0,0.35,0.6,1.0435314717907278,0.59,0.54,1.0,8.255408198863291,0.0,1.0,0.0,0.5,0.0,0.2,4,0.333,2,0.0,13.719999999999999,0.3388,0.0884,0.4194,0.9833,0.159,0.0615,0.0,0.325,0.0,0.0,0.913,0,0.0,0.0,0.0,0.508,0,0.0,0.0,0.888,1644.4,0.0,0,0.0,0.5,-11.69,0.0,-0.26460000000000006,-0.7186,-0.025399999999999978,0.0006999999999999229,-0.2559,0.015300000000000001,0,22,0,0.0,0,-0.22500000000000003,-140.51999999999998,0.0,0.0,-7,0.0,0.0,0.0,-0.07999999999999996,0,0.5,0.0,0.0,-0.08799999999999997,-128.60999999999999,-192.5999999999999,0.0,0,0.0,0.0,90,-33,0
Czechia,South Africa,0.0,0.7972590539309699,0.2,0.0,0.15788043305709498,0.08699999999999997,14.800000000000026,0.0,0.0,1.0752884307873154,0.06,0.0,0.0,0.4,0.45,1.1348100530665672,0.503,0.433,1.0,-8.950653002431388,0.0,0.429,0.0,0.5,0.0,0.147,2,0.333,3,0.0,31.799999999999997,0.4535,0.1998,0.5346,0.9544,0.0709,0.0731,0.0,0.185,0.0,0.0,0.87,4,0.0,0.0,0.0,0.267,0,0.0,0.0,0.848,1715.6,0.0,0,0.0,0.5,0.19999999999999996,-0.04999999999999999,0.527,0,0,0.12129633169150655,0.0,0.0,0.0,0.333,0,13.160224485498695,0.0,0.0,-1,0.0,1.0483417816558722,0.0,0.13445905522373747,-3,0.0,0.0,-2,1.7501872739343594,0.5,0,0.0,1.8725474847182852,0.26,0.0,0.0,0.6,0.4,1.2561063847580738,0.503,0.433,1.0,4.209571483067307,0.0,0.429,0.0,0.5,0.0,0.147,4,0.333,1,0.0,6.25,0.4928,0.7284,0.4347,0.9957,0.2866,0.0115,0.0,0.49,0.0,0.0,0.957,1,0.0,0.0,0.0,0.592,0,0.0,0.0,0.945,1620.8,0.0,0,0.0,0.5,25.549999999999997,0.0,0.0393,0.5286000000000001,-0.09989999999999999,0.0413,0.2157,-0.0616,0,24,0,0.0,0,0.305,-10.749999999999972,0.0,0.0,-3,0.0,0.0,0.0,0.32499999999999996,0,0.5,0.0,0.0,0.09699999999999998,13.730000000000004,-94.79999999999995,0.0,0,0.0,0.0,90,18,1
Canada,Qatar,0.0,0.028514342961587058,0.06000000000000001,0.0,0.021888750987250294,-0.08700000000000008,-38.679999999999986,0.0,0.0,1.129255759129987,0.08,0.0,0.0,0.7,0.15,1.6618403717134664,0.537,0.527,1.0,2.575176955787221,0.0,0.357,0.0,0.5,0.0,0.173,4,0.333,2,0.0,1.94,0.3644,0.0434,0.5111,0.95,0.0276,0.0615,0.0,0.335,0.0,0.0,0.913,1,0.0,0.0,0.0,0.404,0,0.0,0.0,0.955,1667.0,0.0,0,0.0,0.5,-0.35,0.35,0.535,0,0,-1.105674169063875,0.17299999999999993,0.21299999999999997,0.0,0.333,266,-3.549428267723192,0.0,0.07200000000000001,63,0.0,0.8395142755521697,0.0,-0.4618499602192878,13,0.0,0.10700000000000004,2,0.5350435851373091,1.0,1,0.0,1.157770102091574,0.14,0.0,0.0,0.35,0.5,0.5561662026495914,0.71,0.74,1.0,-0.974251311935971,0.0,0.429,0.0,0.5,0.0,0.28,2,0.333,2,0.0,0.0,0.7,0.7052,0.3729,0.9781,0.2356,0.0808,0.0,0.665,0.0,0.0,0.826,4,0.0,0.0,0.0,0.6,0,0.0,0.0,0.913,1625.2,0.0,2,0.087,0.5,1.94,0.0,0.33559999999999995,0.6618,-0.1382,0.028100000000000014,0.20800000000000002,0.019299999999999998,0,-67,0,0.0,0,0.33,-40.61999999999998,0.0,0.0,3,0.0,0.0,0.0,0.19599999999999995,0,0.5,0.0,0.0,-0.041999999999999926,-34.05,-41.799999999999955,0.0,0.0,0.087,0.0,90,-31,2
Mexico,South Korea,0.0,-0.34854001530496403,-0.04000000000000001,0.0,0.04366047534429174,-0.04300000000000004,65.22,0.0,0.0,1.7295007069008237,0.16,0.0,0.0,0.4,0.45,0.9575546324059118,0.59,0.54,1.0,18.444512176504222,0.0,0.429,0.0,0.5,0.0,0.2,3,0.333,2,0.0,9.87,0.4535,0.1998,0.5346,0.9544,0.0709,0.0731,0.0,0.8,0.0,0.0,0.913,3,0.0,0.0,0.0,0.575,0,0.0,0.0,0.919,1668.6,0.0,0,0.0,0.5,-0.10000000000000003,0.14999999999999997,0.528,0,0,-0.4899391674346409,0.22299999999999998,0.353,0.0,0.333,169,-18.578272422994225,0.0,0.07100000000000001,25,0.0,0.28623051789026865,0.0,-0.8021687186457431,7,0.0,0.14699999999999996,2,-0.4192911528446557,0.6666666666666666,1,0.0,1.3809606915958597,0.12,0.0,0.0,0.3,0.6,0.4676154649712709,0.813,0.893,1.0,-0.1337602464900014,0.0,0.5,0.0,0.5,0.0,0.347,1,0.333,3,0.0,4.65,0.4964,0.8192,0.3552,0.9812,0.2426,0.0231,0.0,0.9,0.0,0.0,0.87,9,0.0,0.0,0.0,0.679,0,0.0,0.0,0.93,1798.2,0.0,0,0.0,0.5,5.219999999999999,0.0,0.042899999999999994,0.6194000000000001,-0.17939999999999995,0.026799999999999935,0.17170000000000002,-0.05,0,-23,0,0.0,0,0.09999999999999998,60.0,0.0,0.0,6,0.0,0.0,0.0,0.10400000000000009,0,0.5,0.0,0.0,0.01100000000000001,56.60000000000001,129.60000000000014,0.0,0,0.0,0.0,90,10,2
Scotland,Morocco,0.0,-0.5385566858927915,-0.08000000000000002,0.0,0.11674833821946717,0.04399999999999993,-72.9399999999998,0.0,0.0,2.2809710909925456,0.26,0.0,0.0,0.2,0.8,0.35321964457679395,0.64,0.68,1.0,7.062407588233755,0.0,0.429,0.0,0.5,0.0,0.24,2,0.333,2,0.0,45.480000000000004,0.5907,1.0,0.3317,0.9937,0.697,0.0385,0.0,0.785,0.0,0.0,0.913,7,0.0,0.0,0.0,0.742,0,0.0,0.0,0.884,1716.0,0.0,0,0.0,0.5,0.3,-0.45000000000000007,0.483,0,0,0.6976856453763436,-0.10299999999999998,-0.15300000000000002,0.0,0.333,-279,12.797554852910382,0.0,-0.07200000000000001,-30,0.0,-0.21757828328592632,0.0,0.2690932775908188,-6,0.0,-0.067,-1,-0.8893221664331341,0.5,0,0.0,1.742414405099754,0.18,0.0,0.0,0.5,0.35,1.0509052899531375,0.537,0.527,1.0,19.859962441144138,0.0,0.357,0.0,0.5,0.0,0.173,3,0.333,1,0.0,8.51,0.4355,0.4808,0.4111,0.9792,0.2114,0.0577,0.0,0.68,0.0,0.0,0.957,3,0.0,0.0,0.0,0.6,0,0.0,0.0,0.942,1765.0,0.0,0,0.0,0.5,36.970000000000006,0.0,-0.1552,-0.5192,0.07940000000000003,-0.014500000000000068,-0.4855999999999999,0.019200000000000002,0,-19,0,0.0,0,-0.10499999999999998,-109.90999999999983,0.0,0.0,-4,0.0,0.0,0.0,-0.14200000000000002,0,0.5,0.0,0.0,0.05799999999999994,-54.230000000000004,49.0,0.0,0,0.0,0.0,90,-10,0
Brazil,Haiti,0.0,0.391159028173784,0.09999999999999998,0.0,-0.08620095165850628,0.17399999999999993,915.75,0.0,0.0,1.8327867206337343,0.14,0.0,0.0,0.35,0.5,0.9014358450105598,0.64,0.68,1.0,8.629173315795681,0.0,0.357,0.0,0.5,0.0,0.24,4,0.333,8,0.0,0.0,0.3729,0.163,0.5,0.9696,0.1005,0.0808,0.0,0.43,0.0,0.0,0.652,0,0.0,0.0,0.0,0.533,0,0.0,0.0,0.826,1620.0,0.0,0,0.0,0.5,0.15000000000000002,-0.09999999999999998,0.51,0,0,0.12517556919058237,-0.20700000000000002,-0.30700000000000005,0.0,0.333,403,-16.615995554178134,0.0,0.07200000000000001,68,0.0,0.4135081785634156,0.0,0.7557950810722557,12,0.0,-0.133,3,1.169303259635671,1.0,0,0.0,2.2239457488075183,0.24,0.0,0.0,0.5,0.4,1.0266114142011422,0.433,0.373,1.0,-7.986822238382455,0.0,0.429,0.0,0.5,0.0,0.107,1,0.333,4,0.0,100.0,0.6844,1.0,0.3217,0.9746,1.0,0.1231,0.0,0.665,0.0,0.0,0.826,7,0.0,0.0,0.0,0.579,0,0.0,0.0,0.813,1873.8,0.0,0,0.0,0.5,-100.0,0.0,0.3115,0.837,-0.17830000000000001,0.0050000000000000044,0.8995,0.042300000000000004,0,89,0,0.0,0,0.23500000000000004,1015.75,0.0,0.0,7,0.0,0.0,0.0,0.04599999999999993,0,0.5,0.0,0.0,-0.013000000000000012,766.16,253.79999999999995,0.0,0,0.0,0.0,90,109,2
Netherlands,Sweden,0.0,-0.07621681563259797,-0.08000000000000002,0.0,0.0,0.04399999999999993,403.1600000000002,0.0,0.0,2.2557061997957772,0.26,0.0,0.0,0.6,0.2,1.709734396505752,0.417,0.327,1.0,-15.353475757345453,0.0,0.357,0.0,0.5,0.0,0.093,3,0.333,2,0.0,0.0,0.5369,0.9304,0.5667,0.9844,0.7194,0.0577,0.0,0.71,0.0,0.0,0.913,4,0.0,0.0,0.0,0.646,0,0.0,0.0,0.957,1736.2,0.0,0,0.0,0.5,0.0,0.09999999999999998,0.497,0,0,-0.6990014111962439,0.12000000000000005,0.2,0.0,0.333,219,-2.3423536002951586,0.0,0.0,28,0.0,-0.7002719048657928,0.0,-0.5038755591818123,6,0.0,0.07999999999999999,2,-1.2503459344777483,0.6666666666666666,0,0.0,2.1794893841631793,0.18,0.0,0.0,0.6,0.3,1.0107329853095082,0.537,0.527,1.0,-17.695829357640612,0.0,0.357,0.0,0.5,0.0,0.173,1,0.333,1,0.0,0.0,0.5837,1.0,0.4972,0.9877,1.0,0.0462,0.0,0.475,0.0,0.0,0.957,7,0.0,0.0,0.0,0.567,0,0.0,0.0,0.978,1766.8,0.0,0,0.0,0.5,0.0,0.0,0.04679999999999995,0.0696,-0.0695,0.0032999999999999696,0.28059999999999996,-0.011500000000000003,3,20,0,0.0,0,-0.235,403.1600000000002,0.0,0.0,3,0.0,0.0,0.0,-0.07900000000000007,0,0.5,0.0,0.0,0.02100000000000002,347.29,30.59999999999991,0.0,0,0.0,0.0,90,9,2
Ecuador,Curaçao,0.0,-1.1963836604585896,-0.08000000000000002,0.0,-0.14457666768911448,-0.08699999999999997,270.0300000000003,0.0,0.0,2.09805990655676,0.2,0.0,0.0,0.45,0.5,1.9131170769867563,0.49,0.26,1.0,20.456722233918963,0.0,0.429,0.0,0.5,0.0,0.12,4,0.333,1,0.0,2.9,0.2613,0.07,0.521,0.9696,0.0467,0.1115,0.0,0.26,0.0,0.0,0.957,1,0.0,0.0,0.0,0.392,0,0.0,0.0,0.975,1644.8,0.0,0,0.0,0.5,-0.15000000000000002,0.09999999999999998,0.532,0,0,-1.2980562962720446,0.06300000000000006,0.31299999999999994,0.0,0.333,246,4.221460868535843,0.0,0.0,60,0.0,0.6472908013358091,0.0,-2.2041777066522954,8,0.0,0.067,1,-0.6751823412357438,0.5,0,0.0,0.9016762460981703,0.12,0.0,0.0,0.3,0.6,0.6150607807147118,0.553,0.573,1.0,24.678183102454806,0.0,0.429,0.0,0.5,0.0,0.187,3,0.333,3,0.0,96.17999999999999,0.6952,0.5572,0.4946,0.9613,0.6396,0.1077,0.0,0.49,0.0,0.0,0.87,4,0.0,0.0,0.0,0.542,0,0.0,0.0,0.811,1831.4,0.0,0,0.0,0.5,-93.27999999999999,0.0,0.43390000000000006,0.4872,-0.026400000000000035,-0.008299999999999974,0.5929,-0.003799999999999998,0,81,0,0.0,1,0.22999999999999998,363.31000000000023,0.0,0.0,3,0.0,0.0,0.0,0.15000000000000002,0,0.5,0.0,0.0,-0.16399999999999992,240.5,186.60000000000014,0.0,0,0.0,0.0,90,99,1
Tunisia,Japan,0.0,-0.45405171922772625,-0.04000000000000001,0.0,-0.21245335820895528,-0.04300000000000004,-124.90999999999991,0.0,0.0,1.671659586329677,0.1,0.0,0.0,0.2,0.7,0.5792778712094546,0.693,0.693,1.0,-1.1760960840736745,0.0,0.429,0.0,0.5,0.0,0.267,2,0.333,2,0.0,0.0,0.4989,0.8942,0.3604,0.9875,0.4305,0.0462,0.0,0.745,0.0,0.0,0.913,5,0.0,0.0,0.0,0.596,0,0.0,0.0,0.957,1838.4,0.0,0,0.0,0.5,0.2,-0.24999999999999994,0.449,0,0,0.851880632983606,-0.12,-0.19999999999999996,0.0,0.333,-291,24.01782593274402,0.0,0.0,-64,0.0,-1.2467062714222372,0.0,0.9662222124122831,-14,0.0,-0.08000000000000002,-2,-0.5849182340238896,0.0,0,0.0,1.2176078671019508,0.06,0.0,0.0,0.4,0.45,1.4311585041930606,0.573,0.493,1.0,22.841729848670347,0.0,0.429,0.0,0.5,0.0,0.187,4,0.333,3,0.0,36.44,0.3577,0.16,0.5229,0.9958,0.1064,0.0115,0.0,0.26,0.0,0.0,0.87,0,0.0,0.0,0.0,0.367,0,0.0,0.0,0.844,1748.2,0.0,0,0.0,0.5,-36.44,0.0,-0.1412,-0.7342,0.16250000000000003,0.008299999999999974,-0.3241,-0.034699999999999995,0,25,0,0.0,0,-0.485,-88.46999999999991,0.0,0.0,-5,0.0,0.0,0.0,-0.22899999999999998,0,0.5,0.0,0.0,-0.11299999999999999,-104.07000000000001,-90.20000000000005,0.0,0,0.0,0.0,90,-38,0
Spain,Saudi Arabia,0.0,1.3672426134845885,0.12,0.0,0.056127703398558215,0.04300000000000004,720.01,0.0,0.0,0.8970380334372753,0.06,0.0,0.0,0.4,0.4,1.4601587326475083,0.367,0.187,1.0,1.7715718766190056,0.0,0.357,0.0,0.5,0.0,0.053,4,0.333,1,0.0,6.54,0.3742,0.1149,0.5194,0.975,0.0618,0.0692,0.0,0.175,0.0,0.0,0.87,2,0.0,0.0,0.0,0.183,0,0.0,0.0,0.901,1827.2,0.0,2,0.087,0.5,0.04999999999999999,0.15000000000000002,0.578,0,0,-0.8538705949289628,0.43000000000000005,0.6599999999999999,0.0,0.333,476,-24.434843912925416,0.0,0.07200000000000001,49,0.0,1.3553857183020277,0.0,-1.7132362736976225,9,0.0,0.28,3,0.6930644724915715,1.0,0,0.0,2.264280646921864,0.18,0.0,0.0,0.45,0.55,0.6062881377185455,0.797,0.847,1.0,-22.66327203630641,0.0,0.429,0.0,0.5,0.0,0.333,1,0.333,2,0.0,0.0,0.7433,1.0,0.7002,0.9915,1.0,0.0231,0.0,0.64,0.0,0.0,0.913,7,0.0,0.0,0.0,0.637,0,0.0,0.0,0.957,1734.6,0.0,0,0.0,0.5,6.54,0.0,0.3691,0.8851,0.18080000000000007,0.01650000000000007,0.9382,-0.0461,4,54,0,0.0,0,0.465,713.47,0.0,0.0,5,0.0,0.0,0.0,0.454,0,0.5,0.0,0.0,0.05599999999999994,617.3299999999999,-92.60000000000014,0.0,0.0,-0.087,0.0,90,-23,2
New Zealand,Egypt,0.0,0.6728137803822849,-0.039999999999999994,0.0,0.18647913196953936,0.0,-338.58999999999986,0.0,0.0,1.2913243640333736,0.12,0.0,0.0,0.3,0.65,0.44033695791584226,0.813,0.893,1.0,20.387430483231277,0.0,0.429,0.0,0.5,0.0,0.347,2,0.5401662049861496,3,0.0,170.20999999999998,0.6143,0.3995,0.3,0.9755,0.1872,0.0846,0.0,0.685,0.0,0.0,0.87,5,0.0,0.0,0.0,0.613,0,0.0,0.0,0.753,1876.6,0.0,0,0.0,0.5,0.15000000000000002,-0.35000000000000003,0.422,0,0,1.1539455979086755,-0.44599999999999995,-0.706,0.0,0.24376731301939064,-208,-14.543687818091017,0.0,0.0,-47,0.0,-1.3687081284026223,0.0,2.053949588793768,-8,0.0,-0.294,-2,-0.29130511661605596,0.5,0,0.0,1.9641381444156585,0.08,0.0,0.0,0.45,0.3,1.5942825558245177,0.367,0.187,1.0,5.84374266514026,0.0,0.429,0.0,0.5,0.0,0.053,4,0.21606648199445985,3,0.0,11.61,0.5168,0.0598,0.5167,0.9833,0.0495,0.0462,0.0,0.215,0.0,0.0,0.87,1,0.0,0.0,0.0,0.229,0,0.0,0.0,0.896,1858.4,0.0,0,0.0,0.5,158.59999999999997,0.0,-0.09749999999999992,-0.3397,0.21670000000000006,0.007799999999999918,-0.1377,-0.0384,0,-147,0,0.0,-1,-0.4700000000000001,-497.1899999999998,0.0,0.0,-4,0.0,0.0,0.0,-0.384,0,0.5,0.0,0.0,0.14300000000000002,-289.65,-18.199999999999818,0.0,0,0.0,0.0,90,-32,0
Argentina,Austria,0.0,0.27686831267957057,0.07999999999999999,0.0,-0.02875689995212949,-0.04300000000000004,73.74999999999977,0.0,0.0,2.387565536474924,0.22,0.0,0.0,0.5,0.4,0.5811654316490235,0.64,0.68,1.0,6.518015400868216,0.0,0.357,0.0,0.5,0.0,0.24,2,0.333,2,0.0,36.0,0.4562,0.728,0.4028,0.9833,0.32,0.0462,0.0,0.96,0.0,0.0,0.913,4,0.0,0.0,0.0,0.783,0,0.0,0.0,0.893,1657.8,0.0,0,0.0,0.5,-0.2,0.25,0.514,0,0,-0.25234932675479105,0.17299999999999993,0.21299999999999997,0.0,0.333,276,-15.296535236287049,0.0,0.0,23,0.0,0.2577024961716834,0.0,-0.3807707699762848,7,0.0,0.10699999999999998,1,1.3034710315962608,0.5,0,0.0,2.6644338491544945,0.3,0.0,0.0,0.3,0.65,0.3288161048942324,0.813,0.893,1.0,-8.778519835418834,0.0,0.357,0.0,0.5,0.0,0.347,1,0.333,3,0.0,62.19,0.5536,1.0,0.3083,0.9917,1.0,0.0231,0.0,1.0,0.0,0.0,0.87,9,0.0,0.0,0.0,0.875,0,0.0,0.0,0.818,1566.2,0.0,0,0.0,0.5,-26.189999999999998,0.0,0.09739999999999999,0.272,-0.09449999999999997,0.008400000000000074,0.6799999999999999,-0.0231,-1,11,0,0.0,0,0.040000000000000036,99.93999999999983,0.0,0.0,5,0.0,0.0,0.0,0.09199999999999997,0,0.5,0.0,0.0,-0.07500000000000007,87.93000000000006,-91.59999999999991,0.0,0,0.0,0.0,90,95,2
France,Iraq,0.0,1.4276920876400996,0.15999999999999998,0.0,-0.08091676810593007,-0.04400000000000004,831.6800000000001,0.0,0.0,1.169214762647023,0.14,0.0,0.0,0.4,0.55,1.1726186994440215,0.503,0.433,1.0,13.414538431056256,0.0,0.357,0.0,0.5,0.0,0.147,4,0.333,3,0.0,14.83,0.3313,0.085,0.4944,0.9667,0.0274,0.0615,0.0,0.61,0.0,0.0,0.87,0,0.0,0.0,0.0,0.583,0,0.0,0.0,0.865,1620.6,0.0,0,0.0,0.5,0.19999999999999996,-0.20000000000000007,0.537,0,0,-0.19987898001127868,0.050000000000000044,0.13999999999999996,0.0,0.333,462,2.319273137254001,0.0,0.07200000000000001,55,0.0,1.1179936750788144,0.0,-0.754360145401979,19,0.0,0.04000000000000001,3,1.5870250298486932,0.5,0,0.0,2.5969068502871226,0.3,0.0,0.0,0.6,0.35,0.9727397194327428,0.553,0.573,1.0,15.733811568310257,0.0,0.429,0.0,0.5,0.0,0.187,1,0.333,3,0.0,229.78,0.7,1.0,0.512,0.9967,1.0,0.0115,0.0,1.0,0.0,0.0,0.826,9,0.0,0.0,0.0,0.875,0,0.0,0.0,0.758,1792.6,0.0,1,0.043,0.5,-214.95,0.0,0.36869999999999997,0.915,0.017600000000000005,0.030000000000000027,0.9726,-0.05,3,58,0,0.0,1,0.39,1046.63,0.0,0.0,9,0.0,0.0,0.0,0.29200000000000004,0,0.5,0.0,0.0,-0.10699999999999998,590.13,172.0,0.0,0.0,0.043,0.0,90,-2,2
Norway,Senegal,0.0,1.038674326042693,0.07999999999999999,0.0,0.00208632470600556,0.0,51.70999999999984,0.0,0.0,1.9954813645676153,0.16,0.0,0.0,0.4,0.5,1.3581943296591932,0.453,0.293,1.0,3.178108282245394,0.0,0.429,0.0,0.5,0.0,0.107,3,0.333,3,0.0,18.509999999999998,0.6473,1.0,0.4454,0.9908,0.7102,0.0346,0.0,0.32,0.0,0.0,0.87,3,0.0,0.0,0.0,0.425,0,0.0,0.0,0.889,1846.6,0.0,0,0.0,0.5,0.15000000000000002,-0.04999999999999999,0.549,0,0,-0.5047896300631872,0.08400000000000002,0.23400000000000004,0.0,0.333,74,-1.3296808434499678,0.0,0.0,7,0.0,1.0946070100916332,0.0,-1.1782594465659306,-1,0.0,0.06599999999999999,1,0.8764287603879808,0.0,0,0.0,3.034155690610308,0.24,0.0,0.0,0.55,0.45,0.853404699596006,0.537,0.527,1.0,1.8484274387954263,0.0,0.429,0.0,0.5,0.0,0.173,2,0.333,3,0.0,21.86,0.5445,1.0,0.3698,0.9935,1.0,0.0231,0.0,0.78,0.0,0.0,0.87,6,0.0,0.0,0.0,0.671,0,0.0,0.0,0.886,1826.6,0.0,0,0.0,0.5,-3.3500000000000014,0.0,-0.1028,0.0,-0.0756,0.0027000000000000357,0.28979999999999995,-0.0115,0,-34,0,0.0,0,0.46,55.05999999999986,0.0,0.0,3,0.0,0.0,0.0,0.24600000000000005,0,0.5,0.0,0.0,-0.0030000000000000027,40.08000000000001,-20.0,0.0,0,0.0,0.0,90,-6,2
Jordan,Algeria,0.0,-0.2918561869500025,0.0,0.0,0.06480738958686028,0.0,-506.94,0.0,0.0,1.739777258768374,0.16,0.0,0.0,0.35,0.55,0.8192165431835104,0.677,0.647,1.0,27.84336112744718,0.0,0.429,0.0,0.5,0.0,0.253,3,0.333,2,0.0,43.64,0.5319,0.7322,0.3736,0.9957,0.4217,0.0115,0.0,0.47,0.0,0.0,0.913,4,0.0,0.0,0.0,0.521,0,0.0,0.0,0.886,1872.2,0.0,0,0.0,0.5,0.20000000000000007,-0.25000000000000006,0.439,0,0,1.4150274429094964,-0.36000000000000004,-0.6,0.0,0.333,-193,-56.718107774348454,0.0,-0.07200000000000001,-43,0.0,-1.0191053843818345,0.0,1.767185862491391,-3,0.0,-0.24,-1,0.14201682188464604,0.3333333333333333,0,0.0,1.4479210718183715,0.16,0.0,0.0,0.55,0.3,2.234243986093007,0.317,0.047,1.0,-28.874746646901276,0.0,0.357,0.0,0.5,0.0,0.013,4,0.333,2,0.0,0.0,0.3449,0.1075,0.4597,0.9833,0.0322,0.0462,0.0,0.16,0.0,0.0,0.913,0,0.0,0.0,0.0,0.242,0,0.0,0.0,0.957,1793.2,0.0,0,0.0,0.5,43.64,0.0,-0.18700000000000006,-0.6246999999999999,0.08610000000000001,-0.012400000000000078,-0.3895,0.034699999999999995,0,-53,0,0.0,0,-0.30999999999999994,-550.58,0.0,0.0,-4,0.0,0.0,0.0,-0.279,0,0.5,0.0,0.0,0.07099999999999995,-453.02,-79.0,0.0,0,0.0,0.0,90,-4,0
Portugal,Uzbekistan,0.0,1.0775941922732704,0.12,0.0,-0.002133486973701526,0.0,681.7699999999999,0.0,0.0,1.2360356728427895,0.12,0.0,0.0,0.35,0.6,1.3306485373274575,0.47,0.34,1.0,1.1154168019788724,0.0,0.357,0.0,0.5,0.0,0.12,4,0.333,2,0.0,13.719999999999999,0.3388,0.0884,0.4194,0.9833,0.159,0.0615,0.0,0.18,0.0,0.0,0.913,0,0.0,0.0,0.0,0.346,0,0.0,0.0,0.888,1728.6,0.0,0,0.0,0.5,0.30000000000000004,-0.35,0.554,0,0,-0.3835538513061192,0.15300000000000002,0.293,0.0,0.333,278,-6.994395135606744,0.0,0.07200000000000001,46,0.0,1.076694636231114,0.0,-1.3272157378522067,14,0.0,0.10700000000000001,2,1.086449277012999,0.5,0,0.0,2.31362986511606,0.24,0.0,0.0,0.65,0.25,0.9470946860213383,0.623,0.633,1.0,-5.878978333627872,0.0,0.429,0.0,0.5,0.0,0.227,2,0.333,2,0.0,96.63,0.5771,1.0,0.6682,0.983,1.0,0.0462,0.0,0.645,0.0,0.0,0.913,5,0.0,0.0,0.0,0.617,0,0.0,0.0,0.833,1737.4,0.0,0,0.0,0.5,-82.91,0.0,0.23829999999999996,0.9116,0.24880000000000002,-0.00029999999999996696,0.841,-0.015300000000000001,2,58,0,0.0,1,0.465,764.6799999999998,0.0,0.0,5,0.0,0.0,0.0,0.271,0,0.5,0.0,0.0,-0.05500000000000005,528.68,8.800000000000182,0.0,0,0.0,0.0,90,-1,2
England,Ghana,0.0,1.186535274577994,0.09999999999999999,0.0,-0.16588862469671284,-0.08699999999999997,915.8599999999999,0.0,0.0,1.1985638849811557,0.08,0.0,0.0,0.45,0.35,1.2078032718915361,0.453,0.293,1.0,7.671600393913744,0.0,0.357,0.0,0.5,0.0,0.107,3,0.333,1,0.0,2.51,0.3596,0.6928,0.5154,0.9872,0.31,0.0346,0.0,0.475,0.0,0.0,0.957,4,0.0,0.0,0.0,0.308,0,0.0,0.0,0.976,1821.2,0.0,0,0.0,0.5,-0.15000000000000002,0.30000000000000004,0.531,0,0,-0.506841937715196,0.16999999999999998,0.34,0.0,0.333,409,-26.41992319848378,0.0,0.07200000000000001,66,0.0,0.8161327462961734,0.0,-0.5777108016496686,4,0.0,0.12000000000000001,2,1.1039628894227673,0.3333333333333333,0,0.0,2.3850991595591498,0.18,0.0,0.0,0.3,0.65,0.7009613341763401,0.623,0.633,1.0,-18.748322804570034,0.0,0.429,0.0,0.5,0.0,0.227,1,0.333,3,0.0,246.0,0.7047,1.0,0.4644,0.9905,1.0,0.0346,0.0,0.65,0.0,0.0,0.87,7,0.0,0.0,0.0,0.646,0,0.0,0.0,0.78,1802.6,0.0,0,0.0,0.5,-243.49,0.0,0.3451,0.30720000000000003,-0.05099999999999999,0.0033000000000000806,0.69,0.0,4,15,0,0.0,2,0.17500000000000004,1159.35,0.0,0.0,3,0.0,0.0,0.0,0.338,0,0.5,0.0,0.0,-0.19599999999999995,755.44,-18.600000000000136,0.0,0,0.0,0.0,90,16,1
Panama,Croatia,0.0,-0.3316746146492324,0.01999999999999999,0.0,-0.21127991354585562,0.0,-182.04000000000002,0.0,0.0,1.9326038998149293,0.16,0.0,0.0,0.5,0.35,1.670982592685535,0.35,0.14,1.0,-8.382696876463614,0.0,0.429,0.0,0.5,0.0,0.04,2,0.333,3,0.0,28.669999999999998,0.5234,1.0,0.4299,0.9915,0.629,0.0231,0.0,0.2,0.0,0.0,0.87,6,0.0,0.0,0.0,0.4,0,0.0,0.0,0.879,1882.4,0.0,0,0.0,0.5,0.050000000000000044,0.0,0.519,0,0,-0.04396493197154072,0.017000000000000015,0.046999999999999986,0.0,0.333,-198,15.536352541597747,0.0,0.0,-39,0.0,0.4466443486012971,0.0,-0.4124720043438903,-4,0.0,0.012999999999999998,-2,0.3001226518038975,0.5,0,0.0,1.6009292851656969,0.18,0.0,0.0,0.55,0.35,1.6270176607139943,0.367,0.187,1.0,7.153655665134134,0.0,0.429,0.0,0.5,0.0,0.053,4,0.333,3,0.0,47.03,0.4166,0.0741,0.4333,0.9783,0.0513,0.0577,0.0,0.41,0.0,0.0,0.87,0,0.0,0.0,0.0,0.458,0,0.0,0.0,0.833,1711.4,0.0,0,0.0,0.5,-18.360000000000003,0.0,-0.10679999999999995,-0.9259,0.003400000000000014,-0.0132000000000001,-0.5777,0.034600000000000006,0,-81,0,0.0,0,0.20999999999999996,-163.68000000000004,0.0,0.0,-6,0.0,0.0,0.0,0.057999999999999996,0,0.5,0.0,0.0,-0.04600000000000004,-161.26999999999998,-171.0,0.0,0,0.0,0.0,90,4,0
Colombia,Congo DR,0.0,1.0457491753813561,0.14,0.0,-0.007517404828914165,0.131,148.42999999999998,0.0,0.0,1.1528569506857067,0.08,0.0,0.0,0.35,0.55,0.47047549776289993,0.727,0.787,1.0,24.172416893534077,0.0,0.429,0.0,0.5,0.0,0.293,3,0.333,4,0.0,0.0,0.439,0.484,0.5042,0.9812,0.2246,0.0846,0.0,0.62,0.0,0.0,0.826,4,0.0,0.0,0.0,0.542,0,0.0,0.0,0.913,1729.2,0.0,0,0.0,0.5,0.25,-0.25000000000000006,0.49,0,0,0.7336804475726979,-0.22399999999999998,-0.35400000000000004,0.0,0.333,212,-17.865267497148132,0.0,0.0,28,0.0,0.38083752798190207,0.0,0.9973599957630888,2,0.0,-0.146,2,1.5070487718308323,0.5,0,0.0,2.198606126067063,0.22,0.0,0.0,0.6,0.3,1.2041559453355979,0.503,0.433,1.0,6.307149396385946,0.0,0.429,0.0,0.5,0.0,0.147,1,0.333,1,0.0,2.03,0.6034,0.807,0.4448,0.9826,0.4149,0.0462,0.0,0.68,0.0,0.0,0.957,7,0.0,0.0,0.0,0.6,0,0.0,0.0,0.976,1843.0,0.0,0,0.0,0.5,-2.03,0.0,0.16440000000000005,0.32300000000000006,-0.05940000000000001,0.0014000000000000679,0.1903,-0.0384,0,-34,0,0.0,0,0.06000000000000005,150.45999999999995,0.0,0.0,3,0.0,0.0,0.0,0.05799999999999994,0,0.5,0.0,0.0,0.06299999999999994,126.94999999999999,113.79999999999995,0.0,0,0.0,0.0,90,74,2
Switzerland,Canada,0.0,0.5259376353058391,0.01999999999999999,0.0,0.0,0.08700000000000008,201.96999999999997,0.0,0.0,1.868745616140752,0.22,0.0,0.0,0.3,0.55,0.47139838424765274,0.71,0.74,1.0,-1.7368698572497152,0.0,0.357,0.0,0.5,0.0,0.28,2,0.333,2,0.0,0.0,0.7,0.7052,0.3729,0.9781,0.2356,0.0808,0.0,0.775,0.0,0.0,0.826,4,0.0,0.0,0.0,0.65,0,0.0,0.0,0.913,1598.4,0.0,2,0.087,0.5,0.35000000000000003,-0.25000000000000006,0.485,0,0,0.5840379645067835,-0.20699999999999996,-0.307,0.0,0.333,79,-5.815849653099567,0.0,0.07200000000000001,15,0.0,-0.12885124808584125,0.0,0.7366896966904211,-1,0.0,-0.13300000000000003,1,-0.06022925608619101,0.0,0,0.0,2.394683251446591,0.24,0.0,0.0,0.65,0.3,1.0554363487544363,0.503,0.433,1.0,-7.552719510349283,0.0,0.429,0.0,0.5,0.0,0.147,1,0.333,2,0.0,0.0,0.6926,1.0,0.3736,0.9875,0.4914,0.0346,0.0,0.735,0.0,0.0,0.913,7,0.0,0.0,0.0,0.579,0,0.0,0.0,0.957,1727.0,0.0,0,0.0,0.5,0.0,0.0,-0.007399999999999962,0.29479999999999995,0.0006999999999999784,0.009400000000000075,0.2558,-0.0462,2,94,0,0.0,0,-0.040000000000000036,201.96999999999997,0.0,0.0,3,0.0,0.0,0.0,-0.07100000000000006,0,0.5,0.0,0.0,0.04399999999999993,170.23000000000002,128.5999999999999,0.0,0.0,-0.087,0.0,90,22,2
Scotland,Brazil,0.0,-0.8688254521072025,-0.18000000000000002,0.0,0.0313331244502536,0.131,-913.4899999999999,0.0,0.0,2.3539388236327117,0.28,0.0,0.0,0.5,0.4,0.8836126328919321,0.52,0.48,1.0,-11.002045386407852,0.0,0.286,0.0,0.5,0.0,0.16,1,0.333,4,0.0,100.0,0.6844,1.0,0.3217,0.9746,1.0,0.1231,0.0,0.795,0.0,0.0,0.826,7,0.0,0.0,0.0,0.683,0,0.0,0.0,0.813,1875.6,0.0,0,0.0,0.5,-0.04999999999999999,-0.050000000000000044,0.488,0,0,0.14560535103119265,0.03300000000000003,0.09299999999999997,0.0,0.333,-285,25.039226460406233,0.0,0.07100000000000001,-31,0.0,-0.8628644251384259,0.0,-0.2690932775908188,-9,0.0,0.026999999999999996,-2,-1.8457271848389754,0.0,0,0.0,1.4851133715255092,0.1,0.0,0.0,0.45,0.35,1.0292179839231248,0.553,0.573,1.0,14.037181073998383,0.0,0.357,0.0,0.5,0.0,0.187,3,0.333,1,0.0,8.51,0.4355,0.4808,0.4111,0.9792,0.2114,0.0577,0.0,0.45,0.0,0.0,0.957,3,0.0,0.0,0.0,0.463,0,0.0,0.0,0.942,1803.2,0.0,0,0.0,0.5,91.49,0.0,-0.2489,-0.5192,0.08940000000000003,0.0045999999999999375,-0.7886,-0.0654,0,-5,0,0.0,0,-0.34500000000000003,-1004.9799999999999,0.0,0.0,-4,0.0,0.0,0.0,-0.22000000000000003,0,0.5,0.0,0.0,0.129,-762.89,-72.39999999999986,0.0,0,0.0,0.0,90,-95,0
Morocco,Haiti,0.0,0.5396444912335849,0.16,0.0,-0.17161616542771985,0.261,75.1999999999999,0.0,0.0,1.5555992417627227,0.1,0.0,0.0,0.3,0.5,1.208345697942649,0.52,0.48,1.0,6.20696904021809,0.0,0.286,0.0,0.5,0.0,0.16,4,0.333,8,0.0,0.0,0.3729,0.163,0.5,0.9696,0.1005,0.0808,0.0,0.26,0.0,0.0,0.652,0,0.0,0.0,0.0,0.371,0,0.0,0.0,0.826,1722.8,0.0,0,0.0,0.5,-0.09999999999999998,0.30000000000000004,0.579,0,0,-0.9043267324253785,0.20699999999999996,0.30700000000000005,0.0,0.333,397,3.15635575626058,0.0,0.07100000000000001,67,0.0,1.796385744364503,0.0,-1.0176704487115582,9,0.0,0.13299999999999998,2,1.408765583282762,0.5,0,0.0,2.0952437329963076,0.26,0.0,0.0,0.2,0.8,0.3040189655172705,0.727,0.787,1.0,9.36332479647867,0.0,0.357,0.0,0.5,0.0,0.293,2,0.333,2,0.0,45.480000000000004,0.5907,1.0,0.3317,0.9937,0.697,0.0385,0.0,0.875,0.0,0.0,0.913,7,0.0,0.0,0.0,0.808,0,0.0,0.0,0.884,1694.4,0.0,0,0.0,0.5,-45.480000000000004,0.0,0.2178,0.837,-0.1683,0.02410000000000001,0.5964999999999999,-0.0423,0,103,0,0.0,0,0.615,120.67999999999992,0.0,0.0,7,0.0,0.0,0.0,0.43700000000000006,0,0.5,0.0,0.0,0.05800000000000005,57.5,-28.399999999999864,0.0,0,0.0,0.0,90,24,2
Czechia,Mexico,0.0,0.4158143713548015,0.01999999999999999,0.0,-0.020025982454387248,0.08699999999999997,-63.37999999999997,0.0,0.0,1.3351942085518482,0.14,0.0,0.0,0.3,0.65,0.38788375541871395,0.813,0.893,1.0,9.152650973680537,0.0,0.429,0.0,0.5,0.0,0.347,1,0.333,3,0.0,4.65,0.4964,0.8192,0.3552,0.9812,0.2426,0.0231,0.0,0.96,0.0,0.0,0.87,9,0.0,0.0,0.0,0.758,0,0.0,0.0,0.93,1766.0,0.0,0,0.0,0.5,0.3,-0.25,0.434,0,0,0.8106541449832885,-0.39599999999999996,-0.5660000000000001,0.0,0.333,-297,-9.184544129065186,0.0,0.0,-54,0.0,-1.5926328369865883,0.0,1.3921615513954206,-10,0.0,-0.254,-3,0.08629244071120867,0.5,0,0.0,1.7510085799066497,0.16,0.0,0.0,0.6,0.4,1.1985379004020025,0.417,0.327,1.0,-0.03189315538464954,0.0,0.429,0.0,0.5,0.0,0.093,4,0.333,1,0.0,6.25,0.4928,0.7284,0.4347,0.9957,0.2866,0.0115,0.0,0.475,0.0,0.0,0.957,1,0.0,0.0,0.0,0.45,0,0.0,0.0,0.945,1742.8,0.0,0,0.0,0.5,-1.5999999999999996,0.0,-0.003599999999999992,-0.09079999999999999,0.07949999999999996,0.014500000000000068,0.04400000000000001,-0.0116,0,37,0,0.0,0,-0.485,-61.77999999999997,0.0,0.0,-8,0.0,0.0,0.0,-0.308,0,0.5,0.0,0.0,0.014999999999999902,-54.55000000000001,-23.200000000000045,0.0,0,0.0,0.0,90,-47,0
South Africa,South Korea,0.0,-0.40189879297849007,-0.1,0.0,-0.1342459401671905,-0.04300000000000004,-12.959999999999994,0.0,0.0,1.4667001458896582,0.16,0.0,0.0,0.35,0.45,0.9634669335494748,0.64,0.68,1.0,8.444512176504219,0.0,0.429,0.0,0.5,0.0,0.24,3,0.333,2,0.0,9.87,0.4535,0.1998,0.5346,0.9544,0.0709,0.0731,0.0,0.57,0.0,0.0,0.913,3,0.0,0.0,0.0,0.613,0,0.0,0.0,0.919,1699.0,0.0,0,0.0,0.5,0.050000000000000044,0.0,0.467,0,0,0.15256515442720509,-0.12,-0.20000000000000007,0.0,0.333,-128,-21.2826112980626,0.0,0.0,-28,0.0,-1.1453166282307645,0.0,0.5495408211998478,0,0.0,-0.07999999999999999,1,-0.8756901422278376,0.5,0,0.0,1.0648013529111682,0.06,0.0,0.0,0.4,0.45,1.1160320879766799,0.52,0.48,1.0,-12.838099121558383,0.0,0.429,0.0,0.5,0.0,0.16,2,0.333,3,0.0,31.799999999999997,0.4535,0.1998,0.5346,0.9544,0.0709,0.0731,0.0,0.315,0.0,0.0,0.87,4,0.0,0.0,0.0,0.312,0,0.0,0.0,0.848,1707.4,0.0,0,0.0,0.5,-21.93,0.0,0.0,0.0,0.0,0.0,0.0,0.0,0,-10,0,0.0,0,-0.25499999999999995,8.969999999999999,0.0,0.0,1,0.0,0.0,0.0,-0.301,0,0.5,0.0,0.0,-0.07100000000000006,-11.680000000000007,8.400000000000091,0.0,0,0.0,0.0,90,-55,2
Ecuador,Germany,0.0,-2.499355679188345,-0.21999999999999997,0.0,-0.04949196548270485,-0.04300000000000004,-150.64999999999964,0.0,0.0,3.275435616358044,0.3,0.0,0.0,0.55,0.35,0.9385506076385856,0.52,0.48,1.0,37.087141840426966,0.0,0.357,0.0,0.5,0.0,0.16,1,0.333,2,0.0,80.0,0.7408,1.0,0.3347,0.9877,1.0,0.0462,0.0,1.0,0.0,0.0,0.913,6,0.0,0.0,0.0,0.875,0,0.0,0.0,0.849,1694.6,0.0,0,0.0,0.5,-0.25000000000000006,0.30000000000000004,0.462,0,0,-0.41646119028209516,0.03300000000000003,0.09299999999999997,0.0,0.333,-47,-17.842424730268526,0.0,-0.07100000000000001,-5,0.0,-1.8503353331582717,0.0,-0.3522427482576991,-6,0.0,0.026999999999999996,-2,-3.145383386236381,0.0,0,0.0,0.7760799371696987,0.08,0.0,0.0,0.3,0.65,0.5220894173564904,0.553,0.573,1.0,19.24471711015844,0.0,0.286,0.0,0.5,0.0,0.187,3,0.333,3,0.0,96.17999999999999,0.6952,0.5572,0.4946,0.9613,0.6396,0.1077,0.0,0.475,0.0,0.0,0.87,4,0.0,0.0,0.0,0.45,0,0.0,0.0,0.811,1823.8,0.0,0,0.0,0.5,-16.179999999999993,0.0,-0.045599999999999974,-0.44279999999999997,0.1599,-0.02639999999999998,-0.36040000000000005,0.061500000000000006,-2,-62,0,0.0,1,-0.525,-134.4699999999997,0.0,0.0,-2,0.0,0.0,0.0,-0.425,0,0.5,0.0,0.0,-0.03799999999999992,-139.98999999999995,129.20000000000005,0.0,0,0.0,0.0,90,44,2
Japan,Sweden,0.0,-0.04832599513506075,-0.08000000000000002,0.0,0.0,0.0,23.169999999999845,0.0,0.0,2.0661997370288514,0.26,0.0,0.0,0.6,0.2,2.1972353608790365,0.35,0.14,1.0,-17.921338729269426,0.0,0.357,0.0,0.5,0.0,0.04,3,0.333,2,0.0,0.0,0.5369,0.9304,0.5667,0.9844,0.7194,0.0577,0.0,0.45,0.0,0.0,0.913,4,0.0,0.0,0.0,0.562,0,0.0,0.0,0.957,1793.0,0.0,0,0.0,0.5,-0.44999999999999996,0.55,0.573,0,0,-1.7132428817443026,0.44700000000000006,0.707,0.0,0.333,178,18.110230876771798,0.0,-0.07100000000000001,26,0.0,0.9673970383742265,0.0,-2.2193165602646694,4,0.0,0.29300000000000004,1,-0.41651670164638643,0.3333333333333333,0,0.0,2.0178737418937907,0.18,0.0,0.0,0.15,0.75,0.4839924791347339,0.797,0.847,1.0,0.18889214750237127,0.0,0.286,0.0,0.5,0.0,0.333,2,0.333,2,0.0,0.0,0.4989,0.8942,0.3604,0.9875,0.4305,0.0462,0.0,0.875,0.0,0.0,0.913,5,0.0,0.0,0.0,0.771,0,0.0,0.0,0.957,1787.4,0.0,0,0.0,0.5,0.0,0.0,-0.038000000000000034,-0.03620000000000001,-0.20629999999999998,0.0030999999999999917,-0.28890000000000005,-0.011500000000000003,0,-18,0,0.0,0,0.425,23.169999999999845,0.0,0.0,1,0.0,0.0,0.0,0.20899999999999996,0,0.5,0.0,0.0,0.0,24.539999999999992,-5.599999999999909,0.0,0,0.0,0.0,90,29,1
Tunisia,Netherlands,0.0,-1.5243592119851452,-0.16,0.0,-0.21245335820895528,-0.08699999999999997,-504.90000000000026,0.0,0.0,2.572364015357696,0.2,0.0,0.0,0.6,0.3,1.001939663475861,0.45,0.42,1.0,-7.059058611631046,0.0,0.357,0.0,0.5,0.0,0.12,1,0.333,1,0.0,0.0,0.5837,1.0,0.4972,0.9877,1.0,0.0462,0.0,0.615,0.0,0.0,0.957,7,0.0,0.0,0.0,0.567,0,0.0,0.0,0.978,1859.6,0.0,0,0.0,0.5,-0.19999999999999996,0.15000000000000002,0.454,0,0,0.8089328786840859,0.07300000000000001,-0.067,0.0,0.333,-332,16.371966351118733,0.0,-0.07100000000000001,-66,0.0,-1.0950734604981243,0.0,1.2784075057898427,-16,0.0,0.026999999999999996,-3,-1.9548314309931474,0.3333333333333333,0,0.0,1.0480048033725506,0.04,0.0,0.0,0.4,0.45,1.810872542159947,0.523,0.353,1.0,9.312907739487686,0.0,0.286,0.0,0.5,0.0,0.147,4,0.333,3,0.0,36.44,0.3577,0.16,0.5229,0.9958,0.1064,0.0115,0.0,0.14,0.0,0.0,0.87,0,0.0,0.0,0.0,0.283,0,0.0,0.0,0.844,1793.0,0.0,0,0.0,0.5,-36.44,0.0,-0.22599999999999998,-0.84,0.025700000000000056,0.008099999999999996,-0.8936,-0.034699999999999995,-3,-13,0,0.0,0,-0.475,-468.46000000000026,0.0,0.0,-7,0.0,0.0,0.0,-0.284,0,0.5,0.0,0.0,-0.134,-426.82000000000005,-66.59999999999991,0.0,0,0.0,0.0,90,-18,0
Paraguay,Australia,0.0,0.01283970788606248,0.07999999999999999,0.0,-0.09907781281716099,0.04399999999999993,-162.28999999999996,0.0,0.0,1.0178260840228295,0.04,0.0,0.0,0.3,0.45,1.0935438378006208,0.503,0.433,1.0,0.8694896665200154,0.0,0.429,0.0,0.5,0.0,0.147,2,0.333,2,0.0,17.33,0.4798,0.2338,0.3629,0.9783,0.143,0.0577,0.0,0.25,0.0,0.0,0.913,4,0.0,0.0,0.0,0.287,0,0.0,0.0,0.912,1878.2,0.0,0,0.0,0.5,0.15000000000000002,0.0,0.526,0,0,0.15285285942393578,0.06999999999999995,0.06,0.0,0.333,11,-2.044044690524647,0.0,-0.07200000000000001,4,0.0,1.0146358878049564,0.0,0.08568733856229893,-2,0.0,0.04000000000000001,-1,0.6592866849038547,0.2,0,0.0,1.030665791908892,0.12,0.0,0.0,0.45,0.45,1.2463966972245566,0.573,0.493,1.0,-1.1745550240046319,0.0,0.357,0.0,0.5,0.0,0.187,3,0.333,1,0.0,29.43,0.3356,0.5458,0.5158,0.9569,0.2305,0.1615,0.0,0.55,0.0,0.0,0.957,4,0.0,0.0,0.0,0.537,0,0.0,0.0,0.922,1893.6,0.0,0,0.0,0.5,-12.100000000000001,0.0,-0.1442,0.31199999999999994,0.15290000000000004,-0.021399999999999975,0.08750000000000002,0.1038,0,-19,0,0.0,0,0.30000000000000004,-150.18999999999994,0.0,0.0,0,0.0,0.0,0.0,0.25000000000000006,0,0.5,0.0,0.0,0.010000000000000009,-141.94999999999996,15.399999999999864,0.0,0,0.0,0.0,90,17,1
Senegal,Iraq,0.0,1.0262498150309938,0.08000000000000002,0.0,0.04184676042289748,0.0,121.7200000000001,0.0,0.0,0.969860959409796,0.12,0.0,0.0,0.4,0.5,1.4490532464141301,0.47,0.34,1.0,26.00459748839059,0.0,0.214,0.0,0.5,0.0,0.12,4,0.333,3,0.0,14.83,0.3313,0.085,0.4944,0.9667,0.0274,0.0615,0.0,0.4,0.0,0.0,0.87,0,0.0,0.0,0.0,0.512,0,0.0,0.0,0.865,1708.2,0.0,0,0.0,0.5,0.04999999999999999,-0.04999999999999999,0.482,0,0,0.15972642515630486,-0.01699999999999996,-0.04700000000000004,0.0,0.333,196,-28.006693172228427,0.0,0.0,39,0.0,-0.5766704226490827,0.0,0.21303689297224837,13,0.0,-0.012999999999999998,1,0.9231301966255419,0.5,0,0.0,1.9961107744407898,0.2,0.0,0.0,0.45,0.45,1.608779671570435,0.453,0.293,1.0,-2.0020956838378368,0.0,0.214,0.0,0.5,0.0,0.107,3,0.333,3,0.0,18.509999999999998,0.6473,1.0,0.4454,0.9908,0.7102,0.0346,0.0,0.2,0.0,0.0,0.87,3,0.0,0.0,0.0,0.45,0,0.0,0.0,0.889,1830.0,0.0,0,0.0,0.5,-3.679999999999998,0.0,0.316,0.915,-0.04899999999999999,0.02410000000000001,0.6828000000000001,-0.0269,0,41,0,0.0,0,-0.2,125.40000000000009,0.0,0.0,3,0.0,0.0,0.0,-0.062,0,0.5,0.0,0.0,0.02400000000000002,106.66,121.79999999999995,0.0,0,0.0,0.0,90,-25,2
Norway,France,0.0,0.38364186713965687,-0.060000000000000026,0.0,0.12484985323483311,0.04400000000000004,-658.2500000000002,0.0,0.0,2.667651115981598,0.28,0.0,0.0,0.55,0.4,0.8226482303194638,0.553,0.573,1.0,12.895874449081346,0.0,0.214,0.0,0.5,0.0,0.187,1,0.333,3,0.0,229.78,0.7,1.0,0.512,0.9967,1.0,0.0115,0.0,1.0,0.0,0.0,0.826,9,0.0,0.0,0.0,0.875,0,0.0,0.0,0.758,1783.0,0.0,1,0.043,0.5,0.04999999999999993,0.0,0.486,0,0,0.20506465407310426,-0.03300000000000003,-0.09299999999999997,0.0,0.333,-192,-4.405430624683211,0.0,0.0,-9,0.0,-0.7013122838663786,0.0,0.5449994308861683,-7,0.0,-0.026999999999999996,-1,-0.33767875418954496,0.5,0,0.0,3.0512929831212547,0.22,0.0,0.0,0.6,0.4,1.027712884392568,0.52,0.48,1.0,8.490443824398135,0.0,0.214,0.0,0.5,0.0,0.16,2,0.333,3,0.0,21.86,0.5445,1.0,0.3698,0.9935,1.0,0.0231,0.0,0.86,0.0,0.0,0.87,6,0.0,0.0,0.0,0.646,0,0.0,0.0,0.886,1833.0,0.0,0,0.0,0.5,207.92000000000002,0.0,-0.15549999999999997,0.0,-0.1422,-0.0031999999999999806,0.0,0.0116,-3,-51,0,0.0,-1,-0.14,-866.1700000000001,0.0,0.0,-3,0.0,0.0,0.0,-0.22899999999999998,0,0.5,0.0,0.0,0.128,-443.39,50.0,0.0,0.0,-0.043,0.0,90,-29,0
Uruguay,Spain,0.0,-1.5131543186498977,-0.07999999999999999,0.0,0.0,0.0,-660.01,0.0,0.0,2.520649113152078,0.18,0.0,0.0,0.4,0.6,0.5145387335553605,0.797,0.847,1.0,-16.007707396746774,0.0,0.357,0.0,0.5,0.0,0.333,1,0.333,2,0.0,0.0,0.7433,1.0,0.7002,0.9915,1.0,0.0231,0.0,0.735,0.0,0.0,0.913,7,0.0,0.0,0.0,0.637,0,0.0,0.0,0.957,1744.4,0.0,0,0.0,0.5,-0.050000000000000044,-0.09999999999999998,0.449,0,0,0.5975943413225119,-0.32700000000000007,-0.5069999999999999,0.0,0.333,-343,18.450931862416265,0.0,0.0,-29,0.0,-1.0171372402994496,0.0,1.3522427482576993,-6,0.0,-0.21300000000000002,-2,-0.7823549587084564,0.0,0,0.0,1.0074947945021804,0.1,0.0,0.0,0.35,0.5,1.1121330748778724,0.47,0.34,1.0,2.4432244656694913,0.0,0.357,0.0,0.5,0.0,0.12,3,0.333,2,0.0,0.0,0.7259,0.8405,0.3833,0.9778,0.4614,0.0577,0.0,0.46,0.0,0.0,0.913,2,0.0,0.0,0.0,0.333,0,0.0,0.0,0.957,1806.0,0.0,0,0.0,0.5,0.0,0.0,-0.01739999999999997,-0.15949999999999998,-0.31690000000000007,-0.013700000000000045,-0.5386,0.034600000000000006,-4,-60,0,0.0,0,-0.27499999999999997,-660.01,0.0,0.0,-5,0.0,0.0,0.0,-0.304,0,0.5,0.0,0.0,0.0,-563.8299999999999,61.59999999999991,0.0,0,0.0,0.0,90,64,0
New Zealand,Belgium,0.0,-0.42422272935393424,-0.09999999999999999,0.0,-0.0722104739395446,-0.04300000000000004,-390.83000000000004,0.0,0.0,2.2613624232190315,0.18,0.0,0.0,0.5,0.35,0.7935817758683257,0.623,0.633,1.0,11.282885554225246,0.0,0.357,0.0,0.5,0.0,0.227,1,0.7312806158152555,2,0.0,0.0,0.5694,1.0,0.3031,0.9754,0.6806,0.0462,0.0,0.64,0.0,0.0,0.913,5,0.0,0.0,0.0,0.613,0,0.0,0.0,0.957,1890.4,0.0,0,0.0,0.5,0.0,-0.09999999999999998,0.427,0,0,1.018400915102647,-0.29,-0.54,0.0,0.1701889433170049,-231,-15.338207614919519,0.0,0.0,-51,0.0,-1.4073671630134112,0.0,2.021346627167995,-10,0.0,-0.2,-3,-0.5356852026871447,0.5,0,0.0,1.8371396938650972,0.08,0.0,0.0,0.5,0.25,1.8119826909709726,0.333,0.093,1.0,-4.055322060694273,0.0,0.357,0.0,0.5,0.0,0.027,4,0.09853044086773968,3,0.0,11.61,0.5168,0.0598,0.5167,0.9833,0.0495,0.0462,0.0,0.125,0.0,0.0,0.87,1,0.0,0.0,0.0,0.171,0,0.0,0.0,0.896,1840.8,0.0,0,0.0,0.5,-11.61,0.0,-0.05259999999999998,-0.9402,0.21360000000000007,0.007899999999999907,-0.6311,0.0,-1,-155,0,0.0,0,-0.515,-379.22,0.0,0.0,-4,0.0,0.0,0.0,-0.44199999999999995,0,0.5,0.0,0.0,-0.06099999999999994,-343.42999999999995,-49.600000000000136,0.0,0,0.0,0.0,90,-52,0
Panama,England,0.0,-0.6749412657626803,0.01999999999999999,0.0,-0.12422592989598114,0.0,-1037.3,0.02727272727272645,0.0,2.045575568606376,0.14,0.0,6.618181818181818,0.25,0.7,0.5887264063093551,0.623,0.633,1.0,-12.229573604889017,0.0,0.286,0.0,0.5,0.0,0.227,1,0.8356053349053129,3,0.0,246.0,0.7047,1.0,0.4644,0.9905,1.0,0.0346,0.18,0.565,0.0,0.0,0.87,7,72.0,0.0,0.0,0.554,0,0.0,0.0,0.78,1781.6,0.0,0,0.0,0.5,0.30000000000000004,-0.39999999999999997,0.445,0,0,0.9582509982174456,-0.256,-0.446,0.0,0.11863532532606293,-370,17.730172650163144,0.0,-0.07199999999999998,-50,0.0,-0.5718194182307021,0.0,1.1599525160357214,-8,0.0,-0.17400000000000002,-3,-0.012855959694102914,0.0,0,0.0,1.3706343028436958,0.16,0.0,6.645454545454545,0.55,0.3,1.5469774045268008,0.367,0.187,1.0,5.500599045274128,0.0,0.214,0.0,0.5,0.0,0.053,4,0.04575933976862427,3,0.0,47.03,0.4166,0.0741,0.4333,0.9783,0.0513,0.0577,0.07,0.28,0.0,0.0,0.87,0,28.0,0.0,0.0,0.412,0,0.0,0.0,0.833,1753.8,0.0,0,0.0,0.5,198.97,0.0,-0.28809999999999997,-0.9259,-0.03109999999999996,-0.0122000000000001,-0.9487,0.023100000000000002,-4,-82,0,-0.10999999999999999,-2,-0.2849999999999999,-1236.27,0.0,0.0,-7,-44.0,0.0,0.0,-0.14200000000000007,0,0.5,0.0,0.0,0.052999999999999936,-856.95,-27.799999999999955,0.0,0,0.0,0.0,90,3,0
Croatia,Ghana,0.0,0.7856827245393105,0.06,0.0,-0.07883464104683835,-0.08699999999999997,60.60000000000002,0.08181818181818112,0.0,1.0170168908765151,0.06,0.0,6.5181818181818185,0.4,0.4,1.0322676074784427,0.607,0.587,1.0,24.291948653034066,0.0,0.286,0.0,0.5,0.0,0.213,3,0.1871120986897556,1,0.0,2.51,0.3596,0.6928,0.5154,0.9872,0.31,0.0346,0.13,0.525,0.0,0.0,0.957,4,52.0,0.0,0.0,0.392,0,0.0,0.0,0.976,1864.6,0.0,0,0.0,0.5,0.04999999999999999,0.0,0.469,0,0,0.3913638333316498,-0.15399999999999997,-0.294,0.0,0.2920082752279519,237,-28.945687136981753,0.0,-0.07199999999999998,55,0.0,0.06351087787293763,0.0,1.1598806222989202,0,0.0,-0.106,1,0.6155530515672782,0.5,0,0.0,1.8026996154158257,0.12,0.0,6.6,0.45,0.4,1.4236314408100925,0.453,0.293,1.0,-4.653738483947687,0.0,0.214,0.0,0.5,0.0,0.107,2,0.5208796260822925,3,0.0,28.669999999999998,0.5234,1.0,0.4299,0.9915,0.629,0.0231,0.12,0.43,0.0,0.0,0.87,6,48.0,0.0,0.0,0.4,0,0.0,0.0,0.879,1930.8,0.0,0,0.0,0.5,-26.159999999999997,0.0,0.1638,0.30720000000000003,-0.08549999999999996,0.0043000000000000815,0.319,-0.0115,0,14,0,-0.010000000000000009,0,-0.09500000000000003,86.76000000000005,0.0,0.0,2,-4.0,0.0,0.0,0.008000000000000007,0,0.5,0.0,0.0,-0.09699999999999998,59.75999999999999,66.20000000000005,0.0,0,0.0,0.0,90,15,2
Colombia,Portugal,0.0,-0.6707665491592465,-0.12,0.0,0.10054566830908629,0.04399999999999993,-529.5599999999998,0.0,0.0,2.7024164024571053,0.3,0.0,0.0,0.6,0.3,0.7786804377339238,0.727,0.787,1.0,-7.962748613606214,0.0,0.286,0.0,0.5,0.0,0.293,2,0.4686745911162749,2,0.0,96.63,0.5771,1.0,0.6682,0.983,1.0,0.0462,0.0,0.815,0.0,0.0,0.913,5,0.0,0.0,0.0,0.742,0,0.0,0.0,0.833,1735.0,0.0,0,0.0,0.5,-0.04999999999999993,0.04999999999999999,0.478,0,0,0.25044788668519535,-0.22399999999999998,-0.35400000000000004,0.0,0.2528376083653588,29,16.00858458815396,0.0,-0.07199999999999998,2,0.0,-0.07436845087996469,0.0,0.7932125317154837,-2,0.0,-0.146,1,-1.3586975826934655,0.5,0,0.0,2.031649853297859,0.18,0.0,0.0,0.55,0.35,1.0291283244191192,0.503,0.433,1.0,8.045835974547742,0.0,0.214,0.0,0.5,0.0,0.147,1,0.27848780051836625,1,0.0,2.03,0.6034,0.807,0.4448,0.9826,0.4149,0.0462,0.0,0.8,0.0,0.0,0.957,7,0.0,0.0,0.0,0.575,0,0.0,0.0,0.976,1833.2,0.0,0,0.0,0.5,94.6,0.0,0.0263000000000001,-0.19299999999999995,-0.22340000000000004,-0.00039999999999995595,-0.5851,0.0,-2,-80,0,0.0,-1,-0.014999999999999902,-624.1599999999999,0.0,0.0,2,0.0,0.0,0.0,-0.16700000000000004,0,0.5,0.0,0.0,0.14300000000000002,-400.06999999999994,98.20000000000005,0.0,0,0.0,0.0,90,34,1
Congo DR,Uzbekistan,0.0,-0.05699598444767395,0.0,0.0,0.10592958616429893,-0.08700000000000008,3.7800000000000296,0.0,0.0,1.0492691575799313,0.08,0.0,0.0,0.35,0.55,1.8782514407252175,0.317,0.047,1.0,-0.9836918253425484,0.0,0.286,0.0,0.5,0.0,0.013,4,0.1897593607268085,2,0.0,13.719999999999999,0.3388,0.0884,0.4194,0.9833,0.159,0.0615,0.0,0.06,0.0,0.0,0.913,0,0.0,0.0,0.0,0.158,0,0.0,0.0,0.888,1830.6,0.0,0,0.0,0.5,0.0,0.0,0.566,0,0,-1.3340174035131978,0.41,0.74,0.0,0.25382759849797326,95,12.448006799934937,0.0,-0.07199999999999998,20,0.0,1.1283180396737331,0.0,-2.573527452604754,10,0.0,0.27999999999999997,1,-0.028528021718585594,0.5,0,0.0,0.9922731731322574,0.08,0.0,0.0,0.35,0.55,0.5442340372120197,0.727,0.787,1.0,11.464314974592389,0.0,0.214,0.0,0.5,0.0,0.293,3,0.5564130407752181,4,0.0,0.0,0.439,0.484,0.5042,0.9812,0.2246,0.0846,0.0,0.425,0.0,0.0,0.826,4,0.0,0.0,0.0,0.542,0,0.0,0.0,0.913,1760.8,0.0,0,0.0,0.5,13.719999999999999,0.0,0.10020000000000001,0.39559999999999995,0.08479999999999999,-0.0020999999999999908,0.06559999999999999,0.023099999999999996,0,12,0,0.0,0,0.365,-9.93999999999997,0.0,0.0,4,0.0,0.0,0.0,0.384,0,0.5,0.0,0.0,0.025000000000000022,1.6599999999999966,-69.79999999999995,0.0,0,0.0,0.0,90,-41,2
Jordan,Argentina,0.0,-1.2082491822238002,-0.14,0.0,0.08841090671291696,0.04300000000000004,-518.4299999999998,0.0,0.0,2.571883513774077,0.28,0.0,0.0,0.3,0.65,0.2830146442594843,0.813,0.893,1.0,-7.234346698609938,0.0,0.357,0.0,0.5,0.0,0.347,1,0.8557330664918396,3,0.0,62.19,0.5536,1.0,0.3083,0.9917,1.0,0.0231,0.0,1.0,0.0,0.0,0.87,9,0.0,0.0,0.0,0.875,0,0.0,0.0,0.818,1644.6,0.0,0,0.0,0.5,0.3,-0.4,0.385,0,0,1.9331976281821384,-0.4799999999999999,-0.8,0.0,0.10397616829416972,-476,-30.661800145614258,0.0,-0.07100000000000001,-69,0.0,-2.7137694821097313,0.0,2.4618499602192885,-12,0.0,-0.31999999999999995,-3,-1.525222186349807,0.5,0,0.0,1.363634331550277,0.14,0.0,0.0,0.6,0.25,2.2162122724416227,0.333,0.093,1.0,-37.8961468442242,0.0,0.286,0.0,0.5,0.0,0.027,4,0.040290765213990776,2,0.0,0.0,0.3449,0.1075,0.4597,0.9833,0.0322,0.0462,0.0,0.1,0.0,0.0,0.913,0,0.0,0.0,0.0,0.242,0,0.0,0.0,0.957,1821.0,0.0,0,0.0,0.5,62.19,0.0,-0.2087,-0.8925,0.15139999999999998,-0.008400000000000074,-0.9678,0.0231,0,-34,0,0.0,0,-0.9,-580.6199999999999,0.0,0.0,-9,0.0,0.0,0.0,-0.633,0,0.5,0.0,0.0,0.139,-471.34000000000003,176.4000000000001,0.0,0,0.0,0.0,90,-92,0
Algeria,Austria,0.0,-0.27897249050679274,0.0,0.0,-0.005153382826072805,0.0,62.25999999999999,0.0,0.0,2.0476983988906534,0.2,0.0,0.0,0.45,0.4,0.7860960723835962,0.623,0.633,1.0,2.2526966732192815,0.0,0.357,0.0,0.5,0.0,0.227,2,0.267175572519084,2,0.0,36.0,0.4562,0.728,0.4028,0.9833,0.32,0.0462,0.0,0.65,0.0,0.0,0.913,4,0.0,0.0,0.0,0.725,0,0.0,0.0,0.893,1765.4,0.0,0,0.0,0.5,-0.10000000000000003,0.15000000000000002,0.505,0,0,0.058302164328756234,0.06999999999999995,0.05999999999999994,0.0,0.45801526717557256,-7,24.245556761981256,0.0,-0.07100000000000001,-3,0.0,-0.15881420547470348,0.0,0.05394958879376832,-2,0.0,0.04000000000000001,-1,-0.030496165800970143,0.5,0,0.0,1.7687259083838607,0.2,0.0,0.0,0.35,0.55,0.8443982367123525,0.693,0.693,1.0,26.498253435200535,0.0,0.286,0.0,0.5,0.0,0.267,3,0.2748091603053435,2,0.0,43.64,0.5319,0.7322,0.3736,0.9957,0.4217,0.0115,0.0,0.69,0.0,0.0,0.913,4,0.0,0.0,0.0,0.658,0,0.0,0.0,0.886,1832.0,0.0,0,0.0,0.5,-7.640000000000001,0.0,0.07570000000000005,0.0041999999999999815,-0.029200000000000004,0.012400000000000078,0.10170000000000001,-0.034699999999999995,-1,30,0,0.0,0,0.039999999999999925,69.89999999999998,0.0,0.0,0,0.0,0.0,0.0,-0.06699999999999995,0,0.5,0.0,0.0,-0.007000000000000006,69.61000000000001,66.59999999999991,0.0,0,0.0,0.0,90,7,1
South Africa,Canada,0.0,-0.7065578451446404,-0.14,0.0,-0.2000503271263211,0.04400000000000004,79.14999999999998,0.0,0.0,1.7550345838875323,0.2,0.0,0.0,0.35,0.55,0.6843203965457235,0.71,0.74,1.0,-15.900046326883999,0.0,0.286,0.0,0.5,0.0,0.28,2,0.5641955563358837,2,0.0,0.0,0.7,0.7052,0.3729,0.9781,0.2356,0.0808,0.0,0.51,0.0,0.0,0.826,4,0.0,0.0,0.0,0.604,0,0.0,0.0,0.913,1672.4,0.0,2,0.087,0.5,0.050000000000000044,-0.10000000000000003,0.493,0,0,0.2762573235221166,-0.10299999999999998,-0.15300000000000002,0.0,0.2650479124544948,-163,10.510556003772347,0.0,-0.07199999999999998,-33,0.0,-0.24510664618591238,0.0,0.11118079937428305,-6,0.0,-0.06700000000000003,0,-1.5520421736943408,1.0,0,0.0,1.048476738742892,0.06,0.0,0.0,0.4,0.45,0.9605777200678401,0.607,0.587,1.0,-5.389490323111651,0.0,0.214,0.0,0.5,0.0,0.213,2,0.17075653120962145,3,0.0,31.799999999999997,0.4535,0.1998,0.5346,0.9544,0.0709,0.0731,0.0,0.535,0.0,0.0,0.87,4,0.0,0.0,0.0,0.392,0,0.0,0.0,0.848,1730.2,0.0,0,0.0,0.5,-31.799999999999997,0.0,-0.24649999999999994,-0.5054000000000001,0.16169999999999995,-0.023699999999999943,-0.1647,-0.0076999999999999985,0,73,0,0.0,0,0.025000000000000022,110.94999999999996,0.0,0.0,0,0.0,0.0,0.0,-0.21199999999999997,0,0.5,0.0,0.0,-0.06500000000000006,69.57,57.799999999999955,0.0,0.0,-0.087,0.0,90,-9,0
Brazil,Japan,0.0,0.5824345487822844,0.12,0.0,-0.08620095165850628,-0.08700000000000008,800.09,0.0,0.0,1.876092048641606,0.18,0.0,0.0,0.2,0.7,0.5631665134868316,0.71,0.74,1.0,1.0739353453360128,0.0,0.214,0.0,0.5,0.0,0.28,2,0.17655786350148367,2,0.0,0.0,0.4989,0.8942,0.3604,0.9875,0.4305,0.0462,0.0,0.725,0.0,0.0,0.913,5,0.0,0.0,0.0,0.692,0,0.0,0.0,0.957,1784.6,0.0,0,0.0,0.5,0.3,-0.29999999999999993,0.504,0,0,0.19736592771320083,-0.08699999999999997,-0.10699999999999998,0.0,0.25222551928783377,121,-11.564427671236016,0.0,0.07199999999999998,7,0.0,0.573527452604754,0.0,-0.035377412824042165,2,0.0,-0.05300000000000002,1,1.1911205419912188,1.0,0,0.0,2.4585265974238903,0.3,0.0,0.0,0.5,0.4,0.7605324412000324,0.623,0.633,1.0,-10.490492325900004,0.0,0.286,0.0,0.5,0.0,0.227,1,0.5712166172106825,4,0.0,100.0,0.6844,1.0,0.3217,0.9746,1.0,0.1231,0.0,0.9,0.0,0.0,0.826,7,0.0,0.0,0.0,0.808,0,0.0,0.0,0.813,1798.0,0.0,0,0.0,0.5,-100.0,0.0,0.1855,0.1058,-0.03870000000000001,-0.012900000000000023,0.5695,0.0769,0,-14,0,0.0,0,0.17500000000000004,900.09,0.0,0.0,2,0.0,0.0,0.0,0.1160000000000001,0,0.5,0.0,0.0,-0.14400000000000002,668.66,13.400000000000091,0.0,0,0.0,0.0,90,41,2
Germany,Paraguay,0.0,2.0713833167166054,0.21999999999999997,0.0,0.04235649324917845,-0.04399999999999993,502.64999999999986,0.0,0.0,0.8798039655335467,0.08,0.0,0.0,0.4,0.5,1.0581869739092529,0.66,0.6,1.0,3.314006737741507,0.0,0.214,0.0,0.5,0.0,0.24,3,0.333,1,0.0,29.43,0.3356,0.5458,0.5158,0.9569,0.2305,0.1615,0.0,0.505,0.0,0.0,0.957,4,0.0,0.0,0.0,0.458,0,0.0,0.0,0.922,1865.2,0.0,0,0.0,0.5,0.15000000000000002,-0.15000000000000002,0.506,0,0,0.028215067513746694,-0.123,-0.07299999999999995,0.0,0.333,70,19.786205131039136,0.0,0.07199999999999998,13,0.0,0.7620445057599867,0.0,0.045732020023652176,8,0.0,-0.067,2,2.275875910690658,0.6666666666666666,0,0.0,2.951187282250152,0.3,0.0,0.0,0.55,0.35,1.0864020414229996,0.537,0.527,1.0,23.100211868780644,0.0,0.286,0.0,0.5,0.0,0.173,1,0.333,2,0.0,80.0,0.7408,1.0,0.3347,0.9877,1.0,0.0462,0.0,0.65,0.0,0.0,0.913,6,0.0,0.0,0.0,0.775,0,0.0,0.0,0.849,1684.0,0.0,0,0.0,0.5,-50.57,0.0,0.4052,0.45420000000000005,-0.18110000000000004,0.03080000000000005,0.7695,-0.11530000000000001,2,63,0,0.0,0,0.14500000000000002,553.2199999999998,0.0,0.0,2,0.0,0.0,0.0,0.317,0,0.5,0.0,0.0,-0.07300000000000006,454.3299999999999,-181.20000000000005,0.0,0,0.0,0.0,90,-43,0
Netherlands,Morocco,0.0,0.2567726039859104,-0.07999999999999999,0.0,0.17161616542771985,0.04399999999999993,420.4500000000004,0.0,0.0,2.3824559956169615,0.3,0.0,0.0,0.25,0.75,0.5548522009368647,0.71,0.74,1.0,10.448751239960536,0.0,0.357,0.0,0.5,0.0,0.28,2,0.25560085140156574,2,0.0,45.480000000000004,0.5907,1.0,0.3317,0.9937,0.697,0.0385,0.0,0.9,0.0,0.0,0.913,7,0.0,0.0,0.0,0.808,0,0.0,0.0,0.884,1653.8,0.0,0,0.0,0.5,0.35,-0.45,0.469,0,0,0.4395189802975036,-0.25999999999999995,-0.32,0.0,0.29885638010029225,-74,-15.315442162497188,0.0,-0.07100000000000001,-4,0.0,-0.7298403055849645,0.0,0.42647254739524587,3,0.0,-0.16000000000000003,1,-0.3003331972831167,1.0,0,0.0,2.639228599602872,0.22,0.0,0.0,0.6,0.3,0.9943711812343683,0.45,0.42,1.0,-4.866690922536652,0.0,0.286,0.0,0.5,0.0,0.12,1,0.4455427684981421,1,0.0,0.0,0.5837,1.0,0.4972,0.9877,1.0,0.0462,0.0,0.74,0.0,0.0,0.957,7,0.0,0.0,0.0,0.579,0,0.0,0.0,0.978,1795.0,0.0,0,0.0,0.5,45.480000000000004,0.0,-0.007000000000000006,0.0,0.16549999999999998,-0.006000000000000005,0.30300000000000005,0.0076999999999999985,3,38,0,0.0,0,-0.16000000000000003,374.97000000000037,0.0,0.0,0,0.0,0.0,0.0,-0.2290000000000001,0,0.5,0.0,0.0,0.09399999999999997,362.75,141.20000000000005,0.0,0,0.0,0.0,90,24,0
France,Sweden,0.0,0.972041582975733,0.07999999999999999,0.0,-0.19535461053204328,-0.08700000000000008,709.62,0.0,0.0,1.9030900129412602,0.22,0.0,0.0,0.65,0.15,2.037768327357605,0.35,0.14,1.0,-2.256819486322602,0.0,0.286,0.0,0.5,0.0,0.04,3,0.333,2,0.0,0.0,0.5369,0.9304,0.5667,0.9844,0.7194,0.0577,0.0,0.455,0.0,0.0,0.913,4,0.0,0.0,0.0,0.471,0,0.0,0.0,0.957,1831.0,0.0,0,0.0,0.5,-0.09999999999999998,0.25,0.563,0,0,-1.205013015336513,0.20300000000000007,0.43299999999999994,0.0,0.333,402,18.43858459879525,0.0,0.0,36,0.0,1.7500121067910162,0.0,-1.617521195649663,8,0.0,0.147,2,1.1313160851794088,0.8,0,0.0,2.875131595916993,0.3,0.0,0.0,0.55,0.4,0.8327553120210917,0.553,0.573,1.0,16.181765112472647,0.0,0.286,0.0,0.5,0.0,0.187,1,0.333,3,0.0,229.78,0.7,1.0,0.512,0.9967,1.0,0.0115,0.0,1.0,0.0,0.0,0.826,9,0.0,0.0,0.0,0.875,0,0.0,0.0,0.758,1906.2,0.0,1,0.043,0.5,-229.78,0.0,0.1630999999999999,0.0696,-0.05469999999999997,0.012299999999999978,0.28059999999999996,-0.046200000000000005,3,17,0,0.0,1,0.5449999999999999,939.4,0.0,0.0,5,0.0,0.0,0.0,0.404,0,0.5,0.0,0.0,-0.19899999999999995,493.2,75.20000000000005,0.0,0.0,0.043,0.0,90,9,2
Mexico,Ecuador,0.0,0.6059295315048715,0.07999999999999999,0.0,0.13389113056556334,0.0,-314.8800000000003,0.0,0.0,0.9538605420061873,0.1,0.0,0.0,0.35,0.6,0.59595685209167,0.553,0.573,1.0,14.352094030341751,0.0,0.357,0.0,0.5,0.0,0.187,3,0.333,3,0.0,96.17999999999999,0.6952,0.5572,0.4946,0.9613,0.6396,0.1077,0.0,0.635,0.0,0.0,0.87,4,0.0,0.0,0.0,0.529,0,0.0,0.0,0.811,1799.0,0.0,0,0.0,0.5,-0.04999999999999999,0.050000000000000044,0.555,0,0,-0.26210220987707666,0.347,0.42700000000000005,0.0,0.333,108,11.466102396629603,0.0,0.07200000000000001,11,0.0,1.3039374820027527,0.0,-0.7652177184090065,6,0.0,0.21300000000000002,2,0.8774649346075063,0.4,1,0.0,1.5597900735110588,0.18,0.0,0.0,0.3,0.65,0.3338546422145934,0.9,1.0,1.0,25.818196426971355,0.0,0.429,0.0,0.5,0.0,0.4,1,0.333,3,0.0,4.65,0.4964,0.8192,0.3552,0.9812,0.2426,0.0231,0.0,1.0,0.0,0.0,0.87,9,0.0,0.0,0.0,0.863,0,0.0,0.0,0.93,1723.6,0.0,0,0.0,0.5,91.52999999999999,0.0,-0.19880000000000003,0.262,-0.13939999999999997,0.019899999999999918,-0.3969999999999999,-0.08460000000000001,0,8,0,0.0,-1,0.365,-406.4100000000002,0.0,0.0,5,0.0,0.0,0.0,0.33399999999999996,0,0.5,0.0,0.0,0.119,-278.37,-75.40000000000009,0.0,0,0.0,0.0,90,-12,2
England,Congo DR,0.0,0.7526971446154813,0.31999999999999995,0.25,-0.17665053354205862,0.04400000000000004,1027.0,0.0,0.0,1.2865301108141343,0.1,0.0,0.0,0.35,0.55,0.6004202978544536,0.64,0.68,1.0,17.030361535905776,0.0,0.214,0.0,0.5,0.0,0.24,3,0.333,4,0.0,0.0,0.439,0.484,0.5042,0.9812,0.2246,0.0846,0.0,0.59,0.0,0.0,0.826,4,0.0,0.0,0.0,0.542,0,0.0,0.0,0.913,1828.2,0.0,0,0.0,0.5,-0.09999999999999998,0.1499999999999999,0.549,0,0,-0.09369878401193199,-0.017000000000000015,-0.04700000000000004,0.0,0.333,278,-27.20453649241918,0.0,0.0,31,0.12,0.20414746404760464,0.5,-0.043092015786740934,3,0.0,-0.012999999999999984,2,0.28990669634670563,0.5,0,0.0,2.0392272554296156,0.42,0.25,0.0,0.25,0.7,0.5067215138425216,0.623,0.633,1.0,-10.174174956513404,0.0,0.214,0.12,1.0,0.0,0.227,1,0.333,3,0.0,246.0,0.7047,1.0,0.4644,0.9905,1.0,0.0346,0.18,0.715,0.0,0.144,0.87,7,0.0,0.0,0.0,0.554,0,0.22,0.333,0.78,1792.8,0.0,0,0.0,0.775,-246.0,0.0,0.2657,0.516,-0.0398,0.009300000000000086,0.7754,-0.049999999999999996,4,35,0,0.18,2,0.125,1273.0,0.0,0.144,3,0.0,0.0,0.0,0.01200000000000001,0,0.5,0.22,0.333,-0.133,846.34,-35.40000000000009,0.0,0,0.0,0.275,90,36,2
Belgium,Senegal,0.0,0.23560251245421693,-0.08000000000000002,0.0,0.07259108200321573,0.04300000000000004,303.5200000000001,0.0,0.0,2.4437217936274402,0.26,0.0,0.0,0.4,0.5,1.3773911930402727,0.453,0.293,1.0,0.9112632571715831,0.0,0.357,0.0,0.5,0.0,0.107,3,0.48014118888962193,3,0.0,18.509999999999998,0.6473,1.0,0.4454,0.9908,0.7102,0.0346,0.0,0.43,0.0,0.0,0.87,3,0.0,0.0,0.0,0.488,0,0.0,0.0,0.889,1832.4,0.0,0,0.0,0.5,0.15000000000000002,-0.15000000000000002,0.546,0,0,-0.5623553076207857,0.187,0.38700000000000007,0.0,0.27861714059510456,9,13.336093407949786,0.0,-0.07100000000000001,2,0.0,0.6414410690489525,0.0,-1.2741678763166062,2,0.0,0.133,2,-0.7272670593536694,0.5,0,0.0,2.679324306081657,0.18,0.0,0.0,0.55,0.35,0.815035885419487,0.64,0.68,1.0,14.24735666512137,0.0,0.286,0.0,0.5,0.0,0.24,1,0.24124167051527348,2,0.0,0.0,0.5694,1.0,0.3031,0.9754,0.6806,0.0462,0.0,0.735,0.0,0.0,0.913,5,0.0,0.0,0.0,0.625,0,0.0,0.0,0.957,1844.8,0.0,0,0.0,0.5,18.509999999999998,0.0,-0.07789999999999997,0.0,-0.14230000000000004,-0.01539999999999997,-0.02960000000000007,0.0116,1,3,0,0.0,0,0.305,285.0100000000001,0.0,0.0,2,0.0,0.0,0.0,0.137,0,0.5,0.0,0.0,0.06799999999999995,268.61,12.399999999999864,0.0,0,0.0,0.0,90,16,2
