home_team,away_team,elo_diff,fifa_diff,form_diff,gs_diff,gc_diff,mv_diff,inj_diff,susp_diff,home_adv,h2h_factor,available_squad_diff,availability_pct_diff,starting_xi_value_diff,missing_star_players_diff,match_stage_weight,home_elo_momentum,away_elo_momentum,elo_momentum_diff,home_strength_of_schedule,away_strength_of_schedule,strength_of_schedule_diff,world_cup_matches_played_diff,major_tournament_matches_diff,knockout_matches_diff,home_attack_rating,away_attack_rating,attack_rating_diff,home_defence_rating,away_defence_rating,defence_rating_diff,home_clean_sheet_rate,away_clean_sheet_rate,clean_sheet_rate_diff,home_btts_rate,away_btts_rate,btts_rate_diff,home_score,away_score
Belgium,Sweden,163,32,0.25,1.0,0.5,412.6300000000001,-2.0999999999999996,-8.16,1,0.5,402.3700000000002,-0.004299589219760813,244.82999999999998,0,0,15.365048954869012,19.927729543131452,-4.56268058826244,1911.5,1915.5,-4.0,0,0,0,1.75,0.75,1.0,1.25,0.75,0.5,0.25,0.25,0.0,0.75,0.5,0.25,2,1
France,Denmark,214,23,2.6666666666666665,1.0,-1.1666666666666667,929.4499999999998,-123.96000000000001,-125.0,1,0.5,680.4899999999999,-0.19147008062838244,560.65,2,0,13.181083588693767,-20.153654610113367,33.33473819880713,1762.25,1840.0,-77.75,0,0,0,2.0,1.0,1.0,0.5,1.6666666666666667,-1.1666666666666667,0.75,0.0,0.75,0.25,0.6666666666666666,-0.41666666666666663,3,0
Netherlands,Czech Republic,217,34,0.7000000000000002,-0.95,-1.0,488.5600000000003,-3.71,0,1,0.5,484.85000000000025,-0.005796784425243451,417.24999999999994,0,0,10.1815440941087,3.649273255351808,6.532270838756892,1783.4,1765.25,18.15000000000009,0,0,0,1.8,2.75,-0.95,1.0,2.0,-1.0,0.2,0.0,0.2,0.8,1.0,-0.19999999999999996,1,0
Turkey,Italy,36,9,-1.5,-0.75,1.25,-48.21999999999997,71.92,0,1,0.5,23.700000000000045,0.12854465326008324,-9.550000000000011,0,0,-9.539808254048754,7.170126461850074,-16.70993471589883,1903.0,1925.25,-22.25,0,0,0,0.0,0.75,-0.75,2.0,0.75,1.25,0.0,0.5,-0.5,0.0,0.0,0.0,1,2
Germany,Romania,345,73,0.10000000000000009,1.5499999999999998,0.3500000000000001,517.7500000000001,9.309999999999999,1.8999999999999986,1,0.5,528.9600000000002,0.11346778002812252,431.14,0,0,-9.79397002238567,7.609143006152848,-17.40311302853852,1671.8,1682.0,-10.200000000000045,0,0,0,2.8,1.25,1.5499999999999998,1.6,1.25,0.3500000000000001,0.0,0.25,-0.25,1.0,0.5,0.5,1,1
Portugal,England,-62,-3,-0.25,0.25,0.5,-489.9400000000004,335.0,180.0,1,0.5,25.059999999999604,0.3698463880729925,-106.25,-4,0,-4.803938401873342,3.6618934838287798,-8.465831885702123,1815.0,1763.25,51.75,0,0,0,1.5,1.25,0.25,1.0,0.5,0.5,0.25,0.5,-0.25,0.5,0.5,0.0,3,2
Serbia,Slovenia,72,26,0.4500000000000002,-1.25,-0.8,58.270000000000095,-12.779999999999998,0,1,0.5,45.490000000000094,-0.018850873762241926,-9.320000000000007,0,0,20.51199842475074,17.64500946962315,2.8669889551275887,1668.6,1765.5,-96.90000000000009,0,0,0,1.0,2.25,-1.25,0.2,1.0,-0.8,0.8,0.5,0.30000000000000004,0.2,0.5,-0.3,3,3
Spain,Norway,239,12,0.20000000000000018,0.0,-0.6000000000000001,304.37,-15.49,32.09,1,0.5,320.97,0.04238696165953226,415.88,0,0,-9.864778209117102,10.499749455653898,-20.364527664771,1706.6,1830.6,-124.0,0,0,0,1.4,1.4,0.0,0.2,0.8,-0.6000000000000001,0.8,0.6,0.20000000000000007,0.2,0.2,0.0,0,1
Belgium,Italy,13,3,0.0,0.8,0.3999999999999999,30.000000000000114,128.32,-8.16,1,0.5,150.1600000000002,0.23700172019362165,9.449999999999989,0,0,20.98991235689337,18.202597408069284,2.7873149488240863,1869.4,1917.6,-48.19999999999982,0,0,0,1.8,1.0,0.8,1.2,0.8,0.3999999999999999,0.2,0.4,-0.2,0.8,0.2,0.6000000000000001,0,2
Sweden,Turkey,-186,-38,1.0,0.30000000000000004,-1.0,-334.41,58.5,0,1,0.5,-275.91,0.11275665615329922,-225.82999999999998,0,0,14.302866141107092,-20.572279200267964,34.87514534137506,1905.2,1877.0,28.200000000000045,0,0,0,0.8,0.5,0.30000000000000004,1.0,2.0,-1.0,0.2,0.0,0.2,0.6,0.5,0.09999999999999998,0,0
Czech Republic,France,-329,-41,-1.8,0.0,1.4,-1022.9799999999999,130.31,125.0,1,0.5,-767.67,0.21739056393314204,-638.5699999999999,-2,0,-0.8076646383536747,17.698124034657155,-18.50578867301083,1801.2,1778.4,22.799999999999955,0,0,0,2.2,2.2,0.0,1.8,0.4,1.4,0.0,0.8,-0.8,0.8,0.2,0.6000000000000001,1,2
Netherlands,Denmark,102,16,1.9500000000000002,0.8500000000000001,-1.2,395.0300000000002,2.6399999999999997,0,1,0.5,397.6700000000002,0.02012369887951615,339.3299999999999,0,0,14.63848198781418,-24.670695056076756,39.309177043890934,1738.2,1894.25,-156.04999999999995,0,0,0,1.6470588235294117,0.75,0.8970588235294117,0.8235294117647058,2.0,-1.1764705882352942,0.3333333333333333,0.0,0.3333333333333333,0.6666666666666666,0.5,0.16666666666666663,3,0
England,Germany,63,4,-0.19999999999999996,-1.4,-0.3999999999999999,644.5700000000002,-328.47,-165.0,1,0.5,151.10000000000014,-0.3410591170474544,174.70000000000005,4,0,-8.103905953434477,-17.380313091465826,9.276407138031349,1801.6,1604.6,197.0,0,0,0,1.4,2.588235294117647,-1.1882352941176473,1.0,1.4705882352941178,-0.47058823529411775,0.4,0.0,0.4,0.6,1.0,-0.4,1,0
Romania,Portugal,-346,-74,-0.6000000000000001,-0.6000000000000001,0.0,-672.3799999999999,-15.84,-16.9,1,0.5,-705.1199999999999,-0.14225505105366065,-499.59000000000003,0,0,15.195486075233003,6.961861035389916,8.233625039843087,1736.4,1855.4,-119.0,0,0,0,1.2,1.8,-0.6000000000000001,1.2,1.2,0.0,0.2,0.2,0.0,0.6,0.6,0.0,0,1
Norway,Serbia,158,27,0.19999999999999996,0.0,0.20000000000000007,283.29999999999995,38.72,-32.09,1,0.5,289.9299999999999,0.09872613458045398,171.85000000000002,0,0,26.466044338753452,18.468836561256403,7.997207777497049,1881.6,1691.4,190.19999999999982,0,0,0,1.2941176470588236,1.2941176470588236,0.0,0.7058823529411765,0.6470588235294118,0.05882352941176472,0.6666666666666666,0.6666666666666666,0.0,0.16666666666666666,0.3333333333333333,-0.16666666666666666,0,1
Slovenia,Spain,-469,-65,0.0,1.5999999999999999,0.9999999999999999,-645.94,-10.450000000000001,0,1,0.5,-656.39,-0.12226222247774432,-578.4100000000001,0,0,19.68817133311749,-25.831073092216652,45.51924442533414,1761.4,1745.2,16.200000000000045,0,0,0,2.4,1.0588235294117647,1.3411764705882352,1.4,0.35294117647058826,1.0470588235294116,0.4,0.6666666666666666,-0.2666666666666666,0.6,0.16666666666666666,0.43333333333333335,1,2
Belgium,Turkey,-23,-6,1.2666666666666668,1.2666666666666668,0.06666666666666665,78.22000000000008,56.400000000000006,-8.16,1,0.5,126.46000000000015,0.1084570669335384,19.0,0,0,10.6159167983022,-25.466887337568657,36.08280413587086,1848.6,1818.3333333333333,30.26666666666665,0,0,0,1.5294117647058822,0.3333333333333333,1.196078431372549,1.3529411764705883,1.3333333333333333,0.019607843137255054,0.16666666666666666,0.3333333333333333,-0.16666666666666666,0.6666666666666666,0.3333333333333333,0.3333333333333333,0,2
Italy,Sweden,150,29,0.6000000000000001,0.3999999999999999,0.0,382.63,-130.42000000000002,0,1,1.0,252.20999999999998,-0.24130130941338246,235.38,0,0,28.576592966660456,19.197474278407785,9.379118688252671,1950.2,1912.4,37.799999999999955,0,0,0,1.1764705882352942,0.7058823529411765,0.47058823529411764,0.7058823529411765,0.8235294117647058,-0.11764705882352933,0.5,0.3333333333333333,0.16666666666666669,0.16666666666666666,0.5,-0.33333333333333337,2,1
England,Romania,408,77,0.6000000000000001,0.40000000000000013,0.0,1162.3200000000002,-319.16,-163.1,1,0.5,680.0600000000003,-0.22759133701933187,605.84,4,0,0.10242398376652151,12.794019835445344,-12.691595851678823,1781.6,1779.4,2.199999999999818,0,0,0,1.411764705882353,1.0588235294117647,0.3529411764705883,0.8823529411764706,1.1176470588235294,-0.23529411764705888,0.5,0.16666666666666666,0.33333333333333337,0.5,0.5,0.0,2,3
Portugal,Germany,1,1,0.7999999999999998,-0.8,-0.3999999999999999,154.62999999999977,6.53,15.0,1,0.5,176.15999999999974,0.02878727102553813,68.45000000000005,0,0,9.36332727517758,-25.586643028666828,34.94997030384441,1804.4,1630.8,173.60000000000014,0,0,0,1.7058823529411764,2.263157894736842,-0.5572755417956656,1.0,1.4210526315789473,-0.42105263157894735,0.3333333333333333,0.0,0.3333333333333333,0.5,0.8571428571428571,-0.3571428571428571,3,0
Denmark,Czech Republic,115,18,-1.0,-1.4,0.6000000000000001,93.53000000000009,-6.35,0,1,0.5,87.18000000000009,-0.0259204833047596,77.92000000000002,0,0,-31.81643367942435,-3.423727329252597,-28.392706350171753,1904.4,1873.4,31.0,0,0,0,0.6,2.0,-1.4,2.2,1.7647058823529411,0.43529411764705905,0.0,0.0,0.0,0.4,0.8333333333333334,-0.43333333333333335,0,2
Netherlands,France,-112,-7,-0.3999999999999999,-0.5999999999999999,-0.19999999999999996,-534.4199999999996,126.60000000000001,125.0,1,0.5,-282.8199999999997,0.2115937795078986,-221.32000000000005,-2,0,21.784220611161775,20.314186725556077,1.470033885605698,1734.0,1782.0,-48.0,0,0,0,1.8421052631578947,2.235294117647059,-0.3931888544891642,0.631578947368421,0.5294117647058824,0.10216718266253866,0.42857142857142855,0.6666666666666666,-0.23809523809523808,0.5714285714285714,0.3333333333333333,0.23809523809523808,3,2
Serbia,Spain,-397,-39,-0.19999999999999996,0.0,0.0,-587.67,-23.229999999999997,0,1,0.5,-610.8999999999999,-0.14111309623998625,-587.73,0,0,32.72687970936548,-24.5713475179785,57.29822722734397,1764.6,1702.6,62.0,0,0,0,1.263157894736842,1.263157894736842,0.0,0.5789473684210527,0.47368421052631576,0.10526315789473689,0.7142857142857143,0.5714285714285714,0.1428571428571429,0.2857142857142857,0.2857142857142857,0.0,3,4
Slovenia,Norway,-230,-53,-0.40000000000000013,1.5999999999999999,1.0,-341.57000000000005,-25.94,32.09,1,0.5,-335.41999999999996,-0.07987526081821206,-162.53000000000003,0,0,18.428445758879338,12.208001190644374,6.220444568234964,1849.0,1853.4,-4.400000000000091,0,0,0,2.235294117647059,1.0526315789473684,1.1826625386996905,1.5294117647058822,0.6842105263157895,0.8452012383900928,0.3333333333333333,0.5714285714285714,-0.23809523809523808,0.6666666666666666,0.14285714285714285,0.5238095238095237,0,0
Italy,Romania,242,58,1.0,0.20000000000000018,-0.7999999999999999,279.83000000000004,-117.03,16.9,1,0.5,179.70000000000002,-0.11828457795139835,265.4,0,0,34.50889289722389,31.05053607035361,3.458356826870279,1862.0,1922.2,-60.200000000000045,0,0,0,1.368421052631579,1.3157894736842106,0.05263157894736836,0.6842105263157895,1.3157894736842106,-0.6315789473684211,0.42857142857142855,0.14285714285714285,0.2857142857142857,0.2857142857142857,0.5714285714285714,-0.2857142857142857,2,0
Turkey,Portugal,-68,-7,-1.4,-1.25,0.19999999999999996,-440.7699999999998,-60.95,0,1,0.5,-501.7199999999998,-0.13199497574497576,-243.74,0,0,-16.12791521525748,19.334545040994524,-35.462460256252,1829.75,1826.6,3.150000000000091,0,0,0,0.75,1.894736842105263,-1.144736842105263,1.0,0.8421052631578947,0.1578947368421053,0.5,0.42857142857142855,0.07142857142857145,0.25,0.42857142857142855,-0.17857142857142855,0,2
Netherlands,Serbia,200,31,1.8,1.0,-0.5999999999999999,397.6700000000002,35.01,0,1,0.5,432.6800000000001,0.15397873756864944,438.81999999999994,0,0,34.90063072940967,30.879951073239113,4.020679656170557,1789.4,1885.6,-96.19999999999982,0,0,0,2.0952380952380953,1.4761904761904763,0.6190476190476191,0.8571428571428571,1.0952380952380953,-0.23809523809523825,0.375,0.625,-0.25,0.625,0.375,0.25,6,1
Spain,France,85,1,-0.3999999999999999,-0.7999999999999998,0.0,-344.41999999999985,114.82000000000001,125.0,1,0.5,-104.59999999999991,0.1987281381792354,-72.40999999999997,-2,0,-22.724418881852134,7.197776607308176,-29.92219548916031,1681.4,1815.0,-133.5999999999999,0,0,0,1.619047619047619,2.210526315789474,-0.5914786967418548,0.8571428571428571,0.9473684210526315,-0.09022556390977443,0.5,0.5714285714285714,-0.0714285714285714,0.375,0.42857142857142855,-0.05357142857142855,1,2
France,Portugal,102,5,-0.6000000000000001,-0.19999999999999973,0.6,271.9,-130.31,-125.0,1,0.5,16.590000000000032,-0.21739056393314204,93.25,2,0,19.596603788198642,27.401961574879042,-7.8053577866804,1908.8,1833.8,75.0,0,0,0,2.142857142857143,2.0,0.1428571428571428,0.9047619047619048,0.6666666666666666,0.23809523809523814,0.5,0.5,0.0,0.5,0.375,0.125,2,1
Netherlands,Italy,94,14,0.6000000000000001,1.6,0.20000000000000007,130.0300000000002,129.16,0,1,0.5,259.19000000000017,0.25474284457981555,106.11999999999995,0,0,39.705692196450514,38.48727410064497,1.2184180958055464,1816.6,1792.8,23.799999999999955,0,0,0,2.608695652173913,1.4285714285714286,1.1801242236024845,0.8695652173913043,0.6190476190476191,0.25051759834368525,0.3333333333333333,0.5,-0.16666666666666669,0.6666666666666666,0.25,0.41666666666666663,0,0
France,Italy,206,21,-0.20000000000000018,0.6000000000000001,0.7999999999999999,664.4499999999998,2.5600000000000023,-125.0,1,0.5,542.0099999999999,0.04314906507191696,327.44,2,0,26.742342411546236,41.128674342646434,-14.386331931100198,1922.6,1801.2,121.39999999999986,0,0,0,2.130434782608696,1.3043478260869565,0.8260869565217392,0.9565217391304348,0.5217391304347826,0.4347826086956522,0.4444444444444444,0.5555555555555556,-0.11111111111111116,0.5555555555555556,0.2222222222222222,0.33333333333333337,2,1
Iraq,Thailand,239,78,0.5999999999999999,-1.0,-1.0,56.42000000000002,3.0,-1.31,1,0.5,58.11000000000002,0.042288490660791433,56.6,0,0,-25.353225339434168,21.67007925264989,-47.02330459208406,1518.4,1616.2,-97.79999999999995,0,-6,0,1.0588235294117647,2.0357142857142856,-0.9768907563025209,1.2352941176470589,1.9642857142857142,-0.7289915966386553,0.6666666666666666,0.3076923076923077,0.3589743589743589,0.16666666666666666,0.6923076923076923,-0.5256410256410257,2,0
Lebanon,Iran,-411,-171,-0.6000000000000001,0.0,-0.40000000000000013,-440.85,10.760000000000002,5.16,1,0.5,-424.93,-0.025207239287438288,-411.38,0,0,52.78928298020323,-20.83249214602379,73.62177512622702,1612.8,1700.8,-88.0,0,-6,0,1.4,1.8,-0.40000000000000013,1.08,1.1666666666666667,-0.08666666666666667,0.2,0.3333333333333333,-0.1333333333333333,0.7,0.6,0.09999999999999998,0,4
South Korea,China PR,318,83,0.8000000000000003,-0.8,-1.0,91.37999999999997,1.5299999999999994,0,1,1.0,92.90999999999997,0.11685157102949217,75.92,0,0,18.194184512273004,31.280079660848696,-13.085895148575691,1682.6,1706.4,-23.800000000000182,0,0,0,2.0384615384615383,2.0714285714285716,-0.032967032967033294,0.11538461538461539,0.8571428571428571,-0.7417582417582417,0.9090909090909091,0.46153846153846156,0.4475524475524475,0.09090909090909091,0.23076923076923078,-0.13986013986013987,2,2
Kuwait,Indonesia,-88,-95,-0.5,0.20000000000000018,0.75,42.719999999999985,-2.79,-11.920000000000002,1,0.5,28.00999999999998,-0.1629263552803939,8.27000000000001,0,0,48.84367563973103,25.304456030876196,23.539219608854836,1423.2,1458.0,-34.799999999999955,0,4,0,4.130434782608695,2.0,2.1304347826086953,0.8260869565217391,0.25,0.5760869565217391,0.5555555555555556,0.75,-0.19444444444444442,0.4444444444444444,0.25,0.19444444444444442,0,0
Qatar,Uzbekistan,-130,-36,-0.19999999999999996,-1.6,-0.8,-80.14999999999992,-3.84,4.59,1,0.5,-79.39999999999992,-0.004509607718987341,18.090000000000003,0,0,2.9668784658522673,-40.665460688128825,43.63233915398109,1640.0,1475.4,164.5999999999999,0,4,0,1.8387096774193548,2.6,-0.7612903225806453,1.0,1.8,-0.8,0.3125,0.2,0.11249999999999999,0.4375,0.4,0.03749999999999998,1,1
Saudi Arabia,Japan,-242,-45,0.3999999999999999,-0.6000000000000001,0.0,-8.430000000000064,-73.23,0,1,0.5,-81.66000000000003,-0.29143863588182684,-47.45999999999998,0,0,2.9754344947200835,-15.688686565645172,18.664121060365254,1578.0,1433.4,144.5999999999999,0,-3,0,1.84,3.0,-1.16,0.72,0.35294117647058826,0.3670588235294117,0.4,0.6666666666666666,-0.2666666666666666,0.4,0.16666666666666666,0.23333333333333336,1,4
Iran,Thailand,346,96,1.5999999999999999,0.7999999999999998,-0.6000000000000001,439.31000000000006,-10.780000000000001,-5.62,1,0.5,422.91,0.014784541082364155,393.13,0,0,-21.852435104279643,9.62431006993458,-31.476745174214223,1627.4,1661.6,-34.19999999999982,0,0,0,2.064516129032258,1.7586206896551724,0.30589543937708563,1.096774193548387,1.896551724137931,-0.799777530589544,0.375,0.2857142857142857,0.0892857142857143,0.5625,0.6428571428571429,-0.0803571428571429,1,1
Lebanon,Iraq,-304,-153,-0.5999999999999999,0.19999999999999996,0.6000000000000001,-57.960000000000015,-3.02,0.8500000000000001,1,0.5,-60.13000000000002,-0.052711188865865566,-74.85,0,0,41.21698980057591,-21.31952022253372,62.53651002310963,1696.6,1585.2,111.39999999999986,0,0,0,1.1923076923076923,1.2105263157894737,-0.018218623481781382,1.4615384615384615,1.105263157894737,0.3562753036437245,0.18181818181818182,0.7142857142857143,-0.5324675324675325,0.6363636363636364,0.14285714285714285,0.4935064935064935,2,2
China PR,Indonesia,-3,-4,-0.6000000000000001,0.3999999999999999,1.2,26.940000000000012,-8.77,0.43,1,0.5,18.600000000000012,-0.11443025394052841,-12.879999999999995,0,0,31.291391594681553,22.82442085852285,8.466970736158704,1706.4,1456.8,249.60000000000014,0,3,0,2.1379310344827585,1.6,0.5379310344827584,1.0,0.2,0.8,0.42857142857142855,0.8,-0.3714285714285715,0.2857142857142857,0.2,0.08571428571428569,4,0
South Korea,Kuwait,403,174,0.6000000000000001,-0.6000000000000001,-0.4,75.6,-4.45,12.350000000000001,1,0.5,83.5,0.16534767236935766,54.769999999999996,0,0,15.097133456845466,51.32371081208437,-36.2265773552389,1641.0,1463.6,177.4000000000001,0,-1,0,2.185185185185185,3.72,-1.534814814814815,0.3333333333333333,0.76,-0.4266666666666667,0.8333333333333334,0.6,0.2333333333333334,0.16666666666666666,0.4,-0.23333333333333336,0,1
Japan,Uzbekistan,157,25,1.2,0.8,-1.2000000000000002,14.220000000000113,-2.6,4.59,1,0.5,16.210000000000093,0.008675613254022552,111.50999999999999,0,0,-11.710305362224087,-44.24179908402395,32.53149372179986,1552.2,1574.6,-22.399999999999864,0,3,0,2.8421052631578947,2.0,0.8421052631578947,0.47368421052631576,1.7058823529411764,-1.2321981424148607,0.5714285714285714,0.16666666666666666,0.40476190476190477,0.2857142857142857,0.5,-0.2142857142857143,8,1
Saudi Arabia,Qatar,45,16,0.8,0.8,0.0,85.93999999999997,-71.99,0,1,0.5,13.949999999999989,-0.27825341490881694,45.96000000000001,0,0,4.963348174398548,2.619587250241085,2.343760924157463,1656.0,1706.4,-50.40000000000009,0,-4,0,1.7692307692307692,1.78125,-0.012019230769230838,1.1538461538461537,1.03125,0.12259615384615374,0.36363636363636365,0.29411764705882354,0.06951871657754011,0.45454545454545453,0.47058823529411764,-0.01604278074866311,0,0
Iran,Iraq,107,18,0.6000000000000001,0.6000000000000001,-0.19999999999999996,382.89000000000004,-13.780000000000001,-4.3100000000000005,1,0.5,364.8,-0.027503949578427278,336.53000000000003,0,0,-11.721816391212972,-28.358487139585193,16.63667074837222,1620.6,1569.2,51.399999999999864,0,6,0,2.0,1.380952380952381,0.6190476190476191,1.09375,1.2857142857142858,-0.1919642857142858,0.35294117647058826,0.625,-0.27205882352941174,0.5882352941176471,0.25,0.3382352941176471,1,0
Lebanon,Thailand,-65,-75,0.0,0.0,0.20000000000000018,-1.539999999999992,-0.020000000000000018,-0.46,1,0.5,-2.019999999999996,-0.010422698205074132,-18.25,0,0,42.47821535342429,15.515658988157169,26.96255636526712,1729.0,1679.0,50.0,0,-6,0,1.2222222222222223,1.6333333333333333,-0.411111111111111,1.5555555555555556,1.8666666666666667,-0.3111111111111111,0.16666666666666666,0.26666666666666666,-0.1,0.6666666666666666,0.6666666666666666,0.0,1,1
China PR,Kuwait,85,91,0.0,1.2000000000000002,0.19999999999999996,-15.779999999999973,-5.9799999999999995,12.350000000000001,1,0.5,-9.409999999999968,0.04849610133986548,-21.150000000000006,0,0,33.158215760475834,56.75911751083444,-23.60090175035861,1709.4,1606.8,102.60000000000014,0,-1,0,2.3666666666666667,3.3461538461538463,-0.9794871794871796,0.9333333333333333,0.7307692307692307,0.20256410256410262,0.4666666666666667,0.6363636363636364,-0.16969696969696968,0.26666666666666666,0.36363636363636365,-0.09696969696969698,0,0
South Korea,Indonesia,315,79,0.3999999999999999,0.3999999999999999,0.0,118.31999999999998,-7.24,0.43,1,0.5,111.50999999999999,0.002421317088963759,63.040000000000006,0,0,-3.3274890087785955,12.738076063421655,-16.06556507220025,1582.4,1526.0,56.40000000000009,0,3,0,1.7857142857142858,1.1764705882352942,0.6092436974789917,0.42857142857142855,0.8235294117647058,-0.3949579831932773,0.7692307692307693,0.6666666666666666,0.10256410256410264,0.15384615384615385,0.16666666666666666,-0.012820512820512803,3,0
Japan,Qatar,287,61,0.8,2.0,0.0,94.37000000000003,1.2399999999999998,0,1,0.5,95.61000000000001,0.013185220973009892,93.41999999999999,0,0,-5.944755849079193,3.1160226036164875,-9.060778452695681,1715.8,1672.0,43.799999999999955,0,-1,0,3.5714285714285716,1.5454545454545454,2.025974025974026,0.5714285714285714,0.9393939393939394,-0.36796536796536805,0.5,0.3333333333333333,0.16666666666666669,0.375,0.4444444444444444,-0.06944444444444442,1,1
Saudi Arabia,Uzbekistan,-85,-20,0.5999999999999999,-0.5999999999999999,-2.0,5.790000000000049,-75.83,4.59,1,0.5,-65.44999999999993,-0.2827630226278043,64.05000000000001,0,0,4.650825086784959,-50.00734859716885,54.658173683953805,1646.0,1657.8,-11.799999999999955,0,0,0,1.4444444444444444,1.9473684210526316,-0.5029239766081872,1.037037037037037,2.6842105263157894,-1.6471734892787524,0.4166666666666667,0.14285714285714285,0.27380952380952384,0.4166666666666667,0.5714285714285714,-0.1547619047619047,5,0
China PR,Qatar,-117,-33,-0.19999999999999996,0.19999999999999996,0.19999999999999996,-107.01000000000002,-6.42,0,1,0.5,-113.43,-0.15186984568498796,-75.18,0,0,35.39834851623369,8.895541895599262,26.502806620634427,1647.0,1694.8,-47.799999999999955,0,-1,0,2.161290322580645,1.5294117647058822,0.6318785578747628,0.8387096774193549,0.9117647058823529,-0.07305502846299805,0.5,0.3157894736842105,0.1842105263157895,0.25,0.47368421052631576,-0.22368421052631576,3,1
Iran,South Korea,16,2,0.0,0.40000000000000013,0.7999999999999999,344.8900000000001,-5.050000000000001,-5.62,1,0.5,334.22,0.019002457691596808,301.28000000000003,0,0,-6.97856286015323,-0.8780801097584763,-6.100482750394754,1645.8,1578.6,67.20000000000005,0,3,0,1.878787878787879,1.7586206896551724,0.12016718913270652,1.0303030303030303,0.3793103448275862,0.6509926854754441,0.3888888888888889,0.7857142857142857,-0.3968253968253968,0.5555555555555556,0.14285714285714285,0.41269841269841273,1,2
Japan,Iraq,177,27,1.2,2.2,-1.0,148.00000000000006,-2.6,1.31,1,0.5,146.71000000000004,0.001697088358481591,127.92999999999999,0,0,-12.728262206132706,-35.37258819736592,22.644325991233217,1739.2,1586.6,152.60000000000014,0,3,0,3.391304347826087,1.173913043478261,2.217391304347826,0.6521739130434783,1.3043478260869565,-0.6521739130434783,0.4444444444444444,0.5555555555555556,-0.11111111111111116,0.4444444444444444,0.2222222222222222,0.2222222222222222,4,1
Kuwait,Saudi Arabia,-247,-140,-0.19999999999999996,-1.0,-0.4,-177.17000000000002,71.55,-12.350000000000001,1,0.5,-117.97000000000003,0.0778874678839635,-99.99000000000001,0,0,50.803252315736934,17.020870033492365,33.78238228224457,1622.2,1665.0,-42.799999999999955,0,4,0,3.1481481481481484,1.8571428571428572,1.2910052910052912,0.5555555555555556,0.8928571428571429,-0.3373015873015873,0.6666666666666666,0.46153846153846156,0.20512820512820507,0.3333333333333333,0.38461538461538464,-0.05128205128205132,2,3
China PR,Japan,-404,-94,-0.8,-2.0,-0.19999999999999996,-201.38000000000005,-7.66,0,1,0.3333333333333333,-209.04000000000002,-0.16505506665799785,-168.6,0,0,44.628904286589425,-7.423403992463639,52.052308279053065,1638.0,1721.0,-83.0,0,0,0,2.34375,3.6,-1.25625,0.84375,0.68,0.16374999999999995,0.47058823529411764,0.4,0.07058823529411762,0.29411764705882354,0.5,-0.20588235294117646,2,3
South Korea,Saudi Arabia,156,34,0.0,-0.3999999999999999,-0.3999999999999999,-101.57000000000002,67.1,0,1,0.5,-34.47000000000003,0.24323514025332116,-45.22000000000001,0,0,9.153926971183562,31.655262495949216,-22.501335524765654,1587.4,1648.0,-60.59999999999991,0,3,0,1.7333333333333334,2.0344827586206895,-0.3011494252873561,0.4666666666666667,1.0,-0.5333333333333333,0.7333333333333333,0.42857142857142855,0.30476190476190473,0.2,0.42857142857142855,-0.22857142857142854,1,2
China PR,South Korea,-318,-83,0.20000000000000018,0.6000000000000001,0.0,-91.37999999999997,-1.5299999999999994,0,1,0.16666666666666666,-92.90999999999997,-0.11685157102949217,-75.92,0,0,47.48738485254465,-17.482807738662284,64.97019259120694,1688.4,1619.8,68.60000000000014,0,0,0,2.4242424242424243,1.7096774193548387,0.7145650048875856,1.0,0.6451612903225806,0.3548387096774194,0.4444444444444444,0.6875,-0.24305555555555558,0.3333333333333333,0.25,0.08333333333333331,0,1
Japan,Saudi Arabia,242,45,0.6000000000000001,1.7999999999999998,-0.19999999999999996,8.430000000000064,73.23,0,1,1.0,81.66000000000003,0.29143863588182684,47.45999999999998,0,0,-6.294762680186446,39.88561071554813,-46.18037339573458,1687.6,1737.2,-49.600000000000136,0,3,0,3.576923076923077,2.066666666666667,1.5102564102564102,0.8461538461538461,1.0333333333333334,-0.1871794871794873,0.36363636363636365,0.4,-0.036363636363636376,0.5454545454545454,0.4666666666666667,0.07878787878787874,1,0
France,Senegal,176,15,0.0,0.8000000000000003,0.0,919.4399999999998,-50.55000000000001,-125.0,0,0.5,743.8899999999999,0.0954060163249073,554.36,2,0,-19.239921321266205,26.8124031831951,-46.05232450446131,1779.6,1771.0,8.599999999999909,-10,-18,0,2.1142857142857143,1.3714285714285714,0.7428571428571429,0.8571428571428571,0.6,0.2571428571428571,0.4,0.7,-0.29999999999999993,0.6,0.2,0.39999999999999997,0,1
Germany,Saudi Arabia,255,47,0.0,2.0,-0.19999999999999996,496.3400000000001,69.3,-15.0,0,0.5,550.6400000000001,0.27265174948646687,438.43999999999994,0,0,-25.067796149038706,17.720021623889878,-42.787817772928584,1776.4,1719.6,56.80000000000018,-4,-7,0,2.8,1.4,1.4,1.2571428571428571,1.2,0.05714285714285716,0.3,0.25,0.04999999999999999,0.55,0.45,0.10000000000000003,8,0
Republic of Ireland,Cameroon,-7,-7,1.0,0.6000000000000001,-0.3999999999999999,59.05000000000004,42.66,-3.57,0,0.5,98.14000000000004,0.19424060872419213,54.06,0,0,69.19184585405742,67.38301245215933,1.8088334018980845,1838.2,1924.2,-86.0,2,-10,0,1.8857142857142857,1.2857142857142858,0.5999999999999999,0.6857142857142857,0.6571428571428571,0.02857142857142858,0.5,0.7,-0.19999999999999996,0.4,0.25,0.15000000000000002,1,1
Uruguay,Denmark,33,7,-1.0,0.0,0.19999999999999996,-74.97000000000006,-10.22,-8.55,0,0.5,-93.74000000000007,-0.12183553104733735,-67.46000000000004,0,0,-10.11130790420772,4.966071468365675,-15.077379372573395,1657.4,1679.4,-22.0,10,7,0,1.4285714285714286,1.7714285714285714,-0.34285714285714275,1.0,0.9142857142857143,0.08571428571428574,0.4,0.3,0.10000000000000003,0.45,0.55,-0.10000000000000003,1,2
Argentina,Nigeria,215,23,-0.8,-0.40000000000000013,0.20000000000000007,142.66000000000008,60.730000000000004,8.51,0,0.5,211.9000000000001,0.14309569566512448,303.18,0,0,-3.0320904236291453,24.42472106076042,-27.456811484389565,1783.6,1687.0,96.59999999999991,8,-10,0,1.9142857142857144,1.5142857142857142,0.40000000000000013,0.9142857142857143,0.6,0.3142857142857143,0.4,0.55,-0.15000000000000002,0.6,0.4,0.19999999999999996,1,0
England,Sweden,316,48,0.3999999999999999,0.8,0.0,1265.1200000000003,-332.55,-180.0,0,0.3333333333333333,752.5700000000003,-0.350608068481316,575.8199999999999,4,0,-38.84400496543494,49.86199811579323,-88.70600308122818,1835.4,1858.6,-23.199999999999818,-2,-2,0,1.8285714285714285,1.6,0.22857142857142843,1.0857142857142856,0.7714285714285715,0.31428571428571417,0.3,0.55,-0.25000000000000006,0.55,0.45,0.10000000000000003,1,1
Paraguay,South Africa,160,38,-1.0,-0.19999999999999996,1.5999999999999999,399.7600000000002,12.4,0,0,0.5,412.1600000000002,0.05326002920711281,222.89,0,0,-8.934626145861678,25.76403634730959,-34.69866249317127,1836.2,1743.0,93.20000000000005,10,-6,0,1.4285714285714286,1.0,0.4285714285714286,1.7142857142857142,0.7714285714285715,0.9428571428571427,0.3,0.55,-0.25000000000000006,0.55,0.25,0.30000000000000004,2,2
Spain,Slovenia,469,65,-0.20000000000000018,0.6000000000000001,0.0,645.94,10.450000000000001,0,0,1.0,656.39,0.12226222247774432,578.4100000000001,0,0,-9.380183419544155,62.93293462769215,-72.3131180472363,1649.4,1681.8,-32.399999999999864,-4,-3,0,2.0,1.3428571428571427,0.6571428571428573,0.8285714285714286,0.7428571428571429,0.08571428571428574,0.35,0.4,-0.050000000000000044,0.55,0.5,0.050000000000000044,3,1
Brazil,Turkey,99,9,1.2000000000000002,1.6,0.0,698.31,-59.06,-100.0,0,0.5,539.2499999999999,-0.057657372820197006,383.99,2,0,3.8902773707868397,-12.923552232035515,16.813829602822356,1682.4,1798.4,-116.0,6,2,0,2.6285714285714286,1.3714285714285714,1.2571428571428571,0.6857142857142857,0.7714285714285715,-0.08571428571428574,0.5,0.5,0.0,0.4,0.3,0.10000000000000003,2,1
Croatia,Mexico,33,7,-0.5999999999999999,-0.8,-0.39999999999999997,110.00999999999996,32.5,1.87,0,0.5,144.38,0.16993638591651172,94.23000000000002,0,0,-16.465932925085518,12.894103124710421,-29.360036049795937,1645.2,1683.2,-38.0,-8,-8,0,1.2857142857142858,1.8857142857142857,-0.5999999999999999,0.5428571428571428,0.8857142857142857,-0.34285714285714286,0.55,0.45,0.10000000000000003,0.35,0.45,-0.10000000000000003,0,1
Italy,Ecuador,-77,-11,0.20000000000000018,0.19999999999999996,0.4,-53.440000000000055,-98.59,37.39,0,0.5,-114.6400000000001,-0.13333434697744206,118.05000000000001,0,0,33.89475568308677,-14.968648020958238,48.86340370404501,1882.0,1711.4,170.5999999999999,-10,-4,0,1.2285714285714286,1.0857142857142856,0.14285714285714302,0.5714285714285714,0.45714285714285713,0.11428571428571427,0.6,0.55,0.04999999999999993,0.35,0.3,0.04999999999999999,2,0
China PR,Costa Rica,-139,-40,0.0,0.0,-0.19999999999999996,-201.68999999999994,57.830000000000005,0,0,0.5,-143.85999999999993,0.08652733780133615,-92.49000000000001,0,0,69.9776360397562,49.090530846514554,20.887105193241652,1824.8,1858.2,-33.40000000000009,-3,6,0,1.6285714285714286,1.3142857142857143,0.3142857142857143,0.6857142857142857,1.0857142857142856,-0.3999999999999999,0.55,0.35,0.20000000000000007,0.3,0.5,-0.2,0,2
Japan,Belgium,77,10,-0.6000000000000001,0.0,0.6,-279.99000000000007,1.9499999999999997,8.16,0,0.5,-269.88000000000017,0.013537524181259197,-234.69,0,0,-29.86182885079572,18.032740321475497,-47.89456917227122,1743.8,1827.4,-83.60000000000014,-10,-4,0,1.4857142857142858,1.4857142857142858,0.0,1.1714285714285715,0.7714285714285715,0.4,0.2,0.4,-0.2,0.55,0.45,0.10000000000000003,2,2
South Korea,Poland,145,25,-0.19999999999999996,0.19999999999999996,-0.19999999999999996,-82.55999999999997,-8.73,3.47,0,0.5,-87.81999999999996,-0.04328235800540492,-94.55999999999999,0,0,5.003862654804569,-10.764840725810064,15.768703380614632,1813.4,1571.6,241.80000000000018,-10,-1,0,1.3142857142857143,1.6571428571428573,-0.34285714285714297,0.8857142857142857,1.0571428571428572,-0.17142857142857149,0.45,0.35,0.10000000000000003,0.45,0.6,-0.14999999999999997,2,0
Germany,Republic of Ireland,258,48,-0.19999999999999996,2.4000000000000004,0.0,483.50000000000006,-6.53,-11.43,0,0.5,465.5400000000001,-0.015285001736581982,393.60999999999996,0,0,-13.116219844568406,67.16838770495976,-80.28460754952816,1746.6,1804.6,-58.0,-2,1,0,3.2857142857142856,1.9142857142857144,1.3714285714285712,1.0571428571428572,0.7142857142857143,0.34285714285714286,0.3,0.5,-0.2,0.55,0.45,0.10000000000000003,1,1
Russia,Tunisia,77,11,0.0,0.39999999999999997,0.6,90.85999999999999,-49.339999999999996,0,0,0.5,41.51999999999998,-0.20053649813038532,-106.69999999999999,0,0,-32.44990932169185,-26.48966205539184,-5.960247266300009,1661.0,1831.0,-170.0,0,-15,0,1.3142857142857143,1.4,-0.08571428571428563,0.8571428571428571,0.8285714285714286,0.02857142857142847,0.5,0.45,0.04999999999999999,0.45,0.35,0.10000000000000003,2,0
United States,Portugal,-107,-17,-0.40000000000000013,0.0,0.40000000000000013,-737.5299999999999,-8.56,-7.8,1,0.5,-753.8899999999999,-0.09915151515151521,-537.1800000000001,0,0,-20.969364622875215,-7.327733186808959,-13.641631436066255,1832.8,1744.6,88.20000000000005,6,1,0,1.4285714285714286,2.8,-1.3714285714285712,1.1714285714285715,1.0857142857142856,0.08571428571428585,0.4,0.3,0.10000000000000003,0.35,0.65,-0.30000000000000004,3,2
Cameroon,Saudi Arabia,4,6,-1.0,-0.19999999999999996,-1.4,-46.21000000000001,33.17,0,0,0.5,-13.04000000000002,0.09369614249885672,-9.230000000000018,0,0,55.950204734137635,2.1254506449339363,53.8247540892037,1887.2,1741.8,145.4000000000001,-4,2,0,1.2857142857142858,1.3142857142857143,-0.02857142857142847,0.7428571428571429,1.8,-1.0571428571428572,0.65,0.25,0.4,0.3,0.4,-0.10000000000000003,1,0
Denmark,Senegal,-38,-8,0.3999999999999999,0.6000000000000001,0.5999999999999999,-10.009999999999962,73.41,0,0,0.5,63.400000000000034,0.28687609695328975,-6.289999999999964,0,0,20.430082275246352,32.77308703627966,-12.34300476103331,1714.8,1814.6,-99.79999999999995,0,-11,0,1.9142857142857144,1.2857142857142858,0.6285714285714286,0.9142857142857143,0.5714285714285714,0.34285714285714286,0.3,0.7,-0.39999999999999997,0.6,0.2,0.39999999999999997,1,1
France,Uruguay,181,16,0.0,0.40000000000000013,-0.19999999999999996,1004.4199999999998,-113.74000000000001,-116.45,0,0.5,774.2299999999999,-0.06963454958104509,628.11,2,0,-41.05833399288995,-22.543882338215504,-18.514451654674446,1834.0,1686.2,147.79999999999995,-20,-14,0,1.8857142857142857,1.3142857142857143,0.5714285714285714,0.8857142857142857,1.0571428571428572,-0.17142857142857149,0.4,0.35,0.050000000000000044,0.55,0.5,0.050000000000000044,0,0
Argentina,England,37,1,0.6000000000000001,-0.6000000000000001,-0.3999999999999999,-690.6500000000003,282.0,180.0,0,0.3333333333333333,-228.65000000000032,0.29432844900029587,-203.38,-4,0,9.318385463500253,-34.00986633709484,43.3282518005951,1814.8,1786.6,28.200000000000045,10,7,0,1.7714285714285714,1.8285714285714285,-0.05714285714285716,0.8,1.0,-0.19999999999999996,0.45,0.3,0.15000000000000002,0.55,0.55,0.0,0,1
Spain,Paraguay,319,30,0.8,0.6000000000000001,-1.4,197.42999999999984,-15.49,0,0,0.5,181.93999999999983,-0.018662425753906642,368.15000000000003,0,0,-15.721630664415533,-20.359004090399804,4.63737342598427,1801.2,1781.2,20.0,-10,-6,0,2.085714285714286,1.542857142857143,0.5428571428571429,0.8571428571428571,1.7714285714285714,-0.9142857142857143,0.35,0.25,0.09999999999999998,0.55,0.6,-0.04999999999999993,3,1
Sweden,Nigeria,-138,-26,-1.2,-0.8,0.19999999999999996,-431.80999999999983,111.28,8.51,0,0.5,-312.0199999999998,0.1993753151461446,-69.25999999999999,0,0,48.16040883138098,10.014123168855294,38.146285662525685,1914.0,1759.4,154.5999999999999,0,-15,0,1.5142857142857142,1.457142857142857,0.05714285714285716,0.7428571428571429,0.6571428571428571,0.08571428571428574,0.55,0.55,0.0,0.45,0.4,0.04999999999999999,2,1
Brazil,China PR,449,99,2.4,2.2,-0.7999999999999999,1101.46,-109.75,-100.0,0,0.5,891.7099999999999,-0.014596897276996756,768.28,2,0,7.559214611622391,51.92843557367585,-44.36922096205346,1751.2,1829.2,-78.0,4,-5,0,2.4,1.457142857142857,0.9428571428571428,0.7428571428571429,0.8,-0.05714285714285716,0.45,0.55,-0.10000000000000003,0.45,0.25,0.2,4,0
Italy,Croatia,-35,-8,0.3999999999999999,0.3999999999999999,0.39999999999999997,189.97000000000003,-129.04,0,0,0.5,60.93000000000001,-0.2485712530168087,172.51999999999998,0,0,41.01366617975042,-22.431242028452097,63.44490820820252,1879.4,1644.8,234.60000000000014,0,6,0,1.2857142857142858,1.1428571428571428,0.14285714285714302,0.5428571428571428,0.5142857142857142,0.02857142857142858,0.6,0.55,0.04999999999999993,0.35,0.3,0.04999999999999999,1,2
South Africa,Slovenia,-10,-3,0.6000000000000001,0.3999999999999999,-0.4,48.75,13.540000000000001,0,0,0.5,62.28999999999999,0.08766461902453815,-12.63000000000001,0,0,31.186910590630617,46.21041079191865,-15.02350020128803,1780.0,1788.4,-8.400000000000091,-4,9,0,1.0571428571428572,1.3428571428571427,-0.2857142857142856,0.8285714285714286,0.9714285714285714,-0.1428571428571428,0.5,0.35,0.15000000000000002,0.3,0.55,-0.25000000000000006,1,0
Costa Rica,Turkey,-211,-50,0.0,0.20000000000000007,0.19999999999999996,-201.4600000000001,-7.140000000000001,0,0,0.5,-208.6000000000001,-0.1295878133445364,-291.79999999999995,0,0,44.80149747849505,-20.608988995752263,65.4104864742473,1827.0,1830.4,-3.400000000000091,5,1,0,1.3714285714285714,1.2285714285714286,0.1428571428571428,0.9142857142857143,0.9142857142857143,0.0,0.4,0.45,-0.04999999999999999,0.45,0.35,0.10000000000000003,1,1
Japan,Russia,151,24,0.0,0.19999999999999996,0.5999999999999999,13.950000000000045,46.739999999999995,0,0,0.5,60.690000000000026,0.19053611350020716,120.00999999999999,0,0,-27.258402738663364,-23.201299041609012,-4.057103697054352,1770.8,1664.4,106.39999999999986,-10,-1,0,1.6285714285714286,1.457142857142857,0.17142857142857149,1.2857142857142858,0.8,0.48571428571428577,0.2,0.5,-0.3,0.6,0.45,0.14999999999999997,1,0
Mexico,Ecuador,-75,-10,1.6,1.0,-0.39999999999999997,-353.4200000000001,-2.049999999999997,35.52,1,1.0,-319.9500000000001,-0.054699479877145074,-148.7,0,0,20.7469496979877,-31.127681292464114,51.87463099045181,1711.4,1712.0,-0.599999999999909,-2,-2,0,1.7714285714285714,0.9142857142857143,0.8571428571428571,0.7428571428571429,0.5714285714285714,0.17142857142857149,0.5,0.5,0.0,0.4,0.3,0.10000000000000003,2,1
South Korea,United States,7,3,-0.19999999999999996,-0.40000000000000013,-0.3999999999999999,-15.01000000000002,-0.16999999999999993,7.8,0,1.0,-7.3799999999999955,0.040947634892831375,-14.929999999999993,0,0,1.2584100215562746,-1.1536183421911073,2.412028363747382,1820.2,1833.0,-12.799999999999955,-16,-7,0,1.3714285714285714,1.6,-0.22857142857142865,0.8571428571428571,1.1714285714285715,-0.3142857142857144,0.5,0.4,0.09999999999999998,0.4,0.35,0.050000000000000044,1,1
Portugal,Poland,245,39,-0.19999999999999996,0.19999999999999996,0.40000000000000013,669.9799999999999,0,3.47,0,0.5,673.4499999999999,0.014921522253278918,457.55,0,0,-20.77173882296797,-12.350181765229589,-8.42155705773838,1798.6,1664.0,134.5999999999999,0,5,0,2.6285714285714286,1.4857142857142858,1.1428571428571428,1.2571428571428571,1.1428571428571428,0.11428571428571432,0.3,0.35,-0.04999999999999999,0.65,0.55,0.09999999999999998,4,0
Tunisia,Belgium,-151,-25,-1.4,-1.0,0.19999999999999996,-384.80000000000007,4.55,8.16,0,0.5,-372.09000000000015,0.023537908811437358,-248.0,0,0,-31.03752802648114,38.23712897199364,-69.27465699847478,1812.8,1835.0,-22.200000000000045,0,12,0,1.2571428571428571,1.6,-0.34285714285714297,0.8857142857142857,0.7714285714285715,0.11428571428571421,0.45,0.4,0.04999999999999999,0.3,0.5,-0.2,1,1
Cameroon,Germany,-251,-41,-0.8,-3.4000000000000004,0.19999999999999996,-542.5500000000001,-36.129999999999995,15.0,0,0.5,-563.6800000000001,-0.17895560698761015,-447.66999999999996,0,0,53.30109893258009,-10.649431966666437,63.95053089924653,1816.2,1675.0,141.20000000000005,0,9,0,1.2571428571428571,3.342857142857143,-2.085714285714286,0.6857142857142857,1.1142857142857143,-0.4285714285714286,0.65,0.25,0.4,0.3,0.6,-0.3,0,2
Denmark,France,-214,-23,1.6,1.2,0.0,-929.4499999999998,123.96000000000001,125.0,0,0.0,-680.4899999999999,0.19147008062838244,-560.65,-2,0,27.91238604557366,-50.35977952166669,78.27216556724035,1751.8,1853.2,-101.40000000000009,10,7,0,1.9142857142857144,1.6571428571428573,0.2571428571428571,0.8571428571428571,0.8571428571428571,0.0,0.3,0.45,-0.15000000000000002,0.6,0.5,0.09999999999999998,2,0
Saudi Arabia,Republic of Ireland,3,1,0.19999999999999996,-0.20000000000000018,1.6,-12.840000000000032,-75.83,3.57,0,0.5,-85.10000000000002,-0.28793675122304885,-44.829999999999984,0,0,-13.131868030055408,68.49376275307506,-81.62563078313048,1815.4,1837.4,-22.0,2,8,0,1.1714285714285715,1.8571428571428572,-0.6857142857142857,1.7428571428571429,0.6857142857142857,1.0571428571428572,0.25,0.5,-0.25,0.35,0.45,-0.10000000000000003,0,3
Senegal,Uruguay,5,1,0.6000000000000001,0.19999999999999996,0.0,84.98000000000002,-63.18999999999999,8.55,0,0.5,30.340000000000032,-0.1650405659059524,73.75,0,0,23.225549072352727,-22.47702613743167,45.7025752097844,1842.6,1727.4,115.19999999999982,-10,4,0,1.2571428571428571,1.2285714285714286,0.02857142857142847,0.6571428571428571,0.9428571428571428,-0.2857142857142857,0.65,0.4,0.25,0.25,0.45,-0.2,3,3
Nigeria,England,-178,-22,0.0,-0.19999999999999996,0.19999999999999996,-833.3100000000004,221.26999999999998,171.49,0,0.5,-440.5500000000004,0.1512327533351714,-506.56,-4,0,0.23403986072219185,-31.155258370906587,31.38929823162878,1735.0,1827.2,-92.20000000000005,2,17,0,1.457142857142857,1.7142857142857142,-0.2571428571428571,0.8,0.8857142857142857,-0.08571428571428563,0.5,0.35,0.15000000000000002,0.45,0.5,-0.04999999999999999,0,0
Slovenia,Paraguay,-150,-35,0.3999999999999999,-0.3999999999999999,-1.4000000000000001,-448.5100000000002,-25.94,0,0,0.5,-474.45000000000016,-0.14092464823165096,-210.26,0,0,37.74417903489754,-17.483902608549215,55.22808164344676,1799.2,1872.4,-73.20000000000005,-6,-3,0,1.2285714285714286,1.542857142857143,-0.3142857142857143,0.9714285714285714,1.8285714285714285,-0.8571428571428571,0.3,0.25,0.04999999999999999,0.55,0.6,-0.04999999999999993,1,3
South Africa,Spain,-479,-68,0.6000000000000001,-0.7999999999999998,-0.4,-597.19,3.09,0,0,0.5,-594.1,-0.03459760345320617,-591.0400000000001,0,0,43.490219191750825,-17.755946924458907,61.246166116209736,1729.0,1795.2,-66.20000000000005,0,12,0,1.1428571428571428,2.1714285714285713,-1.0285714285714285,0.8,0.8571428571428571,-0.05714285714285705,0.55,0.35,0.20000000000000007,0.3,0.55,-0.25000000000000006,2,3
Sweden,Argentina,-353,-49,-0.40000000000000013,0.0,0.19999999999999996,-574.4699999999999,50.55,0,0,0.5,-523.92,0.056279619481020116,-372.44,0,0,55.80963853319455,-8.522570614961829,64.33220914815638,1904.6,1843.0,61.59999999999991,-8,-5,0,1.5714285714285714,1.6,-0.028571428571428692,0.7714285714285715,0.8571428571428571,-0.08571428571428563,0.5,0.4,0.09999999999999998,0.5,0.55,-0.050000000000000044,1,1
Costa Rica,Brazil,-310,-59,-1.8,-1.9999999999999998,0.6,-899.77,51.92,100.0,0,0.5,-747.85,-0.07193044052433939,-675.79,-2,0,40.59777825083816,25.94227871842742,14.65549953241074,1816.2,1709.6,106.60000000000014,-1,-1,0,1.2857142857142858,2.657142857142857,-1.3714285714285712,0.8857142857142857,0.6571428571428571,0.22857142857142854,0.4,0.45,-0.04999999999999999,0.45,0.45,0.0,2,5
Ecuador,Croatia,42,3,-1.2,-0.7999999999999999,0.6,243.41000000000008,-30.450000000000003,-37.39,0,0.5,175.5700000000001,-0.11523690603936665,54.46999999999997,0,0,-41.76783369508218,-10.475568828516721,-31.29226486656546,1798.6,1731.0,67.59999999999991,10,10,0,0.8285714285714286,1.3142857142857143,-0.48571428571428565,0.6857142857142857,0.5428571428571428,0.1428571428571429,0.5,0.55,-0.050000000000000044,0.3,0.35,-0.04999999999999999,1,0
Mexico,Italy,2,1,1.6,0.19999999999999996,-0.6,-299.98,96.54,-1.87,1,0.5,-205.31,0.07863486710029699,-266.75,0,0,37.5678479600272,27.480451506356516,10.087396453670685,1771.6,1887.0,-115.40000000000009,8,2,0,1.7142857142857142,1.2857142857142858,0.4285714285714284,0.8285714285714286,0.6857142857142857,0.1428571428571429,0.45,0.55,-0.10000000000000003,0.45,0.4,0.04999999999999999,1,1
Turkey,China PR,350,90,0.8,0.8,-1.0,403.15000000000003,-50.690000000000005,0,0,0.5,352.46000000000004,0.04306047554320025,384.28999999999996,0,0,-30.389313886877844,47.28002437402657,-77.66933826090441,1780.0,1869.6,-89.59999999999991,-2,-7,0,1.2571428571428571,1.1428571428571428,0.11428571428571432,0.9428571428571428,1.0571428571428572,-0.11428571428571432,0.45,0.55,-0.10000000000000003,0.35,0.2,0.14999999999999997,3,0
Belgium,Russia,74,14,0.6000000000000001,0.3999999999999999,0.20000000000000007,293.9400000000001,44.79,-8.16,0,0.5,330.57000000000016,0.17699858931894796,354.7,0,0,26.517119560519838,-15.863851239736814,42.38097080025665,1844.6,1785.6,59.0,0,3,0,1.6,1.3714285714285714,0.22857142857142865,0.7714285714285715,0.7714285714285715,0.0,0.4,0.45,-0.04999999999999999,0.55,0.45,0.10000000000000003,3,2
Japan,Tunisia,228,35,0.7999999999999999,0.6,0.19999999999999996,104.81000000000003,-2.6,0,0,0.5,102.21000000000001,-0.01000038463017816,13.310000000000002,0,0,-28.130112766990617,-29.965427317453187,1.83531455046257,1786.8,1814.6,-27.799999999999955,-10,-16,0,1.4857142857142858,0.9714285714285714,0.5142857142857143,1.2571428571428571,0.9142857142857143,0.34285714285714286,0.25,0.4,-0.15000000000000002,0.55,0.35,0.20000000000000007,2,0
South Korea,Portugal,-100,-14,0.20000000000000018,0.0,-0.40000000000000013,-752.5399999999998,-8.73,0,0,0.5,-761.2699999999999,-0.05820388025868384,-552.11,0,0,10.453267482929466,-17.20352992327762,27.656797406207087,1882.4,1712.2,170.20000000000005,-10,-6,0,1.4,2.7142857142857144,-1.3142857142857145,0.8857142857142857,1.2,-0.3142857142857143,0.45,0.35,0.10000000000000003,0.45,0.6,-0.14999999999999997,1,0
Poland,United States,-138,-22,-1.4,-1.8000000000000003,0.8,67.54999999999995,8.56,4.33,0,0.5,80.43999999999997,0.0842299928982363,79.63,0,0,-31.32011124884955,8.846381657808893,-40.16649290665844,1739.0,1864.8,-125.79999999999995,-6,-6,0,1.2,1.6,-0.40000000000000013,1.4285714285714286,1.1428571428571428,0.2857142857142858,0.35,0.4,-0.050000000000000044,0.5,0.35,0.15000000000000002,3,1
Denmark,England,-174,-21,1.2000000000000002,0.8,0.0,-1147.4900000000002,328.65,180.0,0,0.5,-638.8400000000003,0.3439259047682329,-573.65,-4,0,41.7844732481485,-37.78840436554384,79.57287761369234,1846.0,1830.4,15.599999999999909,2,2,0,1.9142857142857144,1.542857142857143,0.37142857142857144,0.8,0.8571428571428571,-0.05714285714285705,0.35,0.4,-0.050000000000000044,0.55,0.5,0.050000000000000044,0,3
Germany,Paraguay,131,23,0.6000000000000001,1.7999999999999998,-1.4000000000000001,115.31999999999994,-6.53,-15.0,0,0.5,93.78999999999996,-0.02878727102553813,278.85999999999996,0,0,-1.133057176419758,-17.800837713738957,16.6677805373192,1725.2,1839.2,-114.0,-8,-5,0,3.257142857142857,1.5714285714285714,1.6857142857142857,1.0285714285714285,1.8285714285714285,-0.8,0.3,0.25,0.04999999999999999,0.55,0.6,-0.04999999999999993,1,0
Spain,Republic of Ireland,446,55,0.7999999999999998,1.1999999999999997,0.0,565.6099999999999,-15.49,3.57,0,0.5,553.6899999999999,-0.005160156464950494,482.90000000000003,0,0,-17.311436902609525,62.43162391475066,-79.74306081736019,1736.8,1808.6,-71.79999999999995,-4,0,0,2.257142857142857,1.9428571428571428,0.3142857142857143,0.9142857142857143,0.6285714285714286,0.2857142857142857,0.35,0.55,-0.20000000000000007,0.55,0.4,0.15000000000000002,1,1
Sweden,Senegal,-180,-35,-0.40000000000000013,-0.40000000000000013,-0.19999999999999996,-127.63999999999996,77.30999999999999,0,0,0.5,-50.32999999999997,0.2935582606663728,-8.45999999999998,0,0,48.597417522662134,20.775803767994987,27.821613754667148,1934.8,1880.6,54.200000000000045,0,-11,0,1.5714285714285714,1.4285714285714286,0.1428571428571428,0.8,0.8571428571428571,-0.05714285714285705,0.5,0.65,-0.15000000000000002,0.5,0.3,0.2,1,2
Brazil,Belgium,122,15,0.7999999999999998,1.8,-0.3999999999999999,620.0899999999998,-115.46000000000001,-91.84,0,0.5,412.78999999999974,-0.1661144397537354,364.99,2,0,25.998497563997887,43.78649556379855,-17.787997999800666,1653.8,1835.4,-181.60000000000014,8,5,0,2.914285714285714,1.7714285714285714,1.1428571428571428,0.7714285714285715,0.8857142857142857,-0.11428571428571421,0.45,0.4,0.04999999999999999,0.45,0.55,-0.10000000000000003,2,0
Mexico,United States,5,2,1.2000000000000002,-0.6000000000000001,-1.0,45.00000000000003,-27.769999999999996,5.93,1,0.3333333333333333,23.160000000000025,-0.0827532467532468,36.24000000000001,0,0,35.5746520544346,4.984565489333434,30.590086565101167,1857.8,1831.6,26.200000000000045,0,0,0,1.6285714285714286,1.6,0.02857142857142847,0.8857142857142857,1.3428571428571427,-0.4571428571428571,0.4,0.35,0.050000000000000044,0.5,0.4,0.09999999999999998,0,2
Japan,Turkey,54,4,0.20000000000000018,-0.19999999999999996,0.19999999999999996,-201.76999999999998,58.35,0,0,0.5,-143.42000000000002,0.1219945911147976,-215.69,0,0,-12.178674555102468,-13.141471690515973,0.9627971354135045,1794.2,1716.4,77.79999999999995,-12,-7,0,1.5142857142857142,1.457142857142857,0.05714285714285716,1.1428571428571428,0.8857142857142857,0.2571428571428571,0.3,0.45,-0.15000000000000002,0.5,0.35,0.15000000000000002,0,1
South Korea,Italy,4,2,0.6000000000000001,0.3999999999999999,0.0,-359.99,124.14,0,0,0.5,-235.85000000000002,0.20233574874637517,-317.92,0,0,27.128325807426474,36.837300801213004,-9.70897499378653,1917.4,1854.2,63.200000000000045,-8,-5,0,1.3142857142857143,1.2857142857142858,0.02857142857142847,0.8285714285714286,0.6857142857142857,0.1428571428571429,0.5,0.55,-0.050000000000000044,0.4,0.4,0.0,2,1
England,Brazil,31,1,-1.2,-2.0,0.0,232.40000000000032,-214.99,-80.0,0,0.3333333333333333,-62.58999999999969,-0.18019403950781976,-34.0,2,0,-25.790883209290673,29.60500729362479,-55.395890502915464,1828.0,1700.4,127.59999999999991,-10,-7,0,1.7142857142857142,2.742857142857143,-1.0285714285714287,0.7714285714285715,0.6571428571428571,0.11428571428571432,0.4,0.5,-0.09999999999999998,0.5,0.4,0.09999999999999998,1,2
Germany,United States,106,16,1.2000000000000002,2.2,-1.0,582.9000000000001,2.0300000000000002,-7.2,0,1.0,577.7300000000001,0.07036424412597708,468.72999999999996,0,0,0.9660640487992516,10.001157563661017,-9.035093514861765,1749.4,1863.6,-114.19999999999982,-6,-3,0,3.2285714285714286,1.5142857142857142,1.7142857142857144,0.9428571428571428,1.3428571428571427,-0.3999999999999999,0.35,0.35,0.0,0.55,0.4,0.15000000000000002,1,0
South Korea,Spain,-287,-20,-0.6000000000000001,-1.4,0.0,-680.02,6.76,0,0,0.5,-673.26,-0.039541454504777196,-572.95,0,0,34.94273179716729,-16.668957642760393,51.61168943992769,1884.2,1687.0,197.20000000000005,-8,-3,0,1.4,2.2857142857142856,-0.8857142857142857,0.8857142857142857,0.8285714285714286,0.05714285714285705,0.45,0.35,0.10000000000000003,0.45,0.55,-0.10000000000000003,0,0
Senegal,Turkey,-6,-3,0.8000000000000003,0.40000000000000013,0.0,-206.77000000000007,-18.809999999999988,0,0,0.5,-225.58000000000007,-0.1808016045130736,-217.37,0,0,30.504387974037336,-2.1208897267678672,32.6252777008052,1881.0,1760.6,120.40000000000009,-2,8,0,1.542857142857143,1.4,0.14285714285714302,0.8571428571428571,0.7714285714285715,0.08571428571428563,0.6,0.5,0.09999999999999998,0.35,0.35,0.0,0,1
South Korea,Germany,-99,-13,-0.3999999999999999,-1.4000000000000001,0.2,-597.9100000000001,-2.2,15.0,0,0.5,-585.1100000000001,-0.029416609233145707,-483.65999999999997,0,0,40.80779969861113,5.85993698391622,34.94786271469491,1901.2,1753.8,147.4000000000001,-10,-4,0,1.3428571428571427,2.8857142857142857,-1.542857142857143,0.6571428571428571,0.8285714285714286,-0.17142857142857149,0.5,0.4,0.09999999999999998,0.45,0.5,-0.04999999999999999,0,1
Brazil,Turkey,99,9,1.0,1.6,0.20000000000000007,698.31,-59.06,-100.0,0,1.0,539.2499999999999,-0.057657372820197006,383.99,2,0,37.278405112338454,-0.5556659756075213,37.83407108794597,1796.2,1804.2,-8.0,6,2,0,2.7714285714285714,1.457142857142857,1.3142857142857143,0.7142857142857143,0.7142857142857143,0.0,0.5,0.5,0.0,0.45,0.35,0.10000000000000003,1,0
South Korea,Turkey,-32,-7,-0.3999999999999999,-0.3999999999999999,0.19999999999999996,-311.7700000000001,52.22,0,0,0.3333333333333333,-259.55000000000007,0.07379109548629192,-308.37,0,0,28.32244989165941,-16.043010525791022,44.365460417450436,1950.0,1804.2,145.79999999999995,-12,-7,0,1.1714285714285715,1.2571428571428571,-0.08571428571428563,0.6857142857142857,0.7142857142857143,-0.02857142857142858,0.5,0.5,0.0,0.4,0.3,0.10000000000000003,2,3
Germany,Brazil,-32,-3,-0.3999999999999999,-1.5999999999999999,-0.39999999999999997,-412.16999999999985,113.48,85.0,0,0.5,-213.68999999999983,0.16086507753963464,-208.70000000000005,-2,0,6.044842266687833,43.05527223157316,-37.01042996488533,1785.0,1796.2,-11.200000000000045,-8,-5,0,2.5142857142857142,2.6,-0.08571428571428585,0.7142857142857143,0.6285714285714286,0.08571428571428574,0.45,0.55,-0.10000000000000003,0.45,0.4,0.04999999999999999,0,2
Portugal,Greece,215,34,-0.19999999999999996,1.2000000000000002,0.19999999999999996,763.5199999999999,0,18.88,1,0.3333333333333333,782.3999999999999,0.13581756708150494,527.2,0,0,-14.658244801962377,33.139427354120784,-47.79767215608316,1645.8,1575.0,70.79999999999995,5,2,0,2.2285714285714286,1.1142857142857143,1.1142857142857143,1.0857142857142856,0.8,0.2857142857142856,0.4,0.55,-0.15000000000000002,0.5,0.25,0.25,1,2
Spain,Russia,352,33,1.4000000000000001,1.4,-0.6,583.97,33.849999999999994,0,1,0.5,617.8199999999999,0.18187407237647868,600.28,0,0,3.3917083965831623,-5.306507289354452,8.698215685937615,1670.4,1710.6,-40.19999999999982,0,4,0,2.2,1.5142857142857142,0.6857142857142859,0.42857142857142855,1.2285714285714286,-0.8,0.6,0.2,0.39999999999999997,0.35,0.7,-0.35,1,0
France,England,40,2,1.2000000000000002,-0.6000000000000001,-1.4,-218.04000000000042,204.69,55.0,1,0.3333333333333333,41.649999999999636,0.15245582413985048,-13.0,-2,0,18.559258286446244,-28.006278002254987,46.56553628870123,1719.2,1796.6,-77.39999999999986,-10,-7,0,2.257142857142857,1.8857142857142857,0.37142857142857144,0.2,1.0857142857142856,-0.8857142857142857,0.75,0.25,0.5,0.15,0.7,-0.5499999999999999,2,1
Switzerland,Croatia,0,-1,-0.8,-0.5999999999999999,0.19999999999999996,-70.01000000000005,1.5100000000000002,-2.65,1,0.5,-71.15000000000006,-0.007911624011749718,-56.83000000000001,0,0,-37.00276154072055,-2.3448184447789355,-34.65794309594161,1651.6,1781.6,-130.0,-1,-3,0,1.3142857142857143,1.3714285714285714,-0.05714285714285716,1.542857142857143,0.8285714285714286,0.7142857142857143,0.15,0.55,-0.4,0.65,0.4,0.25,0,0
Denmark,Italy,-8,-2,-0.8000000000000003,-0.6000000000000001,0.8,-265.0,126.52000000000001,0,1,0.5,-138.48,0.2346191457002994,-233.20999999999998,0,0,-5.000668308062107,29.543629488513687,-34.54429779657579,1832.0,1829.4,2.599999999999909,2,-1,0,1.542857142857143,1.8857142857142857,-0.34285714285714275,1.2,0.7428571428571429,0.4571428571428571,0.4,0.5,-0.09999999999999998,0.45,0.45,0.0,0,0
Sweden,Bulgaria,281,163,0.6000000000000001,0.6000000000000001,-0.19999999999999996,41.24000000000001,1.19,0,1,0.5,42.43000000000001,0.02303319358913869,149.24,0,0,2.6764168959713235,60.7559166143193,-58.079499718347975,1757.8,1763.2,-5.400000000000091,4,7,0,1.8571428571428572,1.542857142857143,0.3142857142857143,1.0857142857142856,0.9428571428571428,0.1428571428571428,0.3,0.5,-0.2,0.55,0.3,0.25000000000000006,5,0
Czech Republic,Latvia,444,213,0.3999999999999999,1.0,0.19999999999999996,142.18999999999994,0.56,0,1,0.5,142.74999999999994,0.06047516198704106,129.95000000000002,0,0,38.53896395598024,81.2759183310162,-42.73695437503596,1648.6,1519.0,129.5999999999999,4,5,0,2.5714285714285716,0.9428571428571428,1.6285714285714288,0.9428571428571428,1.0571428571428572,-0.11428571428571432,0.45,0.45,0.0,0.5,0.3,0.2,2,1
Germany,Netherlands,9,1,0.40000000000000013,1.2000000000000002,0.9999999999999999,107.88999999999987,-2.8200000000000003,-15.0,1,0.0,90.06999999999994,-0.02299048660029468,59.620000000000005,0,0,-18.12323301367808,-36.552597498226646,18.429364484548564,1668.6,1750.0,-81.40000000000009,7,3,0,1.9142857142857144,1.9142857142857144,0.0,1.2285714285714286,0.5714285714285714,0.6571428571428573,0.35,0.5,-0.15000000000000002,0.5,0.35,0.15000000000000002,1,1
Greece,Spain,-402,-40,-0.8,-1.0,0.7999999999999999,-691.0,15.49,-18.88,1,0.5,-694.39,-0.1171551413275983,-548.04,0,0,38.958984372409176,14.963845903156642,23.995138469252534,1682.0,1647.8,34.200000000000045,-5,-11,0,1.2,2.1714285714285713,-0.9714285714285713,0.8285714285714286,0.4,0.4285714285714286,0.55,0.65,-0.09999999999999998,0.3,0.3,0.0,1,1
Portugal,Russia,165,27,0.3999999999999999,1.2000000000000002,0.19999999999999996,656.4899999999998,49.339999999999996,0,1,0.5,705.8299999999998,0.20053649813038532,579.44,0,0,-25.077766281966053,-10.330808229272003,-14.74695805269405,1590.4,1798.6,-208.19999999999982,0,-5,0,2.257142857142857,1.4285714285714286,0.8285714285714285,1.1142857142857143,1.2285714285714286,-0.11428571428571432,0.4,0.2,0.2,0.5,0.65,-0.15000000000000002,2,0
Croatia,France,-171,-13,0.0,-0.19999999999999996,0.39999999999999997,-854.4199999999998,126.48,125.0,1,0.0,-602.9399999999998,0.20542218794489175,-499.96,-2,0,-2.5276460152834535,21.97245588208431,-24.500101897367763,1768.0,1749.8,18.200000000000045,8,4,0,1.2571428571428571,2.3142857142857145,-1.0571428571428574,0.7714285714285715,0.22857142857142856,0.5428571428571429,0.55,0.75,-0.19999999999999996,0.4,0.2,0.2,2,2
England,Switzerland,131,12,-0.3999999999999999,1.2000000000000002,0.3999999999999999,1142.4700000000003,-332.68,-177.35,1,0.5,632.4400000000003,-0.3499663880729925,569.79,4,0,-39.18947956588035,-34.30789483967421,-4.881584726206135,1839.4,1633.4,206.0,3,6,0,1.7714285714285714,1.2285714285714286,0.5428571428571427,1.1428571428571428,1.3142857142857143,-0.17142857142857149,0.2,0.2,0.0,0.75,0.65,0.09999999999999998,3,0
Bulgaria,Denmark,-423,-190,-0.19999999999999996,0.3999999999999999,1.2,-158.87,2.7099999999999995,0,1,0.16666666666666666,-156.16000000000003,-0.016351029876055634,-151.41000000000003,0,0,48.88576341857582,-16.480424057142464,65.36618747571828,1732.4,1798.8,-66.39999999999986,-4,-7,0,1.457142857142857,1.3714285714285714,0.08571428571428563,1.2857142857142858,1.1428571428571428,0.14285714285714302,0.5,0.4,0.09999999999999998,0.3,0.45,-0.15000000000000002,0,2
Italy,Sweden,150,29,-0.8,-0.9999999999999998,0.0,382.63,-130.42000000000002,0,1,1.0,252.20999999999998,-0.24130130941338246,235.38,0,0,16.43273458771199,14.869414039454606,1.5633205482573853,1876.2,1716.4,159.79999999999995,-2,1,0,1.8285714285714285,2.2,-0.37142857142857166,0.7142857142857143,0.9428571428571428,-0.22857142857142854,0.55,0.35,0.20000000000000007,0.45,0.5,-0.04999999999999999,1,1
Latvia,Germany,-670,-248,-0.3999999999999999,-1.4000000000000001,-0.6000000000000001,-738.6400000000001,5.970000000000001,15.0,1,0.5,-717.6700000000001,-0.03168789096150293,-606.8199999999999,0,0,81.42073393356348,-10.098410725343703,91.51914465890718,1574.2,1684.8,-110.59999999999991,-9,-10,0,1.0285714285714285,1.8857142857142857,-0.8571428571428572,1.1142857142857143,1.2857142857142858,-0.17142857142857149,0.4,0.35,0.050000000000000044,0.35,0.5,-0.15000000000000002,0,0
Netherlands,Czech Republic,217,34,-0.40000000000000013,0.0,-0.4,488.5600000000003,-3.71,0,1,0.4444444444444444,484.85000000000025,-0.005796784425243451,417.24999999999994,0,0,-20.750552494074846,38.726679296979356,-59.4772317910542,1729.4,1535.2,194.20000000000005,-2,2,0,1.8857142857142857,2.5142857142857142,-0.6285714285714286,0.5714285714285714,0.9714285714285714,-0.4,0.45,0.4,0.04999999999999999,0.4,0.55,-0.15000000000000002,2,3
Portugal,Spain,-187,-6,-0.20000000000000018,0.5999999999999999,0.6,72.51999999999987,15.49,0,1,0.16666666666666666,88.00999999999988,0.018662425753906642,-20.840000000000032,0,0,-28.01372707282676,1.6795516739363063,-29.693278746763067,1578.2,1659.2,-81.0,0,-9,0,2.2857142857142856,2.057142857142857,0.22857142857142865,1.0,0.45714285714285713,0.5428571428571429,0.45,0.6,-0.14999999999999997,0.45,0.35,0.10000000000000003,1,0
Russia,Greece,50,7,-0.9999999999999999,-0.19999999999999996,0.20000000000000018,107.03000000000006,-49.339999999999996,18.88,1,0.3333333333333333,76.57000000000005,-0.06471893104888038,-52.24000000000001,0,0,-0.6307493824240265,38.27756199097656,-38.908311373400586,1849.2,1733.2,116.0,5,7,0,1.3428571428571427,1.2,0.1428571428571428,1.3142857142857143,0.8285714285714286,0.48571428571428565,0.2,0.55,-0.35000000000000003,0.6,0.35,0.25,2,1
Croatia,England,-131,-11,0.8000000000000003,-1.0000000000000002,-0.4,-1072.4600000000003,331.17,180.0,1,0.0,-561.2900000000002,0.35787801208474224,-512.96,-4,0,12.664150212162617,-39.18947956588035,51.853629778042965,1802.0,1825.6,-23.59999999999991,-2,-3,0,1.3428571428571427,1.8857142857142857,-0.5428571428571429,0.7714285714285715,1.0285714285714285,-0.257142857142857,0.55,0.25,0.30000000000000004,0.45,0.7,-0.24999999999999994,2,4
Switzerland,France,-171,-14,-0.8000000000000003,-1.2000000000000002,0.6,-924.4299999999998,127.99000000000001,122.35,1,0.0,-674.0899999999999,0.19751056393314204,-556.79,-2,0,-44.38214339341773,17.15574505030691,-61.53788844372464,1688.8,1738.0,-49.200000000000045,7,1,0,1.1142857142857143,2.3142857142857145,-1.2000000000000002,1.457142857142857,0.37142857142857144,1.0857142857142856,0.2,0.75,-0.55,0.6,0.2,0.39999999999999997,1,3
Denmark,Sweden,142,27,-0.6000000000000001,-1.5999999999999999,-0.19999999999999996,117.63,-3.8999999999999995,0,1,0.0,113.73,-0.006682163713083056,2.170000000000016,0,0,-16.206120997074066,18.76043854389491,-34.96655954096897,1654.4,1683.2,-28.799999999999955,0,0,0,1.4857142857142858,2.1142857142857143,-0.6285714285714286,1.0,1.0285714285714285,-0.02857142857142847,0.45,0.3,0.15000000000000002,0.45,0.55,-0.10000000000000003,2,2
Italy,Bulgaria,431,192,1.0,0.40000000000000013,-1.7999999999999998,423.87,-129.23000000000002,0,1,0.5,294.64,-0.21826811582424377,384.62,0,0,6.4086865600858385,41.22179263891112,-34.81310607882528,1870.8,1753.0,117.79999999999995,2,8,0,1.6857142857142857,1.3142857142857143,0.37142857142857144,0.7428571428571429,1.3428571428571427,-0.5999999999999999,0.5,0.5,0.0,0.5,0.25,0.25,2,1
Germany,Czech Republic,226,35,-0.7999999999999998,0.0,-0.4,596.4500000000002,-6.53,-15.0,1,1.0,574.9200000000002,-0.02878727102553813,476.86999999999995,0,0,-25.056904528187317,50.54198561338561,-75.59889014157292,1619.8,1585.0,34.799999999999955,5,5,0,1.7428571428571429,2.5428571428571427,-0.7999999999999998,1.0857142857142856,1.0285714285714285,0.05714285714285716,0.4,0.4,0.0,0.45,0.55,-0.10000000000000003,1,2
Netherlands,Latvia,661,247,-0.3999999999999999,0.3999999999999999,0.3999999999999999,630.7500000000002,-3.15,0,1,0.5,627.6000000000001,0.05467837756179761,547.1999999999999,0,0,-36.66969929615874,72.67835735180458,-109.34805664796332,1727.0,1646.0,81.0,2,7,0,1.7142857142857142,0.8857142857142857,0.8285714285714285,0.8285714285714286,0.9428571428571428,-0.11428571428571421,0.4,0.45,-0.04999999999999999,0.45,0.3,0.15000000000000002,3,0
Portugal,England,-62,-3,0.3999999999999999,-0.7999999999999998,-0.6,-489.9400000000004,335.0,180.0,1,0.5555555555555556,25.059999999999604,0.3698463880729925,-106.25,-4,0,-15.726442906299742,-34.12746237201815,18.40101946571841,1666.4,1862.6,-196.19999999999982,0,-6,0,2.1142857142857143,2.142857142857143,-0.02857142857142847,0.8571428571428571,1.1142857142857143,-0.25714285714285723,0.45,0.25,0.2,0.45,0.7,-0.24999999999999994,2,2
France,Greece,317,39,1.2000000000000002,1.2,-0.19999999999999996,1035.4199999999998,-130.31,-106.12,1,0.5,798.9899999999999,-0.0815729968516371,620.45,2,0,20.62005136185634,27.64701486668964,-7.026963504833301,1718.0,1702.2,15.799999999999955,-5,1,0,2.4571428571428573,1.2,1.2571428571428573,0.42857142857142855,0.8857142857142857,-0.45714285714285713,0.75,0.5,0.25,0.2,0.4,-0.2,0,1
Sweden,Netherlands,-244,-43,0.8000000000000003,0.9999999999999998,0.0,-512.6600000000002,1.2599999999999998,0,1,0.5,-511.40000000000015,-0.013441535166433094,-341.49999999999994,0,0,12.375213974476942,-21.81265346793819,34.18786744241513,1660.8,1611.0,49.799999999999955,4,0,0,2.142857142857143,1.8857142857142857,0.2571428571428571,1.1142857142857143,0.7428571428571429,0.37142857142857144,0.3,0.45,-0.15000000000000002,0.55,0.4,0.15000000000000002,0,0
Czech Republic,Denmark,-115,-18,1.8,1.0,-0.19999999999999996,-93.53000000000009,6.35,0,1,0.4444444444444444,-87.18000000000009,0.0259204833047596,-77.92000000000002,0,0,50.71885555273425,-12.28212248189072,63.000978034624964,1587.6,1638.6,-51.0,-2,-2,0,2.4857142857142858,1.5714285714285714,0.9142857142857144,1.0571428571428572,1.1428571428571428,-0.08571428571428563,0.35,0.4,-0.050000000000000044,0.6,0.5,0.09999999999999998,3,0
Portugal,Netherlands,10,2,1.0,0.8,0.0,262.51999999999964,3.71,0,1,0.5555555555555556,266.2299999999997,0.005796784425243451,128.07000000000005,0,0,-8.457586156042805,-33.4492720070633,24.991685851020495,1792.8,1672.6,120.20000000000005,3,-7,0,2.1714285714285713,1.6,0.5714285714285712,0.9714285714285714,0.7428571428571429,0.22857142857142854,0.45,0.45,0.0,0.5,0.4,0.09999999999999998,2,1
Greece,Czech Republic,12,2,-1.0,-1.0,0.0,-12.43999999999997,0,-18.88,1,0.3333333333333333,-31.319999999999965,-0.13581756708150494,18.120000000000005,0,0,39.17488860081449,51.164847900739524,-11.989959299925033,1771.6,1672.2,99.39999999999986,-4,-7,0,1.2571428571428571,2.5142857142857142,-1.2571428571428571,0.8571428571428571,0.9714285714285714,-0.11428571428571432,0.5,0.35,0.15000000000000002,0.4,0.6,-0.19999999999999996,1,0
Portugal,Greece,215,34,0.0,0.40000000000000013,0.19999999999999996,763.5199999999999,0,18.88,1,0.16666666666666666,782.3999999999999,0.13581756708150494,527.2,0,0,0.20714165004897356,43.32658079917328,-43.119439149124304,1926.8,1934.4,-7.600000000000136,5,2,0,1.9428571428571428,1.2,0.7428571428571429,1.0,0.8,0.19999999999999996,0.45,0.55,-0.10000000000000003,0.5,0.35,0.15000000000000002,0,1
China PR,Bahrain,23,26,0.6000000000000001,0.6000000000000001,-0.6,11.940000000000019,-7.55,0,1,0.5,4.390000000000022,-0.11698817037966946,25.959999999999997,0,0,67.33563507752812,34.30072117291612,33.034913904612004,1647.6,1606.8,40.799999999999955,3,0,0,1.8285714285714285,1.7428571428571429,0.08571428571428563,0.6571428571428571,1.2857142857142858,-0.6285714285714287,0.6,0.3,0.3,0.25,0.5,-0.25,2,2
Iraq,Uzbekistan,-20,-2,-0.3999999999999999,0.20000000000000018,-0.20000000000000018,-133.77999999999992,0,3.28,1,0.6666666666666666,-130.49999999999994,0.006978524895540961,-16.42,0,0,-38.853972581739086,-28.82569961025714,-10.028272971481947,1586.6,1454.2,132.39999999999986,0,1,0,1.8571428571428572,1.6857142857142857,0.17142857142857149,1.1714285714285715,1.3428571428571427,-0.17142857142857126,0.25,0.35,-0.09999999999999998,0.6,0.55,0.04999999999999993,0,1
Qatar,Indonesia,114,29,0.3999999999999999,1.4,-0.9999999999999999,133.95000000000005,-2.3499999999999996,0.43,1,0.5,132.03000000000003,0.037439591744459544,62.30000000000001,0,0,-11.888762396623388,-45.38221570343411,33.49345330681072,1433.8,1413.4,20.399999999999864,8,12,0,1.5714285714285714,1.2,0.37142857142857144,0.9428571428571428,1.7142857142857142,-0.7714285714285714,0.35,0.45,-0.10000000000000003,0.4,0.35,0.050000000000000044,1,2
Saudi Arabia,Turkmenistan,294,167,1.4000000000000001,0.8,-2.0,188.99999999999997,-65.61,1.44,1,1.0,124.82999999999998,-0.1150579463432072,109.59,0,0,18.57162982327224,25.38820828458475,-6.81657846131251,1350.4,1519.0,-168.5999999999999,9,12,0,2.6,1.9428571428571428,0.6571428571428573,0.6857142857142857,1.3142857142857143,-0.6285714285714286,0.5,0.45,0.04999999999999999,0.3,0.3,0.0,2,2
South Korea,Jordan,166,38,0.8,0.9999999999999999,0.19999999999999996,3.599999999999966,-8.73,0,1,0.5,-5.130000000000024,-0.05820388025868384,-90.72000000000001,0,0,-24.458056396391825,7.954816459182535,-32.41287285557436,1656.8,1610.2,46.59999999999991,1,7,0,1.8857142857142857,1.2285714285714286,0.657142857142857,0.5428571428571428,0.5142857142857142,0.02857142857142858,0.55,0.6,-0.04999999999999993,0.15,0.35,-0.19999999999999998,0,0
Kuwait,United Arab Emirates,-252,-148,-0.40000000000000013,-0.20000000000000018,-0.19999999999999996,-118.34000000000003,31.549999999999997,-0.7000000000000011,1,0.5,-87.49000000000004,0.022803451782273387,-89.07999999999998,0,0,23.50814845799644,-25.049603899634953,48.557752357631394,1494.8,1473.8,21.0,-10,-2,0,1.6,1.8,-0.19999999999999996,1.2857142857142858,1.2857142857142858,0.0,0.45,0.2,0.25,0.35,0.65,-0.30000000000000004,3,1
Iran,Thailand,346,96,1.0,1.4,-1.2000000000000002,439.31000000000006,-10.780000000000001,-5.62,1,0.5555555555555556,422.91,0.014784541082364155,393.13,0,0,-7.505170381405755,6.867448526125349,-14.372618907531104,1466.4,1510.8,-44.399999999999864,0,1,0,2.3714285714285714,1.457142857142857,0.9142857142857144,0.7714285714285715,1.3428571428571427,-0.5714285714285713,0.4,0.3,0.10000000000000003,0.45,0.45,0.0,3,0
Japan,Oman,339,72,-0.3999999999999999,-1.0,0.6,76.42000000000002,8.360000000000001,0,1,1.0,84.78,0.04970436015382795,88.87,0,0,-2.740869425067923,29.265259937823416,-32.006129362891336,1654.6,1360.8,293.79999999999995,-10,-7,0,1.9714285714285715,3.1142857142857143,-1.1428571428571428,0.8285714285714286,0.8857142857142857,-0.05714285714285705,0.45,0.4,0.04999999999999999,0.35,0.4,-0.050000000000000044,1,0
Bahrain,Qatar,-140,-59,0.6000000000000001,0.19999999999999973,0.6,-118.95000000000005,1.13,0,1,0.5833333333333334,-117.82000000000004,-0.034881675305318494,-101.14,0,0,41.13702600230968,-28.047246784025585,69.18427278633527,1622.2,1438.6,183.60000000000014,0,-1,0,1.8,1.542857142857143,0.2571428571428571,1.2857142857142858,1.0285714285714285,0.25714285714285734,0.3,0.35,-0.04999999999999999,0.5,0.4,0.09999999999999998,1,1
China PR,Indonesia,-3,-4,0.6000000000000001,2.2,0.0,26.940000000000012,-8.77,0.43,1,1.0,18.600000000000012,-0.11443025394052841,-12.879999999999995,0,0,58.300636767217604,-26.495503336802862,84.79614010402047,1583.2,1404.4,178.79999999999995,11,11,0,1.9142857142857144,1.2285714285714286,0.6857142857142857,0.7142857142857143,1.5714285714285714,-0.8571428571428571,0.6,0.4,0.19999999999999996,0.3,0.4,-0.10000000000000003,5,0
Turkmenistan,Iraq,-359,-185,-0.19999999999999996,-0.6000000000000001,1.2,-49.43,-10.22,-0.1299999999999999,1,0.5,-59.779999999999994,-0.17468360118013804,-29.119999999999997,0,0,28.70582828392569,-48.99144717608475,77.69727546001045,1591.2,1555.2,36.0,-6,-7,0,1.9714285714285715,1.6857142857142857,0.2857142857142858,1.3714285714285714,1.1714285714285715,0.19999999999999996,0.45,0.25,0.2,0.35,0.55,-0.20000000000000007,2,3
Uzbekistan,Saudi Arabia,85,20,-0.6000000000000001,-0.6000000000000001,0.4,-5.790000000000049,75.83,-4.59,1,0.0,65.44999999999993,0.2827630226278043,-64.05000000000001,0,0,-20.543528194751374,11.198960252600894,-31.74248844735227,1502.0,1364.4,137.5999999999999,-3,-6,0,1.6285714285714286,2.5428571428571427,-0.9142857142857141,1.1714285714285715,0.8285714285714286,0.34285714285714286,0.4,0.45,-0.04999999999999999,0.55,0.35,0.20000000000000007,1,0
Jordan,Kuwait,237,136,-0.40000000000000013,-1.6,-0.6000000000000001,72.00000000000003,4.28,12.350000000000001,1,0.5,88.63000000000002,0.2235515526280415,145.49,0,0,6.443159173976362,27.31122444920111,-20.868065275224748,1678.0,1528.2,149.79999999999995,0,-5,0,1.1428571428571428,1.6857142857142857,-0.5428571428571429,0.45714285714285713,1.2857142857142858,-0.8285714285714287,0.6,0.45,0.14999999999999997,0.35,0.35,0.0,2,0
United Arab Emirates,South Korea,-151,-26,-1.2000000000000002,0.20000000000000018,1.2000000000000002,42.74000000000004,-27.099999999999998,-11.65,1,0.5,3.9900000000000375,-0.18815112415163104,34.30999999999999,0,0,-47.11200117555926,-10.414226240856722,-36.69777493470254,1459.2,1617.2,-158.0,9,0,0,1.7142857142857142,1.8857142857142857,-0.17142857142857149,1.457142857142857,0.45714285714285713,1.0,0.2,0.6,-0.39999999999999997,0.65,0.15,0.5,0,2
Oman,Iran,-269,-63,0.0,1.0,0.19999999999999996,-311.31,2.8200000000000003,5.62,1,0.0,-302.87,-0.020503322216919084,-297.47,0,0,25.476218235092603,-10.297135751321484,35.77335398641409,1360.8,1479.4,-118.60000000000014,0,-10,0,2.8857142857142857,2.4285714285714284,0.4571428571428573,0.9428571428571428,0.6857142857142857,0.2571428571428571,0.35,0.45,-0.10000000000000003,0.4,0.45,-0.04999999999999999,2,2
Thailand,Japan,-416,-105,-1.8,-1.8,1.6,-204.42000000000007,-0.3999999999999999,0,1,0.5,-204.82000000000005,-0.043985579019273024,-184.53,0,0,20.224517647885726,5.694783482666285,14.529734165219441,1617.4,1635.0,-17.59999999999991,10,16,0,1.3142857142857143,2.0,-0.6857142857142857,1.457142857142857,0.7142857142857143,0.7428571428571428,0.3,0.5,-0.2,0.4,0.35,0.050000000000000044,1,4
Bahrain,Indonesia,-26,-30,0.20000000000000018,1.0,-1.0,14.999999999999993,-1.22,0.43,1,0.5,14.20999999999999,0.0025579164391410503,-38.83999999999999,0,0,33.9008111472157,-37.74341641580934,71.64422756302504,1612.2,1404.2,208.0,8,11,0,1.7428571428571429,1.0,0.7428571428571429,1.2571428571428571,2.0,-0.7428571428571429,0.3,0.35,-0.04999999999999999,0.55,0.4,0.15000000000000002,3,1
China PR,Qatar,-117,-33,0.6000000000000001,1.4,0.20000000000000007,-107.01000000000002,-6.42,0,1,0.7777777777777778,-113.43,-0.15186984568498796,-75.18,0,0,60.78580874320926,-34.862163801384796,95.64797254459405,1551.2,1403.6,147.60000000000014,3,-1,0,2.257142857142857,1.5714285714285714,0.6857142857142857,0.6285714285714286,1.0285714285714285,-0.3999999999999999,0.65,0.35,0.30000000000000004,0.3,0.45,-0.15000000000000002,1,0
Saudi Arabia,Iraq,-65,-18,0.6000000000000001,-0.19999999999999996,-0.7999999999999999,139.57,-75.83,1.31,1,1.0,65.05,-0.28974154752334524,80.47000000000001,0,0,-2.120634514801631,-51.02374032763869,48.90310581283706,1454.8,1479.4,-24.600000000000136,3,5,0,2.2857142857142856,1.7142857142857142,0.5714285714285714,0.8571428571428571,1.2857142857142858,-0.4285714285714287,0.45,0.2,0.25,0.3,0.6,-0.3,1,2
Turkmenistan,Uzbekistan,-379,-187,-2.1999999999999997,-0.5999999999999999,2.1999999999999997,-183.20999999999992,-10.22,3.15,1,0.0,-190.27999999999992,-0.16770507628459708,-45.54,0,0,21.153195267453714,-16.61801744412979,37.7712127115835,1636.0,1489.0,147.0,-6,-6,0,1.6857142857142857,1.542857142857143,0.1428571428571428,1.6,1.0857142857142856,0.5142857142857145,0.4,0.45,-0.04999999999999999,0.4,0.5,-0.09999999999999998,0,1
Jordan,United Arab Emirates,-15,-12,1.0,-0.8,-1.8,-46.34,35.83,11.65,1,0.5,1.1399999999999864,0.24635500441031488,56.410000000000025,0,0,9.965839687195713,-53.769261973033736,63.73510166022945,1707.8,1539.2,168.5999999999999,-10,-7,0,1.0857142857142856,1.6285714285714286,-0.5428571428571429,0.42857142857142855,1.5714285714285714,-1.1428571428571428,0.65,0.2,0.45,0.3,0.65,-0.35000000000000003,0,0
South Korea,Kuwait,403,174,1.0000000000000002,-0.20000000000000018,-1.0,75.6,-4.45,12.350000000000001,1,0.0,83.5,0.16534767236935766,54.769999999999996,0,0,-8.286334931712187,24.287846954023877,-32.57418188573607,1580.6,1558.4,22.199999999999818,1,2,0,1.8285714285714285,1.542857142857143,0.2857142857142856,0.42857142857142855,1.2285714285714286,-0.8,0.6,0.4,0.19999999999999996,0.15,0.35,-0.19999999999999998,4,0
Japan,Iran,70,9,0.6000000000000001,0.20000000000000018,0.0,-234.89,11.180000000000001,5.62,1,0.5,-218.08999999999997,0.02920103793690887,-208.60000000000002,0,0,5.576517622260573,-1.984473629948246,7.560991252208819,1594.4,1507.8,86.60000000000014,-10,-17,0,2.1714285714285713,2.4857142857142858,-0.3142857142857145,0.7714285714285715,0.7714285714285715,0.0,0.5,0.4,0.09999999999999998,0.35,0.5,-0.15000000000000002,0,0
Oman,Thailand,77,33,1.2,2.4000000000000004,-1.4000000000000001,128.00000000000006,-7.960000000000001,0,1,0.0,120.04000000000005,-0.005718781134554929,95.66,0,0,15.750541341617016,14.31148055082404,1.4390607907929756,1478.0,1714.6,-236.5999999999999,0,-9,0,2.8285714285714287,1.2285714285714286,1.6,1.0,1.6571428571428573,-0.6571428571428573,0.35,0.3,0.04999999999999999,0.45,0.4,0.04999999999999999,2,0
China PR,Iraq,-227,-67,0.40000000000000013,1.0,-0.5999999999999999,-53.38000000000001,-10.26,1.31,1,1.0,-62.330000000000005,-0.16335797829951626,-40.67,0,0,71.63009845203939,-43.58555081151637,115.21564926355576,1574.4,1511.8,62.600000000000136,3,2,0,2.1714285714285713,1.7142857142857142,0.4571428571428571,0.6285714285714286,1.2857142857142858,-0.6571428571428573,0.65,0.2,0.45,0.3,0.6,-0.3,3,0
Uzbekistan,Bahrain,270,95,0.7999999999999998,-0.20000000000000018,-0.6,199.09999999999997,2.71,-4.59,1,0.5,197.21999999999997,0.039391283024305834,83.05,0,0,-7.806391664895921,39.99761169543221,-47.80400336032813,1547.4,1622.2,-74.79999999999995,0,-3,0,1.542857142857143,1.7428571428571429,-0.19999999999999996,0.9714285714285714,1.2571428571428571,-0.2857142857142857,0.5,0.3,0.2,0.45,0.55,-0.10000000000000003,2,2
Japan,Jordan,252,49,0.40000000000000013,2.0,0.4,113.60000000000005,-2.6,0,1,0.5,111.00000000000003,-0.01000038463017816,1.9599999999999795,0,0,-1.716276525593634,15.047452143331974,-16.76372866892561,1660.0,1681.4,-21.40000000000009,-2,-2,0,2.0285714285714285,1.0,1.0285714285714285,0.6571428571428571,0.37142857142857144,0.2857142857142857,0.55,0.7,-0.1499999999999999,0.35,0.25,0.09999999999999998,1,1
South Korea,Iran,-16,-2,0.6000000000000001,-0.5999999999999999,-0.39999999999999997,-344.8900000000001,5.050000000000001,5.62,1,1.0,-334.22,-0.019002457691596808,-301.28000000000003,0,0,-8.362815979466351,-5.482824770327369,-2.879991209138982,1583.4,1565.2,18.200000000000045,-7,-8,0,2.057142857142857,2.257142857142857,-0.20000000000000018,0.37142857142857144,0.6571428571428571,-0.2857142857142857,0.65,0.45,0.2,0.15,0.45,-0.30000000000000004,3,4
Bahrain,Japan,-427,-120,-1.0000000000000002,-1.0,1.2000000000000002,-213.32000000000008,-0.10999999999999988,0,1,0.5,-213.43000000000006,-0.048066896278328386,-194.56,0,0,51.857985647542485,-10.406106324868903,62.264091972411386,1674.0,1594.4,79.59999999999991,10,13,0,1.8285714285714285,2.0,-0.17142857142857149,1.2285714285714286,0.6571428571428571,0.5714285714285715,0.3,0.55,-0.25000000000000006,0.55,0.35,0.20000000000000007,3,4
China PR,Iran,-334,-85,0.6000000000000001,0.8,-0.3999999999999999,-436.27000000000004,3.5200000000000014,5.62,1,0.5,-427.13,-0.13585402872108898,-377.20000000000005,0,0,83.35416386156675,2.3854110251116576,80.9687528364551,1635.2,1722.4,-87.20000000000005,3,-4,0,2.2,2.2857142857142856,-0.08571428571428541,0.6285714285714286,0.8857142857142857,-0.2571428571428571,0.65,0.4,0.25,0.3,0.5,-0.2,1,1
Iran,Bahrain,357,111,0.6000000000000001,-0.20000000000000018,-0.8,448.21000000000004,-11.07,-5.62,1,0.3333333333333333,431.52000000000004,0.018865858341419517,403.16,0,0,-6.734853506213268,50.76979900775397,-57.50465251396724,1692.0,1691.2,0.7999999999999545,0,4,0,2.2,2.0,0.20000000000000018,0.9142857142857143,1.4857142857142858,-0.5714285714285715,0.4,0.3,0.10000000000000003,0.5,0.55,-0.050000000000000044,4,2
China PR,Japan,-404,-94,0.0,0.3999999999999999,-0.4,-201.38000000000005,-7.66,0,1,0.16666666666666666,-209.04000000000002,-0.16505506665799785,-168.6,0,0,99.51567605364627,-9.480848521083065,108.99652457472934,1668.6,1640.2,28.399999999999864,13,13,0,2.2285714285714286,2.057142857142857,0.1714285714285717,0.6571428571428571,0.8857142857142857,-0.22857142857142854,0.6,0.5,0.09999999999999998,0.35,0.4,-0.050000000000000044,1,3
Germany,Costa Rica,278,56,1.4,2.8,-0.6000000000000001,487.60000000000014,61.56,-15.0,0,0.5,534.1600000000002,0.23279551806397403,467.0899999999999,0,0,-16.96708990487157,1.5638851388746282,-18.5309750437462,1792.6,1762.8,29.799999999999955,-21,-7,0,2.5142857142857142,1.1428571428571428,1.3714285714285714,1.2571428571428571,1.7428571428571429,-0.48571428571428577,0.4,0.2,0.2,0.55,0.45,0.10000000000000003,4,2
Poland,Ecuador,-218,-34,1.0,1.0,-0.19999999999999996,-330.8700000000001,34.28,33.92,0,1.0,-262.6700000000002,0.11228375977433802,-105.31,0,0,18.426790312792384,-85.26690232302964,103.69369263582203,1638.2,1809.2,-171.0,-16,-8,0,1.9714285714285715,0.8857142857142857,1.0857142857142859,0.9714285714285714,1.2285714285714286,-0.25714285714285723,0.4,0.25,0.15000000000000002,0.5,0.5,0.0,0,2
Argentina,Ivory Coast,261,30,0.0,0.40000000000000013,0.3999999999999999,473.1099999999999,-53.0,0,0,0.5,420.1099999999999,-0.07551793907269666,421.21000000000004,0,0,-54.04270366057226,23.814806825236346,-77.8575104858086,1802.2,1849.6,-47.399999999999864,19,-5,0,1.7714285714285714,1.4285714285714286,0.34285714285714275,1.1714285714285715,1.0285714285714285,0.14285714285714302,0.3,0.4,-0.10000000000000003,0.55,0.55,0.0,2,1
England,Paraguay,194,27,1.8,2.2,0.0,759.8900000000001,-335.0,-180.0,0,1.0,244.8900000000001,-0.3698463880729925,453.56,4,0,8.022856379027825,7.431442331107084,0.5914140479207415,1806.6,1787.8,18.799999999999955,-17,-2,0,2.2285714285714286,1.2857142857142858,0.9428571428571428,0.9714285714285714,1.1142857142857143,-0.1428571428571429,0.45,0.25,0.2,0.45,0.6,-0.14999999999999997,1,0
Trinidad and Tobago,Sweden,-143,-40,0.0,0.6,0.8,-105.49000000000001,2.45,0,0,0.5,-103.04000000000002,0.019238319591676545,-145.04000000000002,0,0,27.503924394677554,2.43730448050463,25.066619914172925,1665.8,1656.8,9.0,18,3,0,1.0571428571428572,1.4285714285714286,-0.37142857142857144,1.3714285714285714,0.8857142857142857,0.48571428571428577,0.35,0.4,-0.050000000000000044,0.4,0.5,-0.09999999999999998,0,0
Angola,Portugal,-377,-80,-1.8,-1.6,1.2000000000000002,-810.9299999999998,-3.2,-0.86,0,0.0,-814.9899999999999,-0.044323144104803536,-621.68,0,0,17.01514516252523,10.704110082197214,6.311035080328015,1797.8,1639.4,158.39999999999986,-3,1,0,1.1142857142857143,2.657142857142857,-1.5428571428571427,1.2857142857142858,0.4,0.8857142857142858,0.4,0.6,-0.19999999999999996,0.4,0.35,0.050000000000000044,0,1
Mexico,Iran,-18,-3,-0.8,-2.0,-0.19999999999999996,-284.88,-22.549999999999997,3.75,1,1.0,-303.68,-0.14270333933767498,-250.11,0,0,1.75084330993759,-1.9151038390700568,3.6659471490076467,1848.6,1540.0,308.5999999999999,12,-11,0,1.4285714285714286,2.3714285714285714,-0.9428571428571428,0.9714285714285714,0.9428571428571428,0.02857142857142858,0.35,0.5,-0.15000000000000002,0.45,0.4,0.04999999999999999,3,1
Serbia,Netherlands,-200,-31,0.0,-0.19999999999999996,-0.4,-397.6700000000002,-35.01,0,0,0.0,-432.6800000000001,-0.15397873756864944,-438.81999999999994,0,0,5.113309162384191,2.4213209370422817,2.691988225341909,1711.8,1832.0,-120.20000000000005,-2,-10,0,1.2571428571428571,1.6857142857142857,-0.4285714285714286,0.6857142857142857,0.6285714285714286,0.05714285714285716,0.6,0.7,-0.09999999999999998,0.35,0.3,0.04999999999999999,0,1
Australia,Japan,-116,-20,0.3999999999999999,-0.5999999999999999,-0.20000000000000007,118.1099999999999,-3.39,0,0,0.0,114.71999999999991,-0.005841985113275938,238.38000000000005,0,0,34.48533286090399,-30.99879250715406,65.48412536805805,1597.8,1605.8,-8.0,-4,-19,0,2.0285714285714285,2.0285714285714285,0.0,0.7142857142857143,1.0,-0.2857142857142857,0.35,0.5,-0.15000000000000002,0.55,0.4,0.15000000000000002,3,1
Italy,Ghana,259,61,0.40000000000000013,0.0,-0.3999999999999999,421.19000000000005,-130.53,0,0,0.5,290.66,-0.2341853098249711,391.11,0,0,33.2435139113619,23.21752864656537,10.025985264796532,1861.4,1741.6,119.80000000000018,0,-4,0,1.6857142857142857,1.457142857142857,0.22857142857142865,0.7428571428571429,0.9428571428571428,-0.19999999999999996,0.4,0.35,0.050000000000000044,0.55,0.45,0.10000000000000003,2,0
United States,Czech Republic,120,19,-1.2000000000000002,-0.8,0.7999999999999999,13.550000000000068,-8.56,-7.8,1,0.5,-2.8099999999999454,-0.09915151515151521,8.139999999999986,0,0,22.20853187479662,45.033249373411905,-22.824717498615286,1716.0,1744.6,-28.59999999999991,13,-3,0,1.6,2.142857142857143,-0.5428571428571427,0.8,0.7142857142857143,0.08571428571428574,0.65,0.55,0.09999999999999998,0.25,0.3,-0.04999999999999999,0,3
Brazil,Croatia,100,10,1.2000000000000002,1.4,-1.4000000000000001,840.06,-116.18,-100.0,0,0.3333333333333333,623.8799999999999,-0.17768397257692248,546.96,2,0,7.778513917028713,-10.813666364331254,18.592180281359965,1710.8,1920.6,-209.79999999999995,22,9,0,2.857142857142857,1.7428571428571429,1.1142857142857143,0.6,1.1428571428571428,-0.5428571428571428,0.45,0.35,0.10000000000000003,0.5,0.5,0.0,1,0
France,Switzerland,171,14,0.3999999999999999,-0.8000000000000003,-1.0,924.4299999999998,-127.99000000000001,-122.35,0,0.6666666666666666,674.0899999999999,-0.19751056393314204,556.79,2,0,-10.43367253356707,-0.8841425383763841,-9.549529995190685,1770.4,1769.6,0.8000000000001819,-9,-2,0,1.6,1.8571428571428572,-0.2571428571428571,0.5142857142857142,1.0857142857142856,-0.5714285714285714,0.65,0.35,0.30000000000000004,0.35,0.65,-0.30000000000000004,0,0
South Korea,Togo,408,176,1.0,0.4,-0.8,102.41,-5.030000000000001,0,0,0.5,97.38,0.019559886029672735,74.19,0,0,-10.483414895192594,-6.274035414121657,-4.209379481070936,1706.4,1528.0,178.4000000000001,-3,-4,0,1.1714285714285715,1.1428571428571428,0.028571428571428692,0.7428571428571429,1.3428571428571427,-0.5999999999999999,0.45,0.4,0.04999999999999999,0.35,0.35,0.0,2,1
Germany,Poland,244,38,1.4000000000000001,2.8,0.0,515.3500000000001,-6.53,-11.53,0,0.5,497.2900000000002,-0.013865748772259212,389.09999999999997,0,0,3.206174137754064,8.457516785958445,-5.251342648204381,1757.6,1684.0,73.59999999999991,-6,0,0,2.7714285714285714,1.8,0.9714285714285713,1.2571428571428571,0.9714285714285714,0.2857142857142857,0.35,0.4,-0.050000000000000044,0.6,0.45,0.14999999999999997,1,0
Spain,Ukraine,413,41,0.0,-0.3999999999999999,0.8,600.01,-12.95,0,0,0.6666666666666666,587.06,-0.007618947493037154,507.09000000000003,0,0,-8.457862259711463,25.415842303312786,-33.87370456302425,1792.2,1552.0,240.20000000000005,1,10,0,2.057142857142857,1.6285714285714286,0.4285714285714284,0.5714285714285714,0.37142857142857144,0.19999999999999996,0.6,0.65,-0.050000000000000044,0.4,0.3,0.10000000000000003,4,0
Tunisia,Saudi Arabia,14,10,0.4,0.20000000000000007,-0.3999999999999999,-96.37999999999997,75.83,0,0,0.5,-20.549999999999983,0.301439020512005,34.14999999999998,0,0,26.872254154444377,-45.332193065832,72.20444722027638,1697.4,1727.2,-29.799999999999955,-6,3,0,1.7142857142857142,1.1142857142857143,0.5999999999999999,0.8,1.4285714285714286,-0.6285714285714286,0.45,0.3,0.15000000000000002,0.45,0.5,-0.04999999999999999,2,2
Ecuador,Costa Rica,252,52,0.8,0.0,-1.7999999999999998,303.1200000000001,33.81,-37.39,0,0.5555555555555556,299.5400000000002,0.13437750706189522,183.29999999999998,0,0,-79.3442673343218,-14.084945270689863,-65.25932206363194,1818.6,1782.6,36.0,1,1,0,1.0285714285714285,1.1714285714285715,-0.14285714285714302,1.1428571428571428,2.0,-0.8571428571428572,0.3,0.2,0.09999999999999998,0.5,0.45,0.04999999999999999,3,0
England,Trinidad and Tobago,459,88,2.6,2.4,-1.0,1370.6100000000004,-335.0,-180.0,0,0.5,855.6100000000002,-0.3698463880729925,720.86,4,0,5.190544838936821,38.1306366884417,-32.940091849504874,1829.2,1697.4,131.79999999999995,-19,-4,0,2.085714285714286,1.0,1.0857142857142859,0.8857142857142857,1.2857142857142858,-0.40000000000000013,0.45,0.4,0.04999999999999999,0.45,0.4,0.04999999999999999,2,0
Sweden,Paraguay,-122,-21,-0.19999999999999996,-0.8,-0.3999999999999999,-505.23000000000013,-2.45,0,0,0.0,-507.6800000000001,-0.019238319591676545,-122.25999999999999,0,0,-4.77170613990576,-13.316798169125388,8.545092029219628,1628.6,1850.8,-222.20000000000005,-16,-1,0,1.2285714285714286,1.2285714285714286,0.0,0.8571428571428571,1.1714285714285715,-0.3142857142857144,0.4,0.25,0.15000000000000002,0.5,0.55,-0.050000000000000044,1,0
Argentina,Serbia,309,37,0.40000000000000013,1.4000000000000001,0.5999999999999999,459.4799999999999,-14.280000000000001,0,0,0.5,445.1999999999999,0.08425758292119623,469.76,0,0,-36.92593252396812,11.312234760414086,-48.23816728438221,1785.6,1785.2,0.3999999999998636,19,7,0,1.8857142857142857,1.1428571428571428,0.7428571428571429,1.1428571428571428,0.6571428571428571,0.48571428571428565,0.3,0.6,-0.3,0.55,0.3,0.25000000000000006,6,0
Mexico,Angola,275,65,1.2000000000000002,0.3999999999999999,-0.8,118.40000000000003,-33.129999999999995,-1.0100000000000002,1,0.5,84.26000000000002,-0.13758161779995848,120.74000000000001,0,0,30.74081750192405,6.619985144384311,24.120832357539737,1858.2,1839.6,18.600000000000136,16,1,0,1.6,1.0,0.6000000000000001,0.9142857142857143,1.3714285714285714,-0.4571428571428572,0.35,0.35,0.0,0.45,0.4,0.04999999999999999,0,0
Netherlands,Ivory Coast,152,24,1.6,-0.40000000000000013,-0.9999999999999999,411.3000000000002,-3.71,0,0,0.5,407.59000000000015,-0.005796784425243451,390.27,0,0,6.96739950622585,5.322848267537266,1.6445512386885843,1810.8,1895.0,-84.20000000000005,2,-2,0,1.6,1.4285714285714286,0.17142857142857149,0.4857142857142857,1.1428571428571428,-0.657142857142857,0.7,0.4,0.29999999999999993,0.3,0.55,-0.25000000000000006,2,1
Czech Republic,Ghana,136,41,1.2000000000000002,0.6000000000000001,-0.7999999999999999,62.659999999999954,2.34,0,0,0.5,64.99999999999996,0.026354319180087904,79.98,0,0,71.65319743616965,6.555967635858156,65.0972298003115,1733.6,1827.8,-94.20000000000005,4,-1,0,2.3714285714285714,1.3142857142857143,1.0571428571428572,0.6,1.0,-0.4,0.6,0.35,0.25,0.3,0.4,-0.10000000000000003,0,2
Italy,United States,3,1,0.40000000000000013,0.8,-0.4,344.98,-124.31,7.8,0,1.0,228.47000000000003,-0.1613881138535438,302.99,0,0,31.106268591825113,9.747073223578417,21.359195368246695,1790.8,1670.8,120.0,-17,0,0,1.6857142857142857,1.5142857142857142,0.17142857142857149,0.6857142857142857,0.9428571428571428,-0.2571428571428571,0.4,0.6,-0.19999999999999996,0.55,0.25,0.30000000000000004,1,1
Portugal,Iran,84,12,0.6000000000000001,-0.6000000000000001,-1.4,407.6499999999998,13.780000000000001,5.62,0,0.5,427.04999999999984,0.03920142256708703,250.82999999999998,0,0,6.279341189477476,-14.104294915503171,20.383636104980646,1577.8,1621.2,-43.40000000000009,-1,-13,0,2.5714285714285716,2.3142857142857145,0.2571428571428571,0.4,1.2,-0.7999999999999999,0.6,0.45,0.14999999999999997,0.35,0.45,-0.10000000000000003,2,0
Brazil,Australia,161,25,0.3999999999999999,1.1999999999999997,-0.8,781.97,-114.02000000000001,-100.0,0,0.5,567.95,-0.17380997882171867,361.29999999999995,2,0,12.797432141886318,41.10469496390082,-28.3072628220145,1750.8,1610.8,140.0,31,30,0,2.742857142857143,2.2,0.5428571428571427,0.5428571428571428,0.7428571428571429,-0.20000000000000007,0.5,0.35,0.15000000000000002,0.45,0.55,-0.10000000000000003,2,0
France,South Korea,202,19,0.3999999999999999,0.19999999999999996,-0.4,1024.4399999999998,-121.58,-125.0,0,1.0,777.8599999999999,-0.1591866836744582,645.36,2,0,-15.4212874694602,-5.545771247205896,-9.875516222254305,1756.8,1680.2,76.59999999999991,-6,-8,0,1.5142857142857142,1.2857142857142858,0.22857142857142843,0.5142857142857142,0.7428571428571429,-0.22857142857142865,0.65,0.45,0.2,0.35,0.4,-0.050000000000000044,1,1
Japan,Croatia,55,5,0.8,0.0,0.0,-60.019999999999925,1.23,0,0,0.5,-58.789999999999964,0.0019679913580721298,-52.72000000000003,0,0,-34.664173052547625,-20.45056488942164,-14.213608163125986,1713.8,1907.0,-193.20000000000005,-5,-2,0,1.8857142857142857,1.542857142857143,0.34285714285714275,1.1142857142857143,1.1428571428571428,-0.02857142857142847,0.5,0.3,0.2,0.45,0.5,-0.04999999999999999,0,0
Saudi Arabia,Ukraine,-30,-13,-1.2,-1.2,0.5999999999999999,21.560000000000002,-73.28999999999999,0,0,0.5,-51.72999999999999,-0.2903955422511355,-20.639999999999986,0,0,-28.96316374201612,13.257432778569914,-42.220596520586035,1727.8,1714.0,13.799999999999955,5,13,0,1.1428571428571428,1.542857142857143,-0.40000000000000013,1.4857142857142858,0.6571428571428571,0.8285714285714286,0.25,0.65,-0.4,0.55,0.25,0.30000000000000004,0,4
Spain,Tunisia,429,44,1.4000000000000001,1.0000000000000002,-0.20000000000000007,674.8299999999999,-15.49,0,0,0.5,659.3399999999999,-0.018662425753906642,493.58000000000004,0,0,-9.44185283181896,13.301229295389797,-22.74308212720876,1805.0,1726.2,78.79999999999995,2,-6,0,2.2857142857142856,1.8,0.48571428571428554,0.4857142857142857,0.8285714285714286,-0.3428571428571429,0.65,0.45,0.2,0.35,0.45,-0.10000000000000003,3,1
Togo,Switzerland,-439,-181,-1.2000000000000002,-1.0,0.8,-202.41999999999996,-1.38,2.65,0,0.5,-201.14999999999995,-0.057883766288356564,-162.76,0,0,-14.516715158407418,10.655696588281074,-25.172411746688493,1549.8,1803.6,-253.79999999999995,0,10,0,1.0571428571428572,1.7428571428571429,-0.6857142857142857,1.3714285714285714,0.8571428571428571,0.5142857142857143,0.4,0.4,0.0,0.35,0.6,-0.25,0,2
Costa Rica,Poland,-34,-18,-1.2,-0.7999999999999999,1.7999999999999998,27.75,-68.09,3.47,0,0.5,-36.870000000000005,-0.24666126683623324,-77.98999999999998,0,0,-24.611560137768823,7.433432950122276,-32.0449930878911,1794.0,1819.8,-25.799999999999955,15,7,0,1.0285714285714285,1.542857142857143,-0.5142857142857145,2.1142857142857143,0.9714285714285714,1.1428571428571428,0.2,0.35,-0.14999999999999997,0.4,0.45,-0.04999999999999999,1,2
Germany,Ecuador,26,4,1.2000000000000002,2.0,0.0,184.48000000000002,27.75,22.39,0,0.5,234.62,0.09841801100207881,283.78999999999996,0,0,3.9931641840862575,-70.18513044306526,74.17829462715152,1730.0,1764.8,-34.799999999999955,-22,-8,0,2.5428571428571427,1.2285714285714286,1.314285714285714,1.1714285714285715,1.0857142857142856,0.08571428571428585,0.35,0.35,0.0,0.6,0.45,0.14999999999999997,3,0
Paraguay,Trinidad and Tobago,265,61,0.8,0.4,-1.0,610.7200000000001,0,0,0,0.5,610.7200000000001,0.0,267.3,0,0,-32.5990054420176,21.627336855013418,-54.22634229703102,1820.4,1764.2,56.200000000000045,-2,-2,0,1.1714285714285715,0.9142857142857143,0.25714285714285723,1.1714285714285715,1.3714285714285714,-0.19999999999999996,0.25,0.4,-0.15000000000000002,0.55,0.35,0.20000000000000007,2,0
Sweden,England,-316,-48,-1.8,-2.4,0.4,-1265.1200000000003,332.55,180.0,0,0.5555555555555556,-752.5700000000003,0.350608068481316,-575.8199999999999,-4,0,-1.3690247795760735,21.147509426215752,-22.516534205791825,1655.4,1730.0,-74.59999999999991,1,1,0,1.1714285714285715,2.085714285714286,-0.9142857142857144,0.8285714285714286,0.6571428571428571,0.17142857142857149,0.45,0.5,-0.04999999999999999,0.45,0.4,0.04999999999999999,2,2
Iran,Angola,293,68,1.2,1.8000000000000003,0.8000000000000003,403.2800000000001,-10.580000000000002,-4.76,0,0.5,387.94000000000005,0.005121721537716506,370.85,0,0,-24.003460000443546,7.375969378635189,-31.379429379078736,1789.6,1920.8,-131.20000000000005,4,12,0,2.1714285714285713,0.8571428571428571,1.314285714285714,1.3142857142857143,1.3142857142857143,0.0,0.45,0.35,0.10000000000000003,0.45,0.4,0.04999999999999999,1,1
Ivory Coast,Serbia,48,7,0.19999999999999996,0.9999999999999999,-0.8,-13.630000000000052,38.72,0,0,0.5,25.089999999999947,0.1597755219938929,48.55,0,0,-3.9364462251817542,18.88326800421928,-22.819714229401033,1855.6,1888.6,-33.0,0,12,0,1.3142857142857143,1.0285714285714285,0.2857142857142858,1.2,1.0857142857142856,0.11428571428571432,0.35,0.6,-0.25,0.6,0.25,0.35,3,2
Netherlands,Argentina,-109,-6,0.20000000000000018,-1.6,-0.20000000000000007,-61.80999999999972,49.29,0,0,1.0,-12.519999999999754,0.06972115464745321,-30.940000000000055,0,0,12.170260880048343,-42.10419055570659,54.274451435754926,1783.8,1731.2,52.59999999999991,-17,3,0,1.6571428571428573,2.1714285714285713,-0.514285714285714,0.5714285714285714,1.0,-0.4285714285714286,0.65,0.35,0.30000000000000004,0.35,0.5,-0.15000000000000002,0,0
Portugal,Mexico,102,15,1.6,1.4000000000000001,-0.8,692.5299999999999,36.33,1.87,0,0.5,730.7299999999998,0.181904761904762,500.94,0,0,13.183211380907737,18.287666929468003,-5.104455548560265,1636.0,1839.4,-203.4000000000001,-13,-2,0,2.4285714285714284,1.4857142857142858,0.9428571428571426,0.37142857142857144,0.8857142857142857,-0.5142857142857142,0.6,0.4,0.19999999999999996,0.35,0.4,-0.050000000000000044,2,1
Croatia,Australia,61,15,-1.6,-1.0,0.19999999999999996,-58.089999999999975,2.16,0,0,0.5,-55.92999999999995,0.0038739937552038084,-185.66000000000003,0,0,-9.486893434880614,33.07993478689843,-42.56682822177904,1930.0,1705.2,224.79999999999995,9,21,0,1.3142857142857143,1.8571428571428572,-0.5428571428571429,1.0857142857142856,0.8571428571428571,0.22857142857142854,0.3,0.35,-0.04999999999999999,0.5,0.5,0.0,2,2
Czech Republic,Italy,-123,-20,0.5999999999999999,0.19999999999999996,-0.19999999999999996,-358.5300000000001,132.87,0,0,0.6666666666666666,-225.66000000000008,0.260539629005059,-311.13,0,0,55.736205056961886,33.035488714524135,22.70071634243775,1674.6,1801.8,-127.20000000000005,4,3,0,2.1714285714285713,1.7142857142857142,0.4571428571428571,0.6857142857142857,0.6857142857142857,0.0,0.55,0.4,0.15000000000000002,0.3,0.6,-0.3,0,2
Ghana,United States,-256,-60,0.6000000000000001,1.2,0.0,-76.21000000000002,6.220000000000001,7.8,0,0.5,-62.19000000000001,0.07279719597142731,-88.11999999999999,0,0,34.228874361321466,-1.736517028215248,35.96539138953671,1802.8,1702.4,100.39999999999986,-17,4,0,1.4285714285714286,1.4,0.028571428571428692,0.9428571428571428,0.9428571428571428,0.0,0.35,0.6,-0.25,0.4,0.25,0.15000000000000002,2,1
Japan,Brazil,-45,-5,-1.4,-2.2,1.0,-900.0799999999999,117.41000000000001,100.0,0,0.5,-682.6699999999998,0.1796519639349946,-599.6800000000001,-2,0,-20.791534630070803,12.844094857803183,-33.635629487873985,1775.4,1781.4,-6.0,-27,-11,0,1.7142857142857142,2.6857142857142855,-0.9714285714285713,1.0285714285714285,0.4857142857142857,0.5428571428571427,0.5,0.55,-0.050000000000000044,0.45,0.4,0.04999999999999999,1,4
Saudi Arabia,Spain,-443,-54,-1.8,-1.6,1.4,-578.45,-60.339999999999996,0,0,0.5,-638.79,-0.28277659475809835,-527.73,0,0,-34.082285929369725,0.2716700584021421,-34.35395598777187,1700.8,1789.0,-88.20000000000005,4,3,0,1.0,2.3714285714285714,-1.3714285714285714,1.7428571428571429,0.4857142857142857,1.2571428571428571,0.2,0.6,-0.39999999999999997,0.55,0.4,0.15000000000000002,0,1
Switzerland,South Korea,31,5,0.19999999999999996,0.40000000000000013,-0.4,100.00999999999996,6.41,-2.65,0,0.5,103.76999999999995,0.03832388025868383,88.57000000000001,0,0,11.461342517598933,-2.3793988908834596,13.840741408482392,1737.0,1715.4,21.59999999999991,3,-6,0,1.7428571428571429,1.2571428571428571,0.48571428571428577,0.8,0.7714285714285715,0.02857142857142858,0.4,0.45,-0.04999999999999999,0.6,0.4,0.19999999999999996,2,0
Togo,France,-610,-195,-1.6,-0.5999999999999999,1.2000000000000002,-1126.85,126.61,125.0,0,0.5,-875.2399999999999,0.13962679764478547,-719.55,-2,0,-13.93652474020761,-22.883036755465355,8.946512015257746,1586.4,1794.8,-208.39999999999986,9,12,0,1.0,1.4857142857142858,-0.48571428571428577,1.3714285714285714,0.5428571428571428,0.8285714285714286,0.35,0.6,-0.25,0.35,0.4,-0.050000000000000044,0,2
Ukraine,Tunisia,16,3,1.0,0.8,-0.3999999999999999,74.81999999999996,-2.54,0,0,0.5,72.27999999999997,-0.011043478260869488,-13.509999999999991,0,0,24.956999050564512,6.872389654943387,18.084609395621126,1718.6,1786.8,-68.20000000000005,1,-16,0,1.6857142857142857,1.7714285714285714,-0.08571428571428563,0.6,1.0,-0.4,0.7,0.45,0.24999999999999994,0.2,0.45,-0.25,1,0
Argentina,Mexico,201,19,1.2,1.4,-0.3999999999999999,491.81999999999994,-16.67,1.87,0,0.7777777777777778,477.0199999999999,0.10638682283206535,403.81,0,0,-47.448275023376574,-0.287334042047215,-47.16094098132936,1789.4,1881.2,-91.79999999999995,1,1,0,1.9142857142857144,1.4,0.5142857142857145,0.9142857142857143,1.0,-0.08571428571428574,0.4,0.35,0.050000000000000044,0.45,0.45,0.0,2,1
Germany,Sweden,253,44,1.2000000000000002,1.8,0.20000000000000007,620.5500000000001,-4.08,-15.0,0,0.5,601.4700000000001,-0.009548951433861586,401.11999999999995,0,0,25.151078633787836,10.96730801543161,14.183770618356226,1838.6,1719.6,119.0,-7,-8,0,2.4857142857142858,1.2285714285714286,1.2571428571428571,1.1142857142857143,0.8571428571428571,0.25714285714285723,0.35,0.45,-0.10000000000000003,0.6,0.45,0.14999999999999997,2,0
England,Ecuador,89,8,1.2000000000000002,1.4,-0.6,829.0500000000002,-300.72,-142.61,0,0.5,385.72000000000014,-0.2426411060453756,458.49,4,0,11.133656580225423,-63.87521501535275,75.00887159557817,1695.0,1767.4,-72.40000000000009,-16,-1,0,2.1142857142857143,1.0857142857142856,1.0285714285714287,0.7714285714285715,1.1714285714285715,-0.4,0.5,0.35,0.15000000000000002,0.4,0.4,0.0,1,0
Portugal,Netherlands,10,2,0.7999999999999998,1.2,-0.19999999999999996,262.51999999999964,3.71,0,0,0.6666666666666666,266.2299999999997,0.005796784425243451,128.07000000000005,0,0,24.750514868206533,15.077978860091452,9.672536008115081,1666.8,1854.0,-187.20000000000005,3,-6,0,2.4571428571428573,1.457142857142857,1.0000000000000002,0.4,0.5142857142857142,-0.11428571428571421,0.6,0.7,-0.09999999999999998,0.35,0.3,0.04999999999999999,1,0
Italy,Australia,26,7,0.19999999999999996,-0.6000000000000001,-0.9999999999999999,131.88000000000005,-126.88000000000001,0,0,0.5,5.000000000000057,-0.2446972592616049,-13.140000000000043,0,0,37.60798901427412,32.46460119541924,5.143387818854876,1756.6,1734.4,22.199999999999818,10,26,0,1.542857142857143,1.9142857142857144,-0.37142857142857144,0.5428571428571428,0.9714285714285714,-0.4285714285714286,0.45,0.35,0.10000000000000003,0.55,0.5,0.050000000000000044,1,0
Switzerland,Ukraine,157,26,-0.19999999999999973,-0.40000000000000013,-0.4,19.999999999999943,0.2200000000000002,-2.65,0,0.5,17.569999999999936,-0.00883652173913052,22.710000000000008,0,0,16.01202078505485,40.23876415650418,-24.22674337144933,1749.4,1691.0,58.40000000000009,-2,1,0,1.6857142857142857,1.7428571428571429,-0.05714285714285716,0.7428571428571429,0.5428571428571428,0.20000000000000007,0.4,0.75,-0.35,0.6,0.15,0.44999999999999996,0,0
Brazil,Ghana,394,79,0.6000000000000001,0.19999999999999973,-0.8,1071.28,-117.67,-100.0,0,0.5,853.61,-0.16329802938508486,765.55,2,0,29.62350158687928,57.152750133968745,-27.529248547089466,1828.8,1795.0,33.799999999999955,21,0,0,2.6,1.5714285714285714,1.0285714285714287,0.4857142857142857,0.9428571428571428,-0.45714285714285713,0.5,0.3,0.2,0.45,0.45,0.0,3,0
Spain,France,85,1,0.7999999999999998,0.7999999999999998,0.0,-344.41999999999985,114.82000000000001,125.0,0,0.5,-104.59999999999991,0.1987281381792354,-72.40999999999997,-2,0,-1.6387552324603947,-17.743838260586973,16.10508302812658,1770.8,1713.6,57.200000000000045,12,11,0,2.4,1.6,0.7999999999999998,0.4857142857142857,0.5142857142857142,-0.028571428571428525,0.6,0.6,0.0,0.4,0.4,0.0,1,3
Germany,Argentina,-100,-5,0.3999999999999999,0.20000000000000018,0.0,46.080000000000155,46.47,-15.0,0,0.16666666666666666,77.55000000000018,0.04673066804715853,28.67999999999995,0,0,27.26872002330348,-26.84823478721466,54.11695481051814,1790.6,1782.8,7.7999999999999545,-22,-8,0,2.5428571428571427,2.0285714285714285,0.5142857142857142,0.9714285714285714,0.8857142857142857,0.08571428571428574,0.4,0.35,0.050000000000000044,0.55,0.5,0.050000000000000044,1,1
Italy,Ukraine,122,19,0.20000000000000018,-0.40000000000000013,-0.6000000000000001,279.98,-130.33,0,0,0.3333333333333333,149.65,-0.24949615074418952,252.06,0,0,41.57859155297379,47.327476020011694,-5.748884467037904,1744.4,1765.0,-20.59999999999991,-2,7,0,1.542857142857143,1.542857142857143,0.0,0.5142857142857142,0.4857142857142857,0.028571428571428525,0.45,0.75,-0.3,0.55,0.15,0.4,3,0
Brazil,France,-71,-3,0.7999999999999998,0.9999999999999998,-0.39999999999999997,-14.3599999999999,10.299999999999997,25.0,0,0.3333333333333333,20.940000000000055,0.027738215367969277,47.0,0,0,34.30088464746688,-5.602291640589988,39.90317628805687,1789.2,1773.4,15.799999999999955,30,12,0,2.7142857142857144,1.6285714285714286,1.0857142857142859,0.42857142857142855,0.6,-0.17142857142857143,0.55,0.55,0.0,0.4,0.45,-0.04999999999999999,0,1
England,Portugal,62,3,-0.3999999999999999,0.5999999999999999,0.2,489.9400000000004,-335.0,-180.0,0,0.25,-25.059999999999604,-0.3698463880729925,106.25,4,0,37.13115758754572,34.41294625329512,2.7182113342506042,1740.6,1726.4,14.199999999999818,-2,2,0,2.057142857142857,2.1714285714285713,-0.11428571428571432,0.7142857142857143,0.3142857142857143,0.4,0.5,0.65,-0.15000000000000002,0.4,0.3,0.10000000000000003,0,0
Germany,Italy,103,15,0.0,0.40000000000000013,0.39999999999999997,237.92000000000007,126.34,-15.0,0,0.0,349.2600000000001,0.23175235797952087,165.73999999999995,0,0,27.189342942915328,47.56721908392743,-20.3778761410121,1813.8,1744.4,69.39999999999986,-5,-8,0,2.4,1.6857142857142857,0.7142857142857142,1.0285714285714285,0.4857142857142857,0.5428571428571427,0.4,0.45,-0.04999999999999999,0.55,0.55,0.0,0,2
Portugal,France,-102,-5,0.3999999999999999,-0.19999999999999996,-0.2,-271.9,130.31,125.0,0,0.0,-16.590000000000032,0.21739056393314204,-93.25,-2,0,35.76712378562739,0.37490974461081494,35.39221404101657,1852.8,1863.2,-10.400000000000091,12,5,0,1.8571428571428572,1.542857142857143,0.3142857142857143,0.3142857142857143,0.5142857142857142,-0.19999999999999996,0.65,0.55,0.09999999999999998,0.3,0.45,-0.15000000000000002,0,1
Germany,Portugal,-1,-1,0.0,0.3999999999999999,0.19999999999999996,-154.62999999999977,-6.53,-15.0,0,0.0,-176.15999999999974,-0.02878727102553813,-68.45000000000005,0,0,27.189342942915328,20.581660477666674,6.607682465248654,1848.8,1948.6,-99.79999999999995,-8,-5,0,2.2,1.7714285714285714,0.4285714285714288,0.9714285714285714,0.37142857142857144,0.6,0.4,0.65,-0.25,0.5,0.3,0.2,3,1
Italy,France,-206,-21,0.0,0.19999999999999996,-0.2,-664.4499999999998,-2.5600000000000023,125.0,0,0.0,-542.0099999999999,-0.04314906507191696,-327.44,-2,0,47.80649591837181,10.401325444404268,37.405170473967544,1816.8,1877.0,-60.200000000000045,9,8,0,1.6571428571428573,1.6,0.05714285714285716,0.45714285714285713,0.4857142857142857,-0.02857142857142858,0.45,0.6,-0.14999999999999997,0.55,0.4,0.15000000000000002,1,1
Thailand,Iraq,-239,-78,1.4,1.6,-0.5999999999999999,-56.42000000000002,-3.0,1.31,1,0.3333333333333333,-58.11000000000002,-0.042288490660791433,-56.6,0,0,59.856492458492376,-25.766075016000606,85.62256747449298,1628.6,1710.8,-82.20000000000005,0,-2,0,1.6285714285714286,1.2285714285714286,0.3999999999999999,1.6,1.4,0.20000000000000018,0.3,0.2,0.09999999999999998,0.55,0.55,0.0,1,1
Australia,Oman,223,52,0.19999999999999996,0.6000000000000001,-0.19999999999999996,194.52999999999992,4.970000000000001,0,1,0.5,199.49999999999991,0.043862375040552015,327.25000000000006,0,0,-41.71098599506851,21.92225462185495,-63.63324061692346,1640.0,1607.4,32.59999999999991,-4,-15,0,1.5142857142857142,1.5714285714285714,-0.05714285714285716,1.0,1.0285714285714285,-0.02857142857142847,0.35,0.4,-0.050000000000000044,0.45,0.45,0.0,1,1
Vietnam,United Arab Emirates,-266,-158,0.0,0.40000000000000013,0.20000000000000018,-139.74,31.11,11.65,1,0.5,-96.98000000000002,0.15728159433294187,-103.07,0,0,11.432830403595155,-49.49397759272217,60.92680799631732,1527.0,1574.2,-47.200000000000045,-10,-16,0,1.7428571428571429,1.4,0.34285714285714297,1.6285714285714286,1.6,0.02857142857142847,0.35,0.25,0.09999999999999998,0.3,0.55,-0.25000000000000006,2,0
Japan,Qatar,287,61,1.4,1.2000000000000002,-0.6,94.37000000000003,1.2399999999999998,0,1,0.3333333333333333,95.61000000000001,0.013185220973009892,93.41999999999999,0,0,-32.62675743038288,-7.139543421692798,-25.48721400869008,1519.4,1585.6,-66.19999999999982,-1,-2,0,1.5714285714285714,1.4285714285714286,0.1428571428571428,0.7714285714285715,0.9142857142857143,-0.1428571428571428,0.55,0.45,0.10000000000000003,0.3,0.35,-0.04999999999999999,1,1
Indonesia,Bahrain,26,30,0.8,-0.20000000000000018,-1.0000000000000002,-14.999999999999993,1.22,-0.43,1,0.0,-14.20999999999999,-0.0025579164391410503,38.83999999999999,0,0,-21.6072138918924,-23.760894043632184,2.1536801517397848,1553.8,1604.2,-50.40000000000009,-18,-28,0,1.2285714285714286,1.2,0.028571428571428692,1.8,1.7714285714285714,0.028571428571428692,0.15,0.15,0.0,0.55,0.6,-0.04999999999999993,2,1
Malaysia,China PR,1,1,-0.19999999999999996,0.19999999999999996,-0.8,-19.46000000000003,2.0999999999999996,-2.01,1,0.0,-19.370000000000033,-0.08471466365435287,-1.6799999999999997,0,0,-72.80465888886742,21.218816967166976,-94.0234758560344,1446.8,1678.2,-231.4000000000001,-11,-20,0,0.9428571428571428,1.0571428571428572,-0.11428571428571432,1.7142857142857142,1.4857142857142858,0.22857142857142843,0.25,0.25,0.0,0.35,0.45,-0.10000000000000003,1,5
Iran,Uzbekistan,87,16,0.6000000000000001,0.3999999999999999,0.19999999999999996,249.1100000000001,-13.780000000000001,-1.0300000000000002,1,0.5,234.30000000000007,-0.020525424682886317,320.11,0,0,0.6050190184167175,-48.5206298167238,49.12564883514052,1705.4,1611.0,94.40000000000009,1,8,0,2.0285714285714285,1.7142857142857142,0.3142857142857143,1.1142857142857143,1.0,0.11428571428571432,0.4,0.4,0.0,0.45,0.5,-0.04999999999999999,2,1
South Korea,Saudi Arabia,156,34,-0.40000000000000013,-0.40000000000000013,0.19999999999999996,-101.57000000000002,67.1,0,1,0.0,-34.47000000000003,0.24323514025332116,-45.22000000000001,0,0,-26.869017707633592,24.443778258457883,-51.31279596609147,1821.8,1532.8,289.0,-10,-7,0,1.457142857142857,1.9714285714285715,-0.5142857142857145,1.0857142857142856,0.9142857142857143,0.17142857142857137,0.35,0.4,-0.050000000000000044,0.45,0.4,0.04999999999999999,1,1
Thailand,Oman,-77,-33,0.20000000000000018,0.0,0.0,-128.00000000000006,7.960000000000001,0,1,0.5,-120.04000000000005,0.005718781134554929,-95.66,0,0,51.08289213077815,26.530546007369956,24.552346123408192,1710.8,1634.6,76.20000000000005,0,3,0,1.457142857142857,1.542857142857143,-0.08571428571428585,1.5714285714285714,0.9714285714285714,0.6,0.3,0.4,-0.10000000000000003,0.55,0.5,0.050000000000000044,2,0
Vietnam,Qatar,-216,-134,1.0,1.4,0.19999999999999996,-112.63000000000002,-0.8799999999999999,0,1,0.5,-113.51000000000002,-0.06588780447418496,-68.02000000000001,0,0,25.207655502456,-13.93237546053442,39.14003096299042,1496.8,1653.4,-156.60000000000014,-8,-21,0,1.7428571428571429,1.4,0.34285714285714297,1.542857142857143,0.8857142857142857,0.6571428571428573,0.4,0.45,-0.04999999999999999,0.25,0.35,-0.09999999999999998,1,1
Iraq,Australia,-61,-7,-0.7999999999999999,-1.2000000000000002,0.19999999999999996,-266.10999999999996,5.99,-1.31,1,0.0,-261.42999999999995,0.004144896754794347,-366.31000000000006,0,0,-39.60661342339159,-38.11948120659189,-1.4871322167997008,1708.4,1642.0,66.40000000000009,4,20,0,1.2,1.4285714285714286,-0.22857142857142865,1.457142857142857,1.0285714285714285,0.4285714285714286,0.15,0.3,-0.15,0.6,0.5,0.09999999999999998,3,1
United Arab Emirates,Japan,-237,-37,-0.6000000000000001,-0.6000000000000001,0.7999999999999999,-67.26000000000005,-33.23,-11.65,1,0.0,-112.14000000000001,-0.23635461978013672,-58.370000000000005,0,0,-55.793768181611185,-37.840328740541544,-17.95343944106964,1528.8,1582.6,-53.799999999999955,3,-3,0,1.3142857142857143,1.6285714285714286,-0.3142857142857143,1.6285714285714286,0.8285714285714286,0.7999999999999999,0.25,0.55,-0.30000000000000004,0.5,0.35,0.15000000000000002,1,3
Indonesia,Saudi Arabia,-159,-45,0.5999999999999999,0.40000000000000013,0.0,-219.89,74.34,-0.43,1,0.0,-145.98000000000002,0.2408138231643574,-108.26000000000002,0,0,-1.607213891892398,26.965285039920154,-28.572498931812554,1491.6,1593.6,-102.0,-20,-29,0,1.3142857142857143,1.7714285714285714,-0.4571428571428571,1.6571428571428573,0.9428571428571428,0.7142857142857144,0.15,0.35,-0.19999999999999998,0.55,0.45,0.10000000000000003,1,2
Malaysia,Uzbekistan,-246,-68,0.0,0.40000000000000013,0.3999999999999999,-206.61999999999998,-8.16,2.58,1,0.5,-212.19999999999996,-0.24109411705832817,-58.77,0,0,-70.40750666060138,-47.21044320762742,-23.197063452973964,1483.8,1687.2,-203.4000000000001,-16,-23,0,0.9714285714285714,1.6,-0.6285714285714287,1.9142857142857144,1.1142857142857143,0.8,0.25,0.4,-0.15000000000000002,0.35,0.5,-0.15000000000000002,0,5
Bahrain,South Korea,-341,-109,-0.3999999999999999,0.6000000000000001,1.0000000000000002,-103.32,6.0200000000000005,0,1,0.0,-97.3,0.00013659935017729108,-101.88,0,0,-23.674975577991148,-31.540009700981596,7.865034122990448,1547.2,1813.6,-266.39999999999986,8,6,0,1.2285714285714286,1.457142857142857,-0.22857142857142843,1.7714285714285714,1.1428571428571428,0.6285714285714286,0.15,0.3,-0.15,0.6,0.5,0.09999999999999998,2,1
China PR,Iran,-334,-85,-0.8,-0.8,0.19999999999999996,-436.27000000000004,3.5200000000000014,5.62,1,0.3333333333333333,-427.13,-0.13585402872108898,-377.20000000000005,0,0,32.20213362203411,2.6197724914548868,29.582361130579223,1704.0,1691.2,12.799999999999955,-6,-11,0,1.4,2.0,-0.6000000000000001,1.4285714285714286,1.2,0.22857142857142865,0.25,0.35,-0.09999999999999998,0.5,0.5,0.0,2,2
Oman,Iraq,-162,-45,0.19999999999999996,0.19999999999999996,-0.19999999999999996,71.58000000000003,-10.96,1.31,1,0.75,61.93000000000002,-0.04800727179534636,39.05999999999999,0,0,5.807338967175259,-32.129447368020216,37.93678633519548,1608.8,1735.6,-126.79999999999995,0,-5,0,1.4285714285714286,1.2857142857142858,0.1428571428571428,1.1142857142857143,1.457142857142857,-0.34285714285714275,0.35,0.15,0.19999999999999998,0.5,0.6,-0.09999999999999998,0,0
Qatar,United Arab Emirates,-50,-24,0.3999999999999999,0.0,-0.8,-27.109999999999985,31.99,11.65,1,0.5,16.53,0.22316939880712683,-35.04999999999998,0,0,-20.770657499081796,-59.43320752635377,38.662550027271976,1566.8,1609.4,-42.600000000000136,-2,5,0,1.3142857142857143,1.3142857142857143,0.0,0.8285714285714286,1.6285714285714286,-0.7999999999999999,0.45,0.25,0.2,0.35,0.55,-0.20000000000000007,1,2
Thailand,Australia,-300,-85,0.20000000000000018,-0.20000000000000018,-0.19999999999999996,-322.53,2.99,0,1,0.5,-319.53999999999996,-0.038143593905997086,-422.91,0,0,68.18000836587292,-51.949318726827315,120.12932709270024,1723.8,1626.2,97.59999999999991,4,18,0,1.5714285714285714,1.4285714285714286,0.1428571428571428,1.4857142857142858,1.1714285714285715,0.3142857142857143,0.35,0.3,0.04999999999999999,0.55,0.55,0.0,0,4
Vietnam,Japan,-503,-195,-0.3999999999999999,-0.19999999999999973,0.20000000000000007,-207.00000000000006,-2.1199999999999997,0,1,0.5,-209.12000000000003,-0.07907302544719486,-161.44,0,0,40.09838105273047,-25.057432539584482,65.15581359231496,1605.0,1605.0,0.0,-7,-19,0,1.7714285714285714,1.8285714285714285,-0.05714285714285716,1.4285714285714286,0.7714285714285715,0.6571428571428571,0.4,0.5,-0.09999999999999998,0.25,0.4,-0.15000000000000002,1,4
Indonesia,South Korea,-315,-79,0.40000000000000013,0.20000000000000018,-0.19999999999999996,-118.31999999999998,7.24,-0.43,1,0.0,-111.50999999999999,-0.002421317088963759,-63.040000000000006,0,0,7.6126225883934655,-49.35248268972804,56.965105278121506,1561.0,1741.2,-180.20000000000005,-10,-22,0,1.3428571428571427,1.2571428571428571,0.08571428571428563,1.5714285714285714,1.2285714285714286,0.34285714285714275,0.15,0.3,-0.15,0.6,0.5,0.09999999999999998,0,1
Malaysia,Iran,-333,-84,-1.4,-1.0,1.4,-455.7300000000001,5.620000000000001,3.6100000000000003,1,0.5,-446.50000000000006,-0.22056869237544185,-378.88,0,0,-59.418404653315505,2.43494264667549,-61.85334729999099,1570.2,1704.2,-134.0,-17,-31,0,0.9714285714285714,2.085714285714286,-1.1142857142857143,2.1714285714285713,1.2285714285714286,0.9428571428571426,0.25,0.35,-0.09999999999999998,0.35,0.55,-0.20000000000000007,0,2
Saudi Arabia,Bahrain,185,75,0.40000000000000013,-0.6000000000000001,-1.2000000000000002,204.89000000000001,-73.12,0,1,0.6666666666666666,131.77000000000004,-0.24337173960349845,147.10000000000002,0,0,30.458799900566717,-3.277113061664178,33.7359129622309,1560.8,1597.8,-37.0,2,1,0,1.7428571428571429,1.2857142857142858,0.4571428571428571,0.9714285714285714,1.6571428571428573,-0.6857142857142858,0.35,0.15,0.19999999999999998,0.5,0.6,-0.09999999999999998,4,0
Uzbekistan,China PR,247,69,-0.19999999999999996,-0.20000000000000018,-0.40000000000000013,187.15999999999994,10.26,-4.59,1,0.3333333333333333,192.82999999999993,0.1563794534039753,57.09,0,0,-43.949554098890346,34.52351613489586,-78.4730702337862,1713.0,1713.2,-0.20000000000004547,5,3,0,1.8571428571428572,1.4857142857142858,0.37142857142857144,1.0285714285714285,1.4857142857142858,-0.4571428571428573,0.45,0.25,0.2,0.45,0.5,-0.04999999999999999,3,0
Iraq,Vietnam,326,168,-1.0,-1.5999999999999999,-0.20000000000000018,59.00000000000002,4.72,-1.31,1,0.5,62.41000000000002,0.07737593708871326,33.51,0,0,-30.74201624406146,40.71362799022762,-71.45564423428908,1718.2,1701.2,17.0,8,19,0,1.2285714285714286,1.8285714285714285,-0.5999999999999999,1.3714285714285714,1.6571428571428573,-0.2857142857142858,0.2,0.4,-0.2,0.6,0.25,0.35,2,0
Japan,Australia,116,20,1.2000000000000002,0.6000000000000001,-0.3999999999999999,-118.1099999999999,3.39,0,1,0.5,-114.71999999999991,0.005841985113275938,-238.38000000000005,0,0,-25.99644330918911,-31.021664635254282,5.0252213260651715,1635.6,1623.8,11.799999999999955,3,20,0,1.9714285714285715,1.6857142857142857,0.2857142857142858,0.7714285714285715,1.1142857142857143,-0.34285714285714286,0.5,0.3,0.2,0.4,0.55,-0.15000000000000002,1,1
Iran,South Korea,16,2,0.0,1.1999999999999997,0.8,344.8900000000001,-5.050000000000001,-5.62,1,0.4666666666666667,334.22,0.019002457691596808,301.28000000000003,0,0,5.459282831963855,-30.15473678899817,35.614019620962026,1681.0,1660.2,20.799999999999955,7,9,0,2.142857142857143,1.2857142857142858,0.857142857142857,1.2,1.0857142857142856,0.11428571428571432,0.35,0.3,0.04999999999999999,0.55,0.5,0.050000000000000044,0,0
Saudi Arabia,Uzbekistan,-85,-20,0.0,-0.5999999999999999,0.0,5.790000000000049,-75.83,4.59,1,0.5833333333333334,-65.44999999999993,-0.2827630226278043,64.05000000000001,0,0,25.873853143740135,-46.48576958386822,72.35962272760835,1593.2,1713.0,-119.79999999999995,4,6,0,1.9714285714285715,2.0,-0.02857142857142847,0.8857142857142857,0.9142857142857143,-0.02857142857142858,0.4,0.5,-0.09999999999999998,0.5,0.4,0.09999999999999998,2,1
Iraq,South Korea,-91,-16,0.0,0.19999999999999996,0.0,-37.99999999999996,8.73,-1.31,1,0.0,-30.57999999999997,0.046506407270024086,-35.25,0,0,-21.072333105631603,-22.655578125995454,1.5832450203638508,1634.8,1681.6,-46.799999999999955,-2,-6,0,1.3142857142857143,1.1428571428571428,0.17142857142857149,1.1142857142857143,1.0285714285714285,0.08571428571428585,0.25,0.35,-0.09999999999999998,0.55,0.45,0.10000000000000003,0,0
Japan,Saudi Arabia,242,45,0.0,0.20000000000000018,0.0,8.430000000000064,73.23,0,1,0.75,81.66000000000003,0.29143863588182684,47.45999999999998,0,0,-29.8193137181309,42.25106152805168,-72.07037524618258,1660.8,1629.6,31.200000000000045,-13,-13,0,1.8571428571428572,2.0285714285714285,-0.17142857142857126,0.8285714285714286,0.8,0.02857142857142858,0.45,0.4,0.04999999999999999,0.45,0.5,-0.04999999999999999,2,3
South Korea,Japan,-86,-11,-0.40000000000000013,-1.6,-0.7999999999999999,-110.00000000000009,-6.130000000000001,0,1,0.5833333333333334,-116.13000000000005,-0.04820349562850568,-92.67999999999999,0,0,-15.676665984385533,-29.819313718130893,14.14264773374536,1677.6,1664.0,13.599999999999909,3,6,0,1.0285714285714285,1.8,-0.7714285714285716,0.9428571428571428,1.0571428571428572,-0.11428571428571432,0.35,0.4,-0.050000000000000044,0.45,0.5,-0.04999999999999999,0,0
Iraq,Saudi Arabia,65,18,-0.8,-1.2,-0.6,-139.57,75.83,-1.31,1,0.6666666666666666,-65.05,0.28974154752334524,-80.47000000000001,0,0,-20.218621835182514,53.210938753209454,-73.42956058839196,1649.0,1726.8,-77.79999999999995,-12,-13,0,1.2,2.1714285714285713,-0.9714285714285713,0.9428571428571428,0.8285714285714286,0.11428571428571421,0.3,0.4,-0.10000000000000003,0.55,0.55,0.0,1,0
Portugal,Turkey,68,7,-0.20000000000000018,-0.3999999999999999,0.0,440.7699999999998,60.95,0,1,1.0,501.7199999999998,0.13199497574497576,243.74,0,0,-53.23599883975969,-22.46122389549185,-30.774774944267836,1614.6,1638.8,-24.200000000000045,-1,-2,0,1.457142857142857,1.4857142857142858,-0.028571428571428692,1.0,0.9428571428571428,0.05714285714285716,0.4,0.4,0.0,0.6,0.45,0.14999999999999997,2,0
Switzerland,Czech Republic,158,27,-0.8,-0.40000000000000013,0.5999999999999999,98.55000000000001,-2.32,-2.65,1,0.5,93.58000000000001,-0.01988000000000001,81.78,0,0,-15.3509534733906,43.03639344337445,-58.387346916765054,1677.8,1582.2,95.59999999999991,-3,-20,0,1.457142857142857,1.8571428571428572,-0.40000000000000013,1.3714285714285714,0.6857142857142857,0.6857142857142857,0.35,0.5,-0.15000000000000002,0.5,0.45,0.04999999999999999,0,1
Austria,Croatia,-60,-14,-0.6000000000000001,0.6000000000000001,0.40000000000000013,355.26,-1.4699999999999998,0,1,0.0,353.79,0.004119663621345304,98.88,0,0,-29.098619575267275,-11.019365664284624,-18.07925391098265,1747.0,1740.0,7.0,-4,-21,0,1.3142857142857143,1.9142857142857144,-0.6000000000000001,1.4857142857142858,0.9428571428571428,0.5428571428571429,0.15,0.55,-0.4,0.55,0.35,0.20000000000000007,0,1
Germany,Poland,244,38,0.6000000000000001,1.2000000000000002,-0.4,515.3500000000001,-6.53,-11.53,1,1.0,497.2900000000002,-0.013865748772259212,389.09999999999997,0,0,-11.222333712805852,21.463209181895877,-32.685542894701726,1726.2,1642.4,83.79999999999995,-2,2,0,2.4571428571428573,1.5142857142857142,0.9428571428571431,0.6857142857142857,0.9142857142857143,-0.22857142857142854,0.45,0.4,0.04999999999999999,0.45,0.45,0.0,2,0
Netherlands,Italy,94,14,0.20000000000000018,0.3999999999999999,-0.19999999999999996,130.0300000000002,129.16,0,1,0.16666666666666666,259.19000000000017,0.25474284457981555,106.11999999999995,0,0,-8.652241881687283,36.900468136195,-45.55271001788228,1797.2,1826.8,-29.59999999999991,-3,0,0,1.8857142857142857,1.7714285714285714,0.11428571428571432,0.7142857142857143,0.9428571428571428,-0.22857142857142854,0.5,0.3,0.2,0.45,0.6,-0.14999999999999997,3,0
Romania,France,-448,-79,-0.19999999999999996,1.8,0.39999999999999997,-944.2799999999999,114.47,108.1,1,0.0,-721.7099999999999,0.07513551287948139,-592.84,-2,0,47.52934979166094,-17.079640163745584,64.60898995540653,1573.4,1969.6,-396.1999999999998,2,-4,0,2.1714285714285713,1.3714285714285714,0.7999999999999998,0.6,0.42857142857142855,0.17142857142857143,0.6,0.7,-0.09999999999999998,0.3,0.1,0.19999999999999998,0,0
Greece,Sweden,39,11,1.2,1.4000000000000001,0.19999999999999996,11.65999999999994,2.45,-18.88,1,0.6666666666666666,-4.770000000000053,-0.1165792474898284,-57.629999999999995,0,0,35.79398665680369,1.9877150408252113,33.806271615978474,1560.4,1824.6,-264.1999999999998,-8,-9,0,1.8285714285714285,0.8857142857142857,0.9428571428571428,1.0,0.9142857142857143,0.08571428571428574,0.45,0.4,0.04999999999999999,0.45,0.3,0.15000000000000002,0,2
Spain,Russia,352,33,0.6000000000000001,-1.4000000000000001,-0.8,583.97,33.849999999999994,0,1,0.6666666666666666,617.8199999999999,0.18187407237647868,600.28,0,0,1.6419578109833974,-4.647212944462406,6.289170755445803,1803.8,1422.0,381.79999999999995,4,8,0,1.457142857142857,1.9428571428571428,-0.48571428571428577,0.4857142857142857,1.0285714285714285,-0.5428571428571427,0.55,0.55,0.0,0.35,0.35,0.0,4,1
Czech Republic,Portugal,-227,-36,0.6000000000000001,0.19999999999999996,-0.19999999999999996,-751.0799999999999,0,0,1,0.5,-751.0799999999999,0.0,-545.3199999999999,0,0,54.54626905659383,-35.8131993271529,90.35946838374673,1698.8,1719.2,-20.40000000000009,-3,0,0,1.8285714285714285,1.5142857142857142,0.3142857142857143,0.5714285714285714,0.8571428571428571,-0.2857142857142857,0.55,0.45,0.10000000000000003,0.4,0.55,-0.15000000000000002,1,3
Switzerland,Turkey,-1,-2,-0.19999999999999996,-0.19999999999999996,0.0,-211.7600000000001,58.63,-2.65,1,0.5,-155.78000000000011,0.11211497574497575,-219.79999999999998,0,0,-41.29101579777324,-35.61217626236638,-5.678839535406858,1655.6,1689.6,-34.0,-7,-22,0,1.4,1.3714285714285714,0.02857142857142847,1.4,1.1142857142857143,0.2857142857142856,0.3,0.35,-0.04999999999999999,0.5,0.45,0.04999999999999999,1,2
Austria,Poland,116,17,-0.19999999999999996,1.2000000000000002,0.6000000000000001,442.72,-5.3,3.47,1,0.0,440.8900000000001,0.007072809886373932,149.72000000000003,0,0,-40.58280588472604,14.516529621827118,-55.09933550655316,1781.6,1766.2,15.399999999999864,-6,-20,0,1.3142857142857143,1.3428571428571427,-0.02857142857142847,1.542857142857143,1.0285714285714285,0.5142857142857145,0.15,0.4,-0.25,0.55,0.4,0.15000000000000002,1,1
Croatia,Germany,-68,-7,-1.0,-1.8,0.4,-427.8900000000001,2.7,15.0,1,0.16666666666666666,-410.1900000000001,0.01681889503728784,-338.25999999999993,0,0,-3.5341475503483295,-11.078613943787037,7.544466393438707,1701.8,1727.8,-26.0,0,-1,0,1.8,2.2,-0.40000000000000013,0.8857142857142857,0.6857142857142857,0.19999999999999996,0.55,0.45,0.10000000000000003,0.35,0.45,-0.10000000000000003,2,1
Italy,Romania,242,58,-0.19999999999999996,-0.8,0.9999999999999999,279.83000000000004,-117.03,16.9,1,1.0,179.70000000000002,-0.11828457795139835,265.4,0,0,43.633560231450886,39.477971068549685,4.155589162901201,1859.8,1700.8,159.0,7,12,0,1.6571428571428573,2.057142857142857,-0.3999999999999997,1.0571428571428572,0.5714285714285714,0.48571428571428577,0.3,0.6,-0.3,0.55,0.3,0.25000000000000006,1,1
Netherlands,France,-112,-7,0.3999999999999999,1.8,0.8,-534.4199999999996,126.60000000000001,125.0,1,0.6666666666666666,-282.8199999999997,0.2115937795078986,-221.32000000000005,-2,0,-4.0570851720903995,-9.044379938200061,4.987294766109661,1790.2,1863.0,-72.79999999999995,6,8,0,2.0,1.3714285714285714,0.6285714285714286,0.6857142857142857,0.34285714285714286,0.34285714285714286,0.55,0.75,-0.19999999999999996,0.4,0.1,0.30000000000000004,4,1
Greece,Russia,-50,-7,-0.40000000000000013,-1.4000000000000001,-0.6000000000000001,-107.03000000000006,49.339999999999996,-18.88,1,0.2222222222222222,-76.57000000000005,0.06471893104888038,52.24000000000001,0,0,20.301030836490987,-4.713910780270759,25.014941616761746,1604.6,1636.0,-31.40000000000009,-5,-4,0,1.6857142857142857,1.9428571428571428,-0.2571428571428571,1.0857142857142856,1.3142857142857143,-0.22857142857142865,0.4,0.5,-0.09999999999999998,0.45,0.4,0.04999999999999999,0,1
Sweden,Spain,-441,-51,-1.6,-1.2000000000000002,0.0,-702.66,13.04,0,1,0.4444444444444444,-689.62,-0.000575893837769903,-490.41,0,0,12.892291342581634,13.354893263768327,-0.4626019211866925,1803.0,1845.8,-42.799999999999955,-1,-3,0,0.9714285714285714,1.6857142857142857,-0.7142857142857143,0.8,0.45714285714285713,0.3428571428571429,0.45,0.55,-0.10000000000000003,0.3,0.35,-0.04999999999999999,1,2
Switzerland,Portugal,-69,-9,-0.6000000000000001,-0.6000000000000001,0.19999999999999996,-652.53,-2.32,-2.65,1,0.5,-657.4999999999999,-0.01988000000000001,-463.53999999999996,0,0,-56.817542890606774,-25.4760945264486,-31.341448364158175,1629.6,1768.8,-139.20000000000005,-6,-20,0,1.3142857142857143,1.6857142857142857,-0.37142857142857144,1.4857142857142858,0.8571428571428571,0.6285714285714287,0.25,0.45,-0.2,0.55,0.55,0.0,2,0
Turkey,Czech Republic,159,29,-0.19999999999999996,-0.20000000000000018,0.19999999999999996,310.3100000000001,-60.95,0,1,0.16666666666666666,249.36000000000013,-0.13199497574497576,301.58,0,0,-16.16222604930791,50.134098657448924,-66.29632470675683,1772.4,1747.8,24.600000000000136,4,2,0,1.3142857142857143,1.7714285714285714,-0.4571428571428571,1.1142857142857143,0.7428571428571429,0.37142857142857144,0.3,0.55,-0.25000000000000006,0.5,0.4,0.09999999999999998,3,2
Austria,Germany,-128,-21,-1.0,-0.20000000000000018,0.6000000000000001,-72.63000000000011,1.2300000000000004,15.0,1,0.0,-56.40000000000009,0.020938558658633144,-239.37999999999994,0,0,-30.843127444647095,-25.424854340822364,-5.418273103824731,1732.8,1739.8,-7.0,-4,-22,0,1.3428571428571427,2.057142857142857,-0.7142857142857142,1.457142857142857,0.8285714285714286,0.6285714285714284,0.15,0.4,-0.25,0.55,0.5,0.050000000000000044,0,1
Poland,Croatia,-176,-31,-1.0000000000000002,-0.3999999999999999,0.4,-87.46000000000004,3.83,-3.47,1,0.6666666666666666,-87.10000000000005,-0.0029531462650286278,-50.84000000000003,0,0,28.02425513007426,8.215608345262634,19.808646784811625,1761.8,1703.6,58.200000000000045,2,-1,0,1.3142857142857143,1.8,-0.48571428571428577,1.0,0.8857142857142857,0.11428571428571432,0.35,0.5,-0.15000000000000002,0.45,0.4,0.04999999999999999,0,1
France,Italy,206,21,0.20000000000000018,-0.5999999999999999,-0.5999999999999999,664.4499999999998,2.5600000000000023,-125.0,1,0.6666666666666666,542.0099999999999,0.04314906507191696,327.44,2,0,-22.588974721457166,32.2920480195422,-54.88102274099937,1848.6,1903.0,-54.40000000000009,-9,-8,0,1.1142857142857143,1.6571428571428573,-0.5428571428571429,0.6857142857142857,1.0571428571428572,-0.37142857142857144,0.7,0.3,0.39999999999999997,0.15,0.6,-0.44999999999999996,0,2
Netherlands,Romania,336,72,1.0,1.0,0.0,409.86000000000024,12.129999999999999,16.9,1,0.6666666666666666,438.8900000000002,0.1364582666284172,371.52,0,0,26.533533365059128,39.250354829375425,-12.716821464316297,1836.4,1745.6,90.80000000000018,4,12,0,2.1714285714285713,1.8285714285714285,0.34285714285714275,0.6285714285714286,0.5428571428571428,0.08571428571428574,0.55,0.6,-0.04999999999999993,0.4,0.3,0.10000000000000003,2,0
Greece,Spain,-402,-40,-2.2,-1.2,0.6,-691.0,15.49,-18.88,1,0.3333333333333333,-694.39,-0.1171551413275983,-548.04,0,0,6.082127648489237,14.676604732523156,-8.594477084033919,1571.6,1774.6,-203.0,-9,-12,0,1.5142857142857142,1.7714285714285714,-0.2571428571428571,1.0857142857142856,0.4857142857142857,0.5999999999999999,0.35,0.55,-0.20000000000000007,0.45,0.4,0.04999999999999999,1,2
Russia,Sweden,89,18,1.2,1.9999999999999998,0.3999999999999999,118.69,-46.88999999999999,0,1,0.3333333333333333,71.8,-0.18129817853870878,-109.87,0,0,-0.32721107249362547,14.77673805860197,-15.103949131095595,1662.2,1854.0,-191.79999999999995,-3,-5,0,1.9142857142857144,1.0,0.9142857142857144,1.2285714285714286,0.8857142857142857,0.34285714285714297,0.5,0.45,0.04999999999999999,0.4,0.3,0.10000000000000003,2,0
Portugal,Germany,1,1,-0.19999999999999996,0.0,0.0,154.62999999999977,6.53,15.0,1,0.5,176.15999999999974,0.02878727102553813,68.45000000000005,0,0,-32.03443630861583,-12.64385142501109,-19.390584883604742,1775.8,1727.8,48.0,8,7,0,1.542857142857143,1.9142857142857144,-0.37142857142857144,0.9142857142857143,0.8,0.11428571428571421,0.4,0.45,-0.04999999999999999,0.55,0.45,0.10000000000000003,2,3
Croatia,Turkey,-1,-1,0.8,-0.6000000000000001,-1.2000000000000002,-141.75000000000006,57.120000000000005,0,1,0.3333333333333333,-84.63000000000005,0.12002659975672547,-162.96999999999997,0,0,10.523343152760019,3.5515839642262454,6.971759188533773,1689.6,1785.0,-95.40000000000009,-9,-10,0,1.6285714285714286,1.5142857142857142,0.11428571428571432,0.8571428571428571,1.2285714285714286,-0.37142857142857155,0.5,0.3,0.2,0.4,0.5,-0.09999999999999998,1,1
Netherlands,Russia,155,25,0.20000000000000018,0.3999999999999999,-0.7999999999999999,393.9700000000002,45.629999999999995,0,1,1.0,439.60000000000014,0.19473971370514187,451.36999999999995,0,0,25.602885285420292,11.42649547356626,14.176389811854033,1812.4,1720.6,91.80000000000018,1,8,0,2.1714285714285713,1.9142857142857144,0.2571428571428569,0.6,1.1428571428571428,-0.5428571428571428,0.6,0.5,0.09999999999999998,0.35,0.4,-0.050000000000000044,1,3
Spain,Italy,291,22,1.6,1.0000000000000002,-0.3999999999999999,320.03,117.38000000000001,0,1,0.7777777777777778,437.40999999999997,0.24187720325115236,255.03000000000003,0,0,13.441467710547066,40.98584056101861,-27.544372850471547,1752.4,1923.4,-171.0,0,0,0,1.7714285714285714,1.6571428571428573,0.1142857142857141,0.5142857142857142,0.9714285714285714,-0.4571428571428572,0.55,0.35,0.20000000000000007,0.4,0.55,-0.15000000000000002,0,0
Germany,Turkey,67,6,0.3999999999999999,0.19999999999999996,-0.19999999999999996,286.14000000000004,54.42,-15.0,1,0.0,325.56000000000006,0.10320770471943763,175.28999999999996,0,0,13.104862854815119,-6.937390015908055,20.042252870723175,1824.4,1787.0,37.40000000000009,-9,-9,0,2.085714285714286,1.4857142857142858,0.6000000000000001,0.8,1.1714285714285715,-0.37142857142857144,0.45,0.3,0.15000000000000002,0.45,0.55,-0.10000000000000003,3,2
Russia,Spain,-352,-33,-0.20000000000000018,0.40000000000000013,0.6,-583.97,-33.849999999999994,0,1,0.1111111111111111,-617.8199999999999,-0.18187407237647868,-600.28,0,0,9.874322497752146,16.16325880400986,-6.288936306257714,1760.6,1786.0,-25.40000000000009,-4,-8,0,2.0285714285714285,1.7142857142857142,0.3142857142857143,1.1428571428571428,0.45714285714285713,0.6857142857142857,0.5,0.6,-0.09999999999999998,0.4,0.4,0.0,0,3
Germany,Spain,-188,-7,-0.20000000000000018,-0.20000000000000018,0.6,-82.1099999999999,8.96,-15.0,1,0.5,-88.14999999999986,-0.010124845271631489,-89.29000000000008,0,0,20.739311607952274,17.028771321436945,3.7105402865153287,1852.8,1774.4,78.39999999999986,-5,-8,0,2.085714285714286,1.8285714285714285,0.25714285714285734,0.9142857142857143,0.45714285714285713,0.45714285714285713,0.45,0.6,-0.14999999999999997,0.45,0.4,0.04999999999999999,0,1
South Africa,Mexico,-190,-47,0.8,0.6000000000000001,-0.9999999999999999,22.819999999999936,23.93,1.87,0,0.5,48.61999999999995,0.1286447326976492,-69.26,0,0,47.36522255486422,16.777253732670495,30.587968822193723,1669.4,1808.8,-139.39999999999986,-33,2,0,1.6,1.7714285714285714,-0.17142857142857126,0.5714285714285714,0.8285714285714286,-0.25714285714285723,0.5,0.55,-0.050000000000000044,0.25,0.45,-0.2,1,1
Uruguay,France,-181,-16,1.0,1.0,-0.3999999999999999,-1004.4199999999998,113.74000000000001,116.45,0,0.3333333333333333,-774.2299999999999,0.06963454958104509,-628.11,-2,0,-0.4340548589361788,-48.894551399878736,48.46049654094256,1775.6,1752.8,22.799999999999955,31,-2,0,1.5142857142857142,1.2857142857142858,0.22857142857142843,1.0,0.8857142857142857,0.11428571428571432,0.3,0.35,-0.04999999999999999,0.5,0.45,0.04999999999999999,0,0
Argentina,Nigeria,215,23,0.7999999999999998,1.0,-0.20000000000000007,142.66000000000008,60.730000000000004,8.51,0,1.0,211.9000000000001,0.14309569566512448,303.18,0,0,0.4714443435691842,-10.71435514867257,11.185799492241754,1765.0,1734.8,30.200000000000045,27,-23,0,2.2,1.457142857142857,0.7428571428571431,1.0857142857142856,0.7428571428571429,0.34285714285714275,0.45,0.55,-0.10000000000000003,0.45,0.35,0.10000000000000003,1,0
England,United States,169,20,0.5999999999999999,0.20000000000000018,-1.0,1227.4700000000003,-326.44,-172.2,0,1.0,728.8300000000003,-0.2706948729214773,643.4300000000001,4,0,-1.5225008843275916,-37.458072104878866,35.935571220551275,1815.8,1770.0,45.799999999999955,-22,5,0,2.6,1.8,0.8,0.8857142857142857,1.7142857142857142,-0.8285714285714285,0.25,0.2,0.04999999999999999,0.6,0.75,-0.15000000000000002,1,1
South Korea,Greece,115,20,0.8,0.6,-0.7999999999999999,10.980000000000018,-8.73,18.88,0,0.6666666666666666,21.130000000000024,0.0776136868228211,-24.91000000000001,0,0,-16.48859807594642,-33.262341438981494,16.773743363035074,1855.2,1723.4,131.79999999999995,4,5,0,1.2285714285714286,1.2,0.028571428571428692,0.6285714285714286,1.2,-0.5714285714285714,0.55,0.3,0.25000000000000006,0.3,0.5,-0.2,2,0
Algeria,Slovenia,163,39,-1.7999999999999998,-2.1999999999999997,1.4000000000000001,511.9900000000001,-50.59,0,0,0.5,461.4000000000001,0.030977229905644665,279.04,0,0,-40.06734607304238,32.982670779005744,-73.05001685204812,1762.2,1563.4,198.79999999999995,-2,6,0,0.7428571428571429,1.9714285714285715,-1.2285714285714286,1.4,0.8857142857142857,0.5142857142857142,0.45,0.4,0.04999999999999999,0.25,0.4,-0.15000000000000002,0,1
Germany,Australia,129,22,0.0,0.8000000000000003,-0.3999999999999999,369.8000000000001,-0.54,-15.0,0,0.5,354.26000000000016,-0.012944901282084031,152.5999999999999,0,0,-4.223752870641017,12.428703096685647,-16.652455967326663,1681.8,1677.0,4.7999999999999545,4,22,0,2.2857142857142856,1.3428571428571427,0.9428571428571428,0.6857142857142857,0.8,-0.11428571428571432,0.5,0.65,-0.15000000000000002,0.4,0.3,0.10000000000000003,4,0
Serbia,Ghana,153,44,0.8,1.2,-0.5999999999999999,153.55000000000007,-36.379999999999995,0,0,0.5,117.17000000000009,-0.13342120281380498,58.41,0,0,37.55591253159587,13.352824945350196,24.203087586245676,1778.4,1694.6,83.80000000000018,-5,-11,0,2.057142857142857,1.0285714285714285,1.0285714285714285,0.7428571428571429,1.0857142857142856,-0.34285714285714275,0.5,0.5,0.0,0.4,0.35,0.050000000000000044,0,1
Italy,Paraguay,28,8,-0.40000000000000013,-0.7999999999999999,-0.4,-122.60000000000014,-132.87,0,0,0.5,-255.47000000000014,-0.260539629005059,113.12,0,0,-0.6679784238889785,-33.78324554655062,33.11526712266164,1817.6,1669.4,148.19999999999982,-22,11,0,1.2571428571428571,0.9714285714285714,0.2857142857142857,0.7428571428571429,1.0571428571428572,-0.3142857142857143,0.5,0.4,0.09999999999999998,0.45,0.35,0.10000000000000003,1,1
Japan,Cameroon,238,39,0.0,-0.4,0.19999999999999996,54.64000000000007,40.059999999999995,0,0,0.6666666666666666,94.70000000000005,0.19774249338297012,56.69,0,0,-58.77841265068962,-23.62738518272239,-35.151027467967225,1784.8,1770.8,14.0,-2,-5,0,1.542857142857143,1.3714285714285714,0.17142857142857149,1.1714285714285715,1.3428571428571427,-0.17142857142857126,0.5,0.4,0.09999999999999998,0.3,0.5,-0.2,1,0
Netherlands,Denmark,102,16,1.4000000000000001,1.5999999999999999,-0.19999999999999996,395.0300000000002,2.6399999999999997,0,0,0.5555555555555556,397.6700000000002,0.02012369887951615,339.3299999999999,0,0,29.100318518140057,-24.36880285940099,53.46912137754104,1763.2,1808.6,-45.399999999999864,-2,7,0,2.142857142857143,1.1142857142857143,1.0285714285714285,0.6285714285714286,0.8571428571428571,-0.22857142857142854,0.5,0.4,0.09999999999999998,0.5,0.35,0.15000000000000002,2,0
Brazil,North Korea,531,187,2.6,1.8,-1.4000000000000001,1078.27,-115.80000000000001,-100.0,0,0.5,862.4699999999999,-0.13818535590013614,758.27,2,0,9.54060101955472,23.17095563632296,-13.630354616768242,1641.0,1783.6,-142.5999999999999,38,27,0,2.342857142857143,0.7714285714285715,1.5714285714285716,0.4857142857142857,1.2285714285714286,-0.7428571428571429,0.65,0.45,0.2,0.35,0.4,-0.050000000000000044,2,1
Ivory Coast,Portugal,-162,-26,-1.2000000000000002,0.0,1.4000000000000001,-673.8199999999998,0,0,0,0.5,-673.8199999999998,0.0,-518.34,0,0,11.360216524581695,8.485837914619372,2.8743786099623225,1809.4,1589.8,219.60000000000014,-9,-1,0,1.9142857142857144,1.6857142857142857,0.22857142857142865,1.0285714285714285,0.42857142857142855,0.5999999999999999,0.45,0.75,-0.3,0.5,0.25,0.25,0,0
New Zealand,Slovakia,37,17,-0.19999999999999996,-0.3999999999999999,0.5999999999999999,-78.90999999999994,40.77,-10.03,0,0.5,-48.16999999999993,0.09797053986526305,-121.69,0,0,-31.588011828263323,21.291390357489306,-52.879402185752625,1722.0,1770.0,-48.0,-26,-46,0,0.9714285714285714,1.457142857142857,-0.48571428571428565,1.7714285714285714,1.0285714285714285,0.7428571428571429,0.2,0.3,-0.09999999999999998,0.5,0.45,0.04999999999999999,1,1
Honduras,Chile,-57,-26,-2.0,-1.4,1.4000000000000001,38.36000000000004,-8.06,-10.42,0,0.5,19.88000000000008,-0.08332281720840773,-21.14,0,0,-30.81933964925743,63.11211620000131,-93.93145584925874,1594.4,1620.8,-26.399999999999864,-6,-6,0,1.2,1.7714285714285714,-0.5714285714285714,1.3142857142857143,0.6,0.7142857142857143,0.3,0.5,-0.2,0.45,0.4,0.04999999999999999,0,1
South Africa,Uruguay,-213,-51,0.0,0.19999999999999996,0.0,62.81,4.17,8.55,0,0.3333333333333333,75.53,0.09449598514498414,-35.33999999999999,0,0,48.38681669470359,9.628844206773952,38.757972487929635,1735.0,1776.2,-41.200000000000045,-36,-1,0,1.4857142857142858,1.3714285714285714,0.11428571428571432,0.6,0.8857142857142857,-0.2857142857142857,0.5,0.35,0.15000000000000002,0.3,0.45,-0.15000000000000002,0,3
Spain,Switzerland,256,15,2.6,3.0,-0.6,580.01,-13.17,2.65,0,0.5,569.49,0.001217574246093367,484.38,0,0,28.635256341445064,-45.97084589061221,74.60610223205728,1829.4,1778.4,51.0,3,24,0,3.2,1.2,2.0,0.6,0.9142857142857143,-0.3142857142857143,0.6,0.4,0.19999999999999996,0.4,0.5,-0.09999999999999998,0,1
Argentina,South Korea,199,18,1.2,1.4000000000000001,-0.2,551.8299999999999,-44.269999999999996,0,0,1.0,507.55999999999995,-0.017314058814012823,454.98,0,0,3.660251833319778,-9.33750747019386,12.997759303513638,1797.6,1844.6,-47.0,26,-4,0,2.1142857142857143,1.2857142857142858,0.8285714285714285,1.0285714285714285,0.5714285714285714,0.4571428571428571,0.45,0.6,-0.14999999999999997,0.45,0.25,0.2,4,1
France,Mexico,204,20,-0.3999999999999999,-1.4,-0.6000000000000001,964.4299999999998,-93.98,-123.13,0,1.0,747.3199999999999,-0.03548580202838003,594.19,2,0,-45.0891383951967,9.958291189755922,-55.047429584952624,1788.8,1797.4,-8.600000000000136,-28,5,0,1.1714285714285715,1.6571428571428573,-0.48571428571428577,0.8,0.8857142857142857,-0.08571428571428563,0.4,0.5,-0.09999999999999998,0.4,0.5,-0.09999999999999998,0,2
Greece,Nigeria,-99,-15,-0.8,-1.2000000000000002,0.6000000000000001,-420.14999999999986,113.73,-10.37,0,0.5,-316.78999999999985,0.0827960676563162,-126.88999999999999,0,0,-29.206851715642298,-4.866047347031362,-24.340804368610936,1748.6,1778.4,-29.800000000000182,-3,-24,0,1.1714285714285715,1.4,-0.22857142857142843,1.2571428571428571,0.7142857142857143,0.5428571428571428,0.3,0.55,-0.25000000000000006,0.45,0.35,0.10000000000000003,2,1
England,Algeria,181,23,1.4,1.6,-0.6000000000000001,696.4100000000002,-258.47,-180.0,0,0.5,257.94000000000017,-0.25989896974698623,384.78,4,0,-6.1226407606548605,-64.18349977316075,58.06085901250589,1891.0,1731.4,159.5999999999999,3,-3,0,2.3714285714285714,0.7142857142857143,1.657142857142857,0.9142857142857143,1.3714285714285714,-0.4571428571428572,0.25,0.4,-0.15000000000000002,0.6,0.25,0.35,0,0
Germany,Serbia,209,32,1.0,1.2000000000000002,-0.6,505.56000000000006,32.19,-15.0,0,1.0,522.75,0.13098825096835476,498.43999999999994,0,0,1.6829154170908982,16.263140264347914,-14.580224847257016,1688.2,1729.6,-41.399999999999864,1,7,0,2.342857142857143,1.9142857142857144,0.4285714285714286,0.6285714285714286,0.7428571428571429,-0.11428571428571432,0.5,0.5,0.0,0.4,0.35,0.050000000000000044,0,1
Slovenia,United States,-175,-42,1.0,0.19999999999999996,-1.0,19.069999999999965,-17.380000000000003,7.8,0,0.5,9.48999999999998,-0.04177313308013575,-20.389999999999986,0,0,59.97241314930543,-38.07166873929657,98.044081888602,1754.4,1880.4,-126.0,-23,2,0,1.9428571428571428,1.6857142857142857,0.2571428571428571,0.8571428571428571,1.7142857142857142,-0.8571428571428571,0.4,0.15,0.25,0.4,0.8,-0.4,2,2
Cameroon,Denmark,-140,-24,-0.19999999999999996,0.4,0.6000000000000001,-39.630000000000024,-36.309999999999995,0,0,0.0,-75.94000000000003,-0.18182239470838868,-48.72000000000003,0,0,-31.35532097065626,-34.630951600996475,3.275630630340217,1788.8,1828.0,-39.200000000000045,-1,8,0,1.2,1.0,0.19999999999999996,1.3714285714285714,0.8857142857142857,0.48571428571428577,0.4,0.4,0.0,0.45,0.35,0.10000000000000003,1,2
Ghana,Australia,-233,-54,-0.6000000000000001,-0.19999999999999996,-0.20000000000000018,-289.31,3.6500000000000004,0,0,0.16666666666666666,-285.65999999999997,-0.010511949436633805,-404.25000000000006,0,0,27.895065282237347,-0.4688736999103309,28.36393898214768,1675.8,1777.4,-101.60000000000014,8,26,0,1.0571428571428572,1.1714285714285715,-0.11428571428571432,1.0857142857142856,1.0857142857142856,0.0,0.5,0.6,-0.09999999999999998,0.35,0.3,0.04999999999999999,1,1
Netherlands,Japan,4,1,2.4,2.8000000000000003,-1.0,380.02000000000015,-1.1099999999999999,0,0,1.0,378.91000000000014,0.00420360020493471,331.35999999999996,0,0,34.202895277993306,-55.826304381894985,90.02919965988829,1767.2,1822.6,-55.399999999999864,1,4,0,2.2285714285714286,1.2857142857142858,0.9428571428571428,0.5142857142857142,1.1428571428571428,-0.6285714285714286,0.55,0.55,0.0,0.45,0.25,0.2,1,0
Brazil,Ivory Coast,193,28,2.0,1.5999999999999999,-0.9999999999999999,931.3599999999999,-120.01,-100.0,0,0.5,711.3499999999999,-0.18965234856517277,658.59,2,0,9.978508164575231,11.659777268966396,-1.6812691043911645,1528.6,1882.0,-353.4000000000001,31,-6,0,2.3714285714285714,1.6571428571428573,0.7142857142857142,0.5714285714285714,1.0,-0.4285714285714286,0.6,0.45,0.14999999999999997,0.4,0.5,-0.09999999999999998,3,1
Italy,New Zealand,149,28,0.3999999999999999,0.0,-0.8,325.87,-131.3,10.03,0,1.0,204.60000000000002,-0.1975338172620793,347.47,0,0,-2.4761300554346297,-16.81397298148888,14.33784292605425,1793.2,1752.2,41.0,31,64,0,1.2857142857142858,0.9714285714285714,0.3142857142857144,0.8,1.6857142857142857,-0.8857142857142857,0.5,0.2,0.3,0.45,0.5,-0.04999999999999999,1,1
Slovakia,Paraguay,-158,-37,-0.6000000000000001,-0.19999999999999996,0.0,-369.56000000000023,-42.34,0,0,0.5,-411.9000000000002,-0.16097635160824275,-112.66,0,0,25.726227387025183,-38.887389126821276,64.61361651384647,1740.8,1707.0,33.799999999999955,-27,-7,0,1.4857142857142858,0.9428571428571428,0.5428571428571429,1.0285714285714285,1.0857142857142856,-0.05714285714285716,0.3,0.35,-0.04999999999999999,0.5,0.4,0.09999999999999998,0,2
Chile,Switzerland,-166,-28,1.5999999999999999,1.0,-1.0,-72.69999999999999,-0.040000000000000036,2.65,0,0.0,-70.09,0.0065692272983642885,-105.75000000000001,0,0,56.125046569271326,-30.22279966995812,86.34784623922945,1641.8,1889.6,-247.79999999999995,18,4,0,1.7714285714285714,1.2,0.5714285714285714,0.5428571428571428,0.8571428571428571,-0.3142857142857143,0.55,0.45,0.10000000000000003,0.4,0.45,-0.04999999999999999,1,0
Portugal,North Korea,500,185,1.8000000000000003,0.8,-1.4000000000000001,820.7299999999998,4.21,0,0,0.5,824.9399999999998,0.051466992665036626,618.02,0,0,7.250413569036644,30.229196173976696,-22.97878260494005,1632.8,1810.2,-177.4000000000001,16,34,0,1.5714285714285714,0.8,0.7714285714285714,0.3142857142857143,1.2285714285714286,-0.9142857142857144,0.8,0.4,0.4,0.2,0.45,-0.25,7,0
Spain,Honduras,479,69,2.0,2.0,-0.7999999999999999,614.35,-5.07,10.42,0,0.5,619.6999999999999,0.07797116415613681,611.27,0,0,9.004208941939991,-34.06600052202568,43.070209463965675,1841.4,1561.0,280.4000000000001,-9,26,0,2.8857142857142857,1.0857142857142856,1.8,0.6571428571428571,1.2571428571428571,-0.6,0.55,0.25,0.30000000000000004,0.4,0.45,-0.04999999999999999,2,0
Greece,Argentina,-314,-38,-2.2,-2.2,1.6,-562.81,53.0,-18.88,0,0.5,-528.6899999999999,-0.06029962800880828,-430.07,0,0,-10.403269261768262,6.372758827405219,-16.77602808917348,1770.6,1830.0,-59.40000000000009,-30,-1,0,1.2571428571428571,2.2857142857142856,-1.0285714285714285,1.2857142857142858,1.0571428571428572,0.22857142857142865,0.25,0.4,-0.15000000000000002,0.5,0.5,0.0,0,2
Mexico,Uruguay,-23,-4,-0.20000000000000018,0.0,0.4,39.990000000000066,-19.759999999999998,6.680000000000001,1,0.5,26.910000000000053,-0.03414874755266506,33.920000000000016,0,0,32.36182637461571,25.312278620484452,7.0495477541312574,1805.4,1773.6,31.800000000000182,-3,-3,0,1.8,1.5714285714285714,0.22857142857142865,0.8,0.8571428571428571,-0.05714285714285705,0.5,0.35,0.15000000000000002,0.5,0.45,0.04999999999999999,0,1
Nigeria,South Korea,-16,-5,-0.19999999999999996,0.0,-0.19999999999999996,409.16999999999985,-105.0,-8.51,0,0.16666666666666666,295.65999999999985,-0.1604097544791373,151.8,0,0,-20.018046658191892,-1.099271722879351,-18.91877493531254,1777.2,1869.8,-92.59999999999991,-1,19,0,1.3142857142857143,1.2857142857142858,0.02857142857142847,0.8285714285714286,0.8571428571428571,-0.02857142857142847,0.5,0.6,-0.09999999999999998,0.4,0.25,0.15000000000000002,2,2
South Africa,France,-394,-67,1.0,1.2000000000000002,0.0,-941.6099999999999,117.91,125.0,0,0.3333333333333333,-698.6999999999999,0.16413053472602923,-663.45,-2,0,50.586234276296835,-53.21436600701634,103.80060028331317,1826.2,1731.0,95.20000000000005,-5,-3,0,1.4,1.0857142857142856,0.3142857142857143,0.8,0.8285714285714286,-0.02857142857142858,0.45,0.4,0.04999999999999999,0.3,0.35,-0.04999999999999999,2,1
Australia,Serbia,80,10,0.0,0.0,0.8,135.7599999999999,32.73,0,0,0.5,168.4899999999999,0.1439331522504388,345.84000000000003,0,0,2.815868776130065,25.37066388668202,-22.554795110551957,1787.8,1732.2,55.59999999999991,-3,-15,0,1.0857142857142856,1.6857142857142857,-0.6000000000000001,1.0857142857142856,0.7428571428571429,0.34285714285714275,0.55,0.5,0.050000000000000044,0.35,0.35,0.0,2,1
Ghana,Germany,-362,-76,-1.0,-1.6,0.9999999999999999,-659.1100000000001,4.19,15.0,0,0.5,-639.9200000000002,0.0024329518454502264,-556.8499999999999,0,0,37.91232073137674,-16.85342960216845,54.765750333545185,1675.4,1626.4,49.0,4,4,0,1.0857142857142856,2.2,-1.1142857142857145,1.1142857142857143,0.6,0.5142857142857143,0.5,0.5,0.0,0.35,0.35,0.0,0,1
Slovenia,England,-344,-62,0.3999999999999999,0.40000000000000013,0.0,-1208.4000000000003,309.06,180.0,0,0.0,-719.3400000000003,0.22892173984134156,-663.8199999999999,-4,0,64.41530346608958,-8.863883979973878,73.27918744606346,1766.0,1861.0,-95.0,-1,-3,0,1.9428571428571428,2.257142857142857,-0.3142857142857143,0.9428571428571428,0.8285714285714286,0.11428571428571421,0.4,0.25,0.15000000000000002,0.45,0.6,-0.14999999999999997,0,1
United States,Algeria,12,3,0.8,1.8,0.40000000000000013,-531.0600000000001,67.97,-7.8,1,0.5,-470.8900000000001,0.010795903174491084,-258.65000000000003,0,0,-38.13961527645487,-41.236395975711254,3.096780699256385,1826.0,1767.0,59.0,25,-8,0,1.6857142857142857,0.6857142857142857,1.0,1.7142857142857142,1.2285714285714286,0.48571428571428554,0.15,0.45,-0.30000000000000004,0.8,0.2,0.6000000000000001,1,0
Cameroon,Netherlands,-242,-40,-2.8,-1.8,1.6,-434.6600000000002,-38.949999999999996,0,0,0.0,-473.6100000000002,-0.20194609358790483,-388.04999999999995,0,0,-22.701927462975014,34.202895277993306,-56.90482274096832,1829.8,1785.8,44.0,1,1,0,1.2857142857142858,2.1142857142857143,-0.8285714285714285,1.4857142857142858,0.45714285714285713,1.0285714285714287,0.4,0.6,-0.19999999999999996,0.5,0.4,0.09999999999999998,1,2
Denmark,Japan,-98,-15,0.6,0.4,-0.3999999999999999,-15.010000000000048,-3.7499999999999996,0,0,0.5,-18.76000000000002,-0.01592009867458144,-7.96999999999997,0,0,-22.932583142455126,-59.06998340306542,36.13740026061029,1803.4,1862.6,-59.19999999999982,3,-3,0,1.1142857142857143,1.2857142857142858,-0.17142857142857149,0.8857142857142857,1.1428571428571428,-0.2571428571428571,0.35,0.5,-0.15000000000000002,0.4,0.25,0.15000000000000002,1,3
Paraguay,New Zealand,121,20,0.6000000000000001,0.6000000000000001,-0.3999999999999999,448.47000000000014,1.57,10.03,0,0.5,460.07000000000016,0.0630058117429797,234.35,0,0,-26.339592157825322,-5.334469379015587,-21.005122778809735,1749.0,1751.8,-2.7999999999999545,53,53,0,1.0571428571428572,1.0571428571428572,0.0,1.0285714285714285,1.6857142857142857,-0.6571428571428573,0.35,0.2,0.14999999999999997,0.4,0.55,-0.15000000000000002,0,0
Slovakia,Italy,-186,-45,0.19999999999999996,0.19999999999999996,0.0,-246.9600000000001,90.53,0,0,0.5,-156.4300000000001,0.09956327739681625,-225.78,0,0,18.190600472335262,-11.0569838357097,29.247584308044964,1761.4,1793.4,-32.0,-5,-18,0,1.4,1.2285714285714286,0.17142857142857126,1.0285714285714285,0.8857142857142857,0.1428571428571428,0.3,0.45,-0.15000000000000002,0.5,0.5,0.0,3,2
Chile,Spain,-422,-43,0.6000000000000001,-0.5999999999999999,-0.6,-652.71,13.13,0,0,0.0,-639.58,0.005351653052270922,-590.13,0,0,57.68906016580888,10.007398039598868,47.681662126210014,1648.4,1762.6,-114.19999999999982,15,-20,0,1.7428571428571429,2.8,-1.057142857142857,0.4857142857142857,0.6571428571428571,-0.17142857142857143,0.55,0.55,0.0,0.4,0.4,0.0,1,2
North Korea,Ivory Coast,-338,-159,-0.8,-0.19999999999999996,1.6,-146.90999999999997,-4.21,0,0,0.5,-151.11999999999998,-0.051466992665036626,-99.67999999999999,0,0,13.235297875701733,2.37760325902127,10.857694616680462,1868.6,1912.0,-43.40000000000009,-7,-33,0,0.7142857142857143,1.5714285714285714,-0.8571428571428571,1.8,1.0571428571428572,0.7428571428571429,0.4,0.45,-0.04999999999999999,0.4,0.5,-0.09999999999999998,0,3
Portugal,Brazil,-31,-2,-0.7999999999999998,-0.3999999999999999,-0.39999999999999997,-257.5400000000001,120.01,100.0,0,0.5833333333333334,-37.530000000000086,0.18965234856517277,-140.25,-2,0,4.569971505807791,2.999624826346106,1.570346679461685,1616.4,1566.8,49.600000000000136,-22,7,0,2.085714285714286,2.4857142857142858,-0.3999999999999999,0.3142857142857143,0.6285714285714286,-0.3142857142857143,0.8,0.55,0.25,0.2,0.45,-0.25,0,0
Switzerland,Honduras,223,54,0.4,0.19999999999999996,-0.40000000000000013,34.33999999999995,8.1,7.77,0,0.5,50.20999999999992,0.07675358991004344,126.89000000000001,0,0,-43.663503277870795,-40.10667969735893,-3.5568235805118675,1853.0,1655.0,198.0,-12,2,0,1.1428571428571428,1.0571428571428572,0.08571428571428563,0.9142857142857143,1.3428571428571427,-0.4285714285714285,0.4,0.25,0.15000000000000002,0.45,0.45,0.0,0,0
Uruguay,South Korea,21,3,1.8,1.2000000000000002,-1.2000000000000002,20.019999999999982,-7.84,-8.55,0,1.0,3.629999999999967,-0.08955213409341312,17.249999999999986,0,0,49.697550614909275,15.811356530686439,33.886194084222836,1809.0,1849.4,-40.40000000000009,27,-3,0,1.6285714285714286,1.2857142857142858,0.34285714285714275,0.8,0.8857142857142857,-0.08571428571428563,0.35,0.6,-0.25,0.45,0.25,0.2,2,1
United States,Ghana,256,60,0.8000000000000003,1.0,-0.19999999999999996,76.21000000000002,-6.220000000000001,-7.8,1,0.0,62.19000000000001,-0.07279719597142731,88.11999999999999,0,0,-13.656195305716405,40.482849185812825,-54.13904449152923,1847.6,1750.6,97.0,22,-10,0,1.6571428571428573,0.9714285714285714,0.6857142857142858,1.5714285714285714,1.0571428571428572,0.5142857142857142,0.15,0.45,-0.30000000000000004,0.8,0.35,0.45000000000000007,1,2
Argentina,Mexico,201,19,1.0,1.2000000000000002,-0.6000000000000001,491.81999999999994,-16.67,1.87,0,0.8666666666666667,477.0199999999999,0.10638682283206535,403.81,0,0,3.909047661901276,20.897097776595963,-16.988050114694687,1787.2,1791.6,-4.399999999999864,2,2,0,2.2857142857142856,1.7142857142857142,0.5714285714285714,1.0571428571428572,0.8,0.2571428571428571,0.4,0.5,-0.09999999999999998,0.5,0.45,0.04999999999999999,3,1
Germany,England,-63,-4,0.19999999999999973,0.8000000000000003,-0.19999999999999996,-644.5700000000002,328.47,165.0,0,0.4,-151.10000000000014,0.3410591170474544,-174.70000000000005,-4,0,-15.181999986953464,-8.863883979973878,-6.3181160069795865,1688.0,1830.2,-142.20000000000005,-4,1,0,2.0285714285714285,2.085714285714286,-0.057142857142857384,0.5714285714285714,0.7428571428571429,-0.17142857142857149,0.55,0.3,0.25000000000000006,0.3,0.55,-0.25000000000000006,4,1
Brazil,Chile,266,39,0.20000000000000018,1.2000000000000002,0.19999999999999996,982.77,-117.65,-100.0,0,0.8666666666666667,765.12,-0.17634157586353705,709.54,2,0,-1.4465744122440096,47.63957619659476,-49.08615060883877,1618.6,1771.4,-152.80000000000018,12,12,0,2.2,1.6,0.6000000000000001,0.5714285714285714,0.6,-0.02857142857142858,0.55,0.55,0.0,0.45,0.4,0.04999999999999999,3,0
Netherlands,Slovakia,280,59,1.4,1.4,-0.6,376.9900000000003,38.63,0,0,0.5,415.62000000000023,0.1551795671829993,331.9,0,0,32.6028413453656,25.484035790526427,7.11880555483917,1755.8,1751.0,4.7999999999999545,0,16,0,2.142857142857143,1.542857142857143,0.5999999999999999,0.5142857142857142,1.1428571428571428,-0.6285714285714286,0.55,0.3,0.25000000000000006,0.45,0.5,-0.04999999999999999,2,1
Paraguay,Japan,-118,-21,0.6000000000000001,0.3999999999999999,-0.6,372.5900000000001,2.6,0,0,0.5,375.1900000000001,0.01000038463017816,112.12,0,0,-16.807283518843928,-52.29733026346667,35.490046744622745,1750.2,1860.2,-110.0,28,-5,0,0.9714285714285714,1.4,-0.4285714285714285,0.9142857142857143,1.1714285714285715,-0.25714285714285723,0.35,0.45,-0.10000000000000003,0.4,0.3,0.10000000000000003,0,0
Spain,Portugal,187,6,0.19999999999999973,-0.3999999999999999,0.2,-72.51999999999987,-15.49,0,0,0.4444444444444444,-88.00999999999988,-0.018662425753906642,20.840000000000032,0,0,11.40236247632564,1.714616600198645,9.687745876126996,1766.8,1684.2,82.59999999999991,-5,1,0,2.742857142857143,2.0,0.7428571428571429,0.6571428571428571,0.3142857142857143,0.34285714285714286,0.5,0.8,-0.30000000000000004,0.45,0.2,0.25,1,0
Netherlands,Brazil,-41,-4,0.3999999999999999,0.0,0.0,-520.0599999999997,116.30000000000001,100.0,0,0.5,-303.75999999999976,0.18385556413992932,-268.32000000000005,-2,0,39.25238045335928,19.090142220459477,20.162238232899803,1770.4,1678.6,91.80000000000018,-32,4,0,2.1714285714285713,2.342857142857143,-0.1714285714285717,0.5714285714285714,0.5142857142857142,0.05714285714285716,0.5,0.55,-0.050000000000000044,0.5,0.45,0.04999999999999999,2,1
Uruguay,Ghana,284,66,0.6000000000000001,1.0,-0.19999999999999996,81.21999999999998,-14.23,-8.55,0,0.5,58.43999999999998,-0.12140169517200905,90.43999999999998,0,0,47.32805757756798,45.83665494031489,1.4914026372530955,1802.8,1731.2,71.59999999999991,25,-7,0,1.6,1.0285714285714285,0.5714285714285716,0.7714285714285715,1.0285714285714285,-0.257142857142857,0.35,0.4,-0.050000000000000044,0.45,0.4,0.04999999999999999,1,1
Argentina,Germany,100,5,0.6000000000000001,0.6000000000000001,-0.19999999999999996,-46.080000000000155,-46.47,15.0,0,0.6666666666666666,-77.55000000000018,-0.04673066804715853,-28.67999999999995,0,0,16.21309066976509,-8.98994980521142,25.20304047497651,1821.0,1751.4,69.59999999999991,28,-4,0,2.3714285714285714,2.2285714285714286,0.1428571428571428,0.9142857142857143,0.6571428571428571,0.2571428571428571,0.4,0.5,-0.09999999999999998,0.5,0.35,0.15000000000000002,0,4
Paraguay,Spain,-319,-30,-0.5999999999999999,-1.2000000000000002,-0.2,-197.42999999999984,15.49,0,0,0.16666666666666666,-181.93999999999983,0.018662425753906642,-368.15000000000003,0,0,0.977911367417724,15.736945658586759,-14.759034291169035,1779.8,1786.8,-7.0,22,-13,0,0.9142857142857143,2.6,-1.685714285714286,0.7428571428571429,0.5714285714285714,0.17142857142857149,0.4,0.55,-0.15000000000000002,0.4,0.4,0.0,0,1
Uruguay,Netherlands,-69,-9,-0.7999999999999998,-0.40000000000000013,-0.19999999999999996,-470.0000000000002,-12.86,-8.55,0,0.5,-491.4100000000002,-0.1419592299268535,-406.78999999999996,0,0,29.1058341844196,53.06840808185596,-23.962573897436357,1804.0,1827.6,-23.59999999999991,29,-7,0,1.457142857142857,2.085714285714286,-0.6285714285714288,0.7428571428571429,0.6,0.1428571428571429,0.35,0.5,-0.15000000000000002,0.45,0.5,-0.04999999999999999,2,3
Germany,Spain,-188,-7,0.0,1.4000000000000001,0.0,-82.1099999999999,8.96,-15.0,0,0.3333333333333333,-88.14999999999986,-0.010124845271631489,-89.29000000000008,0,0,12.585174374414255,10.96674275111388,1.6184316233003742,1846.6,1809.4,37.19999999999982,-5,-8,0,2.4285714285714284,2.3714285714285714,0.05714285714285694,0.5428571428571428,0.5428571428571428,0.0,0.55,0.55,0.0,0.3,0.4,-0.10000000000000003,0,1
Uruguay,Germany,-78,-10,0.19999999999999996,0.0,0.4,-577.8900000000001,-10.04,6.449999999999999,0,0.5,-581.4800000000001,-0.11896874332655882,-466.40999999999997,0,0,26.348560617776947,11.851906685051901,14.496653932725046,1781.6,1910.0,-128.4000000000001,29,-3,0,1.6285714285714286,2.257142857142857,-0.6285714285714286,0.9714285714285714,0.5428571428571428,0.4285714285714286,0.3,0.55,-0.25000000000000006,0.5,0.3,0.2,2,3
Netherlands,Spain,-197,-8,0.0,0.6000000000000001,0.8,-189.99999999999977,11.780000000000001,0,0,1.0,-178.2199999999998,0.012865641328663191,-148.91000000000008,0,0,64.48203189261572,13.237507557689263,51.24452433492646,1834.2,1823.0,11.200000000000045,-5,-4,0,2.257142857142857,2.257142857142857,0.0,0.7428571428571429,0.4857142857142857,0.2571428571428572,0.5,0.55,-0.050000000000000044,0.5,0.4,0.09999999999999998,0,1
Qatar,Uzbekistan,-130,-36,0.0,-1.0,-1.4,-80.14999999999992,-3.84,4.59,1,0.4666666666666667,-79.39999999999992,-0.004509607718987341,18.090000000000003,0,0,-29.721390495351987,-63.73490356051488,34.0135130651629,1613.0,1550.2,62.799999999999955,-8,-10,0,1.0,1.457142857142857,-0.4571428571428571,1.2285714285714286,1.6285714285714286,-0.3999999999999999,0.2,0.2,0.0,0.6,0.45,0.14999999999999997,0,2
Kuwait,China PR,-85,-91,-0.19999999999999973,2.0,-0.19999999999999996,15.779999999999973,5.9799999999999995,-12.350000000000001,1,0.4166666666666667,9.409999999999968,-0.04849610133986548,21.150000000000006,0,0,42.000889707418786,55.23938366464944,-13.238493957230652,1497.2,1563.6,-66.39999999999986,-7,-9,0,2.5142857142857142,1.542857142857143,0.9714285714285713,1.1142857142857143,1.0285714285714285,0.08571428571428585,0.3,0.45,-0.15000000000000002,0.65,0.4,0.25,0,2
Japan,Jordan,252,49,0.6000000000000001,-1.0,-0.8,113.60000000000005,-2.6,0,1,0.3333333333333333,111.00000000000003,-0.01000038463017816,1.9599999999999795,0,0,-3.5374832191817633,-11.474003452533195,7.936520233351431,1835.2,1575.8,259.4000000000001,17,25,0,1.2571428571428571,1.2571428571428571,0.0,0.6285714285714286,1.1714285714285715,-0.5428571428571429,0.6,0.35,0.25,0.2,0.5,-0.3,1,1
Saudi Arabia,Syria,148,41,-0.6,-0.6,-0.20000000000000007,226.53,-74.13,0.29,1,0.6,152.69,-0.22193442602538904,138.33,0,0,-12.333638496132886,-22.932807346255764,10.599168850122878,1572.2,1720.2,-148.0,26,32,0,0.8285714285714286,1.0285714285714285,-0.19999999999999984,0.6285714285714286,1.0857142857142856,-0.4571428571428571,0.6,0.35,0.25,0.3,0.4,-0.10000000000000003,1,2
India,Australia,-540,-224,-1.0,0.7999999999999999,3.8,-362.29999999999995,5.890000000000001,-0.14,1,0.5,-356.54999999999995,0.00065249632573261,-445.80000000000007,0,0,-17.41626710133502,-22.82467965420487,5.4084125528698515,1539.2,1790.0,-250.79999999999995,-19,-25,0,1.1428571428571428,0.9142857142857143,0.22857142857142854,3.085714285714286,1.2,1.885714285714286,0.1,0.4,-0.30000000000000004,0.55,0.45,0.10000000000000003,0,4
South Korea,Bahrain,341,109,0.3999999999999999,0.20000000000000007,-0.19999999999999996,103.32,-6.0200000000000005,0,1,0.4444444444444444,97.3,-0.00013659935017729108,101.88,0,0,-23.719752443187048,11.652863691241455,-35.372616134428505,1815.6,1597.2,218.39999999999986,-10,-11,0,1.0857142857142856,1.2571428571428571,-0.17142857142857149,0.9714285714285714,1.2857142857142858,-0.3142857142857144,0.5,0.25,0.25,0.3,0.45,-0.15000000000000002,2,1
Iraq,Iran,-107,-18,-1.0,-0.3999999999999999,0.19999999999999996,-382.89000000000004,13.780000000000001,4.3100000000000005,1,0.2,-364.8,0.027503949578427278,-336.53000000000003,0,0,-15.725898278398358,-15.815601175616834,0.08970289721847635,1558.0,1664.0,-106.0,-15,-25,0,1.3428571428571427,1.3714285714285714,-0.028571428571428692,1.0571428571428572,0.9714285714285714,0.08571428571428574,0.4,0.45,-0.04999999999999999,0.45,0.45,0.0,1,2
North Korea,United Arab Emirates,-249,-145,0.20000000000000018,-0.19999999999999996,0.19999999999999996,-110.92999999999999,31.619999999999997,11.65,1,0.4666666666666667,-67.66,0.19488801174527826,-100.21999999999998,0,0,6.508397637485537,4.506764729685653,2.001632907799884,1482.0,1591.8,-109.79999999999995,-7,-18,0,0.8285714285714286,1.2857142857142858,-0.4571428571428572,1.6285714285714286,1.0285714285714285,0.6000000000000001,0.35,0.4,-0.050000000000000044,0.45,0.25,0.2,0,0
Qatar,China PR,117,33,-1.8,-1.2,0.6,107.01000000000002,6.42,0,1,0.3333333333333333,113.43,0.15186984568498796,75.18,0,0,-37.23443957989038,53.98678915900483,-91.2212287388952,1617.0,1478.8,138.20000000000005,5,0,0,0.9714285714285714,1.6,-0.6285714285714287,1.3428571428571427,0.9142857142857143,0.4285714285714285,0.15,0.45,-0.30000000000000004,0.6,0.4,0.19999999999999996,2,0
Uzbekistan,Kuwait,332,160,0.0,0.0,0.6000000000000001,171.37999999999997,4.28,7.760000000000002,1,0.5,183.41999999999996,0.20487555474384078,35.94,0,0,-61.21674808642483,37.72250537997169,-98.93925346639652,1614.0,1547.6,66.40000000000009,20,19,0,1.4285714285714286,2.2,-0.7714285714285716,1.4857142857142858,1.2285714285714286,0.2571428571428571,0.25,0.25,0.0,0.4,0.65,-0.25,2,1
Jordan,Saudi Arabia,-10,-4,0.6,1.0,0.4,-105.16999999999999,75.83,0,1,0.5,-29.340000000000003,0.301439020512005,45.5,0,0,-20.07866867073467,-30.1779095166303,10.099240845895629,1611.2,1598.4,12.799999999999955,-28,-30,0,1.2,0.8,0.3999999999999999,1.2285714285714286,0.7142857142857143,0.5142857142857143,0.3,0.6,-0.3,0.55,0.3,0.25000000000000006,1,0
Syria,Japan,-390,-86,-1.0000000000000002,-0.4,0.6,-234.96000000000006,0.9000000000000001,-0.29,1,0.0,-234.35000000000002,-0.06950420985643779,-185.79,0,0,-6.13850439181911,-1.8926076738133002,-4.24589671800581,1757.2,1808.4,-51.200000000000045,-15,-27,0,1.0857142857142856,1.1428571428571428,-0.05714285714285716,1.0857142857142856,0.6571428571428571,0.4285714285714285,0.35,0.55,-0.20000000000000007,0.4,0.25,0.15000000000000002,1,2
Australia,South Korea,-30,-9,0.0,0.3999999999999999,0.20000000000000007,228.10999999999999,2.74,0,1,0.0,230.84999999999997,0.04236151051522974,331.06000000000006,0,0,-12.630539308962971,-3.2433370249958635,-9.387202283967108,1669.8,1743.2,-73.40000000000009,-7,-23,0,1.1714285714285715,1.1428571428571428,0.028571428571428692,1.0857142857142856,0.9428571428571428,0.1428571428571428,0.45,0.5,-0.04999999999999999,0.4,0.3,0.10000000000000003,1,1
Bahrain,India,229,124,0.8,0.0,-3.8000000000000003,30.869999999999994,-2.61,0.14,1,0.5,28.39999999999999,-0.04287740749078506,12.860000000000001,0,0,5.3651859445621355,-8.616685812913266,13.981871757475401,1666.8,1616.6,50.200000000000045,36,59,0,1.2571428571428571,1.0285714285714285,0.22857142857142865,1.3714285714285714,3.257142857142857,-1.8857142857142857,0.25,0.1,0.15,0.45,0.55,-0.10000000000000003,5,2
Iran,North Korea,416,173,0.7999999999999998,0.19999999999999996,0.0,413.08000000000004,-9.57,-5.62,1,0.8666666666666667,397.89,0.012265570097949596,367.19,0,0,6.7415619884584235,14.63314468847776,-7.891582700019336,1744.0,1555.2,188.79999999999995,12,37,0,1.3714285714285714,0.7714285714285715,0.6,0.9428571428571428,1.5142857142857142,-0.5714285714285714,0.4,0.35,0.050000000000000044,0.5,0.45,0.04999999999999999,1,0
United Arab Emirates,Iraq,-60,-10,0.40000000000000013,0.3999999999999999,-0.7999999999999999,80.74,-35.83,-10.34,1,0.16666666666666666,34.57000000000001,-0.23465753142165513,69.55999999999999,0,0,-7.197028230756521,-31.0300257627429,23.83299753198638,1538.8,1641.8,-103.0,10,6,0,1.2571428571428571,1.3142857142857143,-0.05714285714285716,0.9142857142857143,1.1714285714285715,-0.25714285714285723,0.45,0.4,0.04999999999999999,0.25,0.45,-0.2,0,1
China PR,Uzbekistan,-247,-69,0.19999999999999973,-0.40000000000000013,-0.3999999999999999,-187.15999999999994,-10.26,4.59,1,0.5,-192.82999999999993,-0.1563794534039753,-57.09,0,0,47.89357298531143,-62.54521018453075,110.43878316984218,1552.8,1564.6,-11.799999999999955,-13,-10,0,1.4285714285714286,1.4857142857142858,-0.05714285714285716,1.0285714285714285,1.4285714285714286,-0.40000000000000013,0.45,0.2,0.25,0.35,0.45,-0.10000000000000003,2,2
Qatar,Kuwait,202,124,0.40000000000000013,-0.6000000000000001,-0.5999999999999999,91.23000000000005,0.4400000000000004,12.350000000000001,1,0.5333333333333333,104.02000000000004,0.20036594702485344,54.03,0,0,-21.026514988638016,22.370706365828315,-43.39722135446633,1587.6,1551.6,36.0,12,9,0,1.0857142857142856,2.0285714285714285,-0.9428571428571428,1.1714285714285715,1.3714285714285714,-0.19999999999999996,0.2,0.2,0.0,0.55,0.7,-0.1499999999999999,3,0
Jordan,Syria,138,37,0.6,0.4,-0.3999999999999999,121.36000000000001,1.7,0.29,1,0.4,123.35000000000001,0.07950459448661595,183.83,0,0,-5.675297793174649,-15.493205391987992,9.817907598813342,1648.2,1792.6,-144.39999999999986,-2,2,0,1.1428571428571428,0.9714285714285714,0.17142857142857137,1.1142857142857143,1.2285714285714286,-0.11428571428571432,0.35,0.35,0.0,0.5,0.4,0.09999999999999998,2,1
Saudi Arabia,Japan,-242,-45,-1.8000000000000003,-1.0,0.20000000000000007,-8.430000000000064,-73.23,0,1,0.4,-81.66000000000003,-0.29143863588182684,-47.45999999999998,0,0,-39.01727530141948,14.042537410996584,-53.05981271241606,1634.8,1754.0,-119.20000000000005,11,5,0,0.7428571428571429,1.2285714285714286,-0.48571428571428577,0.7142857142857143,0.6857142857142857,0.02857142857142858,0.55,0.5,0.050000000000000044,0.3,0.3,0.0,0,5
Australia,Bahrain,311,100,0.20000000000000018,-0.6000000000000001,-0.5999999999999999,331.42999999999995,-3.2800000000000002,0,1,1.0,328.15,0.04222491116505245,432.94000000000005,0,0,-5.320421070220746,1.4923053733904776,-6.812726443611224,1698.8,1613.6,85.20000000000005,-17,-34,0,1.1142857142857143,1.6,-0.48571428571428577,1.0285714285714285,1.4857142857142858,-0.4571428571428573,0.4,0.2,0.2,0.45,0.5,-0.04999999999999999,1,0
South Korea,India,570,233,1.6,0.20000000000000007,-4.4,134.18999999999997,-8.63,0.14,1,0.5,125.69999999999999,-0.04301400684096235,114.74,0,0,-0.8881732224936139,-8.823744270448135,7.935571047954521,1740.4,1651.8,88.60000000000014,26,48,0,1.1142857142857143,1.1142857142857143,0.0,0.9714285714285714,3.4,-2.4285714285714284,0.45,0.1,0.35,0.35,0.6,-0.25,4,1
Iraq,North Korea,309,155,0.19999999999999996,0.3999999999999999,0.4,30.189999999999998,4.21,-1.31,1,0.5,33.08999999999999,0.039769519676376874,30.659999999999997,0,0,-10.614242860470522,13.86016982871996,-24.47441268919048,1672.4,1639.0,33.40000000000009,-3,12,0,1.3714285714285714,0.6857142857142857,0.6857142857142857,1.0,1.3714285714285714,-0.37142857142857144,0.45,0.35,0.10000000000000003,0.45,0.4,0.04999999999999999,1,0
United Arab Emirates,Iran,-167,-28,-0.7999999999999998,0.3999999999999999,-0.6000000000000001,-302.15000000000003,-22.049999999999997,-6.03,1,0.13333333333333333,-330.23,-0.20715358184322785,-266.97,0,0,-27.74979106038319,23.15302965788194,-50.90282071826513,1576.0,1727.6,-151.5999999999999,-5,-19,0,1.1714285714285715,1.3428571428571427,-0.17142857142857126,0.8571428571428571,0.8571428571428571,0.0,0.45,0.45,0.0,0.2,0.45,-0.25,0,3
Qatar,Japan,-287,-61,-0.40000000000000013,-0.40000000000000013,0.19999999999999996,-94.37000000000003,-1.2399999999999998,0,1,0.25,-95.61000000000001,-0.013185220973009892,-93.41999999999999,0,0,-14.110135904460337,13.968644894971746,-28.07878079943208,1512.6,1769.6,-257.0,-1,-9,0,1.2285714285714286,1.4285714285714286,-0.19999999999999996,1.0857142857142856,0.6571428571428571,0.4285714285714285,0.25,0.5,-0.25,0.5,0.3,0.2,2,3
Uzbekistan,Jordan,95,24,0.19999999999999996,0.40000000000000013,0.0,99.37999999999994,0,-4.59,1,0.5,94.78999999999994,-0.018675997884200712,-109.55000000000001,0,0,-56.3950276623409,4.947610952394125,-61.34263861473502,1569.2,1697.8,-128.5999999999999,24,26,0,1.5142857142857142,1.2571428571428571,0.2571428571428571,1.4857142857142858,1.2,0.2857142857142858,0.2,0.3,-0.09999999999999998,0.45,0.55,-0.10000000000000003,2,1
Australia,Iraq,61,7,-0.19999999999999996,0.0,-0.19999999999999996,266.10999999999996,-5.99,1.31,1,0.5,261.42999999999995,-0.004144896754794347,366.31000000000006,0,0,3.3943238280056534,-13.373249894493842,16.767573722499495,1637.0,1653.2,-16.200000000000045,5,-7,0,1.1142857142857143,1.2857142857142858,-0.17142857142857149,0.9142857142857143,0.8857142857142857,0.02857142857142858,0.45,0.5,-0.04999999999999999,0.4,0.4,0.0,1,0
Iran,South Korea,16,2,0.19999999999999973,-0.20000000000000018,0.20000000000000007,344.8900000000001,-5.050000000000001,-5.62,1,0.6,334.22,0.019002457691596808,301.28000000000003,0,0,27.013699810488802,-6.9695659728095265,33.98326578329833,1697.4,1623.2,74.20000000000005,3,9,0,1.5142857142857142,1.4,0.11428571428571432,0.8285714285714286,1.0285714285714285,-0.19999999999999984,0.5,0.4,0.09999999999999998,0.4,0.4,0.0,0,1
Japan,South Korea,86,11,-0.3999999999999999,0.40000000000000013,0.20000000000000007,110.00000000000009,6.130000000000001,0,1,0.3333333333333333,116.13000000000005,0.04820349562850568,92.67999999999999,0,0,27.070014369695336,8.316733370204608,18.753280999490727,1689.6,1609.2,80.39999999999986,-3,0,0,1.6571428571428573,1.457142857142857,0.20000000000000018,0.8,0.8857142857142857,-0.08571428571428563,0.45,0.45,0.0,0.35,0.4,-0.050000000000000044,2,2
Uzbekistan,Australia,-41,-5,0.0,0.6000000000000001,1.0,-132.33,5.99,-4.59,1,0.0,-130.93,-0.0028336281407466135,-349.89000000000004,0,0,-30.69981815886729,3.9191597634865136,-34.61897792235381,1604.2,1624.4,-20.200000000000045,11,24,0,1.6285714285714286,1.1428571428571428,0.48571428571428577,1.4285714285714286,0.8,0.6285714285714286,0.2,0.45,-0.25,0.5,0.4,0.09999999999999998,0,6
Uzbekistan,South Korea,-71,-14,-0.20000000000000018,-0.3999999999999999,1.0,95.77999999999997,8.73,-4.59,1,0.08333333333333333,99.91999999999996,0.039527882374483125,-18.83,0,0,-25.290740285516964,11.202859578604945,-36.49359986412191,1631.4,1687.2,-55.799999999999955,4,1,0,1.457142857142857,1.4857142857142858,-0.028571428571428692,1.8571428571428572,0.8857142857142857,0.9714285714285715,0.15,0.45,-0.30000000000000004,0.5,0.4,0.09999999999999998,2,3
Australia,Japan,-116,-20,0.3999999999999999,0.0,-1.0,118.1099999999999,-3.39,0,1,0.5333333333333333,114.71999999999991,-0.005841985113275938,238.38000000000005,0,0,26.860159571231346,17.392247442135933,9.467912129095414,1640.4,1689.6,-49.19999999999982,-4,-23,0,1.6285714285714286,1.6285714285714286,0.0,0.7428571428571429,0.9428571428571428,-0.19999999999999996,0.45,0.4,0.04999999999999999,0.4,0.4,0.0,0,1
Poland,Greece,-30,-5,1.4000000000000001,0.6000000000000001,-1.0,93.53999999999999,0,15.409999999999998,1,0.7777777777777778,108.94999999999999,0.12089604482822602,69.64999999999998,0,0,38.38651791718634,5.360358631347874,33.02615928583847,1535.2,1660.0,-124.79999999999995,1,-13,0,1.4285714285714286,1.1142857142857143,0.3142857142857143,0.7428571428571429,0.7714285714285715,-0.02857142857142858,0.45,0.45,0.0,0.4,0.55,-0.15000000000000002,1,1
Russia,Czech Republic,62,9,-0.19999999999999996,0.0,-0.4,94.59000000000009,-49.339999999999996,0,1,0.5,45.250000000000085,-0.20053649813038532,-34.120000000000005,0,0,32.34937617242373,6.778557315413845,25.570818857009886,1717.0,1574.0,143.0,-2,-3,0,1.4,1.6571428571428573,-0.25714285714285734,0.4,1.1428571428571428,-0.7428571428571428,0.6,0.35,0.25,0.25,0.5,-0.25,4,1
Germany,Portugal,-1,-1,0.19999999999999996,1.0,1.0,-154.62999999999977,-6.53,-15.0,1,0.6666666666666666,-176.15999999999974,-0.02878727102553813,-68.45000000000005,0,0,14.030422008699114,-33.7662324314322,47.79665444013131,1840.6,1662.4,178.19999999999982,-7,-4,0,2.7142857142857144,2.0285714285714285,0.6857142857142859,1.5142857142857142,1.0285714285714285,0.48571428571428577,0.3,0.45,-0.15000000000000002,0.7,0.45,0.24999999999999994,1,0
Netherlands,Denmark,102,16,0.0,1.0,0.19999999999999996,395.0300000000002,2.6399999999999997,0,1,0.6666666666666666,397.6700000000002,0.02012369887951615,339.3299999999999,0,0,-27.295891236285893,17.10279441321839,-44.39868564950429,1727.2,1756.4,-29.200000000000045,2,13,0,2.6857142857142855,1.6,1.0857142857142854,0.9714285714285714,1.1142857142857143,-0.1428571428571429,0.55,0.35,0.20000000000000007,0.4,0.6,-0.19999999999999996,0,1
Republic of Ireland,Croatia,-190,-41,0.19999999999999996,-0.20000000000000018,-0.6,-55.60999999999996,3.83,-3.57,1,0.5555555555555556,-55.349999999999966,-0.0015338933007058575,-55.35000000000002,0,0,12.058189756177246,-18.242123893716744,30.30031364989399,1535.2,1742.6,-207.39999999999986,4,-5,0,1.2857142857142858,1.6285714285714286,-0.34285714285714275,0.5714285714285714,0.8571428571428571,-0.2857142857142857,0.5,0.4,0.09999999999999998,0.45,0.5,-0.04999999999999999,1,3
Spain,Italy,291,22,1.4000000000000001,1.7999999999999998,-0.4,320.03,117.38000000000001,0,1,0.5333333333333333,437.40999999999997,0.24187720325115236,255.03000000000003,0,0,-9.718094654916209,-15.164824672461169,5.44673001754496,1697.0,1760.8,-63.799999999999955,4,4,0,2.6,1.2285714285714286,1.3714285714285714,0.9142857142857143,0.7714285714285715,0.1428571428571428,0.4,0.5,-0.09999999999999998,0.5,0.25,0.25,1,1
France,England,40,2,0.20000000000000018,1.0000000000000002,0.0,-218.04000000000042,204.69,55.0,1,0.8333333333333334,41.649999999999636,0.15245582413985048,-13.0,-2,0,-3.458796720706763,-0.9765692052772046,-2.4822275154295586,1688.2,1911.0,-222.79999999999995,-7,1,0,1.8,1.4857142857142858,0.3142857142857143,0.4857142857142857,0.8,-0.31428571428571433,0.6,0.55,0.04999999999999993,0.4,0.45,-0.04999999999999999,1,1
Ukraine,Sweden,28,10,-0.5999999999999999,0.20000000000000018,0.6000000000000001,102.64999999999998,-0.08999999999999986,0,1,0.5,102.55999999999999,0.008194841330807057,-16.680000000000007,0,0,2.1113900832617,38.62442792998325,-36.513037846721545,1692.0,1741.0,-49.0,3,-17,0,1.8285714285714285,2.2285714285714286,-0.40000000000000013,1.7142857142857142,1.0285714285714285,0.6857142857142857,0.2,0.4,-0.2,0.55,0.5,0.050000000000000044,2,1
Greece,Czech Republic,12,2,-0.19999999999999996,-0.19999999999999996,-0.40000000000000013,-12.43999999999997,0,-18.88,1,0.5555555555555556,-31.319999999999965,-0.13581756708150494,18.120000000000005,0,0,8.850863254734264,3.894210957563749,4.956652297170516,1644.0,1643.2,0.7999999999999545,-4,-6,0,1.1428571428571428,1.6571428571428573,-0.5142857142857145,0.8,1.3428571428571427,-0.5428571428571427,0.45,0.35,0.10000000000000003,0.55,0.5,0.050000000000000044,1,2
Poland,Russia,-80,-12,0.0,-0.6000000000000001,-0.2,-13.490000000000066,49.339999999999996,-3.47,1,0.3333333333333333,32.37999999999994,0.1856149758771064,121.88999999999999,0,0,35.34965350304053,31.871586539968902,3.478066963071626,1543.2,1714.6,-171.39999999999986,-1,-16,0,1.3714285714285714,1.6285714285714286,-0.2571428571428571,0.7142857142857143,0.45714285714285713,0.2571428571428572,0.45,0.55,-0.10000000000000003,0.4,0.3,0.10000000000000003,1,1
Denmark,Portugal,-112,-18,0.8,-0.19999999999999996,0.0,-657.5499999999998,-6.35,0,1,0.6666666666666666,-663.8999999999999,-0.0259204833047596,-467.4,0,0,26.937464645644333,-52.30941059252477,79.24687523816911,1805.2,1737.6,67.60000000000014,-9,-13,0,1.5142857142857142,2.0,-0.48571428571428577,1.0857142857142856,1.1142857142857143,-0.028571428571428692,0.4,0.4,0.0,0.55,0.45,0.10000000000000003,2,3
Netherlands,Germany,-9,-1,0.0,0.3999999999999999,-0.3999999999999999,-107.88999999999987,2.8200000000000003,15.0,1,0.5333333333333333,-90.06999999999994,0.02299048660029468,-59.620000000000005,0,0,-40.193812328367365,13.140765787272498,-53.334578115639864,1705.0,1885.8,-180.79999999999995,0,4,0,2.342857142857143,2.4571428571428573,-0.11428571428571432,0.9428571428571428,1.3428571428571427,-0.3999999999999999,0.55,0.35,0.20000000000000007,0.35,0.65,-0.30000000000000004,1,2
Italy,Croatia,-35,-8,-0.8,-1.0,0.0,189.97000000000003,-129.04,0,1,0.0,60.93000000000001,-0.2485712530168087,172.51999999999998,0,0,5.867441388922613,-8.242123893716746,14.109565282639359,1873.2,1704.4,168.79999999999995,8,10,0,1.2285714285714286,1.7714285714285714,-0.5428571428571427,0.7714285714285715,0.9142857142857143,-0.1428571428571428,0.5,0.4,0.09999999999999998,0.3,0.5,-0.2,1,1
Spain,Republic of Ireland,446,55,1.4000000000000001,1.8,-0.6,565.6099999999999,-15.49,3.57,1,0.3333333333333333,553.6899999999999,-0.005160156464950494,482.90000000000003,0,0,-18.18268712043369,2.058189756177244,-20.240876876610933,1732.0,1645.4,86.59999999999991,8,19,0,2.5142857142857142,1.2571428571428571,1.2571428571428571,0.7714285714285715,0.8,-0.02857142857142858,0.4,0.5,-0.09999999999999998,0.5,0.5,0.0,4,0
Sweden,England,-316,-48,0.3999999999999999,1.0000000000000002,0.3999999999999999,-1265.1200000000003,332.55,180.0,1,0.4,-752.5700000000003,0.350608068481316,-575.8199999999999,-4,0,39.45737473064122,8.575761083415841,30.88161364722538,1683.4,1894.0,-210.5999999999999,-4,1,0,2.2,1.5142857142857142,0.6857142857142859,1.1142857142857143,0.8571428571428571,0.25714285714285723,0.35,0.5,-0.15000000000000002,0.55,0.5,0.050000000000000044,2,3
Ukraine,France,-328,-40,-0.8,-0.19999999999999973,0.8,-944.4299999999998,127.77,125.0,1,0.08333333333333333,-691.6599999999999,0.20634708567227256,-579.5,-2,0,17.311837451545628,-6.1572191845401285,23.469056636085757,1667.0,1718.8,-51.799999999999955,6,-17,0,1.8571428571428572,1.7714285714285714,0.08571428571428585,1.6571428571428573,0.5428571428571428,1.1142857142857143,0.2,0.55,-0.35000000000000003,0.55,0.45,0.10000000000000003,0,2
Greece,Russia,-50,-7,-0.6000000000000001,-0.8,0.4,-107.03000000000006,49.339999999999996,-18.88,1,0.2,-76.57000000000005,0.06471893104888038,52.24000000000001,0,0,-7.331059468289249,25.424812192850798,-32.75587166114005,1667.8,1688.0,-20.200000000000045,-2,-3,0,1.1714285714285715,1.6285714285714286,-0.4571428571428571,0.8857142857142857,0.5142857142857142,0.37142857142857144,0.4,0.55,-0.15000000000000002,0.6,0.35,0.25,1,0
Poland,Czech Republic,-18,-3,0.8000000000000003,0.20000000000000018,-1.4,81.10000000000002,0,-3.47,1,0.6666666666666666,77.63000000000002,-0.014921522253278918,87.76999999999998,0,0,31.554206503027068,12.753857373120788,18.80034912990628,1510.2,1702.4,-192.20000000000005,-3,-19,0,1.3142857142857143,1.6285714285714286,-0.3142857142857143,0.7142857142857143,1.3142857142857143,-0.6,0.45,0.35,0.10000000000000003,0.4,0.5,-0.09999999999999998,0,1
Denmark,Germany,-111,-17,-0.6000000000000001,-0.6000000000000001,0.0,-502.9200000000001,0.1800000000000006,15.0,1,0.7777777777777778,-487.7400000000001,0.0028667877207785297,-398.94999999999993,0,0,31.84754482669123,16.40781627926996,15.439728547421272,1900.2,1885.8,14.400000000000091,-2,-9,0,1.5714285714285714,2.2857142857142856,-0.7142857142857142,1.1714285714285715,1.3714285714285714,-0.19999999999999996,0.4,0.3,0.10000000000000003,0.55,0.7,-0.1499999999999999,1,2
Portugal,Netherlands,10,2,-0.19999999999999996,-1.2,0.19999999999999996,262.51999999999964,3.71,0,1,0.7333333333333333,266.2299999999997,0.005796784425243451,128.07000000000005,0,0,-46.15026807756179,-51.22200931114573,5.071741233583943,1790.6,1692.4,98.19999999999982,7,0,0,1.9428571428571428,2.142857142857143,-0.19999999999999996,1.2,1.0571428571428572,0.1428571428571428,0.4,0.5,-0.09999999999999998,0.5,0.4,0.09999999999999998,2,1
Croatia,Spain,-256,-14,-1.0,-0.5999999999999999,0.9999999999999999,-510.0,11.66,0,1,0.16666666666666666,-498.34,0.006694049765656351,-427.55,0,0,-9.852374551141315,-16.77434808991696,6.921973538775644,1697.2,1736.8,-39.59999999999991,-12,-14,0,1.6857142857142857,2.4571428571428573,-0.7714285714285716,0.9714285714285714,0.7428571428571429,0.22857142857142854,0.35,0.45,-0.10000000000000003,0.55,0.45,0.10000000000000003,0,1
Italy,Republic of Ireland,155,33,-0.6,-0.19999999999999996,-0.20000000000000018,245.57999999999998,-132.87,3.57,1,0.4166666666666667,116.27999999999997,-0.24703735971610286,227.87,0,0,-9.973744995415158,1.5227339029544145,-11.496478898369572,1908.4,1806.8,101.60000000000014,4,15,0,1.1428571428571428,1.2,-0.05714285714285716,0.8,1.1142857142857143,-0.3142857142857143,0.5,0.45,0.04999999999999999,0.3,0.5,-0.2,2,0
Sweden,France,-356,-50,-0.8,-0.19999999999999973,1.2000000000000002,-1047.08,127.86,125.0,1,0.16666666666666666,-794.2199999999999,0.1981522443414655,-562.8199999999999,-2,0,36.489722400799195,5.061778903438242,31.427943497360953,1784.0,1673.8,110.20000000000005,3,0,0,2.1142857142857143,1.8285714285714285,0.2857142857142858,1.3714285714285714,0.5142857142857142,0.8571428571428572,0.3,0.55,-0.25000000000000006,0.6,0.45,0.14999999999999997,2,0
Ukraine,England,-288,-38,-0.8,0.0,0.40000000000000013,-1162.4700000000003,332.46,180.0,1,0.25,-650.0100000000002,0.35880290981212304,-592.5,-4,0,24.71143968524572,14.968151363006026,9.743288322239692,1761.2,1894.0,-132.79999999999995,-1,-16,0,1.7428571428571429,1.6571428571428573,0.08571428571428563,1.6285714285714286,0.9714285714285714,0.6571428571428571,0.2,0.45,-0.25,0.5,0.55,-0.050000000000000044,0,1
Czech Republic,Portugal,-227,-36,0.40000000000000013,0.19999999999999996,0.20000000000000018,-751.0799999999999,0,0,1,0.0,-751.0799999999999,0.0,-545.3199999999999,0,0,12.207456521114347,-36.896118454821504,49.10357497593585,1705.2,1837.6,-132.39999999999986,-9,-7,0,1.457142857142857,1.8857142857142857,-0.4285714285714286,1.2571428571428571,1.1714285714285715,0.08571428571428563,0.4,0.4,0.0,0.45,0.5,-0.04999999999999999,0,1
Germany,Greece,214,33,0.7999999999999998,1.0,0.5999999999999999,608.8900000000001,-6.53,3.879999999999999,1,1.0,606.2400000000001,0.10703029605596681,458.74999999999994,0,0,29.37559979469696,12.747202299946856,16.628397494750104,1843.0,1653.0,190.0,6,9,0,2.2857142857142856,1.1714285714285715,1.114285714285714,1.3428571428571427,0.8285714285714286,0.5142857142857141,0.25,0.4,-0.15000000000000002,0.75,0.6,0.15000000000000002,4,2
Spain,France,85,1,0.6000000000000001,0.40000000000000013,-0.19999999999999996,-344.41999999999985,114.82000000000001,125.0,1,0.6,-104.59999999999991,0.1987281381792354,-72.40999999999997,-2,0,-14.735885765963182,-14.207949736866256,-0.5279360290969262,1765.0,1705.4,59.59999999999991,11,11,0,2.342857142857143,1.6,0.7428571428571429,0.6857142857142857,0.6,0.08571428571428574,0.5,0.55,-0.050000000000000044,0.4,0.4,0.0,2,0
England,Italy,166,19,1.6,0.5999999999999999,-0.6,882.4900000000002,-202.13,-180.0,1,0.0,500.36000000000024,-0.10930675906793352,340.44,4,0,17.54572248396572,-5.497406898783799,23.04312938274952,1850.8,1872.4,-21.600000000000136,0,-8,0,1.5714285714285714,1.1428571428571428,0.4285714285714286,0.7714285714285715,0.7714285714285715,0.0,0.5,0.5,0.0,0.5,0.3,0.2,0,0
Portugal,Spain,-187,-6,-0.8,-0.40000000000000013,1.2,72.51999999999987,15.49,0,1,0.4666666666666667,88.00999999999988,0.018662425753906642,-20.840000000000032,0,0,-34.34256888460063,-9.348262672634712,-24.99430621196592,1871.4,1805.4,66.0,2,-2,0,1.8285714285714285,2.3142857142857145,-0.485714285714286,1.0571428571428572,0.5142857142857142,0.5428571428571429,0.45,0.55,-0.10000000000000003,0.5,0.4,0.09999999999999998,0,0
Germany,Italy,103,15,1.8,1.4000000000000001,-0.19999999999999996,237.92000000000007,126.34,-15.0,1,0.08333333333333333,349.2600000000001,0.23175235797952087,165.73999999999995,0,0,25.797501033691777,-6.335167343770857,32.132668377462636,1813.8,1906.2,-92.40000000000009,-1,-2,0,2.4571428571428573,1.1142857142857143,1.342857142857143,1.3428571428571427,0.7428571428571429,0.5999999999999999,0.2,0.5,-0.3,0.8,0.3,0.5,1,2
Spain,Italy,291,22,0.40000000000000013,0.40000000000000013,-0.39999999999999997,320.03,117.38000000000001,0,1,0.4,437.40999999999997,0.24187720325115236,255.03000000000003,0,0,-0.8145339729450001,9.505169997681113,-10.319703970626113,1889.0,1939.0,-50.0,4,4,0,2.257142857142857,1.1714285714285715,1.0857142857142856,0.4857142857142857,0.7142857142857143,-0.2285714285714286,0.55,0.45,0.10000000000000003,0.4,0.35,0.050000000000000044,4,0
Brazil,Croatia,100,10,0.7999999999999998,2.0,-0.39999999999999997,840.06,-116.18,-100.0,0,0.6666666666666666,623.8799999999999,-0.17768397257692248,546.96,2,0,26.87486566125191,-10.186378524924432,37.06124418617634,1709.6,1697.8,11.799999999999955,25,-19,0,2.942857142857143,1.457142857142857,1.485714285714286,0.4857142857142857,0.9714285714285714,-0.4857142857142857,0.55,0.35,0.20000000000000007,0.4,0.5,-0.09999999999999998,3,1
Chile,Australia,-105,-14,0.40000000000000013,0.19999999999999996,-0.3999999999999999,-200.8,3.6300000000000003,0,0,1.0,-197.17000000000002,0.0025315970418183786,-348.24000000000007,0,0,76.20865072504421,3.941168935739421,72.26748178930478,1912.2,1794.2,118.0,27,7,0,2.1714285714285713,1.4285714285714286,0.7428571428571427,1.1428571428571428,1.6857142857142857,-0.5428571428571429,0.3,0.3,0.0,0.6,0.5,0.09999999999999998,3,1
Mexico,Cameroon,150,27,0.40000000000000013,0.8000000000000003,-0.8,4.650000000000034,6.329999999999998,-1.87,1,0.5,9.110000000000014,0.025838116108386266,15.180000000000007,0,0,-22.254029710387528,23.837400333604556,-46.091430043992084,1803.6,1709.8,93.79999999999995,36,-10,0,1.7714285714285714,1.2285714285714286,0.5428571428571427,1.0285714285714285,1.1142857142857143,-0.08571428571428585,0.4,0.5,-0.09999999999999998,0.45,0.35,0.10000000000000003,1,0
Spain,Netherlands,197,8,0.7999999999999998,0.5999999999999999,-0.19999999999999996,189.99999999999977,-11.780000000000001,0,0,0.3333333333333333,178.2199999999998,-0.012865641328663191,148.91000000000008,0,0,-15.560129102149928,1.568490733672398,-17.128619835822327,1618.0,1843.4,-225.4000000000001,3,3,0,1.8857142857142857,1.9714285714285715,-0.08571428571428585,0.4857142857142857,0.6571428571428571,-0.17142857142857143,0.55,0.55,0.0,0.4,0.4,0.0,1,5
Colombia,Greece,198,30,0.6000000000000001,1.0,-0.20000000000000007,131.01000000000002,-55.45,16.48,0,0.5,92.04000000000002,-0.07842582229705963,78.87,0,0,8.771170997647818,22.29399730885885,-13.52282631121103,1818.4,1788.8,29.600000000000136,23,-20,0,1.6571428571428573,1.0857142857142856,0.5714285714285716,0.7142857142857143,0.5714285714285714,0.1428571428571429,0.55,0.65,-0.09999999999999998,0.3,0.3,0.0,3,0
England,Italy,166,19,0.8,0.3999999999999999,-0.4,882.4900000000002,-202.13,-180.0,0,0.3333333333333333,500.36000000000024,-0.10930675906793352,340.44,4,0,-33.925694553706215,-19.211341121416645,-14.71435343228957,1814.2,1803.2,11.0,0,-10,0,1.8285714285714285,1.3714285714285714,0.4571428571428571,0.8,1.0857142857142856,-0.2857142857142856,0.4,0.3,0.10000000000000003,0.5,0.65,-0.15000000000000002,1,2
Ivory Coast,Japan,-148,-23,-1.4,-1.2,-0.20000000000000018,-31.280000000000058,2.6,0,0,1.0,-28.680000000000035,0.01000038463017816,-58.91,0,0,-17.073795041843088,-11.023058790029719,-6.050736251813369,1733.8,1614.4,119.39999999999986,-5,11,0,2.0,2.142857142857143,-0.1428571428571428,1.4285714285714286,1.4,0.028571428571428692,0.25,0.3,-0.04999999999999999,0.75,0.55,0.19999999999999996,2,1
Uruguay,Costa Rica,200,46,2.0,1.4,-1.8,-90.28999999999999,51.52,-8.55,0,0.6666666666666666,-47.31999999999999,0.1138267747374152,0.6799999999999784,0,0,41.33118483502168,2.417789263187606,38.91339557183407,1691.4,1807.4,-116.0,11,11,0,1.6571428571428573,1.2285714285714286,0.4285714285714286,0.9714285714285714,1.2,-0.22857142857142854,0.35,0.4,-0.050000000000000044,0.45,0.35,0.10000000000000003,1,3
Argentina,Bosnia and Herzegovina,476,85,0.40000000000000013,0.5999999999999999,-1.0,613.9499999999999,-39.17,0,0,1.0,574.78,0.0818736621563918,539.29,0,0,-9.884020837435937,34.96071197148274,-44.84473280891868,1669.2,1760.4,-91.20000000000005,43,11,0,2.0,1.8571428571428572,0.1428571428571428,0.6,1.0,-0.4,0.5,0.4,0.09999999999999998,0.5,0.4,0.09999999999999998,2,1
France,Honduras,394,68,2.0,2.4000000000000004,-2.4,958.7699999999999,-119.89,-114.58,0,0.5,724.2999999999998,-0.1207569740230986,683.6800000000001,2,0,-8.529526542801271,33.83713498022828,-42.36666152302955,1818.6,1842.0,-23.40000000000009,-22,25,0,2.5714285714285716,1.3714285714285714,1.2000000000000002,0.6571428571428571,1.6,-0.942857142857143,0.4,0.35,0.050000000000000044,0.35,0.4,-0.050000000000000044,3,0
Switzerland,Ecuador,-42,-4,0.8,-0.6000000000000001,-1.4000000000000001,-313.42000000000013,31.96,34.74,0,0.5,-246.72000000000017,0.10732528202761693,-111.29999999999998,0,0,23.42135373162959,-27.542321390265357,50.96367512189495,1758.0,1860.6,-102.59999999999991,-28,-6,0,1.6857142857142857,1.6,0.08571428571428563,0.8571428571428571,1.5714285714285714,-0.7142857142857143,0.55,0.15,0.4,0.4,0.7,-0.29999999999999993,2,1
Germany,Portugal,-1,-1,-0.3999999999999999,-0.7999999999999998,-0.20000000000000007,-154.62999999999977,-6.53,-15.0,0,0.75,-176.15999999999974,-0.02878727102553813,-68.45000000000005,0,0,16.15490192610933,2.4623106873650036,13.692591238744324,1702.8,1738.6,-35.799999999999955,-9,-6,0,2.6,2.2285714285714286,0.37142857142857144,0.9714285714285714,1.0,-0.02857142857142858,0.4,0.4,0.0,0.6,0.55,0.04999999999999993,4,0
Ghana,United States,-256,-60,-0.6000000000000001,0.0,-0.19999999999999996,-76.21000000000002,6.220000000000001,7.8,0,1.0,-62.19000000000001,0.07279719597142731,-88.11999999999999,0,0,16.914351289348836,14.01188992106751,2.902461368281326,1690.0,1827.2,-137.20000000000005,-29,23,0,1.7142857142857142,1.457142857142857,0.2571428571428571,1.0,1.0857142857142856,-0.08571428571428563,0.35,0.45,-0.10000000000000003,0.5,0.45,0.04999999999999999,1,2
Iran,Nigeria,32,7,0.0,-0.5999999999999999,-0.7999999999999999,-64.2799999999998,99.95,2.8899999999999997,0,0.5,38.56000000000017,0.1794122121707341,149.48000000000002,0,0,-20.142902177770132,-18.167501305983667,-1.9754008717864657,1521.4,1714.4,-193.0,13,-7,0,1.6285714285714286,1.6571428571428573,-0.028571428571428692,0.6857142857142857,0.9714285714285714,-0.2857142857142857,0.5,0.35,0.15000000000000002,0.4,0.6,-0.19999999999999996,0,0
Belgium,Algeria,28,7,-0.3999999999999999,0.3999999999999999,0.19999999999999996,-156.07999999999993,71.98,-8.16,0,0.6666666666666666,-92.25999999999988,0.08640950951456894,53.789999999999964,0,0,13.945128334856467,8.306454454765035,5.638673880091432,1706.6,1578.8,127.79999999999995,-2,-13,0,1.8857142857142857,1.7428571428571429,0.1428571428571428,0.9428571428571428,0.8285714285714286,0.11428571428571421,0.45,0.45,0.0,0.5,0.4,0.09999999999999998,2,1
Brazil,Mexico,133,17,1.2,1.4,-0.19999999999999996,950.0699999999999,-83.68,-98.13,0,0.5333333333333333,768.26,-0.007747586660410755,641.19,2,0,46.87486566125192,-1.3400685222733824,48.2149341835253,1754.2,1803.8,-49.59999999999991,-11,-11,0,2.8857142857142857,1.6571428571428573,1.2285714285714284,0.5428571428571428,0.9142857142857143,-0.37142857142857144,0.5,0.4,0.09999999999999998,0.45,0.45,0.0,0,0
Russia,South Korea,-65,-13,2.0,1.2000000000000002,-1.8000000000000003,96.05000000000004,-40.61,0,0,1.0,55.440000000000026,-0.14233261787170148,-27.33,0,0,36.35584311793017,-40.19289887534452,76.54874199327469,1752.8,1749.2,3.599999999999909,-7,0,0,1.8285714285714285,0.8571428571428571,0.9714285714285714,0.5714285714285714,1.6571428571428573,-1.0857142857142859,0.45,0.2,0.25,0.45,0.4,0.04999999999999999,1,1
Australia,Netherlands,-120,-21,-1.2,-0.6000000000000001,1.0,-261.91000000000025,-2.2800000000000002,0,0,0.5555555555555556,-264.1900000000002,-0.010045585318210648,-92.9799999999999,0,0,-12.212189735700036,26.120334395578997,-38.33252413127903,1774.6,1884.2,-109.60000000000014,-4,-33,0,1.4,2.2285714285714286,-0.8285714285714287,1.8571428571428572,0.6571428571428571,1.2000000000000002,0.3,0.55,-0.25000000000000006,0.55,0.4,0.15000000000000002,2,3
Cameroon,Croatia,-183,-34,-0.6000000000000001,-0.40000000000000013,-0.19999999999999996,-114.66,-38.83,0,0,0.5,-153.49,-0.195774502024898,-109.41000000000003,0,0,14.177344613152865,-17.459110519759196,31.63645513291206,1689.4,1786.4,-97.0,0,2,0,1.0857142857142856,1.4,-0.3142857142857143,1.0,1.0571428571428572,-0.05714285714285716,0.5,0.35,0.15000000000000002,0.3,0.5,-0.2,0,4
Spain,Chile,422,43,0.0,-0.8,0.3999999999999999,652.71,-13.13,0,0,0.8333333333333334,639.58,-0.005351653052270922,590.13,0,0,-35.20878143401437,80.11751428875134,-115.3262957227657,1722.0,1891.6,-169.5999999999999,-20,29,0,1.7142857142857142,2.257142857142857,-0.5428571428571429,0.8857142857142857,1.0857142857142856,-0.19999999999999996,0.5,0.3,0.2,0.45,0.6,-0.14999999999999997,0,2
Colombia,Ivory Coast,145,22,0.19999999999999996,0.19999999999999996,-0.7999999999999999,41.309999999999974,-55.45,-2.4,0,0.5,-16.54000000000002,-0.21424338937856457,70.01000000000002,0,0,8.664687372516433,12.161674750141918,-3.4969873776254854,1793.6,1745.8,47.799999999999955,24,-31,0,1.8285714285714285,1.9428571428571428,-0.11428571428571432,0.6857142857142857,1.3714285714285714,-0.6857142857142857,0.6,0.25,0.35,0.3,0.75,-0.45,2,1
Japan,Greece,201,31,1.4,2.2,0.40000000000000013,120.9800000000001,-2.6,18.88,0,0.5,137.26000000000008,0.12581718245132678,67.76999999999998,0,0,-27.77874453429608,17.27605201984979,-45.05479655414587,1600.2,1854.6,-254.39999999999986,4,0,0,2.0285714285714285,0.9428571428571428,1.0857142857142856,1.5142857142857142,0.7428571428571429,0.7714285714285714,0.25,0.65,-0.4,0.6,0.25,0.35,0,0
Uruguay,England,-141,-14,0.0,-0.3999999999999999,0.0,-1222.4600000000003,318.43,171.45,0,0.0,-732.5800000000003,0.22209037372089557,-641.11,-4,0,14.286921690375884,-48.62045748212953,62.907379172505415,1688.8,1793.6,-104.79999999999995,36,-3,0,1.4857142857142858,1.7714285714285714,-0.2857142857142856,1.0571428571428572,0.9142857142857143,0.1428571428571429,0.35,0.4,-0.050000000000000044,0.5,0.5,0.0,2,1
Honduras,Ecuador,-265,-58,-0.6,-1.0,0.5999999999999996,-347.7600000000001,23.86,26.97,0,0.3333333333333333,-296.93000000000006,0.03057169211757349,-238.19,0,0,21.099722075254146,-29.03306797822339,50.132790053477535,1914.8,1905.2,9.599999999999909,-10,-10,0,1.1714285714285715,1.6,-0.4285714285714286,1.8,1.6285714285714286,0.17142857142857149,0.3,0.15,0.15,0.4,0.7,-0.29999999999999993,1,2
Italy,Costa Rica,175,41,0.3999999999999999,0.0,-1.0,249.68000000000006,-64.78,0,0,0.5,184.90000000000006,0.0010431600844531541,301.35,0,0,-0.024350054538317067,11.632275768348928,-11.656625822887245,1815.8,1817.6,-1.7999999999999545,-25,24,0,1.4285714285714286,1.3428571428571427,0.08571428571428585,1.0857142857142856,1.2571428571428571,-0.17142857142857149,0.25,0.35,-0.09999999999999998,0.7,0.4,0.29999999999999993,0,1
Switzerland,France,-171,-14,-0.6000000000000001,-2.0,0.8,-924.4299999999998,127.99000000000001,122.35,0,0.2,-674.0899999999999,0.19751056393314204,-556.79,-2,0,33.95038351133078,1.701248897716602,32.249134613614174,1809.0,1805.4,3.599999999999909,4,-21,0,1.6571428571428573,2.657142857142857,-0.9999999999999998,0.8571428571428571,0.6285714285714286,0.22857142857142854,0.55,0.45,0.10000000000000003,0.4,0.3,0.10000000000000003,2,5
Argentina,Iran,183,16,1.2000000000000002,1.2000000000000002,0.0,206.93999999999988,-39.22,5.62,0,0.5,173.33999999999992,-0.03631651650560963,153.7,0,0,-10.198674093084904,-30.60114888742856,20.402474794343657,1599.2,1578.2,21.0,24,-22,0,1.9714285714285715,1.5714285714285714,0.40000000000000013,0.6571428571428571,0.6285714285714286,0.02857142857142858,0.5,0.5,0.0,0.5,0.4,0.09999999999999998,1,0
Germany,Ghana,362,76,1.0000000000000002,1.4000000000000001,-0.20000000000000007,659.1100000000001,-4.19,-15.0,0,1.0,639.9200000000002,-0.0024329518454502264,556.8499999999999,0,0,19.709717550147122,6.280719287100579,13.428998263046543,1690.4,1694.2,-3.7999999999999545,0,-5,0,2.7714285714285714,1.6857142857142857,1.0857142857142856,0.9428571428571428,1.0571428571428572,-0.11428571428571432,0.45,0.3,0.15000000000000002,0.55,0.55,0.0,2,2
Nigeria,Bosnia and Herzegovina,261,62,0.0,0.19999999999999996,-0.3999999999999999,471.28999999999985,-99.9,-8.51,0,0.5,362.8799999999999,-0.061222033508732676,236.11,0,0,-19.057752234225315,30.63851136589549,-49.6962636001208,1718.4,1916.2,-197.79999999999995,6,40,0,1.5142857142857142,1.7714285714285714,-0.2571428571428571,0.8857142857142857,1.1428571428571428,-0.2571428571428571,0.4,0.4,0.0,0.55,0.45,0.10000000000000003,1,0
Belgium,Russia,74,14,0.3999999999999999,1.0,0.4,293.9400000000001,44.79,-8.16,0,1.0,330.57000000000016,0.17699858931894796,354.7,0,0,18.094663896267907,36.43400312967712,-18.339339233409216,1685.6,1752.8,-67.20000000000005,-3,-11,0,1.9428571428571428,1.7142857142857142,0.22857142857142865,0.9428571428571428,0.5714285714285714,0.37142857142857144,0.4,0.45,-0.04999999999999999,0.55,0.45,0.10000000000000003,1,0
South Korea,Algeria,19,6,-1.5999999999999999,-1.2000000000000002,0.8,-546.07,67.8,0,0,0.5,-478.2700000000001,0.05174353806732246,-273.58000000000004,0,0,-35.64363700177557,-5.446807509388373,-30.196829492387202,1736.6,1626.8,109.79999999999995,8,-2,0,0.9428571428571428,1.6,-0.6571428571428573,1.542857142857143,0.8857142857142857,0.6571428571428573,0.2,0.45,-0.25,0.45,0.4,0.04999999999999999,2,4
United States,Portugal,-107,-17,0.3999999999999999,-0.6000000000000001,-0.19999999999999996,-737.5299999999999,-8.56,-7.8,1,1.0,-753.8899999999999,-0.09915151515151521,-537.1800000000001,0,0,32.321844968910824,-9.636941388854336,41.95878635776516,1780.4,1789.2,-8.799999999999955,20,-24,0,1.6,1.9428571428571428,-0.34285714285714275,1.0571428571428572,1.2285714285714286,-0.17142857142857149,0.4,0.35,0.050000000000000044,0.5,0.55,-0.050000000000000044,2,2
Australia,Spain,-317,-29,-1.6,0.19999999999999996,1.0,-451.91,9.5,0,0,0.5,-442.41,0.002820056010452543,-241.89,0,0,-25.16339609037135,-54.0223978750341,28.859001784662752,1828.4,1733.4,95.0,-7,-36,0,1.4285714285714286,1.6285714285714286,-0.19999999999999996,2.1142857142857143,1.0285714285714285,1.0857142857142859,0.25,0.45,-0.2,0.6,0.45,0.14999999999999997,0,3
Brazil,Cameroon,283,44,1.8,1.8,-1.6,954.7199999999999,-77.35000000000001,-100.0,0,0.5,777.3699999999999,0.018090529447975512,656.37,2,0,37.551931833815246,7.774656293065936,29.777275540749308,1780.8,1754.8,26.0,25,-21,0,2.5428571428571427,1.0,1.5428571428571427,0.5142857142857142,1.3428571428571427,-0.8285714285714285,0.5,0.45,0.04999999999999999,0.45,0.3,0.15000000000000002,4,1
Croatia,Mexico,33,7,0.6000000000000001,1.2,0.6,110.00999999999996,32.5,1.87,0,0.0,144.38,0.16993638591651172,94.23000000000002,0,0,-8.438513127554831,12.455240821403079,-20.893753948957908,1818.4,1830.0,-11.599999999999909,-36,8,0,1.6285714285714286,1.542857142857143,0.08571428571428563,1.0285714285714285,0.8571428571428571,0.17142857142857137,0.35,0.4,-0.050000000000000044,0.5,0.45,0.04999999999999999,1,3
Netherlands,Chile,225,35,0.8,0.3999999999999999,0.0,462.71000000000026,-1.35,0,0,0.5,461.36000000000024,0.007513988276392269,441.21999999999997,0,0,32.667023086466386,87.23840071057043,-54.571377624104045,1837.8,1916.6,-78.79999999999995,-23,26,0,2.342857142857143,2.1714285714285713,0.1714285714285717,0.7714285714285715,1.0,-0.22857142857142854,0.5,0.35,0.15000000000000002,0.45,0.55,-0.10000000000000003,2,0
Costa Rica,England,-341,-60,0.3999999999999999,-0.19999999999999996,0.0,-1132.1700000000003,266.90999999999997,180.0,0,0.5,-685.2600000000003,0.10826359898348037,-641.79,-4,0,11.700222305507225,-55.670711441024814,67.37093374653205,1843.8,1800.2,43.59999999999991,25,-14,0,1.1428571428571428,1.6857142857142857,-0.5428571428571429,1.1142857142857143,1.0857142857142856,0.028571428571428692,0.35,0.35,0.0,0.4,0.55,-0.15000000000000002,0,0
Greece,Ivory Coast,-53,-8,-0.19999999999999996,-1.2000000000000002,-0.8,-89.70000000000005,0,-18.88,0,0.5,-108.58000000000004,-0.13581756708150494,-8.859999999999985,0,0,21.140973259701116,11.324498141721833,9.816475117979284,1871.8,1757.2,114.59999999999991,1,-11,0,0.8571428571428571,1.9142857142857144,-1.0571428571428574,0.6571428571428571,1.4857142857142858,-0.8285714285714286,0.7,0.2,0.49999999999999994,0.2,0.8,-0.6000000000000001,2,1
Italy,Uruguay,-25,-5,-1.0,-0.7999999999999999,-0.19999999999999996,339.97,-116.30000000000001,8.55,0,0.16666666666666666,232.22000000000006,-0.11278361465296205,300.67,0,0,-16.218463979339276,23.18248941407989,-39.400953393419165,1783.2,1754.4,28.799999999999955,-36,13,0,1.2571428571428571,1.5714285714285714,-0.3142857142857143,1.0857142857142856,1.0857142857142856,0.0,0.25,0.35,-0.09999999999999998,0.65,0.5,0.15000000000000002,0,1
Japan,Colombia,3,1,-0.20000000000000018,-0.40000000000000013,0.3999999999999999,-10.029999999999916,52.85,2.4,0,0.5,45.220000000000056,0.20424300474838641,-11.100000000000023,0,0,-35.35987916724078,5.005529484039341,-40.36540865128012,1607.8,1763.2,-155.4000000000001,-19,20,0,1.8,1.8571428571428572,-0.05714285714285716,1.4285714285714286,0.7714285714285715,0.6571428571428571,0.25,0.55,-0.30000000000000004,0.6,0.35,0.25,1,4
Bosnia and Herzegovina,Iran,-293,-69,0.0,0.20000000000000007,0.7999999999999999,-407.01000000000005,-0.049999999999998934,5.62,0,0.06666666666666667,-401.44000000000005,-0.11819017866200143,-385.59000000000003,0,0,30.486744239834167,-38.173944667830234,68.6606889076644,1873.2,1694.6,178.60000000000014,-19,-33,0,1.6571428571428573,1.5142857142857142,0.14285714285714302,1.0,0.6571428571428571,0.34285714285714286,0.4,0.5,-0.09999999999999998,0.4,0.4,0.0,3,1
Ecuador,France,-129,-10,-1.6,-2.8000000000000003,1.2000000000000002,-611.0099999999998,96.03,87.61,0,0.0,-427.3699999999998,0.0901852819055251,-445.49,-2,0,-19.43827861638471,6.475303303288464,-25.913581919673174,1872.8,1793.6,79.20000000000005,32,-15,0,1.542857142857143,2.914285714285714,-1.3714285714285712,1.5714285714285714,0.7142857142857143,0.8571428571428571,0.15,0.45,-0.30000000000000004,0.7,0.35,0.35,0,0
Honduras,Switzerland,-223,-54,-1.6,-0.8,0.6000000000000001,-34.33999999999995,-8.1,-7.77,0,0.3333333333333333,-50.20999999999992,-0.07675358991004344,-126.89000000000001,0,0,22.65386106984783,15.708513786157003,6.945347283690829,1903.2,1849.4,53.799999999999955,18,-4,0,1.2285714285714286,1.7714285714285714,-0.5428571428571427,1.8,1.2,0.6000000000000001,0.25,0.55,-0.30000000000000004,0.45,0.45,0.0,0,3
Nigeria,Argentina,-215,-23,-1.4000000000000001,-0.8,0.6000000000000001,-142.66000000000008,-60.730000000000004,-8.51,0,0.25,-211.9000000000001,-0.14309569566512448,-303.18,0,0,-19.913447542393943,-9.769644946365808,-10.143802596028134,1763.4,1657.8,105.60000000000014,-37,29,0,1.3714285714285714,1.9142857142857144,-0.5428571428571429,0.8285714285714286,0.6,0.22857142857142865,0.4,0.55,-0.15000000000000002,0.55,0.45,0.10000000000000003,2,3
Algeria,Russia,46,7,0.7999999999999998,1.4,0.6,450.02000000000004,-27.190000000000005,0,0,0.5,422.83000000000004,0.09058907980437902,300.91,0,0,2.685855019821642,23.810755152733034,-21.124900132911392,1673.0,1852.8,-179.79999999999995,-1,2,0,1.8,1.5142857142857142,0.2857142857142858,1.0285714285714285,0.6285714285714286,0.3999999999999999,0.4,0.4,0.0,0.45,0.45,0.0,1,1
South Korea,Belgium,-9,-1,-2.2,-1.2000000000000002,1.6,-389.9900000000001,-4.180000000000001,8.16,0,0.5,-386.0100000000002,-0.03466597144724648,-327.37,0,0,-51.8148198639298,18.368088297889383,-70.18290816181919,1734.2,1685.0,49.200000000000045,10,11,0,1.0,1.8857142857142857,-0.8857142857142857,1.7428571428571429,0.8571428571428571,0.8857142857142858,0.2,0.45,-0.25,0.45,0.5,-0.04999999999999999,0,1
Portugal,Ghana,363,77,0.8,0.20000000000000018,0.19999999999999996,813.7399999999999,2.34,0,0,0.5,816.0799999999999,0.026354319180087904,625.3,0,0,-3.5127317927337627,26.22039084385591,-29.733122636589673,1818.2,1809.2,9.0,9,1,0,1.9428571428571428,1.7428571428571429,0.19999999999999996,1.2571428571428571,1.2,0.05714285714285716,0.35,0.25,0.09999999999999998,0.6,0.6,0.0,2,1
United States,Germany,-106,-16,0.19999999999999996,-1.1999999999999997,0.3999999999999999,-582.9000000000001,-2.0300000000000002,7.2,1,0.25,-577.7300000000001,-0.07036424412597708,-468.72999999999996,0,0,25.16384227694906,11.161765083283692,14.00207719366537,1800.4,1664.8,135.60000000000014,29,-18,0,1.6285714285714286,2.657142857142857,-1.0285714285714285,1.1714285714285715,1.0857142857142856,0.08571428571428585,0.4,0.45,-0.04999999999999999,0.5,0.55,-0.050000000000000044,0,1
Brazil,Chile,266,39,0.8,0.5999999999999999,-0.4,982.77,-117.65,-100.0,0,0.8666666666666667,765.12,-0.17634157586353705,709.54,2,0,31.72095478463447,74.31176328820723,-42.59080850357276,1788.8,1908.4,-119.60000000000014,-3,-3,0,2.6285714285714286,2.0285714285714285,0.6000000000000001,0.5428571428571428,1.0571428571428572,-0.5142857142857143,0.5,0.35,0.15000000000000002,0.45,0.5,-0.04999999999999999,1,1
Colombia,Uruguay,62,7,0.20000000000000018,1.4,0.0,100.01000000000002,-38.88,6.15,0,0.26666666666666666,67.28000000000003,-0.06648737502646762,86.53000000000003,0,0,26.857673716403788,20.69837143791458,6.159302278489207,1808.8,1759.4,49.399999999999864,-18,-18,0,2.085714285714286,1.5714285714285714,0.5142857142857145,0.7428571428571429,0.9714285714285714,-0.22857142857142854,0.55,0.4,0.15000000000000002,0.35,0.5,-0.15000000000000002,2,0
Costa Rica,Greece,-64,-23,0.0,0.3999999999999999,0.0,121.28999999999999,-68.09,18.88,0,0.5,72.07999999999998,-0.12576522200800722,-8.340000000000003,0,0,18.748358384709938,24.780468782938264,-6.032110398228326,1876.2,1839.4,36.799999999999955,30,-13,0,1.0857142857142856,0.9428571428571428,0.1428571428571428,1.0285714285714285,0.7428571428571429,0.2857142857142856,0.4,0.65,-0.25,0.35,0.25,0.09999999999999998,1,1
Netherlands,Mexico,92,13,1.6,1.8,0.0,430.0100000000002,32.62,1.87,0,1.0,464.50000000000017,0.17610797747951856,372.86999999999995,0,0,33.042858734996635,16.097077883366705,16.94578085162993,1796.2,1821.6,-25.399999999999864,-31,18,0,2.142857142857143,1.6,0.5428571428571427,0.6857142857142857,0.8285714285714286,-0.1428571428571429,0.55,0.4,0.15000000000000002,0.4,0.45,-0.04999999999999999,2,1
France,Nigeria,218,24,1.2000000000000002,2.5999999999999996,-0.4,615.27,-16.58,-116.49,0,0.0,482.20000000000005,0.001223070804679094,493.56,2,0,-1.2409315482498577,-25.559426050933105,24.318494502683247,1798.6,1818.2,-19.600000000000136,-1,-20,0,2.6,1.3714285714285714,1.2285714285714286,0.6857142857142857,0.9714285714285714,-0.2857142857142857,0.5,0.4,0.09999999999999998,0.3,0.55,-0.25000000000000006,2,0
Germany,Algeria,118,19,0.20000000000000018,0.7999999999999998,-0.3999999999999999,51.84000000000003,70.0,-15.0,0,0.5,106.84000000000003,0.08116014730046817,210.07999999999993,0,0,14.509141123943587,-0.337633883552769,14.846775007496356,1692.4,1696.4,-4.0,5,6,0,2.5428571428571427,1.7428571428571429,0.7999999999999998,0.9714285714285714,1.1142857142857143,-0.1428571428571429,0.5,0.35,0.15000000000000002,0.5,0.5,0.0,2,1
Argentina,Switzerland,168,13,0.6000000000000001,0.20000000000000018,-0.6,451.82,-50.68,2.65,0,0.6666666666666666,403.78999999999996,-0.05563793907269665,366.40999999999997,0,0,-9.45674020341473,27.608766396815394,-37.06550660023012,1703.8,1804.8,-101.0,34,12,0,1.9428571428571428,1.7428571428571429,0.19999999999999996,0.7142857142857143,0.9714285714285714,-0.2571428571428571,0.5,0.6,-0.09999999999999998,0.5,0.4,0.09999999999999998,1,0
Belgium,United States,16,4,1.0,-0.20000000000000018,-1.0,374.98000000000013,4.010000000000001,-0.3600000000000003,0,1.0,378.6300000000002,0.07561360634007785,312.44,0,0,17.476739443469974,12.31059515393045,5.166144289539524,1779.0,1845.4,-66.40000000000009,-36,-1,0,1.6857142857142857,1.542857142857143,0.1428571428571428,0.8,1.2,-0.3999999999999999,0.45,0.35,0.10000000000000003,0.5,0.5,0.0,2,1
Brazil,Colombia,48,6,-0.7999999999999998,-0.9999999999999998,0.19999999999999996,890.05,-64.56,-97.6,0,0.4666666666666667,727.89,0.024591040813391807,588.5799999999999,2,0,18.87867607630885,40.654843363523185,-21.776167287214335,1781.4,1807.8,-26.399999999999864,1,1,0,2.5142857142857142,2.057142857142857,0.4571428571428573,0.5714285714285714,0.6,-0.02857142857142858,0.5,0.55,-0.050000000000000044,0.45,0.35,0.10000000000000003,2,1
France,Germany,103,6,0.0,0.6000000000000001,-0.4,426.52999999999975,-123.78,-110.0,0,0.6666666666666666,192.74999999999977,-0.18860329290760391,161.70000000000005,2,0,2.499266586433457,17.45724232551663,-14.957975739083174,1801.8,1719.0,82.79999999999995,-6,-6,0,2.6,2.5142857142857142,0.08571428571428585,0.6285714285714286,0.9142857142857143,-0.2857142857142857,0.55,0.45,0.10000000000000003,0.25,0.55,-0.30000000000000004,0,1
Argentina,Belgium,190,17,0.0,0.40000000000000013,0.19999999999999996,161.8399999999998,-48.45,8.16,0,0.5,121.54999999999973,-0.0519800302612593,127.61000000000001,0,0,-6.0611056632429,31.368382161349352,-37.42948782459225,1769.4,1808.4,-39.0,39,4,0,1.8,1.7142857142857142,0.08571428571428585,0.6571428571428571,0.8571428571428571,-0.19999999999999996,0.55,0.4,0.15000000000000002,0.45,0.55,-0.10000000000000003,1,0
Netherlands,Costa Rica,269,55,1.2,1.5999999999999999,0.20000000000000007,379.71000000000026,64.38000000000001,0,0,0.5,444.09000000000026,0.2557860046642687,407.4699999999999,0,0,32.109125489931195,30.943865869599982,1.1652596203312129,1848.4,1836.0,12.400000000000091,-26,23,0,2.2285714285714286,1.0857142857142856,1.142857142857143,0.7714285714285715,0.9428571428571428,-0.17142857142857137,0.5,0.4,0.09999999999999998,0.45,0.35,0.10000000000000003,0,0
Brazil,Germany,32,3,-0.3999999999999999,0.0,0.20000000000000007,412.16999999999985,-113.48,-85.0,0,0.4444444444444444,213.68999999999983,-0.16086507753963464,208.70000000000005,2,0,26.176440808144328,33.218596478408344,-7.042155670264016,1820.0,1857.6,-37.59999999999991,20,-27,0,2.5428571428571427,2.342857142857143,0.19999999999999973,0.6,0.8285714285714286,-0.22857142857142865,0.5,0.5,0.0,0.45,0.5,-0.04999999999999999,1,7
Netherlands,Argentina,-109,-6,-0.3999999999999999,0.7999999999999998,0.20000000000000007,-61.80999999999972,49.29,0,0,0.6666666666666666,-12.519999999999754,0.06972115464745321,-30.940000000000055,0,0,25.730343389230722,13.674781961235915,12.055561427994807,1843.2,1807.6,35.600000000000136,-32,17,0,2.085714285714286,1.7714285714285714,0.3142857142857145,0.6857142857142857,0.5714285714285714,0.11428571428571432,0.55,0.55,0.0,0.4,0.45,-0.04999999999999999,0,0
Brazil,Netherlands,41,4,-0.6000000000000001,0.20000000000000018,1.4,520.0599999999997,-116.30000000000001,-100.0,0,0.16666666666666666,303.75999999999976,-0.18385556413992932,268.32000000000005,2,0,12.56239645710582,28.970033125272764,-16.407636668166944,1833.6,1825.6,8.0,20,-29,0,2.3714285714285714,1.8571428571428572,0.5142857142857142,1.1428571428571428,0.6571428571428571,0.48571428571428565,0.5,0.55,-0.050000000000000044,0.45,0.4,0.04999999999999999,0,3
Germany,Argentina,-100,-5,0.0,1.4000000000000001,0.4,46.080000000000155,46.47,-15.0,0,0.3333333333333333,77.55000000000018,0.04673066804715853,28.67999999999995,0,0,32.343364871219016,14.112064921509084,18.231299949709932,1863.8,1881.0,-17.200000000000045,-32,15,0,2.7142857142857144,1.6285714285714286,1.0857142857142859,0.9142857142857143,0.4857142857142857,0.42857142857142855,0.45,0.6,-0.14999999999999997,0.55,0.4,0.15000000000000002,1,0
Australia,Kuwait,373,165,-1.0,-0.19999999999999996,0.7999999999999999,303.71,-1.71,12.350000000000001,1,0.3333333333333333,314.34999999999997,0.2077091828845874,385.83000000000004,0,0,-62.04722505680821,27.573175527663615,-89.62040058447182,1772.4,1587.0,185.4000000000001,18,1,0,1.0571428571428572,1.2571428571428571,-0.19999999999999996,1.8571428571428572,1.0571428571428572,0.8,0.25,0.2,0.04999999999999999,0.45,0.7,-0.24999999999999994,4,1
South Korea,Oman,253,61,1.0,-0.40000000000000013,-1.8,-33.58000000000007,2.2300000000000004,0,1,0.6666666666666666,-31.35000000000005,0.0015008645253222763,-3.809999999999988,0,0,-30.21527087411955,0.8169721216379098,-31.03224299575746,1751.6,1616.2,135.39999999999986,13,19,0,1.1142857142857143,1.2,-0.08571428571428563,1.2857142857142858,1.4285714285714286,-0.1428571428571428,0.25,0.5,-0.25,0.35,0.3,0.04999999999999999,1,0
Saudi Arabia,China PR,162,49,-0.8,-0.3999999999999999,1.0,192.95,-65.57,0,1,0.8333333333333334,127.38,-0.12638356922382898,121.14000000000001,0,0,-51.71674525725812,52.705359474382625,-104.42210473164074,1648.4,1665.4,-17.0,17,14,0,1.1428571428571428,1.4857142857142858,-0.34285714285714297,1.542857142857143,0.9428571428571428,0.6000000000000001,0.3,0.4,-0.10000000000000003,0.45,0.55,-0.10000000000000003,0,1
Uzbekistan,North Korea,329,157,2.4,0.8,-1.8,163.9699999999999,4.21,-4.59,1,0.7777777777777778,163.58999999999992,0.032790994780835914,47.08,0,0,14.114536536696452,-5.560705226675326,19.67524176337178,1691.6,1567.2,124.39999999999986,25,50,0,1.4285714285714286,0.7714285714285715,0.6571428571428571,0.5428571428571428,1.1714285714285715,-0.6285714285714287,0.45,0.35,0.10000000000000003,0.35,0.3,0.04999999999999999,1,0
Iran,Bahrain,357,111,-0.8000000000000003,-1.2000000000000002,0.20000000000000007,448.21000000000004,-11.07,-5.62,1,0.4666666666666667,431.52000000000004,0.018865858341419517,403.16,0,0,-44.258648992094635,67.37682840441964,-111.63547739651428,1818.0,1591.8,226.20000000000005,6,12,0,1.2,1.2857142857142858,-0.08571428571428585,0.7428571428571429,0.42857142857142855,0.31428571428571433,0.55,0.7,-0.1499999999999999,0.4,0.25,0.15000000000000002,2,0
United Arab Emirates,Qatar,50,24,-1.0,-1.9999999999999998,0.6,27.109999999999985,-31.99,-11.65,1,0.75,-16.53,-0.22316939880712683,35.04999999999998,0,0,2.0140005965259764,31.459016294317777,-29.445015697791803,1716.2,1535.4,180.79999999999995,-6,-10,0,1.6571428571428573,2.0,-0.34285714285714275,1.0285714285714285,0.7714285714285715,0.257142857142857,0.5,0.55,-0.050000000000000044,0.45,0.4,0.04999999999999999,4,1
Japan,Palestine,404,95,0.6000000000000001,1.2000000000000002,0.5999999999999999,218.0300000000001,6.640000000000001,0.76,1,0.5,225.43000000000006,0.22832182699994585,142.3,0,0,-25.256976111882885,-2.3429908532817967,-22.913985258601087,1767.8,1511.6,256.20000000000005,37,61,0,2.0,1.2571428571428571,0.7428571428571429,1.5714285714285714,1.3428571428571427,0.22857142857142865,0.3,0.3,0.0,0.55,0.4,0.15000000000000002,4,0
Jordan,Iraq,-75,-22,-0.6,0.0,0.6,34.39999999999999,0,1.31,1,0.3333333333333333,35.709999999999994,0.011697472988659752,125.97000000000001,0,0,-91.95716833736711,-38.419427535102955,-53.53774080226415,1638.4,1681.0,-42.59999999999991,-4,-5,0,0.45714285714285713,0.7428571428571429,-0.28571428571428575,1.2285714285714286,1.0,0.22857142857142865,0.25,0.2,0.04999999999999999,0.35,0.35,0.0,0,1
Australia,Oman,223,52,0.5999999999999999,0.6000000000000001,-0.8,194.52999999999992,4.970000000000001,0,1,0.5333333333333333,199.49999999999991,0.043862375040552015,327.25000000000006,0,0,-55.603453540324146,-6.797091264973956,-48.80636227535019,1690.0,1652.0,38.0,6,-4,0,1.3142857142857143,0.9428571428571428,0.37142857142857144,1.7714285714285714,1.3428571428571427,0.4285714285714286,0.25,0.5,-0.25,0.45,0.25,0.2,4,0
Kuwait,South Korea,-403,-174,-0.6000000000000001,0.0,0.5999999999999999,-75.6,4.45,-12.350000000000001,1,0.06666666666666667,-83.5,-0.16534767236935766,-54.769999999999996,0,0,21.162312152766486,-24.585529424831876,45.747841577598365,1614.2,1707.4,-93.20000000000005,-25,-24,0,1.2,1.1142857142857143,0.08571428571428563,1.3142857142857143,1.2,0.11428571428571432,0.2,0.3,-0.09999999999999998,0.7,0.35,0.35,0,1
China PR,Uzbekistan,-247,-69,-0.8,0.19999999999999996,0.2,-187.15999999999994,-10.26,4.59,1,0.4666666666666667,-192.82999999999993,-0.1563794534039753,-57.09,0,0,66.4248279816511,25.35030162023172,41.07452636141939,1640.6,1641.8,-1.2000000000000455,-23,-23,0,1.4857142857142858,1.4,0.08571428571428585,0.8571428571428571,0.5142857142857142,0.34285714285714286,0.45,0.5,-0.04999999999999999,0.5,0.35,0.15000000000000002,2,1
North Korea,Saudi Arabia,-244,-137,-0.6000000000000001,-0.20000000000000007,0.19999999999999996,-169.76,71.62,0,1,0.4166666666666667,-98.13999999999999,0.24997202784696837,-111.13000000000001,0,0,-8.090423122473052,-61.71674525725812,53.62632213478507,1633.6,1580.6,53.0,-19,-41,0,0.7142857142857143,1.0,-0.2857142857142857,1.1428571428571428,1.6,-0.4571428571428573,0.35,0.25,0.09999999999999998,0.3,0.45,-0.15000000000000002,1,4
Bahrain,United Arab Emirates,-190,-83,0.0,0.19999999999999996,-0.3999999999999999,-146.06000000000003,33.12,11.65,1,0.5833333333333334,-101.29000000000003,0.18828772350180834,-136.19,0,0,59.778654925974806,8.322001845295489,51.45665308067932,1613.2,1682.4,-69.20000000000005,10,19,0,1.2285714285714286,1.8,-0.5714285714285714,0.6,1.0285714285714285,-0.4285714285714285,0.65,0.5,0.15000000000000002,0.25,0.45,-0.2,1,2
Qatar,Iran,-217,-52,0.19999999999999996,1.0,0.5999999999999999,-329.26,9.940000000000001,5.62,1,0.4,-313.7,0.016015816963898977,-302.02,0,0,25.556432643908757,-24.778778230219398,50.33521087412815,1584.2,1753.0,-168.79999999999995,-10,-21,0,1.9428571428571428,1.2,0.7428571428571429,1.1142857142857143,0.6857142857142857,0.4285714285714286,0.5,0.55,-0.050000000000000044,0.45,0.4,0.04999999999999999,0,1
Iraq,Japan,-177,-27,-1.4,-2.2,-0.4,-148.00000000000006,2.6,-1.31,1,0.0,-146.71000000000004,-0.001697088358481591,-127.92999999999999,0,0,-34.864110333055216,-27.049667306449553,-7.814443026605662,1716.0,1740.8,-24.799999999999955,-10,-13,0,0.7142857142857143,2.1714285714285713,-1.4571428571428569,0.9714285714285714,1.4857142857142858,-0.5142857142857143,0.25,0.3,-0.04999999999999999,0.3,0.55,-0.25000000000000006,0,1
Palestine,Jordan,-152,-46,0.8,0.39999999999999997,0.40000000000000013,-104.43000000000002,-9.24,-0.76,1,0.16666666666666666,-114.43000000000002,-0.23832221163012401,-140.34000000000003,0,0,-7.921567051879758,-95.97989549508414,88.05832844320437,1679.8,1620.2,59.59999999999991,-23,-43,0,1.0571428571428572,0.42857142857142855,0.6285714285714286,1.5142857142857142,1.1714285714285715,0.34285714285714275,0.3,0.25,0.04999999999999999,0.35,0.3,0.04999999999999999,1,5
Australia,South Korea,-30,-9,-1.0,0.8,0.6000000000000001,228.10999999999999,2.74,0,1,0.4444444444444444,230.84999999999997,0.04236151051522974,331.06000000000006,0,0,-43.00290287609967,-12.249371645686567,-30.753531230413103,1670.6,1662.6,8.0,-7,-23,0,1.5142857142857142,1.0285714285714285,0.48571428571428577,1.6285714285714286,0.9714285714285714,0.6571428571428571,0.3,0.35,-0.04999999999999999,0.4,0.3,0.10000000000000003,0,1
Oman,Kuwait,150,113,-0.19999999999999996,0.19999999999999996,0.8000000000000003,109.18000000000006,-6.680000000000001,12.350000000000001,1,0.6,114.85000000000005,0.16384680784403538,58.579999999999984,0,0,-25.94211078707704,18.28308635331752,-44.225197140394556,1641.8,1647.4,-5.600000000000136,12,5,0,0.8857142857142857,1.1142857142857143,-0.22857142857142865,1.5714285714285714,1.2857142857142858,0.2857142857142856,0.5,0.2,0.3,0.2,0.7,-0.49999999999999994,1,0
China PR,North Korea,82,88,2.0,0.5999999999999999,-1.8000000000000003,-23.190000000000012,-6.05,0,1,0.6666666666666666,-29.240000000000016,-0.12358845862313939,-10.010000000000005,0,0,88.35028925054885,-13.235242624034795,101.58553187458365,1657.0,1620.6,36.40000000000009,2,27,0,1.6,0.7142857142857143,0.8857142857142858,0.7714285714285715,1.4,-0.6285714285714284,0.45,0.3,0.15000000000000002,0.55,0.35,0.20000000000000007,2,1
Uzbekistan,Saudi Arabia,85,20,0.8,-0.3999999999999999,-1.0,-5.790000000000049,75.83,-4.59,1,0.2,65.44999999999993,0.2827630226278043,-64.05000000000001,0,0,1.9059017407820686,-63.49335060862742,65.3992523494095,1641.8,1579.6,62.200000000000045,6,9,0,1.2571428571428571,1.2857142857142858,-0.028571428571428692,0.6571428571428571,1.5142857142857142,-0.8571428571428571,0.5,0.25,0.25,0.35,0.5,-0.15000000000000002,3,1
Iran,United Arab Emirates,167,28,0.0,-0.8,-1.0,302.15000000000003,22.049999999999997,6.03,1,0.7333333333333333,330.23,0.20715358184322785,266.97,0,0,-12.149559402215646,30.86492696636607,-43.014486368581714,1673.0,1620.2,52.799999999999955,16,31,0,1.2571428571428571,1.8285714285714285,-0.5714285714285714,0.6285714285714286,0.9714285714285714,-0.34285714285714286,0.6,0.5,0.09999999999999998,0.35,0.45,-0.10000000000000003,1,0
Qatar,Bahrain,140,59,-0.40000000000000013,0.19999999999999996,0.6000000000000001,118.95000000000005,-1.13,0,1,0.26666666666666666,117.82000000000004,0.034881675305318494,101.14,0,0,24.26778516854153,50.935593135230256,-26.667807966688727,1593.4,1663.0,-69.59999999999991,-4,-9,0,1.8285714285714285,1.1428571428571428,0.6857142857142857,1.0,0.6857142857142857,0.3142857142857143,0.5,0.6,-0.09999999999999998,0.4,0.3,0.10000000000000003,1,2
Iraq,Palestine,227,68,0.0,-0.6000000000000001,-1.6,70.03000000000003,9.24,-0.55,1,0.8666666666666667,78.72000000000003,0.22662473864146426,14.370000000000005,0,0,-43.058127048870325,-1.407112676749243,-41.65101437212108,1813.8,1677.8,136.0,27,48,0,0.6285714285714286,1.1142857142857143,-0.48571428571428577,1.0,1.6285714285714286,-0.6285714285714286,0.25,0.3,-0.04999999999999999,0.3,0.4,-0.10000000000000003,2,0
Japan,Jordan,252,49,1.7999999999999998,1.4000000000000001,-0.19999999999999996,113.60000000000005,-2.6,0,1,0.4166666666666667,111.00000000000003,-0.01000038463017816,1.9599999999999795,0,0,-23.43410255871497,-82.76367669074753,59.32957413203256,1755.0,1660.6,94.40000000000009,14,18,0,2.057142857142857,0.8285714285714286,1.2285714285714282,1.2857142857142858,1.1428571428571428,0.14285714285714302,0.35,0.25,0.09999999999999998,0.5,0.3,0.2,2,0
Australia,China PR,288,74,-1.4000000000000001,0.0,0.4,319.48999999999995,4.27,0,1,0.4444444444444444,323.75999999999993,0.1592130815447219,406.98,0,0,-39.208196189143145,88.4318343463642,-127.64003053550735,1700.8,1615.4,85.39999999999986,11,-8,0,1.457142857142857,1.6571428571428573,-0.20000000000000018,1.6,0.6857142857142857,0.9142857142857144,0.3,0.45,-0.15000000000000002,0.35,0.55,-0.20000000000000007,2,0
South Korea,Uzbekistan,71,14,0.3999999999999999,-0.19999999999999996,-0.39999999999999997,-95.77999999999997,-8.73,4.59,1,0.8666666666666667,-99.91999999999996,-0.039527882374483125,18.83,0,0,6.630315616011918,1.8243566449667217,4.805958971045197,1689.8,1643.8,46.0,-5,-8,0,1.0285714285714285,1.3428571428571427,-0.3142857142857143,0.9142857142857143,0.6571428571428571,0.2571428571428571,0.4,0.5,-0.09999999999999998,0.25,0.35,-0.09999999999999998,2,0
Iran,Iraq,107,18,1.6,0.6,-0.4,382.89000000000004,-13.780000000000001,-4.3100000000000005,1,0.8,364.8,-0.027503949578427278,336.53000000000003,0,0,1.8055873467992019,-43.05812704887033,44.86371439566953,1698.2,1764.4,-66.20000000000005,18,28,0,1.2857142857142858,0.7142857142857143,0.5714285714285715,0.45714285714285713,0.9142857142857143,-0.45714285714285713,0.65,0.3,0.35000000000000003,0.3,0.3,0.0,3,3
Japan,United Arab Emirates,237,37,0.6000000000000001,1.0,-0.8,67.26000000000005,33.23,11.65,1,0.8333333333333334,112.14000000000001,0.23635461978013672,58.370000000000005,0,0,-5.616457758607943,17.209792059873035,-22.826249818480978,1695.6,1637.6,58.0,8,16,0,2.1142857142857143,1.7428571428571429,0.37142857142857144,1.1142857142857143,0.9428571428571428,0.17142857142857149,0.35,0.45,-0.10000000000000003,0.5,0.45,0.04999999999999999,1,1
South Korea,Iraq,91,16,1.6,0.19999999999999996,-1.0,37.99999999999996,-8.73,1.31,1,0.7777777777777778,30.57999999999997,-0.046506407270024086,35.25,0,0,9.4434211575977,-27.782200886479902,37.2256220440776,1672.4,1781.8,-109.39999999999986,13,13,0,1.0857142857142856,0.9714285714285714,0.11428571428571421,0.8,1.0857142857142856,-0.2857142857142856,0.45,0.3,0.15000000000000002,0.2,0.35,-0.14999999999999997,2,0
Australia,United Arab Emirates,121,17,-0.19999999999999996,0.6000000000000001,0.0,185.36999999999995,29.839999999999996,11.65,1,0.3333333333333333,226.85999999999993,0.23051263466686078,296.75000000000006,0,0,-29.329998573500657,17.964993651170445,-47.294992224671105,1677.4,1733.8,-56.399999999999864,4,-7,0,1.457142857142857,1.6571428571428573,-0.20000000000000018,1.4857142857142858,0.9428571428571428,0.5428571428571429,0.3,0.45,-0.15000000000000002,0.35,0.45,-0.10000000000000003,2,0
Iraq,United Arab Emirates,60,10,0.0,-0.19999999999999996,0.0,-80.74,35.83,10.34,1,0.7333333333333333,-34.57000000000001,0.23465753142165513,-69.55999999999999,0,0,-26.8067835466652,19.752910562287436,-46.55969410895264,1778.6,1761.0,17.59999999999991,-2,3,0,0.9428571428571428,1.542857142857143,-0.6000000000000001,1.1714285714285715,1.0571428571428572,0.11428571428571432,0.3,0.45,-0.15000000000000002,0.35,0.4,-0.050000000000000044,2,3
Australia,South Korea,-30,-9,-0.6000000000000001,1.0,0.4,228.10999999999999,2.74,0,1,0.3333333333333333,230.84999999999997,0.04236151051522974,331.06000000000006,0,0,-19.901185724105986,26.27883144508082,-46.180017169186804,1630.0,1685.4,-55.40000000000009,-7,-23,0,1.5714285714285714,1.1714285714285715,0.3999999999999999,1.3428571428571427,0.7714285714285715,0.5714285714285713,0.3,0.45,-0.15000000000000002,0.35,0.2,0.14999999999999997,2,1
France,Romania,448,79,0.7999999999999998,0.6000000000000001,0.40000000000000013,944.2799999999999,-114.47,-108.1,1,0.4666666666666667,721.7099999999999,-0.07513551287948139,592.84,2,0,26.95001464300388,32.67847221467371,-5.728457571669832,1847.0,1706.0,141.0,6,6,0,2.1714285714285713,1.5142857142857142,0.657142857142857,1.1142857142857143,0.7714285714285715,0.34285714285714286,0.4,0.65,-0.25,0.5,0.35,0.15000000000000002,2,1
Albania,Switzerland,-259,-61,0.19999999999999996,0.8,0.20000000000000018,-0.5899999999999181,2.32,2.65,1,0.08333333333333333,4.380000000000081,0.01988000000000001,-81.95000000000002,0,0,5.024294989270913,-50.51400792399994,55.538302913270854,1646.4,1644.4,2.0,-13,-7,0,1.4,1.7142857142857142,-0.3142857142857143,1.1428571428571428,1.2285714285714286,-0.08571428571428585,0.35,0.3,0.04999999999999999,0.4,0.4,0.0,0,1
England,Russia,227,30,1.5999999999999999,0.19999999999999996,-0.8,1146.4300000000003,-285.66,-180.0,1,0.5,680.7700000000002,-0.1693098899426072,685.69,4,0,27.453508232256898,2.4205660249557726,25.032942207301126,1913.2,1738.2,175.0,5,2,0,2.085714285714286,1.9142857142857144,0.17142857142857149,0.7714285714285715,1.1428571428571428,-0.37142857142857133,0.55,0.4,0.15000000000000002,0.4,0.5,-0.09999999999999998,1,1
Wales,Slovakia,37,18,-1.0,-0.6000000000000001,0.8,-133.83999999999992,33.38,0,1,0.5,-100.45999999999992,0.09161576947478545,-89.9,0,0,-19.754055311398965,28.8875685888266,-48.64162390022557,1605.4,1630.4,-25.0,-8,-8,0,1.0,1.7428571428571429,-0.7428571428571429,1.0857142857142856,0.8571428571428571,0.22857142857142854,0.4,0.4,0.0,0.35,0.5,-0.15000000000000002,2,1
Germany,Ukraine,225,34,-1.4000000000000001,-0.19999999999999996,0.8,517.9000000000001,-3.99,-15.0,1,0.5555555555555556,498.9100000000001,-0.017743792764668642,417.79999999999995,0,0,-25.342039614019107,37.09087374813123,-62.43291336215034,1858.0,1582.8,275.20000000000005,5,27,0,2.085714285714286,1.6285714285714286,0.4571428571428573,1.4,0.6571428571428571,0.7428571428571428,0.3,0.55,-0.25000000000000006,0.55,0.3,0.25000000000000006,2,0
Poland,Northern Ireland,130,40,-0.20000000000000018,0.8,0.39999999999999997,176.37999999999997,3.84,-3.47,1,0.6666666666666666,176.74999999999997,0.05344237306450639,203.89999999999998,0,0,26.774635578568503,49.19717091591579,-22.422535337347288,1634.6,1559.2,75.39999999999986,6,4,0,2.5142857142857142,1.2285714285714286,1.2857142857142856,0.9428571428571428,0.5428571428571428,0.4,0.45,0.4,0.04999999999999999,0.55,0.4,0.15000000000000002,1,0
Turkey,Croatia,1,1,-0.20000000000000018,-2.0,0.4,141.75000000000006,-57.120000000000005,0,1,0.25,84.63000000000005,-0.12002659975672547,162.96999999999997,0,0,32.858293010090655,-11.821398076708565,44.679691086799224,1732.2,1443.0,289.20000000000005,4,3,0,1.457142857142857,2.5142857142857142,-1.0571428571428572,0.8,0.5428571428571428,0.25714285714285723,0.4,0.6,-0.19999999999999996,0.5,0.35,0.15000000000000002,0,1
Belgium,Italy,13,3,0.3999999999999999,0.6000000000000001,0.0,30.000000000000114,128.32,-8.16,1,0.3333333333333333,150.1600000000002,0.23700172019362165,9.449999999999989,0,0,9.12113739911105,8.902217742590947,0.21891965652010192,1815.0,1793.0,22.0,-6,-20,0,2.1714285714285713,1.4285714285714286,0.7428571428571427,1.0285714285714285,1.0857142857142856,-0.05714285714285716,0.3,0.4,-0.10000000000000003,0.6,0.55,0.04999999999999993,0,2
Republic of Ireland,Sweden,-5,-4,0.0,-0.20000000000000018,0.4,137.05,2.45,-3.57,1,0.4444444444444444,135.93,0.005736050302720397,7.509999999999991,0,0,23.5816533264974,20.85024373007576,2.7314095964216385,1709.2,1694.0,15.200000000000045,-2,-10,0,1.6,1.542857142857143,0.05714285714285716,0.9142857142857143,0.7714285714285715,0.1428571428571428,0.4,0.4,0.0,0.55,0.45,0.10000000000000003,1,1
Spain,Czech Republic,414,42,0.20000000000000018,0.0,-0.19999999999999996,678.5600000000001,-15.49,0,1,1.0,663.07,-0.018662425753906642,566.1600000000001,0,0,-20.567751574806866,8.653902792761365,-29.22165436756823,1706.2,1682.0,24.200000000000045,8,12,0,1.9142857142857144,1.8571428571428572,0.05714285714285716,0.5714285714285714,1.3142857142857143,-0.7428571428571429,0.5,0.05,0.45,0.3,0.75,-0.45,1,0
Austria,Hungary,126,25,-0.40000000000000013,0.3999999999999999,0.8,508.4,5.64,2.14,1,0.16666666666666666,516.1800000000001,0.0705356587003928,209.19000000000003,0,0,0.7680755638177779,26.839501840879556,-26.07142627706178,1725.8,1887.8,-162.0,2,-9,0,1.6571428571428573,1.1714285714285715,0.48571428571428577,1.0857142857142856,0.8857142857142857,0.19999999999999996,0.3,0.5,-0.2,0.65,0.45,0.2,0,2
Portugal,Iceland,412,91,0.6000000000000001,0.0,-1.4,809.6699999999998,0.8,0,1,1.0,810.4699999999998,0.008615119534783555,646.95,0,0,-10.439714361880283,-4.599008701580196,-5.840705660300086,1707.8,1649.6,58.200000000000045,23,37,0,1.6571428571428573,1.7142857142857142,-0.05714285714285694,0.6285714285714286,1.7428571428571429,-1.1142857142857143,0.45,0.25,0.2,0.25,0.7,-0.44999999999999996,1,1
France,Albania,430,75,1.8,1.6,0.0,925.0199999999998,-130.31,-125.0,1,0.5833333333333334,669.7099999999998,-0.21739056393314204,638.74,2,0,21.214457932160876,-4.174458586053647,25.388916518214522,1765.4,1696.0,69.40000000000009,10,19,0,2.2857142857142856,1.3428571428571427,0.9428571428571428,1.1428571428571428,1.1428571428571428,0.0,0.35,0.35,0.0,0.55,0.4,0.15000000000000002,2,0
Romania,Switzerland,-277,-65,-0.19999999999999996,1.2,0.40000000000000013,-19.849999999999937,-13.52,-14.249999999999998,1,1.0,-47.61999999999995,-0.12237505105366064,-36.05000000000001,0,0,28.70739418973028,-51.375547593976655,80.08294178370693,1862.4,1604.6,257.8000000000002,-9,6,0,1.5714285714285714,1.6571428571428573,-0.08571428571428585,0.9428571428571428,1.1142857142857143,-0.17142857142857149,0.6,0.35,0.25,0.4,0.4,0.0,1,1
Russia,Slovakia,125,34,-0.6000000000000001,-0.19999999999999996,0.40000000000000013,-16.979999999999905,-6.999999999999993,0,1,0.5333333333333333,-23.979999999999905,-0.03956014652214257,-119.47,0,0,0.6668594788958906,18.126994565916977,-17.460135087021087,1764.4,1714.0,50.40000000000009,2,14,0,1.9142857142857144,1.8,0.11428571428571432,1.1142857142857143,1.0285714285714285,0.08571428571428585,0.4,0.35,0.050000000000000044,0.5,0.55,-0.050000000000000044,1,2
England,Wales,315,46,1.2,0.3999999999999999,-0.8,1263.2900000000002,-326.04,-180.0,1,1.0,757.2500000000002,-0.3004858059395352,656.12,4,0,15.315656159211944,-17.595011389861053,32.910667549073,1880.4,1724.0,156.4000000000001,15,24,0,1.9714285714285715,1.0285714285714285,0.9428571428571431,0.8,1.0857142857142856,-0.2857142857142856,0.5,0.4,0.09999999999999998,0.45,0.4,0.04999999999999999,2,1
Germany,Poland,244,38,-0.19999999999999996,0.6000000000000001,0.9999999999999999,515.3500000000001,-6.53,-11.53,1,0.5333333333333333,497.2900000000002,-0.013865748772259212,389.09999999999997,0,0,-21.160325597756806,37.14011377959706,-58.30043937735387,1792.4,1605.0,187.4000000000001,12,31,0,2.0285714285714285,2.4857142857142858,-0.4571428571428573,1.3428571428571427,0.8285714285714286,0.5142857142857141,0.3,0.45,-0.15000000000000002,0.55,0.55,0.0,0,0
Ukraine,Northern Ireland,149,44,0.7999999999999998,0.8,0.7999999999999999,173.83,1.2999999999999998,0,1,0.3333333333333333,175.13000000000002,0.05732041705691582,175.2,0,0,29.081080238188918,41.940755257515654,-12.859675019326737,1639.0,1644.4,-5.400000000000091,13,8,0,1.4857142857142858,1.2,0.2857142857142858,0.7714285714285715,0.6,0.17142857142857149,0.5,0.4,0.09999999999999998,0.3,0.4,-0.10000000000000003,0,2
Czech Republic,Croatia,-158,-28,-1.2000000000000002,-1.0,0.8,-168.56000000000006,3.83,0,1,0.0,-164.73000000000008,0.01196837598825029,-138.61,0,0,5.523946156750026,-0.7886287774547682,6.312574934204794,1754.4,1462.4,292.0,0,1,0,1.7714285714285714,2.3714285714285714,-0.6000000000000001,1.2857142857142858,0.4857142857142857,0.8,0.05,0.6,-0.5499999999999999,0.7,0.35,0.35,2,2
Italy,Sweden,150,29,0.8,0.19999999999999996,0.19999999999999996,382.63,-130.42000000000002,0,1,0.8333333333333334,252.20999999999998,-0.24130130941338246,235.38,0,0,18.539611294714515,20.493099175314097,-1.9534878805995817,1844.0,1737.2,106.79999999999995,5,9,0,1.457142857142857,1.457142857142857,0.0,1.0285714285714285,0.8285714285714286,0.19999999999999984,0.4,0.4,0.0,0.55,0.45,0.10000000000000003,1,0
Spain,Turkey,255,13,0.19999999999999996,1.0,-0.20000000000000007,368.24999999999994,45.46,0,1,1.0,413.7099999999999,0.11333254999106912,264.58000000000004,0,0,-20.084906793166144,11.175473076623,-31.260379869789144,1681.6,1769.2,-87.60000000000014,4,10,0,1.9142857142857144,1.3142857142857143,0.6000000000000001,0.5142857142857142,0.7714285714285715,-0.25714285714285723,0.55,0.4,0.15000000000000002,0.3,0.5,-0.2,3,0
Belgium,Republic of Ireland,168,36,0.19999999999999996,0.19999999999999996,0.40000000000000013,275.5800000000001,-4.55,-4.59,1,0.5,266.44000000000017,-0.01003563952248121,237.32,0,0,13.0989763043505,23.21585051118678,-10.116874206836279,1815.0,1733.8,81.20000000000005,1,-1,0,2.0285714285714285,1.4857142857142858,0.5428571428571427,1.1142857142857143,0.8571428571428571,0.25714285714285723,0.3,0.4,-0.10000000000000003,0.55,0.55,0.0,3,0
Iceland,Hungary,-157,-44,-0.20000000000000018,1.2000000000000002,0.8,-74.00999999999996,10.139999999999999,2.14,1,0.0,-61.729999999999976,0.06976925153251423,-129.93,0,0,6.1197074321930245,35.917617678509174,-29.79791024631615,1671.0,1872.4,-201.4000000000001,2,-2,0,1.7142857142857142,1.2285714285714286,0.48571428571428554,1.6285714285714286,0.8285714285714286,0.7999999999999999,0.25,0.55,-0.30000000000000004,0.7,0.4,0.29999999999999993,1,1
Portugal,Austria,129,22,0.8,1.6,-1.0,227.25999999999988,5.3,0,1,0.5,232.55999999999983,0.007848712366904986,307.83,0,0,-21.361709520373495,-21.67497724772946,0.31326772735596364,1732.4,1688.6,43.80000000000018,23,44,0,1.7142857142857142,1.5714285714285714,0.1428571428571428,0.6571428571428571,1.1714285714285715,-0.5142857142857143,0.45,0.3,0.15000000000000002,0.3,0.6,-0.3,0,0
France,Switzerland,171,14,1.6,1.7999999999999998,-0.19999999999999996,924.4299999999998,-127.99000000000001,-122.35,1,0.6,674.0899999999999,-0.19751056393314204,556.79,2,0,19.919914091825525,-51.602039421762015,71.52195351358753,1701.8,1587.2,114.59999999999991,-3,12,0,2.2857142857142856,1.7428571428571429,0.5428571428571427,1.0285714285714285,1.0571428571428572,-0.028571428571428692,0.4,0.35,0.050000000000000044,0.5,0.45,0.04999999999999999,0,0
Romania,Albania,-18,-4,-0.19999999999999996,1.0000000000000002,0.40000000000000013,-19.26000000000002,-15.84,-16.9,1,0.7333333333333333,-52.00000000000003,-0.14225505105366065,45.900000000000006,0,0,31.731058988026778,-3.0974683741581917,34.82852736218497,1811.2,1742.2,69.0,4,13,0,1.6285714285714286,1.3142857142857143,0.3142857142857143,1.0285714285714285,1.2,-0.17142857142857149,0.55,0.35,0.20000000000000007,0.45,0.4,0.04999999999999999,0,1
Russia,Wales,88,16,-0.4,0.3999999999999999,0.3999999999999999,116.86000000000001,-40.379999999999995,0,1,0.8333333333333334,76.48000000000002,-0.13117591599692802,-29.569999999999993,0,0,-12.911635843380356,-34.751675464527764,21.840039621147408,1842.4,1738.4,104.0,10,22,0,1.6,1.0,0.6000000000000001,1.2857142857142858,1.1714285714285715,0.11428571428571432,0.35,0.35,0.0,0.55,0.45,0.10000000000000003,0,3
Slovakia,England,-352,-64,-0.6000000000000001,0.19999999999999996,0.19999999999999996,-1129.4500000000003,292.65999999999997,180.0,1,0.0,-656.7900000000003,0.20887003646474978,-566.22,-4,0,46.62348730473033,17.733631621996828,28.889855682733504,1732.8,1831.8,-99.0,-7,-16,0,1.8857142857142857,1.9142857142857144,-0.028571428571428692,1.0285714285714285,0.8285714285714286,0.19999999999999984,0.3,0.45,-0.15000000000000002,0.6,0.5,0.09999999999999998,0,0
Croatia,Spain,-256,-14,-0.19999999999999973,0.3999999999999999,0.0,-510.0,11.66,0,1,0.1111111111111111,-498.34,0.006694049765656351,-427.55,0,0,4.161753623003133,-17.013633550833703,21.175387173836835,1490.8,1737.2,-246.4000000000001,-8,-13,0,2.4571428571428573,2.0,0.4571428571428573,0.5714285714285714,0.4857142857142857,0.08571428571428569,0.6,0.6,0.0,0.35,0.25,0.09999999999999998,2,1
Czech Republic,Turkey,-159,-29,0.19999999999999996,1.6,0.0,-310.3100000000001,60.95,0,1,0.4,-249.36000000000013,0.13199497574497576,-301.58,0,0,15.5004112531521,1.7118047610607032,13.788606492091397,1791.4,1832.4,-41.0,-4,-2,0,1.9142857142857144,1.1714285714285715,0.7428571428571429,1.3428571428571427,0.9428571428571428,0.3999999999999999,0.05,0.4,-0.35000000000000003,0.75,0.45,0.3,0,2
Northern Ireland,Germany,-374,-78,0.0,-0.6000000000000001,-0.6000000000000001,-691.7300000000001,2.6900000000000004,15.0,1,0.0,-674.0400000000002,-0.039576624292247176,-593.0,0,0,50.900871466336056,-31.16032559775681,82.06119706409287,1649.8,1731.0,-81.20000000000005,-18,-35,0,1.2571428571428571,1.8285714285714285,-0.5714285714285714,0.5428571428571428,1.1142857142857143,-0.5714285714285715,0.4,0.35,0.050000000000000044,0.4,0.5,-0.09999999999999998,0,1
Ukraine,Poland,19,4,0.19999999999999996,0.20000000000000018,1.2000000000000002,-2.5499999999999545,-2.54,3.47,1,0.7333333333333333,-1.6199999999999477,0.00387804399240943,-28.69999999999999,0,0,16.858940122677375,42.727128671804174,-25.8681885491268,1694.4,1646.8,47.600000000000136,7,4,0,1.457142857142857,2.1714285714285713,-0.7142857142857142,0.9142857142857143,0.7714285714285715,0.1428571428571428,0.5,0.5,0.0,0.3,0.5,-0.2,0,1
Hungary,Portugal,-255,-47,-0.40000000000000013,-1.4000000000000001,0.4,-735.6599999999999,-10.94,-2.14,1,0.0,-748.7399999999999,-0.07838437106729779,-517.02,0,0,34.244063304092904,-31.79651100382761,66.04057430792051,1800.4,1724.8,75.60000000000014,-25,-35,0,1.2285714285714286,1.6,-0.37142857142857144,0.8857142857142857,0.5714285714285714,0.3142857142857143,0.5,0.5,0.0,0.45,0.25,0.2,3,3
Iceland,Austria,-283,-69,0.8,1.6,0.0,-582.41,4.5,0,1,0.3333333333333333,-577.91,-0.0007664071678785689,-339.12,0,0,15.886400530264723,-18.85629446954838,34.742694999813104,1642.4,1754.2,-111.79999999999995,0,7,0,1.6857142857142857,1.457142857142857,0.22857142857142865,1.4857142857142858,1.1142857142857143,0.37142857142857144,0.25,0.35,-0.09999999999999998,0.7,0.55,0.1499999999999999,2,1
Italy,Republic of Ireland,155,33,1.7999999999999998,0.3999999999999999,-1.0,245.57999999999998,-132.87,3.57,1,0.4,116.27999999999997,-0.24703735971610286,227.87,0,0,22.92794309559033,9.360653067322104,13.567290028268225,1755.8,1729.4,26.399999999999864,7,19,0,1.4285714285714286,1.3714285714285714,0.05714285714285716,1.0,1.1142857142857143,-0.11428571428571432,0.4,0.35,0.050000000000000044,0.55,0.55,0.0,0,1
Sweden,Belgium,-163,-32,-0.8,-0.8,-0.6,-412.6300000000001,2.0999999999999996,8.16,1,0.0,-402.3700000000002,0.004299589219760813,-244.82999999999998,0,0,13.112421346219868,15.376149595238646,-2.2637282490187776,1730.0,1763.2,-33.200000000000045,1,11,0,1.3714285714285714,2.1714285714285713,-0.7999999999999998,0.8285714285714286,1.0,-0.17142857142857137,0.4,0.35,0.050000000000000044,0.45,0.55,-0.10000000000000003,0,1
Croatia,Portugal,-69,-8,1.4000000000000001,1.0,-0.4,-582.5199999999999,-3.83,0,1,0.0,-586.3499999999999,-0.01196837598825029,-406.71,0,0,29.94508861070164,-42.64933110333866,72.5944197140403,1579.2,1684.2,-105.0,-14,-12,0,2.5428571428571427,1.6857142857142857,0.857142857142857,0.5714285714285714,0.8,-0.22857142857142865,0.55,0.45,0.10000000000000003,0.4,0.3,0.10000000000000003,0,1
Switzerland,Poland,176,30,0.0,0.4,0.4,17.44999999999999,-2.32,0.8200000000000003,1,0.16666666666666666,15.949999999999989,-0.0049584777467210905,-5.989999999999981,0,0,-47.10387206436738,51.28551219774889,-98.38938426211627,1683.0,1696.6,-13.599999999999909,7,1,0,1.542857142857143,1.8571428571428572,-0.3142857142857143,0.9714285714285714,0.7142857142857143,0.2571428571428571,0.4,0.5,-0.09999999999999998,0.45,0.5,-0.04999999999999999,1,1
Wales,Northern Ireland,122,36,-0.19999999999999996,0.19999999999999996,0.9999999999999999,73.01000000000002,-5.120000000000001,0,1,0.5,67.89000000000001,-0.0009966868156719988,111.58,0,0,-24.099359357876143,45.496903991508056,-69.5962633493842,1780.4,1706.0,74.40000000000009,0,0,0,1.1714285714285715,1.2,-0.02857142857142847,1.1142857142857143,0.5714285714285714,0.5428571428571429,0.4,0.4,0.0,0.4,0.4,0.0,1,0
France,Republic of Ireland,361,54,1.6,1.2,-0.7999999999999999,910.0299999999997,-130.31,-121.43,1,0.6666666666666666,658.2899999999998,-0.2038882946441859,555.31,2,0,14.9969347849331,7.240709373631361,7.756225411301738,1721.0,1766.6,-45.59999999999991,2,2,0,2.0,1.3142857142857143,0.6857142857142857,0.9428571428571428,1.0285714285714285,-0.08571428571428563,0.45,0.4,0.04999999999999999,0.45,0.5,-0.04999999999999999,2,1
Germany,Slovakia,289,60,0.3999999999999999,0.0,-0.20000000000000007,484.88000000000017,35.81,-15.0,1,0.6,505.69000000000017,0.13218908058270462,391.52,0,0,-34.451589457803486,50.96730244952787,-85.41889190733136,1676.8,1808.6,-131.79999999999995,10,27,0,1.6571428571428573,1.6285714285714286,0.028571428571428692,1.0,0.9142857142857143,0.08571428571428574,0.4,0.35,0.050000000000000044,0.45,0.55,-0.10000000000000003,3,0
Hungary,Belgium,-164,-34,-0.8,-0.40000000000000013,0.19999999999999996,-373.1100000000001,-6.39,6.02,1,0.0,-373.48000000000025,-0.05484646225586043,-292.28,0,0,43.82160542848604,20.23951080461851,23.582094623867526,1814.2,1726.2,88.0,-11,-14,0,1.3428571428571427,2.1142857142857143,-0.7714285714285716,1.0857142857142856,0.9714285714285714,0.11428571428571421,0.45,0.35,0.10000000000000003,0.5,0.55,-0.050000000000000044,0,4
England,Iceland,474,94,0.6000000000000001,-0.8,-0.6,1299.6100000000001,-334.2,-180.0,1,1.0,785.4100000000002,-0.36123126853820897,753.2,4,0,9.787638173737534,39.23336991495903,-29.445731741221493,1787.4,1659.6,127.80000000000018,15,26,0,1.7428571428571429,1.6857142857142857,0.05714285714285716,0.8,1.4,-0.5999999999999999,0.45,0.25,0.2,0.5,0.7,-0.19999999999999996,1,2
Italy,Spain,-291,-22,0.5999999999999999,-1.0000000000000002,-0.6000000000000001,-320.03,-117.38000000000001,0,1,0.3333333333333333,-437.40999999999997,-0.24187720325115236,-255.03000000000003,0,0,7.7810699233136695,-33.53880909596246,41.31987901927613,1704.2,1798.8,-94.59999999999991,-2,-2,0,1.2571428571428571,1.8571428571428572,-0.6000000000000001,0.9142857142857143,0.5714285714285714,0.34285714285714286,0.4,0.6,-0.19999999999999996,0.5,0.25,0.25,2,0
Poland,Portugal,-245,-39,0.0,-1.7999999999999998,-0.6000000000000001,-669.9799999999999,0,-3.47,1,0.4166666666666667,-673.4499999999999,-0.014921522253278918,-457.55,0,0,46.360920686741366,-20.18804155477434,66.54896224151571,1684.8,1658.0,26.799999999999955,-17,-31,0,1.8,1.7428571428571429,0.05714285714285716,0.7142857142857143,0.7428571428571429,-0.02857142857142858,0.45,0.45,0.0,0.55,0.3,0.25000000000000006,1,1
Wales,Belgium,-162,-30,-0.5999999999999999,-0.8000000000000003,0.3999999999999999,-410.8000000000001,-4.410000000000001,8.16,1,0.4166666666666667,-407.0500000000002,-0.04582267332201995,-325.13,0,0,-14.253276659095613,25.633875207346275,-39.88715186644189,1750.6,1770.2,-19.600000000000136,-9,-14,0,1.2285714285714286,2.142857142857143,-0.9142857142857141,1.0571428571428572,0.9142857142857143,0.1428571428571429,0.45,0.35,0.10000000000000003,0.35,0.55,-0.20000000000000007,3,1
Germany,Italy,103,15,0.20000000000000018,0.20000000000000018,-0.2,237.92000000000007,126.34,-15.0,1,0.3333333333333333,349.2600000000001,0.23175235797952087,165.73999999999995,0,0,-14.959014005369777,13.14063929963169,-28.099653305001468,1676.8,1776.6,-99.79999999999995,3,1,0,1.8857142857142857,1.3142857142857143,0.5714285714285714,0.8285714285714286,0.8857142857142857,-0.05714285714285705,0.45,0.4,0.04999999999999999,0.45,0.5,-0.04999999999999999,1,1
France,Iceland,514,96,0.3999999999999999,-0.19999999999999996,-0.4,1081.5699999999997,-129.51,-125.0,1,1.0,827.0599999999998,-0.2087754443983585,740.2,2,0,12.704801426616147,49.80086416132601,-37.09606273470986,1719.6,1682.4,37.19999999999982,10,19,0,1.9428571428571428,1.7428571428571429,0.19999999999999996,0.9428571428571428,1.3714285714285714,-0.4285714285714286,0.4,0.25,0.15000000000000002,0.5,0.7,-0.19999999999999996,5,2
Portugal,Wales,253,43,-1.0,-0.8,0.19999999999999996,773.3499999999999,8.96,0,1,1.0,782.3099999999998,0.0693605821334573,549.87,0,0,-26.98885931005715,13.523369421051651,-40.512228731108806,1733.0,1783.2,-50.200000000000045,23,35,0,1.542857142857143,1.4,0.14285714285714302,0.8285714285714286,0.9714285714285714,-0.1428571428571428,0.4,0.45,-0.04999999999999999,0.35,0.35,0.0,2,0
France,Germany,103,6,0.3999999999999999,0.8000000000000003,0.6000000000000001,426.52999999999975,-123.78,-110.0,1,0.4666666666666667,192.74999999999977,-0.18860329290760391,161.70000000000005,2,0,6.571902880384389,-20.630667846661385,27.202570727045774,1672.2,1707.0,-34.799999999999955,-8,-18,0,2.2,1.8285714285714285,0.37142857142857166,1.0857142857142856,0.8571428571428571,0.22857142857142854,0.4,0.45,-0.04999999999999999,0.5,0.45,0.04999999999999999,2,0
France,Portugal,102,5,0.8,0.8000000000000003,-0.20000000000000007,271.9,-130.31,-125.0,1,1.0,16.590000000000032,-0.21739056393314204,93.25,2,0,24.83745847918439,-4.08748451444241,28.9249429936268,1741.2,1764.8,-23.59999999999991,-13,-18,0,2.2857142857142856,1.6285714285714286,0.657142857142857,1.0,0.7428571428571429,0.2571428571428571,0.4,0.45,-0.04999999999999999,0.5,0.3,0.2,0,1
Russia,Saudi Arabia,91,21,-0.7999999999999999,-0.19999999999999996,0.8000000000000003,-5.519999999999982,26.490000000000002,0,0,0.5,20.97,0.10090252238161967,-72.55000000000001,0,0,9.022783331030691,-23.22553133591983,32.24831466695052,1979.6,1812.8,166.79999999999995,-24,-8,0,1.2571428571428571,1.4,-0.1428571428571428,1.7142857142857142,1.6571428571428573,0.05714285714285694,0.2,0.3,-0.09999999999999998,0.55,0.45,0.10000000000000003,5,0
Egypt,Uruguay,-49,-10,-1.6,-0.9999999999999999,0.9999999999999999,342.69000000000005,-8.989999999999998,8.55,0,0.0,342.2500000000001,0.09790229872892553,315.77,0,0,-65.26791029070007,5.116506960660397,-70.38441725136047,1789.8,1750.0,39.799999999999955,-61,9,0,0.7142857142857143,1.457142857142857,-0.7428571428571428,0.9142857142857143,1.0,-0.08571428571428574,0.5,0.4,0.09999999999999998,0.3,0.5,-0.2,0,1
Morocco,Iran,106,13,0.8,0.8,-0.20000000000000007,-229.90000000000003,-69.33,5.62,0,0.3333333333333333,-293.61,-0.27444489036219066,-201.00000000000003,0,0,15.934038387596164,5.845671200395898,10.088367187200266,1651.6,1699.0,-47.40000000000009,-36,-28,0,1.8571428571428572,1.4857142857142858,0.37142857142857144,0.5428571428571428,0.6,-0.05714285714285716,0.45,0.55,-0.10000000000000003,0.35,0.35,0.0,0,1
Portugal,Spain,-187,-6,-0.19999999999999996,-1.0,0.0,72.51999999999987,15.49,0,0,0.4666666666666667,88.00999999999988,0.018662425753906642,-20.840000000000032,0,0,6.956642832158082,-3.584644535552086,10.541287367710169,1837.0,1879.4,-42.40000000000009,6,2,0,2.2,3.0,-0.7999999999999998,0.7714285714285715,0.7142857142857143,0.05714285714285716,0.6,0.55,0.04999999999999993,0.3,0.45,-0.15000000000000002,3,3
France,Australia,232,28,0.0,0.20000000000000018,0.0,796.3299999999999,-124.32000000000001,-125.0,0,0.6666666666666666,547.01,-0.20154819418968795,314.29999999999995,2,0,-17.24649335736551,3.5618894424993623,-20.808382799864873,1824.6,1786.4,38.19999999999982,-12,16,0,2.0,1.5714285714285714,0.4285714285714286,0.9428571428571428,1.2,-0.2571428571428571,0.4,0.3,0.10000000000000003,0.55,0.6,-0.04999999999999993,2,1
Argentina,Iceland,511,95,1.0,0.19999999999999996,-0.3999999999999999,608.9599999999999,-52.2,0,0,0.5,556.7599999999999,-0.0669028195379131,549.82,0,0,-26.303217973861077,39.78406010919018,-66.08727808305126,1861.2,1714.2,147.0,58,15,0,1.8,1.8,0.0,1.2857142857142858,1.3714285714285714,-0.08571428571428563,0.5,0.4,0.09999999999999998,0.35,0.35,0.0,1,1
Peru,Denmark,-160,-38,1.0,1.4,0.0,-95.64999999999998,-11.240000000000004,0,0,0.5,-106.88999999999999,-0.09187232457041616,-96.19000000000003,0,0,86.44248725384874,-4.127496970043105,90.56998422389185,1721.8,1746.4,-24.600000000000136,29,-19,0,1.6857142857142857,1.4857142857142858,0.19999999999999996,0.5714285714285714,0.4857142857142857,0.08571428571428569,0.4,0.5,-0.09999999999999998,0.55,0.4,0.15000000000000002,0,1
Croatia,Nigeria,47,11,0.5999999999999999,0.0,-0.19999999999999996,-239.14999999999986,109.9,8.51,0,0.5,-120.73999999999984,0.20664525874957085,-6.399999999999977,0,0,-8.76206152599314,-16.368632782164468,7.606571256171328,1828.6,1789.2,39.399999999999864,3,-16,0,1.2,1.2571428571428571,-0.05714285714285716,0.8,1.0857142857142856,-0.2857142857142856,0.45,0.3,0.15000000000000002,0.3,0.45,-0.15000000000000002,2,0
Costa Rica,Serbia,-69,-24,-0.19999999999999996,-0.8,0.3999999999999999,17.959999999999894,-29.370000000000005,0,0,0.5,-11.41000000000011,-0.10180726709561927,31.35000000000001,0,0,-10.230988229562804,22.825231670936258,-33.05621990049906,1790.8,1815.4,-24.600000000000136,42,-2,0,1.1428571428571428,1.6857142857142857,-0.5428571428571429,1.4,0.9714285714285714,0.4285714285714285,0.35,0.35,0.0,0.4,0.5,-0.09999999999999998,0,1
Germany,Mexico,101,14,-0.3999999999999999,0.3999999999999999,0.7999999999999999,537.9000000000001,29.799999999999997,-13.129999999999999,0,0.5,554.5700000000002,0.15311749087922388,432.48999999999995,0,0,6.196179021046348,-14.690121235976594,20.886300257022942,1942.0,1750.8,191.20000000000005,-34,29,0,2.3142857142857145,1.3714285714285714,0.9428571428571431,0.8285714285714286,0.8285714285714286,0.0,0.5,0.5,0.0,0.45,0.4,0.04999999999999999,0,1
Brazil,Switzerland,100,11,0.3999999999999999,-0.19999999999999996,-0.2,910.0699999999999,-117.69000000000001,-97.35,0,0.5,695.03,-0.16977234856517276,603.79,2,0,40.015743926974906,24.038768583413376,15.97697534356153,1894.6,1832.0,62.59999999999991,31,-5,0,2.1142857142857143,1.9714285714285715,0.1428571428571428,0.17142857142857143,0.45714285714285713,-0.2857142857142857,0.8,0.65,0.15000000000000002,0.2,0.3,-0.09999999999999998,1,1
Sweden,South Korea,-154,-31,0.19999999999999996,-0.6,-1.0,-22.639999999999958,6.28,0,0,0.3333333333333333,-16.35999999999997,0.03896556066700729,82.54,0,0,4.341633524162937,-62.02854274650429,66.37017627066723,1739.6,1703.6,36.0,-12,4,0,1.3714285714285714,1.0571428571428572,0.3142857142857143,0.7428571428571429,1.3428571428571427,-0.5999999999999999,0.5,0.4,0.09999999999999998,0.4,0.5,-0.09999999999999998,1,0
Belgium,Panama,107,18,1.8,2.1999999999999997,-1.4000000000000001,432.8100000000002,5.2700000000000005,5.43,0,0.5,443.5100000000002,0.19490008689631688,310.1,0,0,44.76993408055402,-26.054628679055018,70.82456275960904,1819.6,1754.0,65.59999999999991,-7,43,0,3.142857142857143,0.8285714285714286,2.314285714285714,0.7428571428571429,1.4,-0.657142857142857,0.5,0.35,0.15000000000000002,0.45,0.3,0.15000000000000002,3,0
Tunisia,England,-304,-41,-0.6000000000000001,0.0,0.6,-1237.2900000000002,335.0,180.0,0,0.5,-722.2900000000002,0.3698463880729925,-578.99,-4,0,57.958405777901746,13.894615591977079,44.06379018592467,1906.2,1859.4,46.799999999999955,-11,12,0,1.3714285714285714,1.4,-0.02857142857142847,1.1142857142857143,0.5142857142857142,0.6000000000000001,0.25,0.6,-0.35,0.45,0.35,0.10000000000000003,1,2
Colombia,Japan,-3,-1,0.8,0.40000000000000013,-1.0,10.029999999999916,-52.85,-2.4,0,1.0,-45.220000000000056,-0.20424300474838641,11.100000000000023,0,0,-23.882841482290143,-78.89664596846954,55.013804486179396,1820.2,1744.4,75.79999999999995,21,-22,0,1.4,1.4857142857142858,-0.08571428571428585,0.8571428571428571,1.2571428571428571,-0.4,0.5,0.35,0.15000000000000002,0.4,0.45,-0.04999999999999999,1,2
Poland,Senegal,-171,-29,0.19999999999999996,1.0,0.6,-22.440000000000026,79.75999999999999,-3.47,0,0.5,53.849999999999966,0.29787505800477043,3.5600000000000023,0,0,10.254265645232135,-18.838837979444175,29.09310362467631,1708.4,1697.6,10.800000000000182,9,-16,0,2.057142857142857,1.2285714285714286,0.8285714285714283,1.2,0.5428571428571428,0.6571428571428571,0.25,0.65,-0.4,0.6,0.35,0.25,1,2
Russia,Egypt,-37,-6,0.4,1.2,0.40000000000000013,-266.66,-23.779999999999998,0,0,0.5,-290.44000000000005,-0.1506827825072139,-360.34999999999997,0,0,8.995868851926495,-60.698563400682055,69.69443225260855,1891.0,1774.0,117.0,1,-14,0,1.4857142857142858,0.6571428571428571,0.8285714285714286,1.6,0.9142857142857143,0.6857142857142858,0.25,0.45,-0.2,0.5,0.3,0.2,3,1
Portugal,Morocco,-22,-1,-0.8,0.20000000000000018,1.0,637.5499999999998,83.11,0,0,0.5,720.6599999999999,0.3136463129292777,451.83000000000004,0,0,8.127860631898768,-0.27331270998200097,8.401173341880769,1900.0,1676.8,223.20000000000005,29,30,0,2.2285714285714286,1.5714285714285714,0.6571428571428573,1.0,0.5714285714285714,0.4285714285714286,0.55,0.45,0.10000000000000003,0.35,0.3,0.04999999999999999,1,0
Uruguay,Saudi Arabia,177,37,1.7999999999999998,0.8,-2.0,-81.55000000000004,59.26,-8.55,0,0.16666666666666666,-30.84000000000006,0.15368300615990804,-27.970000000000027,0,0,24.433769027882676,-14.007381418273404,38.44115044615608,1773.4,1803.6,-30.199999999999818,36,-3,0,1.457142857142857,1.3142857142857143,0.1428571428571428,0.8857142857142857,2.0,-1.1142857142857143,0.45,0.3,0.15000000000000002,0.45,0.4,0.04999999999999999,1,0
Iran,Spain,-271,-18,0.5999999999999999,-1.2,-0.6,-335.12999999999994,1.709999999999999,-5.62,0,0.5,-339.03999999999996,-0.020538996813180388,-271.67,0,0,17.20296460482163,-11.655935253153563,28.858899857975196,1751.8,1912.4,-160.60000000000014,13,0,0,1.4857142857142858,3.0285714285714285,-1.5428571428571427,0.5714285714285714,0.8857142857142857,-0.3142857142857143,0.55,0.5,0.050000000000000044,0.35,0.5,-0.15000000000000002,0,1
Denmark,Australia,18,5,0.8000000000000003,-0.8,-1.4,-133.11999999999995,-0.35999999999999943,0,0,0.6666666666666666,-133.47999999999993,-0.010078113561305502,-246.35000000000002,0,0,0.37398533639464926,6.1768843677358864,-5.802899031341237,1742.8,1865.2,-122.40000000000009,-11,11,0,1.3142857142857143,1.542857142857143,-0.22857142857142865,0.42857142857142855,1.2285714285714286,-0.8,0.5,0.3,0.2,0.4,0.6,-0.19999999999999996,1,1
France,Peru,374,61,0.6000000000000001,0.6000000000000001,0.4,1025.1,-112.72,-125.0,0,0.5,787.3799999999999,-0.09959775605796628,656.84,2,0,-3.49077768629359,64.67117188633904,-68.16194957263262,1802.0,1713.2,88.79999999999995,-30,24,0,2.0,1.5142857142857142,0.48571428571428577,0.9142857142857143,0.6,0.3142857142857143,0.4,0.4,0.0,0.55,0.5,0.050000000000000044,1,0
Argentina,Croatia,168,12,-0.40000000000000013,1.0,1.2000000000000002,381.80999999999995,-49.17,0,0,0.5,332.63999999999993,-0.06354956308444637,309.58,0,0,-35.64598311748185,-5.277967953466193,-30.368015164015652,1811.8,1848.4,-36.600000000000136,47,-11,0,1.6285714285714286,1.1714285714285715,0.4571428571428571,1.3428571428571427,0.8,0.5428571428571427,0.5,0.45,0.04999999999999999,0.35,0.3,0.04999999999999999,0,3
Brazil,Costa Rica,310,59,2.0,1.2,-1.4000000000000001,899.77,-51.92,-100.0,0,1.0,747.85,0.07193044052433939,675.79,2,0,28.868481630201813,-22.965854700506863,51.83433633070868,1868.4,1783.8,84.60000000000014,-2,-2,0,2.057142857142857,1.0571428571428572,0.9999999999999998,0.2571428571428571,1.457142857142857,-1.2,0.75,0.3,0.45,0.25,0.4,-0.15000000000000002,2,0
Nigeria,Iceland,296,72,-0.2,-0.7999999999999999,-0.7999999999999998,466.29999999999984,-112.93,-8.51,0,0.5,344.85999999999984,-0.20999851520303758,246.64,0,0,-31.29805074163918,31.207215323570047,-62.50526606520923,1824.4,1817.0,7.400000000000091,8,42,0,1.1142857142857143,1.6857142857142857,-0.5714285714285714,1.2285714285714286,1.3714285714285714,-0.1428571428571428,0.3,0.4,-0.10000000000000003,0.45,0.4,0.04999999999999999,2,0
Serbia,Switzerland,-141,-24,-0.40000000000000013,-0.40000000000000013,0.4,-7.659999999999883,-36.4,2.65,0,0.6666666666666666,-41.40999999999988,-0.13989552199389288,-103.35000000000001,0,0,29.722139048900516,26.657241008966558,3.064898039933958,1779.6,1913.2,-133.60000000000014,-9,-1,0,1.6285714285714286,1.9428571428571428,-0.3142857142857143,0.9142857142857143,0.5142857142857142,0.4,0.4,0.65,-0.25,0.45,0.3,0.15000000000000002,1,2
Belgium,Tunisia,151,25,1.6,1.5999999999999999,-1.2,384.80000000000007,-4.55,-8.16,0,0.6666666666666666,372.09000000000015,-0.023537908811437358,248.0,0,0,51.58714076567934,41.829082276614976,9.75805848906436,1782.8,1935.4,-152.60000000000014,5,-21,0,3.1142857142857143,1.3142857142857143,1.8,0.6857142857142857,1.2,-0.5142857142857142,0.55,0.25,0.30000000000000004,0.45,0.45,0.0,5,2
South Korea,Mexico,2,1,-0.5999999999999999,0.19999999999999996,0.6,-60.01000000000005,27.599999999999998,1.87,0,0.5,-30.54000000000002,0.12370088164607818,-51.17,0,0,-73.1275271677509,-4.956442784504244,-68.17108438324665,1701.8,1833.0,-131.20000000000005,-28,14,0,0.9142857142857143,1.2571428571428571,-0.34285714285714286,1.2857142857142858,0.8,0.48571428571428577,0.4,0.5,-0.09999999999999998,0.45,0.4,0.04999999999999999,1,2
Germany,Sweden,253,44,-0.19999999999999996,0.4,0.6,620.5500000000001,-4.08,-15.0,0,0.7333333333333333,601.4700000000001,-0.009548951433861586,401.11999999999995,0,0,-10.911691172422861,15.713984524941194,-26.625675697364056,1901.2,1742.0,159.20000000000005,6,11,0,2.142857142857143,1.1714285714285715,0.9714285714285713,0.8285714285714286,0.7428571428571429,0.08571428571428574,0.45,0.5,-0.04999999999999999,0.45,0.4,0.04999999999999999,2,1
England,Panama,260,34,1.8,1.4000000000000001,-1.4,1285.3000000000002,-325.18,-166.41,0,0.5,793.7100000000003,-0.1514083923652383,641.09,4,0,16.565787740130844,-25.62962584927459,42.19541358940543,1804.8,1758.2,46.59999999999991,-1,52,0,1.4285714285714286,0.8,0.6285714285714286,0.5428571428571428,1.4285714285714286,-0.8857142857142858,0.6,0.35,0.25,0.35,0.25,0.09999999999999998,6,1
Japan,Senegal,60,7,-0.40000000000000013,0.3999999999999999,1.2000000000000002,5.000000000000085,77.16,0,0,0.0,82.16000000000005,0.3027961956278712,1.6800000000000068,0,0,-64.28784897723982,-7.108596500233859,-57.17925247700596,1793.6,1682.8,110.79999999999995,25,0,0,1.542857142857143,1.3142857142857143,0.22857142857142865,1.2857142857142858,0.6,0.6857142857142858,0.3,0.6,-0.3,0.5,0.4,0.09999999999999998,2,2
Poland,Colombia,-228,-35,-0.20000000000000018,0.3999999999999999,0.5999999999999999,-37.47000000000003,55.45,-1.0700000000000003,0,0.0,16.909999999999968,0.19932186712528566,-9.220000000000027,0,0,11.162288206620621,-37.90485838646436,49.067146593084985,1714.0,1837.4,-123.40000000000009,-37,6,0,2.1142857142857143,1.2857142857142858,0.8285714285714285,1.2285714285714286,0.9714285714285714,0.25714285714285723,0.2,0.45,-0.25,0.65,0.45,0.2,0,3
Russia,Uruguay,-86,-16,-1.6,0.3999999999999999,1.2,76.03000000000006,-32.769999999999996,8.55,0,0.3333333333333333,51.81000000000006,-0.05278048377828837,-44.579999999999984,0,0,22.04474268950088,25.021078359522214,-2.976335670021335,1859.2,1748.0,111.20000000000005,-60,-5,0,1.6857142857142857,1.5142857142857142,0.17142857142857149,1.5142857142857142,0.8,0.7142857142857142,0.25,0.5,-0.25,0.5,0.45,0.04999999999999999,0,3
Saudi Arabia,Egypt,-128,-27,-0.4,0.0,1.0,-261.14000000000004,-50.269999999999996,0,0,0.0,-311.41,-0.25158530488883357,-287.79999999999995,0,0,-20.7761613533866,-54.495639076135504,33.719477722748906,1830.8,1784.0,46.799999999999955,25,-6,0,0.9714285714285714,0.7428571428571429,0.22857142857142854,2.0285714285714285,1.1142857142857143,0.9142857142857141,0.3,0.4,-0.10000000000000003,0.35,0.35,0.0,2,1
Spain,Morocco,165,5,0.8000000000000003,1.4,0.19999999999999996,565.03,67.62,0,0,0.5,632.65,0.29498388717537105,472.6700000000001,0,0,-8.200014616400455,-4.153369499116199,-4.046645117284257,1895.8,1711.0,184.79999999999995,23,28,0,2.6285714285714286,1.5142857142857142,1.1142857142857143,0.8571428571428571,0.6285714285714286,0.22857142857142854,0.5,0.45,0.04999999999999999,0.5,0.3,0.2,2,2
Iran,Portugal,-84,-12,0.0,-1.0,-0.4,-407.6499999999998,-13.780000000000001,-5.62,0,0.0,-427.04999999999984,-0.03920142256708703,-250.82999999999998,0,0,16.02006290387342,18.636960102566498,-2.616897198693078,1813.0,1906.4,-93.40000000000009,7,-2,0,1.1714285714285715,2.257142857142857,-1.0857142857142856,0.5714285714285714,0.8571428571428571,-0.2857142857142857,0.55,0.6,-0.04999999999999993,0.3,0.35,-0.04999999999999999,1,1
Australia,Peru,142,33,0.20000000000000018,0.6000000000000001,0.4,228.76999999999992,11.600000000000003,0,0,0.5,240.36999999999992,0.10195043813172167,342.5400000000001,0,0,3.6749118413328015,54.70359350615092,-51.02868166481812,1853.2,1816.0,37.200000000000045,-18,8,0,1.4857142857142858,1.3714285714285714,0.11428571428571432,1.1714285714285715,0.6,0.5714285714285715,0.25,0.4,-0.15000000000000002,0.65,0.45,0.2,0,2
Denmark,France,-214,-23,-0.8,-1.0,-0.39999999999999997,-929.4499999999998,123.96000000000001,125.0,0,0.2,-680.4899999999999,0.19147008062838244,-560.65,-2,0,-1.9713523471304577,-1.907989986862491,-0.06336236026796671,1756.4,1780.6,-24.199999999999818,1,-5,0,1.3142857142857143,1.9428571428571428,-0.6285714285714286,0.5142857142857142,0.8857142857142857,-0.37142857142857144,0.45,0.4,0.04999999999999999,0.45,0.55,-0.10000000000000003,0,0
Nigeria,Argentina,-215,-23,-0.5999999999999999,-0.8,-0.8,-142.66000000000008,-60.730000000000004,-8.51,0,0.4,-211.9000000000001,-0.14309569566512448,-303.18,0,0,-24.49294759661482,-45.41919909230305,20.926251495688234,1784.0,1821.2,-37.200000000000045,-50,27,0,1.2285714285714286,1.5142857142857142,-0.2857142857142856,1.1428571428571428,1.4857142857142858,-0.34285714285714297,0.3,0.45,-0.15000000000000002,0.45,0.35,0.10000000000000003,1,2
Iceland,Croatia,-343,-83,-2.0,-0.40000000000000013,1.6,-227.14999999999998,3.0300000000000002,0,0,0.26666666666666666,-224.12,0.0033532564534667353,-240.24,0,0,13.823062311227972,19.184014669201467,-5.3609523579734955,1814.2,1922.6,-108.39999999999986,-11,-26,0,1.5714285714285714,1.4,0.17142857142857149,1.457142857142857,0.7142857142857143,0.7428571428571428,0.35,0.45,-0.10000000000000003,0.4,0.3,0.10000000000000003,1,2
South Korea,Germany,-99,-13,-1.0,-0.6,0.40000000000000013,-597.9100000000001,-2.2,15.0,0,0.5,-585.1100000000001,-0.029416609233145707,-483.65999999999997,0,0,-83.80850614559236,-15.673829306931726,-68.13467683866064,1739.8,1813.0,-73.20000000000005,6,-15,0,0.9142857142857143,2.0285714285714285,-1.1142857142857143,1.4285714285714286,0.8857142857142857,0.5428571428571429,0.4,0.4,0.0,0.5,0.5,0.0,2,0
Mexico,Sweden,152,30,1.0,0.4,0.0,82.65,-33.879999999999995,-1.87,1,0.16666666666666666,46.89999999999999,-0.16266644231308547,-31.370000000000005,0,0,20.08278246454269,15.87538428426383,4.207398180278858,1826.8,1788.8,38.0,40,-18,0,1.3142857142857143,1.1428571428571428,0.17142857142857149,0.7714285714285715,0.8,-0.02857142857142858,0.45,0.45,0.0,0.45,0.45,0.0,0,3
Serbia,Brazil,-241,-35,-0.8,0.0,0.6000000000000001,-917.7299999999999,81.29,100.0,0,0.0,-736.4399999999998,0.02987682657127988,-707.14,-2,0,14.972463372170639,33.116268265912154,-18.143804893741518,1761.4,1845.6,-84.19999999999982,-40,4,0,1.6,2.057142857142857,-0.45714285714285685,0.9714285714285714,0.2,0.7714285714285714,0.4,0.8,-0.4,0.45,0.2,0.25,0,2
Switzerland,Costa Rica,210,48,1.6,1.5999999999999999,-1.2000000000000002,-10.300000000000011,65.77000000000001,-2.65,0,0.5,52.81999999999999,0.24170278908951215,72.0,0,0,32.20170956502237,-25.466817939952684,57.66852750497505,1914.2,1838.4,75.79999999999995,-33,3,0,2.0,0.9428571428571428,1.0571428571428572,0.6,1.542857142857143,-0.942857142857143,0.6,0.3,0.3,0.35,0.35,0.0,2,2
Japan,Poland,231,36,0.0,-0.3999999999999999,0.0,27.44000000000011,-2.6,3.47,0,1.0,28.310000000000088,0.0049211376231007575,-1.8799999999999955,0,0,-72.77784072574883,3.915960605023588,-76.69380133077242,1824.0,1733.8,90.20000000000005,16,16,0,1.4857142857142858,2.0,-0.5142857142857142,1.4,1.4285714285714286,-0.028571428571428692,0.25,0.2,0.04999999999999999,0.55,0.6,-0.04999999999999993,0,1
Senegal,Colombia,-57,-6,0.0,0.0,0.19999999999999996,-15.030000000000001,-24.309999999999988,2.4,0,0.16666666666666666,-36.94,-0.09855319087948478,-12.78000000000003,0,0,0.8910488232965745,-27.219701524942355,28.11075034823893,1755.4,1872.0,-116.59999999999991,-46,22,0,1.3714285714285714,1.4,-0.02857142857142847,0.7142857142857143,0.9142857142857143,-0.19999999999999996,0.55,0.5,0.050000000000000044,0.45,0.4,0.04999999999999999,0,1
Panama,Tunisia,44,7,0.4,-0.9999999999999999,-0.3999999999999999,-48.01000000000006,-9.82,-13.59,0,0.5,-71.42000000000007,-0.21843799570775424,-62.099999999999994,0,0,-36.99802194510394,24.973803768952102,-61.971825714056045,1784.4,1973.0,-188.5999999999999,12,-64,0,0.8285714285714286,1.3714285714285714,-0.5428571428571428,1.7142857142857142,1.5142857142857142,0.19999999999999996,0.35,0.25,0.09999999999999998,0.3,0.45,-0.15000000000000002,1,2
England,Belgium,153,16,0.0,-0.3999999999999999,0.20000000000000007,852.4900000000001,-330.45,-171.84,0,1.0,350.20000000000005,-0.34630847926155517,330.99,4,0,17.894776817260148,50.92026052874156,-33.025483711481414,1767.2,1785.6,-18.399999999999864,6,9,0,1.8285714285714285,3.2857142857142856,-1.457142857142857,0.6,0.8285714285714286,-0.22857142857142865,0.55,0.5,0.050000000000000044,0.4,0.5,-0.09999999999999998,0,1
France,Argentina,3,1,0.8000000000000003,-0.20000000000000018,-1.6,472.6099999999999,-77.31,-125.0,0,0.0,270.29999999999995,-0.14187262486044538,190.38,2,0,-8.057464864443316,-32.91911905928711,24.861654194843794,1810.0,1818.8,-8.799999999999955,-48,6,0,1.7714285714285714,1.5714285714285714,0.19999999999999996,0.8285714285714286,1.542857142857143,-0.7142857142857143,0.45,0.4,0.04999999999999999,0.5,0.4,0.09999999999999998,4,3
Uruguay,Portugal,-79,-11,1.2,0.19999999999999996,-0.8,-732.5199999999999,-16.57,-8.55,0,0.5,-757.6399999999999,-0.14775601435209695,-534.86,0,0,24.10888294460172,8.225552976172755,15.883329968428965,1760.4,1938.0,-177.5999999999999,37,-22,0,1.542857142857143,2.057142857142857,-0.514285714285714,0.7714285714285715,0.8857142857142857,-0.11428571428571421,0.5,0.55,-0.050000000000000044,0.45,0.4,0.04999999999999999,2,1
Russia,Spain,-352,-33,-0.40000000000000013,0.19999999999999996,0.0,-583.97,-33.849999999999994,0,0,0.13333333333333333,-617.8199999999999,-0.18187407237647868,-600.28,0,0,2.6213525402633366,-13.602619587297514,16.223972127560852,1823.0,1880.4,-57.40000000000009,-17,-25,0,1.542857142857143,2.5142857142857142,-0.9714285714285713,1.542857142857143,0.9714285714285714,0.5714285714285715,0.25,0.5,-0.25,0.5,0.5,0.0,1,1
Croatia,Denmark,43,10,0.5999999999999999,1.0,0.6000000000000001,75.02999999999997,2.5199999999999996,0,0,1.0,77.54999999999998,0.01395210731650931,60.69,0,0,29.86031934241802,9.384422070669533,20.475897271748487,1860.6,1823.8,36.799999999999955,0,10,0,1.457142857142857,1.2285714285714286,0.22857142857142843,0.7714285714285715,0.4,0.37142857142857144,0.4,0.5,-0.09999999999999998,0.35,0.4,-0.050000000000000044,1,1
Brazil,Mexico,133,17,0.8,1.2,-1.0,950.0699999999999,-83.68,-98.13,0,0.6666666666666666,768.26,-0.007747586660410755,641.19,2,0,44.09343600338297,5.650655565007936,38.44278043837503,1803.8,1826.6,-22.799999999999955,-6,-6,0,2.057142857142857,1.2,0.857142857142857,0.2,0.9428571428571428,-0.7428571428571429,0.8,0.4,0.4,0.2,0.45,-0.25,2,0
Belgium,Japan,-77,-10,1.6,1.6,-1.0,279.99000000000007,-1.9499999999999997,-8.16,0,0.4444444444444444,269.88000000000017,-0.013537524181259197,234.69,0,0,61.82770457265124,-72.57218398511469,134.39988855776593,1798.0,1847.6,-49.59999999999991,-13,-6,0,3.142857142857143,1.3428571428571427,1.8,0.7428571428571429,1.4,-0.657142857142857,0.5,0.2,0.3,0.5,0.55,-0.050000000000000044,3,2
Sweden,Switzerland,-185,-36,-0.19999999999999996,-0.6000000000000001,-0.6,-122.64999999999992,-0.13000000000000034,2.65,0,0.6666666666666666,-120.12999999999992,0.000641680408323464,-6.030000000000001,0,0,15.923311409067308,21.694384169103426,-5.771072760036118,1837.6,1898.0,-60.40000000000009,-3,19,0,1.3428571428571427,1.8285714285714285,-0.48571428571428577,0.7142857142857143,0.6857142857142857,0.02857142857142858,0.5,0.6,-0.09999999999999998,0.4,0.35,0.050000000000000044,1,0
Colombia,England,-79,-7,-0.7999999999999998,-1.4,-0.4,-1122.4500000000003,279.55,177.6,0,0.0,-665.3000000000003,0.15560299869442795,-554.5799999999999,-4,0,-20.218558929994007,1.3293699453263557,-21.547928875320363,1836.8,1769.8,67.0,28,-25,0,1.3428571428571427,1.7142857142857142,-0.37142857142857144,0.8285714285714286,0.6571428571428571,0.17142857142857149,0.5,0.5,0.0,0.4,0.4,0.0,1,1
Uruguay,France,-181,-16,0.7999999999999998,0.3999999999999999,-0.8,-1004.4199999999998,113.74000000000001,116.45,0,0.4666666666666667,-774.2299999999999,0.06963454958104509,-628.11,-2,0,41.62278694311978,-0.4379361384629372,42.060723081582715,1811.0,1850.6,-39.59999999999991,50,-4,0,1.6,1.9714285714285715,-0.37142857142857144,0.8571428571428571,1.0571428571428572,-0.20000000000000007,0.45,0.4,0.04999999999999999,0.5,0.55,-0.050000000000000044,0,2
Brazil,Belgium,122,15,-0.3999999999999999,-1.2000000000000002,-0.8,620.0899999999998,-115.46000000000001,-91.84,0,1.0,412.78999999999974,-0.1661144397537354,364.99,2,0,46.885720516957576,73.24685444809153,-26.36113393113395,1797.2,1820.8,-23.59999999999991,37,-13,0,2.0285714285714285,3.0285714285714285,-1.0,0.2,0.9142857142857143,-0.7142857142857142,0.8,0.45,0.35000000000000003,0.2,0.55,-0.35000000000000003,1,2
Sweden,England,-316,-48,0.0,-1.0000000000000002,-0.4,-1265.1200000000003,332.55,180.0,0,0.4666666666666667,-752.5700000000003,0.350608068481316,-575.8199999999999,-4,0,26.72830177977729,-1.181467757425441,27.90976953720273,1846.2,1789.6,56.600000000000136,-3,2,0,1.4,1.7142857142857142,-0.3142857142857143,0.6571428571428571,0.7142857142857143,-0.05714285714285716,0.55,0.45,0.10000000000000003,0.35,0.45,-0.10000000000000003,0,2
Russia,Croatia,-96,-19,-1.0,0.0,0.6,-73.96999999999997,-45.51,0,0,0.2222222222222222,-119.47999999999999,-0.18856812214213503,-172.73000000000002,0,0,8.001891081220965,22.863411049800213,-14.861519968579248,1886.2,1832.0,54.200000000000045,-11,-14,0,1.6,1.4,0.20000000000000018,1.5714285714285714,0.8,0.7714285714285714,0.2,0.35,-0.14999999999999997,0.55,0.4,0.15000000000000002,2,2
France,Belgium,193,18,-0.3999999999999999,-0.9999999999999998,-0.19999999999999996,634.4499999999997,-125.76,-116.84,0,0.3333333333333333,391.8499999999997,-0.1938526551217047,317.99,2,0,7.658335855169561,86.93725327953285,-79.2789174243633,1856.2,1882.8,-26.59999999999991,1,5,0,1.9714285714285715,2.9714285714285715,-1.0,0.9428571428571428,0.8571428571428571,0.08571428571428574,0.45,0.45,0.0,0.5,0.55,-0.050000000000000044,1,0
Croatia,England,-131,-11,0.20000000000000018,-0.20000000000000018,0.0,-1072.4600000000003,331.17,180.0,0,0.4,-561.2900000000002,0.35787801208474224,-512.96,-4,0,14.13971687711434,3.4031790702193163,10.736537806895024,1813.8,1794.6,19.200000000000045,-4,1,0,1.3714285714285714,1.7428571428571429,-0.37142857142857144,0.8857142857142857,0.7142857142857143,0.17142857142857137,0.35,0.45,-0.10000000000000003,0.4,0.45,-0.04999999999999999,2,1
Belgium,England,-153,-16,1.0,0.20000000000000018,0.19999999999999996,-852.4900000000001,330.45,171.84,0,0.5,-350.20000000000005,0.34630847926155517,-330.99,-4,0,69.80290108356172,-9.308342982864955,79.11124406642668,1942.8,1829.2,113.59999999999991,-6,-9,0,2.6285714285714286,1.7142857142857142,0.9142857142857144,0.9142857142857143,0.8,0.11428571428571421,0.45,0.45,0.0,0.5,0.45,0.04999999999999999,2,0
France,Croatia,171,13,0.3999999999999999,-0.3999999999999999,-0.4,854.4199999999998,-126.48,-125.0,0,0.5555555555555556,602.9399999999998,-0.20542218794489175,499.96,2,0,25.909195554151207,31.712302920219223,-5.803107366068016,1864.0,1849.4,14.599999999999909,-1,-5,0,1.9428571428571428,1.457142857142857,0.48571428571428577,0.7714285714285715,0.9428571428571428,-0.17142857142857137,0.5,0.35,0.15000000000000002,0.5,0.4,0.09999999999999998,4,2
Germany,France,-103,-6,-1.4000000000000001,-1.2000000000000002,0.3999999999999999,-426.52999999999975,123.78,110.0,1,0.4666666666666667,-192.74999999999977,0.18860329290760391,-161.70000000000005,-2,0,-30.529763272331778,27.810257861701935,-58.34002113403371,1786.8,1904.6,-117.79999999999995,4,13,0,1.8571428571428572,2.0285714285714285,-0.17142857142857126,1.0,0.9142857142857143,0.08571428571428574,0.35,0.45,-0.10000000000000003,0.5,0.55,-0.050000000000000044,0,0
Czech Republic,Ukraine,-1,-1,-0.40000000000000013,-0.6000000000000001,0.5999999999999999,-78.55000000000007,2.54,0,1,0.6666666666666666,-76.01000000000008,0.011043478260869488,-59.06999999999999,0,0,1.5656890740515692,42.73847630322638,-41.17278722917481,1746.2,1781.8,-35.59999999999991,-4,16,0,1.5714285714285714,1.3714285714285714,0.19999999999999996,1.1714285714285715,0.9142857142857143,0.25714285714285723,0.4,0.3,0.10000000000000003,0.4,0.35,0.050000000000000044,1,2
Wales,Republic of Ireland,6,6,0.19999999999999996,0.7999999999999999,-1.0,-135.22000000000003,-8.96,3.57,1,0.2,-140.61000000000004,-0.05585831284450116,-87.81,0,0,17.6761376372133,9.868325429327605,7.807812207885696,1816.0,1895.6,-79.59999999999991,-10,-15,0,1.3428571428571427,1.0,0.34285714285714275,0.7142857142857143,1.2285714285714286,-0.5142857142857143,0.45,0.35,0.10000000000000003,0.35,0.45,-0.10000000000000003,4,1
Norway,Cyprus,600,237,2.1999999999999997,1.4,-1.4000000000000001,515.77,0.12,-32.09,1,1.0,483.79999999999995,-0.04889133270219281,272.96000000000004,0,0,-19.144571696334168,-0.09599253953488285,-19.048579156799285,1683.4,1599.8,83.60000000000014,0,7,0,1.7428571428571429,0.8285714285714286,0.9142857142857143,1.2857142857142858,1.9714285714285715,-0.6857142857142857,0.25,0.1,0.15,0.4,0.45,-0.04999999999999999,2,0
Slovenia,Bulgaria,253,149,-0.5999999999999999,0.0,0.8,97.95999999999995,-22.3,0,1,0.0,75.65999999999995,-0.09865313505083573,61.24,0,0,-28.71464778178187,56.89939089069267,-85.61403867247455,1707.8,1625.6,82.20000000000005,10,16,0,0.9142857142857143,1.1142857142857143,-0.20000000000000007,1.0571428571428572,1.1714285714285715,-0.11428571428571432,0.4,0.35,0.050000000000000044,0.2,0.35,-0.14999999999999997,1,2
Kazakhstan,Georgia,-229,-145,-0.6000000000000001,0.0,1.0,-77.37,1.5099999999999998,6.93,1,0.4166666666666667,-68.93,0.06225706276410925,-120.9,0,0,-28.88013822317503,-19.242373609950146,-9.637764613224885,1485.0,1350.2,134.79999999999995,0,-2,0,1.1142857142857143,1.4,-0.2857142857142856,1.9428571428571428,0.8571428571428571,1.0857142857142859,0.25,0.3,-0.04999999999999999,0.5,0.45,0.04999999999999999,0,2
Latvia,Andorra,212,34,-0.8,0.8,0.8,6.910000000000001,-0.43000000000000005,0.03,1,1.0,6.51,0.00760994439593754,1.7099999999999995,0,0,-26.801709619999965,43.01417612367561,-69.81588574367558,1469.2,1500.8,-31.59999999999991,-2,3,0,1.0571428571428572,0.2,0.8571428571428572,1.8285714285714285,1.457142857142857,0.37142857142857144,0.25,0.3,-0.04999999999999999,0.35,0.1,0.24999999999999997,0,0
Armenia,Liechtenstein,450,68,0.6,0.4,-1.2,5.340000000000002,-0.38999999999999996,-0.74,1,0.5,4.210000000000002,-0.0698842408280761,10.23,0,0,-3.5185352164833534,20.250869385557458,-23.76940460204081,1291.0,1452.8,-161.79999999999995,2,2,0,1.4,0.3142857142857143,1.0857142857142856,1.6,2.8857142857142857,-1.2857142857142856,0.25,0.05,0.2,0.5,0.2,0.3,2,1
Gibraltar,North Macedonia,-496,-201,-1.2000000000000002,-1.4000000000000001,4.199999999999999,-65.04,-0.48,4.68,1,0.5,-60.84000000000001,-0.14285000460229602,-16.37,0,0,-2.07476632040112,43.88834537561466,-45.96311169601578,1560.2,1496.0,64.20000000000005,-40,-70,0,0.2571428571428571,1.3428571428571427,-1.0857142857142856,4.457142857142857,0.8857142857142857,3.5714285714285716,0.1,0.35,-0.24999999999999997,0.2,0.45,-0.25,0,2
Italy,Poland,141,23,-0.3999999999999999,-0.6000000000000001,0.20000000000000018,277.43000000000006,-132.87,3.47,1,0.5,148.03000000000006,-0.24561810675178009,223.36,0,0,-13.555685797470714,17.33045642118069,-30.8861422186514,1954.4,1751.0,203.4000000000001,8,29,0,1.4,1.8,-0.40000000000000013,1.0,1.3142857142857143,-0.3142857142857143,0.45,0.25,0.2,0.4,0.55,-0.15000000000000002,1,1
Turkey,Russia,97,20,0.19999999999999996,-0.6000000000000001,-0.19999999999999996,215.72000000000003,-11.610000000000007,0,1,0.3333333333333333,204.11000000000004,0.06854152238540956,335.7,0,0,-50.197166431674184,14.28685363653884,-64.48402006821303,1702.8,1886.0,-183.20000000000005,8,9,0,1.3714285714285714,1.7142857142857142,-0.34285714285714275,1.3428571428571427,1.6857142857142857,-0.34285714285714297,0.3,0.15,0.15,0.5,0.6,-0.09999999999999998,1,2
Albania,Israel,41,8,0.0,0.4,1.2000000000000002,181.86000000000007,4.72,11.14,1,0.5,197.72000000000006,0.2347890451517396,67.66,0,0,-16.146183316566763,-29.45639070777989,13.310207391213126,1814.6,1615.0,199.5999999999999,2,3,0,0.9142857142857143,0.8857142857142857,0.02857142857142858,1.6571428571428573,1.457142857142857,0.20000000000000018,0.25,0.2,0.04999999999999999,0.3,0.5,-0.2,1,0
Lithuania,Serbia,-470,-219,-0.6,-1.2,0.8,-229.55000000000007,36.839999999999996,0,1,0.2,-192.71000000000006,0.0127856861846668,-100.02,0,0,3.085474697095498,18.6856772703022,-15.600202573206703,1720.0,1790.8,-70.79999999999995,-11,-17,0,0.37142857142857144,1.4857142857142858,-1.1142857142857143,2.057142857142857,0.9714285714285714,1.0857142857142854,0.15,0.4,-0.25,0.25,0.45,-0.2,0,1
Romania,Montenegro,165,118,1.7999999999999998,0.8,-0.40000000000000013,172.01,-12.66,-7.509999999999998,1,0.4444444444444444,151.84,0.07394721932817627,108.16,0,0,55.76127766047615,28.350140588939293,27.41113707153686,1686.4,1630.2,56.200000000000045,24,55,0,1.4,1.2,0.19999999999999996,1.0285714285714285,1.3428571428571427,-0.3142857142857143,0.35,0.35,0.0,0.4,0.45,-0.04999999999999999,0,0
Faroe Islands,Malta,109,31,1.4000000000000001,0.8,-1.8000000000000003,8.419999999999995,0.57,-0.07,1,0.5,8.919999999999995,0.12241655118463934,1.0499999999999998,0,0,-16.08253519039009,-26.217408329976386,10.134873139586297,1250.8,1440.4,-189.60000000000014,0,0,0,0.7428571428571429,0.2857142857142857,0.4571428571428572,1.457142857142857,2.3142857142857145,-0.8571428571428574,0.3,0.05,0.25,0.3,0.3,0.0,3,1
Azerbaijan,Kosovo,-371,-196,-1.0,-0.6000000000000001,0.19999999999999996,-180.22,7.8999999999999995,1.27,1,0.5,-171.04999999999995,0.023849728138802373,-115.25,0,0,10.80015095496569,-42.21096265732912,53.01111361229481,1442.8,1512.0,-69.20000000000005,40,80,0,1.2,1.2571428571428571,-0.05714285714285716,1.4857142857142858,1.6571428571428573,-0.17142857142857149,0.3,0.3,0.0,0.45,0.35,0.10000000000000003,0,0
Switzerland,Iceland,343,82,1.2000000000000002,0.19999999999999996,-1.0,157.13999999999993,-1.5199999999999998,-2.65,1,0.6666666666666666,152.9699999999999,-0.011264880465216454,183.41000000000003,0,0,14.861418413569993,16.51217334993333,-1.650754936363338,1809.8,1854.8,-45.0,16,9,0,1.7428571428571429,1.542857142857143,0.19999999999999996,0.6857142857142857,1.4857142857142858,-0.8,0.55,0.3,0.25000000000000006,0.35,0.45,-0.10000000000000003,6,0
England,Spain,-125,-3,-1.0,-0.8,0.0,562.4600000000003,-319.51,-180.0,1,0.26666666666666666,62.95000000000027,-0.3511839623190859,85.40999999999997,4,0,-31.404687015541434,-22.056053403460155,-9.34863361208128,1850.6,1861.2,-10.600000000000136,1,-9,0,1.5142857142857142,2.4857142857142858,-0.9714285714285715,0.9142857142857143,1.0285714285714285,-0.11428571428571421,0.45,0.45,0.0,0.45,0.55,-0.10000000000000003,1,2
Northern Ireland,Bosnia and Herzegovina,2,2,-0.6000000000000001,-0.4,0.6,-31.70000000000001,9.99,0,1,0.5,-21.710000000000008,0.08902770591130316,-25.029999999999998,0,0,31.582086210113083,13.934689953176427,17.647396256936656,1812.0,1690.6,121.40000000000009,-1,-1,0,0.9428571428571428,1.5714285714285714,-0.6285714285714286,0.8571428571428571,0.8857142857142857,-0.02857142857142858,0.55,0.55,0.0,0.1,0.35,-0.24999999999999997,1,2
Finland,Hungary,-220,-115,1.2,0.8,-0.7999999999999999,-89.43999999999998,6.1899999999999995,-2.06,1,0.26666666666666666,-85.31,-0.03720390221179304,-142.23,0,0,75.82130117558458,-49.036961835165904,124.85826301075048,1522.6,1632.4,-109.80000000000018,0,-4,0,1.4285714285714286,1.1714285714285715,0.2571428571428571,0.8285714285714286,1.6285714285714286,-0.7999999999999999,0.35,0.25,0.09999999999999998,0.4,0.45,-0.04999999999999999,1,0
Estonia,Greece,-405,-202,-0.20000000000000007,0.19999999999999996,0.0,-131.17999999999995,-0.87,18.8,1,0.1111111111111111,-113.24999999999997,0.014489342305004316,-142.32000000000002,0,0,35.96927618940776,-24.070567268914623,60.03984345832238,1639.2,1836.8,-197.5999999999999,-11,-22,0,1.0857142857142856,1.0285714285714285,0.05714285714285716,1.2285714285714286,1.0571428571428572,0.17142857142857149,0.5,0.35,0.15000000000000002,0.35,0.45,-0.10000000000000003,0,1
Belarus,San Marino,591,121,1.6,1.0,-4.6,52.93,-3.4200000000000004,0.0,1,0.5,49.51,-0.06443104747550865,38.46,0,0,-9.762046066965867,-4.360147814228911,-5.401898252736956,1564.6,1699.4,-134.80000000000018,0,0,0,0.8571428571428571,0.17142857142857143,0.6857142857142857,1.6571428571428573,5.171428571428572,-3.5142857142857142,0.25,0.0,0.25,0.4,0.15,0.25,5,0
Luxembourg,Moldova,127,39,1.6,0.6000000000000001,-0.19999999999999996,-11.110000000000001,2.89,-0.38,1,0.25,-8.600000000000001,0.10271717010847448,1.620000000000001,0,0,67.52574894188962,5.270352017041576,62.25539692484804,1665.8,1608.6,57.200000000000045,2,2,0,0.7428571428571429,0.42857142857142855,0.31428571428571433,1.8857142857142857,1.6571428571428573,0.22857142857142843,0.25,0.15,0.1,0.45,0.4,0.04999999999999999,4,0
France,Netherlands,112,7,1.0,0.8000000000000003,0.19999999999999996,534.4199999999996,-126.60000000000001,-125.0,1,0.8,282.8199999999997,-0.2115937795078986,221.32000000000005,2,0,22.704673697609646,10.84796159054792,11.856712107061727,1926.8,1834.2,92.59999999999991,-1,-5,0,1.9428571428571428,1.8857142857142857,0.05714285714285716,0.8571428571428571,0.8285714285714286,0.02857142857142847,0.5,0.3,0.2,0.5,0.5,0.0,2,1
Ukraine,Slovakia,64,26,0.20000000000000018,-0.19999999999999996,-0.3999999999999999,-33.019999999999925,39.800000000000004,0,1,0.4,6.780000000000086,0.14993287334737326,-26.28,0,0,48.85817770246891,36.4783583586929,12.379819343776006,1794.4,1798.8,-4.399999999999864,5,0,0,1.4285714285714286,1.5714285714285714,-0.1428571428571428,0.8857142857142857,1.0,-0.11428571428571432,0.3,0.4,-0.10000000000000003,0.4,0.4,0.0,1,0
Denmark,Wales,141,25,-0.40000000000000013,-1.6,0.4,115.80000000000001,2.610000000000001,0,1,0.0,118.41000000000003,0.043440098828697704,82.47000000000003,0,0,-6.110991901404747,26.27210214131873,-32.38309404272348,1823.2,1743.8,79.40000000000009,15,16,0,1.0,1.6285714285714286,-0.6285714285714286,0.6571428571428571,0.6571428571428571,0.0,0.5,0.45,0.04999999999999999,0.4,0.35,0.050000000000000044,2,0
Bulgaria,Norway,-483,-202,-1.0,-1.0000000000000002,0.20000000000000007,-439.53,-3.64,32.09,1,0.0,-411.0799999999999,0.01877787423262367,-223.77000000000004,0,0,61.63336998000115,-19.251941977303314,80.88531195730447,1548.8,1611.0,-62.200000000000045,0,-4,0,1.2285714285714286,1.7714285714285714,-0.5428571428571427,1.2285714285714286,1.2,0.028571428571428692,0.3,0.3,0.0,0.4,0.35,0.050000000000000044,1,0
Cyprus,Slovenia,-370,-184,-0.6000000000000001,-0.6,0.0,-174.19999999999996,25.82,0,1,0.08333333333333333,-148.37999999999997,0.12876659352040487,-110.43,0,0,-0.2509544462294535,-45.99516884757007,45.744214401340614,1607.6,1588.4,19.199999999999818,-10,-19,0,0.7714285714285715,0.9714285714285714,-0.19999999999999996,1.8857142857142857,1.1142857142857143,0.7714285714285714,0.1,0.4,-0.30000000000000004,0.4,0.25,0.15000000000000002,2,1
Georgia,Latvia,354,181,2.0,1.4,-1.0,112.22000000000001,-1.4499999999999997,-6.93,1,0.3333333333333333,103.84000000000002,-0.013117198895408744,145.52,0,0,-16.674152673437845,-23.701728117261737,7.027575443823892,1337.6,1343.0,-5.400000000000091,-2,-7,0,1.457142857142857,0.9428571428571428,0.5142857142857142,0.7142857142857143,1.6571428571428573,-0.942857142857143,0.35,0.25,0.09999999999999998,0.4,0.35,0.050000000000000044,1,0
North Macedonia,Armenia,195,141,1.0000000000000002,1.2000000000000002,-0.39999999999999997,61.67000000000001,0.41,-3.92,1,0.5833333333333334,58.16000000000001,0.13827589938215723,8.82,0,0,37.42960650003741,1.8002601422010835,35.629346357836326,1338.4,1213.2,125.20000000000005,-2,0,0,1.4,1.2857142857142858,0.1142857142857141,0.8285714285714286,1.5714285714285714,-0.7428571428571428,0.4,0.25,0.15000000000000002,0.45,0.5,-0.04999999999999999,2,0
Liechtenstein,Gibraltar,-149,-8,0.0,0.39999999999999997,-1.0,-1.9699999999999989,0.45999999999999996,-0.02,1,0.3333333333333333,-1.529999999999999,0.07445834604821489,-2.68,0,0,19.33219803879308,0.29341613165858466,19.038781907134496,1408.4,1499.2,-90.79999999999995,40,68,0,0.4,0.2571428571428571,0.1428571428571429,2.8857142857142857,4.142857142857143,-1.2571428571428576,0.05,0.1,-0.05,0.25,0.2,0.04999999999999999,2,0
Portugal,Italy,104,16,0.0,0.19999999999999996,0.0,392.54999999999984,132.87,0,1,0.2,525.4199999999998,0.260539629005059,234.19,0,0,-6.711989202504398,-20.97812421432083,14.26613501181643,1950.4,1885.6,64.80000000000018,10,4,0,1.7428571428571429,1.4285714285714286,0.3142857142857143,1.0857142857142856,1.0,0.08571428571428563,0.5,0.45,0.04999999999999999,0.45,0.4,0.04999999999999999,1,0
Sweden,Turkey,-186,-38,0.0,-0.6000000000000001,-0.40000000000000013,-334.41,58.5,0,1,0.3333333333333333,-275.91,0.11275665615329922,-225.82999999999998,0,0,11.345132890659254,-72.88992219124876,84.23505508190802,1907.2,1721.6,185.60000000000014,4,5,0,1.1142857142857143,1.4,-0.2857142857142856,0.9142857142857143,1.5142857142857142,-0.6,0.5,0.25,0.25,0.3,0.55,-0.25000000000000006,2,3
Scotland,Albania,153,41,-0.6,-0.8,-0.3999999999999999,-137.06000000000006,-0.86,0,1,0.5,-137.92000000000004,-0.007654650645304795,-43.389999999999986,0,0,-33.0829925679985,8.700808093516928,-41.78380066151543,1755.2,1761.6,-6.399999999999864,-4,-6,0,0.8571428571428571,0.9714285714285714,-0.11428571428571432,1.2857142857142858,1.542857142857143,-0.2571428571428571,0.3,0.3,0.0,0.25,0.3,-0.04999999999999999,2,0
Montenegro,Lithuania,169,60,0.20000000000000007,0.2,-1.2,45.35,-1.3000000000000003,-9.39,1,0.5,34.660000000000004,-0.06921243457261084,59.16,0,0,34.34880131509224,2.1079545551482672,32.24084675994397,1610.0,1665.6,-55.59999999999991,-18,-37,0,1.1142857142857143,0.34285714285714286,0.7714285714285715,1.1142857142857143,2.0285714285714285,-0.9142857142857141,0.4,0.15,0.25,0.45,0.2,0.25,2,0
Serbia,Romania,136,41,-0.8,0.0,0.4,12.190000000000055,-22.88,16.9,1,0.6666666666666666,6.210000000000065,-0.017520470940232236,-67.3,0,0,12.924524041599206,47.416083185018636,-34.49155914341943,1701.8,1586.2,115.59999999999991,5,-1,0,1.457142857142857,1.3428571428571427,0.11428571428571432,0.9428571428571428,0.9142857142857143,0.02857142857142858,0.4,0.4,0.0,0.45,0.35,0.10000000000000003,2,2
Andorra,Kazakhstan,-337,-70,-0.19999999999999996,-1.4000000000000001,-0.5999999999999999,-41.76000000000001,0.37,-0.03,1,0.0,-41.420000000000016,-0.056749808264638046,-26.330000000000002,0,0,41.17932006621013,-20.14273659396582,61.32205666017595,1366.6,1490.8,-124.20000000000005,4,6,0,0.17142857142857143,1.0285714285714285,-0.857142857142857,1.2857142857142858,1.8857142857142857,-0.5999999999999999,0.35,0.25,0.09999999999999998,0.05,0.45,-0.4,1,1
Kosovo,Faroe Islands,310,176,1.0,0.6000000000000001,0.0,171.43,-7.93,-1.2,1,1.0,162.29999999999998,-0.0382784454502888,118.21,0,0,-35.7923070333677,-8.363479255585624,-27.428827777782075,1469.8,1293.2,176.5999999999999,-40,-80,0,1.2,0.9714285714285714,0.22857142857142854,1.3714285714285714,1.3428571428571427,0.028571428571428692,0.35,0.3,0.04999999999999999,0.3,0.35,-0.04999999999999999,2,0
Malta,Azerbaijan,-48,-11,-1.4000000000000001,-0.9999999999999999,1.2000000000000002,0.3700000000000001,-0.5399999999999999,0,1,0.3333333333333333,-0.16999999999999993,-0.10798783387315292,-4.01,0,0,-31.25357629952271,19.406989233591702,-50.66056553311441,1452.0,1489.0,-37.0,0,0,0,0.37142857142857144,1.2,-0.8285714285714285,2.257142857142857,1.4,0.8571428571428572,0.05,0.3,-0.25,0.35,0.45,-0.10000000000000003,1,1
Iceland,Belgium,-321,-78,-2.0,-1.4000000000000001,1.8,-447.1200000000001,3.75,8.16,1,0.0,-435.2100000000002,0.014922789276653803,-422.21,0,0,10.983574941135927,83.43139328946431,-72.44781834832838,1851.4,1956.2,-104.79999999999995,-13,-19,0,1.457142857142857,2.742857142857143,-1.2857142857142858,1.8571428571428572,0.7428571428571429,1.1142857142857143,0.3,0.55,-0.25000000000000006,0.45,0.4,0.04999999999999999,0,3
Spain,Croatia,256,14,0.6000000000000001,0.19999999999999996,-0.40000000000000013,510.0,-11.66,0,1,0.5833333333333334,498.34,-0.006694049765656351,427.55,0,0,-16.786510783495576,34.4366784735124,-51.223189257007974,1922.0,1932.4,-10.400000000000091,3,9,0,2.3714285714285714,1.5142857142857142,0.8571428571428572,1.1142857142857143,1.2,-0.08571428571428563,0.4,0.3,0.10000000000000003,0.6,0.5,0.09999999999999998,6,0
Bosnia and Herzegovina,Austria,-248,-59,-0.19999999999999973,-0.6000000000000001,-0.4,-587.4,-8.530000000000001,0,1,0.2222222222222222,-595.9300000000001,-0.14954288886218348,-328.59000000000003,0,0,40.58491041329951,45.606345946131654,-5.021435532832143,1636.0,1763.2,-127.20000000000005,3,14,0,1.6,1.6571428571428573,-0.05714285714285716,0.8571428571428571,0.9142857142857143,-0.05714285714285716,0.5,0.35,0.15000000000000002,0.4,0.5,-0.09999999999999998,1,0
Hungary,Greece,-40,-13,-1.2,0.4,1.0,27.860000000000014,-10.94,16.74,1,0.26666666666666666,33.660000000000025,0.057433196014207155,10.179999999999978,0,0,-66.3111263736388,-17.94756820514431,-48.36355816849449,1593.2,1726.6,-133.39999999999986,-15,-22,0,1.0285714285714285,1.0285714285714285,0.0,1.6571428571428573,0.8571428571428571,0.8000000000000002,0.25,0.4,-0.15000000000000002,0.4,0.4,0.0,2,1
Finland,Estonia,145,74,1.6,1.2000000000000002,-0.9999999999999999,69.6,-3.88,-4.12,1,0.3333333333333333,61.59999999999999,0.005739951497409801,10.27,0,0,79.63022319264876,38.15817870717941,41.47204448546935,1524.8,1684.0,-159.20000000000005,-4,-4,0,1.4285714285714286,1.0,0.4285714285714286,0.7428571428571429,1.0,-0.2571428571428571,0.4,0.5,-0.09999999999999998,0.4,0.3,0.10000000000000003,1,0
San Marino,Luxembourg,-504,-76,-2.0,-1.0,4.4,-6.289999999999999,0.03,0.38,1,0.5,-5.879999999999999,0.0636645962732919,-13.07,0,0,-4.949197230215443,74.79067499872873,-79.73987222894418,1603.0,1577.4,25.59999999999991,-4,-4,0,0.14285714285714285,1.0285714285714285,-0.8857142857142857,5.114285714285714,1.6571428571428573,3.4571428571428564,0.0,0.3,-0.3,0.15,0.45,-0.30000000000000004,0,3
Moldova,Belarus,-214,-84,-1.6,-1.6,1.2000000000000002,-35.53,0.5000000000000004,0,1,0.5333333333333333,-35.029999999999994,-0.10195071890625773,-27.01,0,0,-9.211191395017982,3.33557487005711,-12.546766265075092,1514.6,1413.2,101.39999999999986,2,2,0,0.34285714285714286,1.2285714285714286,-0.8857142857142858,1.8571428571428572,1.5714285714285714,0.2857142857142858,0.15,0.25,-0.1,0.35,0.4,-0.050000000000000044,0,0
Poland,Portugal,-245,-39,-0.6000000000000001,-0.19999999999999996,0.5999999999999999,-669.9799999999999,0,-3.47,1,0.4,-673.4499999999999,-0.014921522253278918,-457.55,0,0,12.775991382141342,-6.093004821437308,18.86899620357865,1861.4,1892.2,-30.799999999999955,-18,-34,0,1.542857142857143,1.6,-0.05714285714285716,1.2571428571428571,0.9714285714285714,0.2857142857142857,0.25,0.5,-0.25,0.55,0.45,0.10000000000000003,2,3
Russia,Sweden,89,18,0.40000000000000013,0.8,0.20000000000000018,118.69,-46.88999999999999,0,1,0.6666666666666666,71.8,-0.18129817853870878,-109.87,0,0,32.461648790480496,15.69342156783009,16.768227222650406,1903.8,1893.8,10.0,-12,-15,0,1.8857142857142857,1.1714285714285715,0.7142857142857142,1.4857142857142858,1.0285714285714285,0.4571428571428573,0.15,0.5,-0.35,0.6,0.3,0.3,0,0
Israel,Scotland,-194,-49,-0.6,-0.19999999999999996,0.0,-44.80000000000001,-3.86,-11.14,1,0.5,-59.80000000000001,-0.2271343945064348,-24.27000000000001,0,0,-60.038375002965935,-28.258657241960318,-31.779717761005617,1574.4,1745.4,-171.0,2,2,0,0.7142857142857143,0.9142857142857143,-0.19999999999999996,1.6,1.2571428571428571,0.34285714285714297,0.2,0.3,-0.09999999999999998,0.45,0.25,0.2,2,1
Montenegro,Serbia,-301,-159,-0.19999999999999996,-0.19999999999999996,-0.3999999999999999,-184.20000000000005,35.54,-9.39,1,0.5,-158.05000000000007,-0.05642674838794404,-40.86,0,0,32.09782479271936,4.559558951284636,27.538265841434722,1604.4,1686.4,-82.0,-29,-54,0,1.1428571428571428,1.3428571428571427,-0.19999999999999996,0.9714285714285714,1.0285714285714285,-0.05714285714285705,0.45,0.4,0.04999999999999999,0.4,0.45,-0.04999999999999999,0,2
Lithuania,Romania,-334,-178,-1.6,-1.4000000000000001,0.8,-217.36,13.96,16.9,1,0.2,-186.5,-0.004734784755565435,-167.32,0,0,-1.4627354068082734,65.56365320263609,-67.02638860944437,1626.8,1618.0,8.799999999999955,-6,-18,0,0.3142857142857143,1.457142857142857,-1.1428571428571428,1.9428571428571428,1.0,0.9428571428571428,0.15,0.4,-0.25,0.2,0.4,-0.2,1,2
Faroe Islands,Azerbaijan,61,20,-0.20000000000000018,0.0,0.0,8.789999999999996,0.03,-0.07,1,0.5,8.749999999999995,0.014428717311486428,-2.96,0,0,-10.132272559310355,16.64644814628344,-26.778720705593795,1377.0,1434.0,-57.0,0,0,0,0.9142857142857143,1.0857142857142856,-0.17142857142857137,1.4285714285714286,1.3428571428571427,0.08571428571428585,0.3,0.3,0.0,0.3,0.45,-0.15000000000000002,0,3
Kosovo,Malta,419,207,2.2,1.0,-2.2,179.85,-7.359999999999999,-1.27,1,0.5,171.21999999999997,0.08413810573435054,119.25999999999999,0,0,-27.768059414192102,-29.590887527054598,1.8228281128624957,1491.6,1441.4,50.19999999999982,-40,-80,0,1.2,0.42857142857142855,0.7714285714285714,1.0857142857142856,2.142857142857143,-1.0571428571428572,0.4,0.05,0.35000000000000003,0.25,0.35,-0.09999999999999998,3,1
Belgium,Switzerland,-22,-4,1.0,0.20000000000000018,-0.6,289.9800000000002,-2.23,-5.51,1,1.0,282.24000000000024,-0.0036579088114373493,238.79999999999998,0,0,77.2149016660164,15.036815333937781,62.17808633207862,1876.6,1736.4,140.19999999999982,-3,11,0,2.7714285714285714,2.0,0.7714285714285714,0.6571428571428571,0.6571428571428571,0.0,0.6,0.6,0.0,0.35,0.25,0.09999999999999998,2,1
Croatia,England,-131,-11,-0.19999999999999996,0.3999999999999999,1.5999999999999999,-1072.4600000000003,331.17,180.0,1,0.6,-561.2900000000002,0.35787801208474224,-512.96,-4,0,37.90762268756644,-32.39366810857323,70.30129079613967,1992.2,1895.8,96.40000000000009,-4,1,0,1.4285714285714286,1.457142857142857,-0.02857142857142847,1.6,0.9142857142857143,0.6857142857142858,0.3,0.45,-0.15000000000000002,0.45,0.45,0.0,0,0
Austria,Northern Ireland,246,57,0.40000000000000013,-0.19999999999999996,-0.19999999999999996,619.1,-1.46,0,1,0.6666666666666666,617.6400000000001,0.06051518295088032,353.62,0,0,34.41405391836836,27.47632565901261,6.937728259355751,1801.8,1690.4,111.39999999999986,-2,-12,0,1.4857142857142858,1.1142857142857143,0.37142857142857144,0.9142857142857143,0.9714285714285714,-0.05714285714285716,0.35,0.55,-0.20000000000000007,0.45,0.15,0.30000000000000004,1,0
Estonia,Finland,-145,-74,-2.1999999999999997,-1.6,0.9999999999999999,-69.6,3.88,4.12,1,0.4666666666666667,-61.59999999999999,-0.005739951497409801,-10.27,0,0,38.15817870717941,70.02177275265815,-31.86359404547874,1639.8,1480.0,159.79999999999995,4,4,0,0.9428571428571428,1.457142857142857,-0.5142857142857142,0.9428571428571428,0.7142857142857143,0.22857142857142854,0.5,0.45,0.04999999999999999,0.25,0.35,-0.09999999999999998,0,1
Greece,Hungary,40,13,0.3999999999999999,-0.20000000000000007,-0.19999999999999996,-27.860000000000014,10.94,-16.74,1,0.4666666666666667,-33.660000000000025,-0.057433196014207155,-10.179999999999978,0,0,-20.86496548032985,-51.41964733112364,30.55468185079379,1689.4,1659.4,30.0,15,22,0,1.1142857142857143,1.0571428571428572,0.05714285714285716,1.0,1.542857142857143,-0.5428571428571429,0.4,0.25,0.15000000000000002,0.45,0.4,0.04999999999999999,1,0
Belarus,Luxembourg,87,45,-0.3999999999999999,0.0,-0.20000000000000007,46.64,-3.3900000000000006,0.38,1,0.5333333333333333,43.629999999999995,-0.0007664512022167447,25.39,0,0,2.074873951817403,63.379500069530984,-61.30462611771358,1398.4,1496.8,-98.39999999999986,-4,-4,0,1.1714285714285715,1.2,-0.02857142857142847,1.3428571428571427,1.5714285714285714,-0.22857142857142865,0.3,0.35,-0.04999999999999999,0.35,0.4,-0.050000000000000044,1,0
Moldova,San Marino,377,37,0.4,0.0,-3.4000000000000004,17.400000000000002,-2.92,0.0,1,1.0,14.48,-0.16638176638176638,11.45,0,0,-2.585414534332503,-5.9495662671592635,3.3641517328267607,1542.6,1564.0,-21.40000000000009,2,2,0,0.34285714285714286,0.14285714285714285,0.2,1.6571428571428573,5.0285714285714285,-3.371428571428571,0.2,0.0,0.2,0.35,0.15,0.19999999999999998,2,0
Netherlands,Germany,-9,-1,0.20000000000000018,0.8,0.0,-107.88999999999987,2.8200000000000003,15.0,1,0.2,-90.06999999999994,0.02299048660029468,-59.620000000000005,0,0,3.035661814353458,-26.511947448131647,29.547609262485103,1842.2,1829.8,12.400000000000091,-3,-7,0,1.7714285714285714,1.5142857142857142,0.2571428571428571,0.9142857142857143,0.9714285714285714,-0.05714285714285716,0.3,0.3,0.0,0.5,0.55,-0.050000000000000044,3,0
Slovakia,Czech Republic,-63,-25,0.19999999999999996,0.20000000000000018,-1.2,111.57,-42.34,0,1,0.4666666666666667,69.22999999999999,-0.16097635160824275,85.35,0,0,30.62930452386298,1.6598866720568943,28.969417851806085,1803.8,1744.0,59.799999999999955,-1,-15,0,1.4857142857142858,1.6,-0.11428571428571432,1.0,1.6,-0.6000000000000001,0.35,0.3,0.04999999999999999,0.4,0.5,-0.09999999999999998,1,2
Republic of Ireland,Denmark,-147,-31,-0.3999999999999999,0.0,0.8,19.420000000000016,6.35,-3.57,1,0.5833333333333334,22.200000000000017,0.012418214015803453,5.339999999999975,0,0,-1.4785641101449425,13.913498575444207,-15.39206268558915,1840.8,1827.0,13.799999999999955,-5,-2,0,0.9428571428571428,1.1142857142857143,-0.17142857142857149,1.4,0.6,0.7999999999999999,0.3,0.55,-0.25000000000000006,0.5,0.35,0.15000000000000002,0,0
Norway,Slovenia,230,53,1.7999999999999998,0.5999999999999999,-1.2000000000000002,341.57000000000005,25.94,-32.09,1,0.6666666666666666,335.41999999999996,0.07987526081821206,162.53000000000003,0,0,-29.541504494133427,-56.85656139335228,27.315056899218852,1530.0,1493.0,37.0,-10,-12,0,1.6,0.9714285714285714,0.6285714285714287,1.0,1.1714285714285715,-0.17142857142857149,0.3,0.4,-0.10000000000000003,0.3,0.25,0.04999999999999999,1,0
Bulgaria,Cyprus,117,35,1.5999999999999999,0.3999999999999999,-1.2000000000000002,76.24000000000001,-3.52,0,1,0.75,72.72000000000001,-0.030113458469569143,49.190000000000005,0,0,61.394197363383526,13.60933897907144,47.78485838431209,1652.4,1614.6,37.80000000000018,0,3,0,1.2285714285714286,0.8285714285714286,0.4,1.1714285714285715,1.8285714285714285,-0.657142857142857,0.35,0.1,0.24999999999999997,0.4,0.4,0.0,2,1
Latvia,Kazakhstan,-125,-36,-0.9999999999999999,-1.2000000000000002,-0.19999999999999996,-34.850000000000016,-0.06000000000000005,0,1,0.4166666666666667,-34.91000000000001,-0.049139863868700506,-24.62,0,0,-24.33599932882872,-16.341611325528323,-7.994388003300397,1299.6,1432.4,-132.80000000000018,2,9,0,0.7714285714285715,1.0571428571428572,-0.2857142857142857,1.6285714285714286,1.8857142857142857,-0.2571428571428571,0.2,0.2,0.0,0.35,0.5,-0.15000000000000002,1,1
Georgia,Andorra,566,215,1.0,0.7999999999999999,0.0,119.13000000000002,-1.88,-6.8999999999999995,1,0.5,110.35000000000002,-0.005507254499471204,147.23,0,0,-19.306567431839994,29.190402592038705,-48.4969700238787,1339.4,1391.6,-52.19999999999982,-4,-4,0,1.4,0.22857142857142856,1.1714285714285713,0.6571428571428571,1.2,-0.5428571428571428,0.4,0.35,0.050000000000000044,0.4,0.1,0.30000000000000004,3,0
Armenia,Gibraltar,301,60,0.4,0.39999999999999997,-1.7999999999999998,3.3700000000000028,0.07,-0.76,1,0.5,2.680000000000003,0.004574105220138791,7.550000000000001,0,0,-1.9171963463769142,-13.553341537496411,11.636145191119498,1258.0,1366.4,-108.40000000000009,42,70,0,1.1428571428571428,0.2571428571428571,0.8857142857142857,1.6285714285714286,3.8285714285714287,-2.2,0.2,0.1,0.1,0.5,0.2,0.3,0,1
North Macedonia,Liechtenstein,645,209,1.0000000000000002,0.3999999999999999,-1.2,67.01,0.02,-4.66,1,0.8666666666666667,62.37000000000001,0.06839165855408114,19.05,0,0,34.96970566167664,24.116547048028448,10.853158613648194,1428.4,1309.2,119.20000000000005,0,2,0,1.457142857142857,0.5428571428571428,0.9142857142857143,0.8,2.657142857142857,-1.857142857142857,0.45,0.1,0.35,0.45,0.25,0.2,4,1
Poland,Italy,-141,-23,0.4,0.19999999999999996,0.20000000000000018,-277.43000000000006,132.87,-3.47,1,0.4444444444444444,-148.03000000000006,0.24561810675178009,-223.36,0,0,14.954167516044976,-28.90346136564279,43.857628881687766,1876.2,1879.2,-3.0,-8,-29,0,1.6285714285714286,1.1714285714285715,0.4571428571428571,1.4,1.0285714285714285,0.37142857142857144,0.25,0.4,-0.15000000000000002,0.55,0.4,0.15000000000000002,0,1
Russia,Turkey,-97,-20,0.6000000000000001,0.6000000000000001,-0.3999999999999999,-215.72000000000003,11.610000000000007,0,1,0.5555555555555556,-204.11000000000004,-0.06854152238540956,-335.7,0,0,33.49412834589512,-49.073939758057115,82.56806810395224,1868.8,1714.4,154.39999999999986,-8,-9,0,1.8285714285714285,1.4,0.4285714285714286,1.3142857142857143,1.3714285714285714,-0.05714285714285716,0.15,0.3,-0.15,0.6,0.5,0.09999999999999998,2,0
Israel,Albania,-41,-8,-0.20000000000000007,0.19999999999999996,-0.19999999999999996,-181.86000000000007,-4.72,-11.14,1,0.3333333333333333,-197.72000000000006,-0.2347890451517396,-67.66,0,0,-44.187785392219794,-4.54391437811314,-39.64387101410665,1747.6,1697.4,50.19999999999982,-2,-3,0,0.7142857142857143,0.7142857142857143,0.0,1.5714285714285714,1.5714285714285714,0.0,0.15,0.3,-0.15,0.5,0.3,0.2,2,0
Romania,Serbia,-136,-41,0.8000000000000003,0.6000000000000001,-0.19999999999999996,-12.190000000000055,22.88,-16.9,1,0.3333333333333333,-6.210000000000065,0.017520470940232236,67.3,0,0,63.30989966288005,4.500078570052317,58.80982109282773,1532.8,1640.0,-107.20000000000005,-5,1,0,1.4857142857142858,1.4285714285714286,0.05714285714285716,1.0285714285714285,0.9714285714285714,0.05714285714285705,0.4,0.45,-0.04999999999999999,0.4,0.4,0.0,0,0
Lithuania,Montenegro,-169,-60,-1.0,-0.2,1.2,-45.35,1.3000000000000003,9.39,1,0.0,-34.660000000000004,0.06921243457261084,-59.16,0,0,-2.9778845563020706,20.096948894645017,-23.07483345094709,1675.8,1576.0,99.79999999999995,18,37,0,0.37142857142857144,0.9714285714285714,-0.6,2.0,1.0285714285714285,0.9714285714285715,0.15,0.45,-0.30000000000000004,0.25,0.35,-0.09999999999999998,1,4
Faroe Islands,Kosovo,-310,-176,-1.2000000000000002,-0.6000000000000001,1.2,-171.43,7.93,1.2,1,0.0,-162.29999999999998,0.0382784454502888,-118.21,0,0,-14.592743500055201,-20.951422249566072,6.3586787495108705,1303.4,1452.0,-148.5999999999999,40,80,0,0.8857142857142857,1.4,-0.5142857142857142,1.5714285714285714,1.1428571428571428,0.4285714285714286,0.3,0.35,-0.04999999999999999,0.25,0.3,-0.04999999999999999,1,1
Azerbaijan,Malta,48,11,1.2000000000000002,0.5999999999999999,-0.8,-0.3700000000000001,0.5399999999999999,0,1,0.5333333333333333,0.16999999999999993,0.10798783387315292,4.01,0,0,30.24094989081115,-30.14793794238912,60.38888783320027,1414.6,1486.0,-71.40000000000009,0,0,0,1.2,0.4857142857142857,0.7142857142857142,1.2571428571428571,2.1714285714285713,-0.9142857142857141,0.35,0.05,0.3,0.4,0.35,0.050000000000000044,1,1
Iceland,Switzerland,-343,-82,-0.6000000000000001,-1.2000000000000002,1.8,-157.13999999999993,1.5199999999999998,2.65,1,0.1111111111111111,-152.9699999999999,0.011264880465216454,-183.41000000000003,0,0,-2.552730319146914,-1.6243780942639017,-0.9283522248830125,1906.4,1760.2,146.20000000000005,-16,-9,0,1.2,1.9428571428571428,-0.7428571428571429,2.1142857142857143,0.8,1.3142857142857143,0.3,0.55,-0.25000000000000006,0.45,0.3,0.15000000000000002,1,2
Spain,England,125,3,1.4000000000000001,2.4,-0.19999999999999996,-562.4600000000003,319.51,180.0,1,0.6666666666666666,-62.95000000000027,0.3511839623190859,-85.40999999999997,-4,0,1.021820318451807,-38.45803632170172,39.47985664015353,1874.4,1932.8,-58.399999999999864,-1,9,0,2.8285714285714287,1.2857142857142858,1.542857142857143,0.9142857142857143,0.8285714285714286,0.08571428571428563,0.45,0.5,-0.04999999999999999,0.55,0.4,0.15000000000000002,2,3
Bosnia and Herzegovina,Northern Ireland,-2,-2,1.4000000000000001,0.3999999999999999,-0.7999999999999999,31.70000000000001,-9.99,0,1,1.0,21.710000000000008,-0.08902770591130316,25.029999999999998,0,0,66.07732411281089,9.55127155679564,56.526052556015244,1718.4,1684.6,33.80000000000018,1,1,0,1.3714285714285714,1.0,0.37142857142857144,0.6571428571428571,1.0,-0.34285714285714286,0.55,0.55,0.0,0.35,0.15,0.19999999999999998,2,0
Estonia,Hungary,-365,-189,-0.8,-0.6000000000000001,0.40000000000000013,-159.03999999999996,10.07,2.06,1,0.3333333333333333,-146.91,-0.04294385370920284,-152.5,0,0,23.562525306866565,-55.16802279317848,78.73054810004504,1663.0,1651.4,11.599999999999909,4,0,0,0.8285714285714286,1.0,-0.17142857142857137,1.0285714285714285,1.3428571428571427,-0.3142857142857143,0.45,0.25,0.2,0.25,0.4,-0.15000000000000002,3,3
Finland,Greece,-260,-128,0.5999999999999999,0.19999999999999996,-0.4,-61.57999999999997,-4.75,14.68,1,0.4666666666666667,-51.64999999999998,0.020229293802414117,-132.05,0,0,67.83676502879263,-5.436009771892339,73.27277480068497,1490.2,1652.2,-162.0,-15,-26,0,1.3142857142857143,1.1142857142857143,0.19999999999999996,0.6,0.8857142857142857,-0.2857142857142857,0.5,0.45,0.04999999999999999,0.3,0.4,-0.10000000000000003,2,0
Luxembourg,San Marino,504,76,2.0,1.6,-4.3999999999999995,6.289999999999999,-0.03,-0.38,1,1.0,5.879999999999999,-0.0636645962732919,13.07,0,0,46.24181156404062,-5.949566267159262,52.19137783119988,1426.0,1549.2,-123.20000000000005,4,4,0,1.1714285714285715,0.11428571428571428,1.0571428571428572,1.457142857142857,4.942857142857143,-3.4857142857142858,0.35,0.0,0.35,0.35,0.15,0.19999999999999998,3,0
Belarus,Moldova,214,84,0.6000000000000001,0.7999999999999999,-0.6,35.53,-0.5000000000000004,0,1,0.4,35.029999999999994,0.10195071890625773,27.01,0,0,10.85468829964909,0.9044463531698705,9.95024194647922,1340.8,1379.0,-38.200000000000045,-2,-2,0,1.1428571428571428,0.5142857142857142,0.6285714285714286,1.2285714285714286,1.4285714285714286,-0.19999999999999996,0.35,0.25,0.09999999999999998,0.3,0.35,-0.04999999999999999,0,0
France,Germany,103,6,0.8000000000000003,1.0,-0.3999999999999999,426.52999999999975,-123.78,-110.0,1,0.5333333333333333,192.74999999999977,-0.18860329290760391,161.70000000000005,2,0,21.276099840681763,-39.651607422434765,60.92770726311653,1838.4,1848.2,-9.799999999999955,-4,-13,0,1.8,1.457142857142857,0.34285714285714297,0.9142857142857143,1.1428571428571428,-0.22857142857142854,0.45,0.25,0.2,0.55,0.55,0.0,2,1
Ukraine,Czech Republic,1,1,1.0000000000000002,0.6000000000000001,-1.7999999999999998,78.55000000000007,-2.54,0,1,0.4444444444444444,76.01000000000008,-0.011043478260869488,59.06999999999999,0,0,61.04712989150829,8.009615332312187,53.037514559196104,1769.6,1769.6,0.0,4,-16,0,1.457142857142857,1.6,-0.14285714285714302,0.7714285714285715,1.542857142857143,-0.7714285714285715,0.35,0.3,0.04999999999999999,0.45,0.55,-0.10000000000000003,1,0
Republic of Ireland,Wales,-6,-6,0.19999999999999996,-0.19999999999999996,0.0,135.22000000000003,8.96,-3.57,1,0.4,140.61000000000004,0.05585831284450116,87.81,0,0,11.115767483416453,3.784144084164126,7.331623399252328,1832.0,1882.0,-50.0,10,15,0,0.8857142857142857,1.3142857142857143,-0.4285714285714286,1.2857142857142858,1.1428571428571428,0.14285714285714302,0.35,0.35,0.0,0.45,0.4,0.04999999999999999,0,1
Norway,Bulgaria,483,202,0.0,0.0,-0.20000000000000007,439.53,3.64,-32.09,1,0.75,411.0799999999999,-0.01877787423262367,223.77000000000004,0,0,-25.393955694587234,76.66283734167526,-102.05679303626249,1539.2,1573.2,-34.0,0,4,0,1.4285714285714286,1.3428571428571427,0.08571428571428585,0.9714285714285714,1.1714285714285715,-0.20000000000000007,0.35,0.35,0.0,0.3,0.45,-0.15000000000000002,1,0
Slovenia,Cyprus,370,184,-0.20000000000000007,0.20000000000000007,-0.20000000000000018,174.19999999999996,-25.82,0,1,0.6666666666666666,148.37999999999997,-0.12876659352040487,110.43,0,0,-62.985269031150075,-9.737561540937648,-53.24770749021243,1508.4,1625.8,-117.39999999999986,10,19,0,0.8857142857142857,0.7714285714285715,0.11428571428571421,1.1714285714285715,1.8285714285714285,-0.657142857142857,0.35,0.1,0.24999999999999997,0.25,0.45,-0.2,1,1
Kazakhstan,Andorra,337,70,0.19999999999999996,1.0,0.3999999999999999,41.76000000000001,-0.37,0.03,1,0.7777777777777778,41.420000000000016,0.056749808264638046,26.330000000000002,0,0,-18.272262122172712,29.12743778982047,-47.39969991199318,1349.2,1536.4,-187.20000000000005,-4,-6,0,1.0,0.2,0.8,1.8285714285714285,1.4,0.4285714285714286,0.15,0.35,-0.19999999999999998,0.55,0.1,0.45000000000000007,4,0
Latvia,Georgia,-354,-181,-2.0,-0.9999999999999999,1.0,-112.22000000000001,1.4499999999999997,6.93,1,0.4666666666666667,-103.84000000000002,0.013117198895408744,-145.52,0,0,-20.279542869775184,-10.387382390713912,-9.892160479061273,1302.8,1286.8,16.0,2,7,0,0.7428571428571429,1.5714285714285714,-0.8285714285714285,1.5714285714285714,0.6,0.9714285714285714,0.2,0.45,-0.25,0.35,0.35,0.0,0,3
Armenia,North Macedonia,-195,-141,-1.2000000000000002,-1.2000000000000002,0.6,-61.67000000000001,-0.41,3.92,1,0.26666666666666666,-58.16000000000001,-0.13827589938215723,-8.82,0,0,-16.510867143444166,36.120173187027255,-52.63104033047142,1215.6,1230.6,-15.0,2,0,0,1.1142857142857143,1.7142857142857142,-0.5999999999999999,1.4285714285714286,0.7714285714285715,0.6571428571428571,0.2,0.45,-0.25,0.5,0.5,0.0,4,0
Gibraltar,Liechtenstein,149,8,0.6,-0.4,-0.3999999999999999,1.9699999999999989,-0.45999999999999996,0.02,1,0.16666666666666666,1.529999999999999,-0.07445834604821489,2.68,0,0,7.4569956776205455,23.73053434781652,-16.273538670195975,1372.2,1290.2,82.0,-40,-68,0,0.3142857142857143,0.5714285714285714,-0.2571428571428571,3.4571428571428573,2.8285714285714287,0.6285714285714286,0.15,0.05,0.09999999999999999,0.2,0.3,-0.09999999999999998,2,1
Belgium,Iceland,321,78,2.4,1.5999999999999999,-2.6,447.1200000000001,-3.75,-8.16,1,1.0,435.2100000000002,-0.014922789276653803,422.21,0,0,78.06145221354782,-2.1159700422580103,80.17742225580584,1834.2,1915.8,-81.59999999999991,13,19,0,2.4571428571428573,1.2571428571428571,1.2000000000000002,0.7428571428571429,2.142857142857143,-1.4,0.5,0.25,0.25,0.45,0.5,-0.04999999999999999,2,0
Croatia,Spain,-256,-14,-1.0,-2.0,1.2,-510.0,11.66,0,1,0.26666666666666666,-498.34,0.006694049765656351,-427.55,0,0,27.865902837449884,-19.948337375894546,47.81424021334443,1972.0,1882.4,89.59999999999991,-3,-9,0,1.3428571428571427,2.7142857142857144,-1.3714285714285717,1.542857142857143,1.0857142857142856,0.4571428571428573,0.3,0.4,-0.10000000000000003,0.5,0.6,-0.09999999999999998,3,2
Austria,Bosnia and Herzegovina,248,59,-1.4000000000000001,-1.0,0.7999999999999999,587.4,8.530000000000001,0,1,0.4166666666666667,595.9300000000001,0.14954288886218348,328.59000000000003,0,0,20.36596766744662,72.17482098659576,-51.808853319149144,1737.6,1745.6,-8.0,-3,-14,0,1.2571428571428571,1.3428571428571427,-0.08571428571428563,0.9142857142857143,0.6285714285714286,0.2857142857142857,0.4,0.55,-0.15000000000000002,0.35,0.35,0.0,0,0
Hungary,Estonia,365,189,0.6000000000000001,0.3999999999999999,-0.19999999999999996,159.03999999999996,-10.07,-2.06,1,0.5833333333333334,146.91,0.04294385370920284,152.5,0,0,-65.90597377518131,17.73133581828644,-83.63730959346775,1624.0,1675.4,-51.40000000000009,-4,0,0,1.2,1.0285714285714285,0.17142857142857149,1.5714285714285714,1.2285714285714286,0.34285714285714275,0.2,0.4,-0.2,0.45,0.3,0.15000000000000002,2,0
Greece,Finland,260,128,-1.8,-0.7999999999999999,1.2,61.57999999999997,4.75,-14.68,1,0.26666666666666666,51.64999999999998,-0.020229293802414117,132.05,0,0,-23.27305758242079,75.93100866868284,-99.20406625110363,1582.8,1516.4,66.39999999999986,15,26,0,0.9714285714285714,1.4285714285714286,-0.4571428571428572,1.0,0.45714285714285713,0.5428571428571429,0.45,0.55,-0.10000000000000003,0.35,0.3,0.04999999999999999,1,0
Andorra,Georgia,-566,-215,-1.7999999999999998,-1.6,1.4000000000000001,-119.13000000000002,1.88,6.8999999999999995,1,0.0,-110.35000000000002,0.005507254499471204,-147.23,0,0,26.79714989669591,-1.067437662756468,27.864587559452378,1488.8,1286.8,202.0,4,4,0,0.2,1.7714285714285714,-1.5714285714285714,1.6285714285714286,0.5428571428571428,1.0857142857142859,0.35,0.5,-0.15000000000000002,0.1,0.3,-0.19999999999999998,1,1
Kazakhstan,Latvia,125,36,1.2000000000000002,1.4,-0.8,34.850000000000016,0.06000000000000005,0,1,0.4,34.91000000000001,0.049139863868700506,24.62,0,0,-6.763133723614378,-25.62362733744518,18.8604936138308,1279.6,1417.8,-138.20000000000005,-2,-9,0,1.2857142857142858,0.7142857142857143,0.5714285714285715,1.6571428571428573,1.8,-0.1428571428571428,0.2,0.15,0.05000000000000002,0.5,0.35,0.15000000000000002,1,1
Luxembourg,Belarus,-87,-45,0.7999999999999998,1.0000000000000002,-0.2,-46.64,3.3900000000000006,-0.38,1,0.3333333333333333,-43.629999999999995,0.0007664512022167447,-25.39,0,0,50.07461731543387,6.038244069156692,44.03637324627718,1226.0,1252.4,-26.40000000000009,4,4,0,1.3428571428571427,1.0571428571428572,0.2857142857142856,1.1142857142857143,1.1428571428571428,-0.02857142857142847,0.4,0.35,0.050000000000000044,0.3,0.3,0.0,0,2
San Marino,Moldova,-377,-37,-1.2,-0.4,2.8,-17.400000000000002,2.92,0.0,1,0.0,-14.48,0.16638176638176638,-11.45,0,0,-6.839959266772468,7.87493157817336,-14.714890844945828,1445.6,1314.8,130.79999999999995,-2,-2,0,0.11428571428571428,0.45714285714285713,-0.34285714285714286,4.628571428571429,1.2285714285714286,3.4000000000000004,0.0,0.3,-0.3,0.15,0.3,-0.15,0,1
Netherlands,France,-112,-7,-0.6000000000000001,-0.3999999999999999,-0.19999999999999996,-534.4199999999996,126.60000000000001,125.0,1,0.0,-282.8199999999997,0.2115937795078986,-221.32000000000005,-2,0,5.829982631538963,24.230399514399608,-18.400416882860647,1881.8,1856.4,25.399999999999864,1,5,0,1.8285714285714285,1.8857142857142857,-0.05714285714285716,0.8857142857142857,0.9714285714285714,-0.08571428571428574,0.35,0.4,-0.050000000000000044,0.5,0.6,-0.09999999999999998,2,0
Slovakia,Ukraine,-64,-26,-1.8,-0.6000000000000001,0.6,33.019999999999925,-39.800000000000004,0,1,0.3333333333333333,-6.780000000000086,-0.14993287334737326,26.28,0,0,28.254051952987254,61.765294000655075,-33.51124204766782,1795.6,1719.8,75.79999999999995,-5,0,0,1.457142857142857,1.457142857142857,0.0,1.0285714285714285,0.7428571428571429,0.2857142857142856,0.35,0.4,-0.050000000000000044,0.5,0.4,0.09999999999999998,4,1
Wales,Denmark,-141,-25,-0.20000000000000018,0.19999999999999996,0.5999999999999999,-115.80000000000001,-2.610000000000001,0,1,0.5,-118.41000000000003,-0.043440098828697704,-82.47000000000003,0,0,5.432979294041338,15.254516028308565,-9.821536734267227,1846.0,1755.0,91.0,-15,-16,0,1.2857142857142858,1.2,0.08571428571428585,1.0857142857142856,0.5428571428571428,0.5428571428571428,0.4,0.6,-0.19999999999999996,0.35,0.3,0.04999999999999999,1,2
Slovenia,Norway,-230,-53,-1.5999999999999999,0.0,1.0,-341.57000000000005,-25.94,32.09,1,0.2,-335.41999999999996,-0.07987526081821206,-162.53000000000003,0,0,-60.63054481035717,-26.92167907895609,-33.70886573140108,1474.6,1514.6,-40.0,10,12,0,0.9714285714285714,1.4,-0.4285714285714285,1.1428571428571428,0.8285714285714286,0.31428571428571417,0.35,0.4,-0.050000000000000044,0.3,0.3,0.0,1,1
Cyprus,Bulgaria,-117,-35,-1.5999999999999999,-0.5999999999999999,1.0,-76.24000000000001,3.52,0,1,0.2,-72.72000000000001,0.030113458469569143,-49.190000000000005,0,0,7.219493607015609,58.80577119643563,-51.58627758942002,1671.6,1638.2,33.399999999999864,0,-3,0,0.8285714285714286,1.2571428571428571,-0.4285714285714285,1.8285714285714285,1.0857142857142856,0.7428571428571429,0.1,0.35,-0.24999999999999997,0.45,0.45,0.0,1,1
Gibraltar,Armenia,-301,-60,0.40000000000000013,-0.3999999999999999,0.19999999999999996,-3.3700000000000028,-0.07,0.76,1,1.0,-2.680000000000003,-0.004574105220138791,-7.550000000000001,0,0,14.394383742755984,-2.709796109408872,17.104179852164854,1207.0,1270.6,-63.59999999999991,-42,-70,0,0.45714285714285713,1.4,-0.9428571428571428,3.057142857142857,1.3428571428571427,1.7142857142857142,0.15,0.25,-0.1,0.2,0.5,-0.3,2,6
Liechtenstein,North Macedonia,-645,-209,-1.4,-0.8,1.0000000000000002,-67.01,-0.02,4.66,1,0.0,-62.37000000000001,-0.06839165855408114,-19.05,0,0,18.098841581186296,10.255530507040096,7.8433110741462,1288.4,1207.4,81.0,0,-2,0,0.6,1.6,-1.0,2.8285714285714287,1.0857142857142856,1.742857142857143,0.05,0.45,-0.4,0.3,0.45,-0.15000000000000002,0,2
Italy,Portugal,-104,-16,-0.8,-1.0,-0.3999999999999999,-392.54999999999984,-132.87,0,1,0.6,-525.4199999999998,-0.260539629005059,-234.19,0,0,-8.685029147796573,19.48984147485454,-28.174870622651113,1809.8,1820.6,-10.799999999999955,-10,-4,0,1.2285714285714286,1.8285714285714285,-0.5999999999999999,0.9142857142857143,0.9714285714285714,-0.05714285714285716,0.4,0.45,-0.04999999999999999,0.4,0.5,-0.09999999999999998,0,0
Turkey,Sweden,186,38,0.6,0.4,-0.20000000000000018,334.41,-58.5,0,1,0.6666666666666666,275.91,-0.11275665615329922,225.82999999999998,0,0,-45.154280941208086,25.88199110367235,-71.03627204488043,1729.8,1837.0,-107.20000000000005,-4,-5,0,1.3428571428571427,1.0571428571428572,0.2857142857142856,1.3714285714285714,0.9714285714285714,0.4,0.3,0.55,-0.25000000000000006,0.5,0.25,0.25,0,1
Albania,Scotland,-153,-41,0.20000000000000007,-0.4,-0.3999999999999999,137.06000000000006,0.86,0,1,0.0,137.92000000000004,0.007654650645304795,43.389999999999986,0,0,-13.785958298492877,-56.5703303283418,42.78437202984892,1674.0,1777.0,-103.0,4,6,0,0.6857142857142857,0.9714285714285714,-0.2857142857142857,1.6285714285714286,1.5142857142857142,0.11428571428571432,0.25,0.3,-0.04999999999999999,0.3,0.35,-0.04999999999999999,0,4
Serbia,Montenegro,301,159,0.20000000000000018,-0.19999999999999996,-0.19999999999999996,184.20000000000005,-35.54,9.39,1,1.0,158.05000000000007,0.05642674838794404,40.86,0,0,4.939096666222378,11.161671105258076,-6.222574439035698,1584.6,1515.4,69.19999999999982,29,54,0,1.3714285714285714,1.2857142857142858,0.08571428571428563,0.8,1.1142857142857143,-0.3142857142857143,0.5,0.4,0.09999999999999998,0.4,0.4,0.0,2,1
Romania,Lithuania,334,178,1.8,0.7999999999999999,-2.0,217.36,-13.96,-16.9,1,0.8,186.5,0.004734784755565435,167.32,0,0,61.16308995278292,-6.626870345502472,67.7899602982854,1537.8,1590.4,-52.600000000000136,6,18,0,1.2285714285714286,0.45714285714285713,0.7714285714285716,0.9428571428571428,2.1142857142857143,-1.1714285714285715,0.4,0.15,0.25,0.4,0.3,0.10000000000000003,3,0
Malta,Kosovo,-419,-207,-1.8000000000000003,-1.0,1.4,-179.85,7.359999999999999,1.27,1,0.0,-171.21999999999997,-0.08413810573435054,-119.25999999999999,0,0,-28.516127206858492,-12.414914583335557,-16.101212623522933,1479.6,1405.8,73.79999999999995,40,80,0,0.4857142857142857,1.3714285714285714,-0.8857142857142857,2.057142857142857,1.2,0.857142857142857,0.05,0.3,-0.25,0.35,0.35,0.0,0,5
Azerbaijan,Faroe Islands,-61,-20,0.40000000000000013,0.20000000000000018,-0.7999999999999999,-8.789999999999996,-0.03,0.07,1,1.0,-8.749999999999995,-0.014428717311486428,2.96,0,0,29.41024216370387,-6.3615368037799325,35.771778967483804,1389.6,1387.2,2.3999999999998636,0,0,0,1.2285714285714286,0.9428571428571428,0.2857142857142858,1.1142857142857143,1.542857142857143,-0.4285714285714286,0.3,0.3,0.0,0.45,0.3,0.15000000000000002,2,0
Switzerland,Belgium,22,4,-1.4000000000000001,-0.5999999999999999,0.6,-289.9800000000002,2.23,5.51,1,0.0,-282.24000000000024,0.0036579088114373493,-238.79999999999998,0,0,-27.742188931689235,74.87571453996509,-102.61790347165433,1724.2,1739.4,-15.200000000000045,3,-11,0,1.8,2.3714285714285714,-0.5714285714285714,0.8571428571428571,0.6571428571428571,0.19999999999999996,0.45,0.55,-0.10000000000000003,0.35,0.4,-0.050000000000000044,5,2
England,Croatia,131,11,0.3999999999999999,0.40000000000000013,-1.2,1072.4600000000003,-331.17,-180.0,1,0.4666666666666667,561.2900000000002,-0.35787801208474224,512.96,4,0,-26.14101277938679,29.647382190710903,-55.7883949700977,1980.8,1989.0,-8.200000000000045,4,-1,0,1.3714285714285714,1.457142857142857,-0.08571428571428563,0.8,1.5714285714285714,-0.7714285714285714,0.5,0.3,0.2,0.4,0.55,-0.15000000000000002,2,1
Northern Ireland,Austria,-246,-57,-0.5999999999999999,0.20000000000000007,0.4,-619.1,1.46,0,1,0.1111111111111111,-617.6400000000001,-0.06051518295088032,-353.62,0,0,7.490474268820979,2.806154862936834,4.684319405884144,1652.8,1656.0,-3.2000000000000455,2,12,0,0.8571428571428571,1.1428571428571428,-0.2857142857142857,0.9714285714285714,0.7142857142857143,0.2571428571428571,0.5,0.45,0.04999999999999999,0.15,0.3,-0.15,1,2
Greece,Estonia,405,202,1.6,0.20000000000000007,-0.8,131.17999999999995,0.87,-18.8,1,0.8333333333333334,113.24999999999997,-0.014489342305004316,142.32000000000002,0,0,-20.012560004219598,1.751429893595466,-21.763989897815065,1539.0,1620.0,-81.0,11,22,0,0.8285714285714286,0.8857142857142857,-0.05714285714285705,0.9142857142857143,1.3142857142857143,-0.4,0.5,0.35,0.15000000000000002,0.3,0.3,0.0,0,1
Hungary,Finland,220,115,-1.0,0.3999999999999999,1.0,89.43999999999998,-6.1899999999999995,2.06,1,0.4666666666666667,85.31,0.03720390221179304,142.23,0,0,-46.5310216069327,66.21948692447938,-112.75050853141208,1526.0,1570.0,-44.0,0,4,0,1.2571428571428571,1.2857142857142858,-0.028571428571428692,1.3714285714285714,0.5142857142857142,0.8571428571428572,0.25,0.55,-0.30000000000000004,0.4,0.3,0.10000000000000003,2,0
San Marino,Belarus,-591,-121,-2.2,-1.6,2.8,-52.93,3.4200000000000004,0.0,1,0.0,-49.51,0.06443104747550865,-38.46,0,0,-8.814270953055921,26.5973327120889,-35.411603665144824,1351.6,1233.4,118.19999999999982,0,0,0,0.08571428571428572,1.2,-1.1142857142857143,4.285714285714286,0.9428571428571428,3.3428571428571425,0.0,0.4,-0.4,0.1,0.3,-0.19999999999999998,0,2
Moldova,Luxembourg,-127,-39,-0.19999999999999996,-1.4,0.20000000000000007,11.110000000000001,-2.89,0.38,1,0.4,8.600000000000001,-0.10271717010847448,-1.620000000000001,0,0,10.65665811911982,41.52363416610837,-30.866976046988555,1218.2,1192.8,25.40000000000009,-2,-2,0,0.5142857142857142,1.2857142857142858,-0.7714285714285716,1.1714285714285715,1.2285714285714286,-0.05714285714285716,0.35,0.4,-0.050000000000000044,0.25,0.3,-0.04999999999999999,1,1
Germany,Netherlands,9,1,-0.6000000000000001,-0.6000000000000001,0.3999999999999999,107.88999999999987,-2.8200000000000003,-15.0,1,0.5333333333333333,90.06999999999994,-0.02299048660029468,59.620000000000005,0,0,-37.02600734912049,13.367957613738062,-50.393964962858554,1906.4,1923.0,-16.59999999999991,3,7,0,1.5714285714285714,1.8571428571428572,-0.2857142857142858,1.1428571428571428,0.8285714285714286,0.31428571428571417,0.25,0.4,-0.15000000000000002,0.55,0.45,0.10000000000000003,2,2
Czech Republic,Slovakia,63,25,-0.19999999999999996,-0.8,0.8,-111.57,42.34,0,1,0.4666666666666667,-69.22999999999999,0.16097635160824275,-85.35,0,0,2.2420334018841297,48.254051952987254,-46.012018551103125,1724.6,1746.0,-21.40000000000009,1,15,0,1.4,1.7428571428571429,-0.34285714285714297,1.457142857142857,0.9714285714285714,0.48571428571428565,0.3,0.35,-0.04999999999999999,0.5,0.55,-0.050000000000000044,1,0
Denmark,Republic of Ireland,147,31,1.4,0.7999999999999999,-0.3999999999999999,-19.420000000000016,-6.35,3.57,1,0.3333333333333333,-22.200000000000017,-0.012418214015803453,-5.339999999999975,0,0,25.27900650515752,-13.59174001247759,38.87074651763511,1718.2,1707.4,10.799999999999955,5,2,0,1.2571428571428571,0.6285714285714286,0.6285714285714286,0.5714285714285714,1.2571428571428571,-0.6857142857142857,0.6,0.35,0.25,0.3,0.4,-0.10000000000000003,0,0
Bulgaria,Slovenia,-253,-149,1.6,0.3999999999999999,-0.5999999999999999,-97.95999999999995,22.3,0,1,1.0,-75.65999999999995,0.09865313505083573,-61.24,0,0,56.48872514226021,-56.67096250055842,113.15968764281862,1617.0,1566.4,50.59999999999991,-10,-16,0,1.2,0.8857142857142857,0.3142857142857143,1.0571428571428572,1.2285714285714286,-0.17142857142857149,0.3,0.3,0.0,0.5,0.35,0.15000000000000002,1,1
Cyprus,Norway,-600,-237,-1.0,0.0,0.9999999999999999,-515.77,-0.12,32.09,1,0.0,-483.79999999999995,0.04889133270219281,-272.96000000000004,0,0,11.960720682162348,-15.144463649881668,27.10518433204402,1617.8,1497.8,120.0,0,-7,0,0.8857142857142857,1.457142857142857,-0.5714285714285714,1.6857142857142857,0.8285714285714286,0.8571428571428571,0.1,0.4,-0.30000000000000004,0.5,0.35,0.15000000000000002,0,2
Andorra,Latvia,-212,-34,0.0,0.0,0.6000000000000001,-6.910000000000001,0.43000000000000005,-0.03,1,0.08333333333333333,-6.51,-0.00760994439593754,-1.7099999999999995,0,0,38.7790234024338,-26.7308610013738,65.5098844038076,1475.6,1433.2,42.399999999999864,2,-3,0,0.2857142857142857,0.6571428571428571,-0.37142857142857144,1.6857142857142857,1.7428571428571429,-0.05714285714285716,0.3,0.15,0.15,0.15,0.4,-0.25,0,0
Georgia,Kazakhstan,229,145,1.4000000000000001,0.6000000000000001,-0.8,77.37,-1.5099999999999998,-6.93,1,0.5333333333333333,68.93,-0.06225706276410925,120.9,0,0,-12.86526305032612,-7.208463627169001,-5.6567994231571195,1224.2,1270.0,-45.799999999999955,0,2,0,1.7714285714285714,1.2571428571428571,0.5142857142857142,0.5428571428571428,1.6571428571428573,-1.1142857142857143,0.5,0.15,0.35,0.3,0.55,-0.25000000000000006,2,1
North Macedonia,Gibraltar,496,201,1.2,1.0,-1.2000000000000002,65.04,0.48,-4.68,1,1.0,60.84000000000001,0.14285000460229602,16.37,0,0,8.799441441338365,15.404720957872941,-6.605279516534576,1123.8,1223.0,-99.20000000000005,40,70,0,1.6857142857142857,0.5714285714285714,1.1142857142857143,0.9428571428571428,3.4,-2.4571428571428573,0.5,0.15,0.35,0.4,0.25,0.15000000000000002,4,0
Liechtenstein,Armenia,-450,-68,-1.2000000000000002,-1.4,0.8,-5.340000000000002,0.38999999999999996,0.74,1,0.0,-4.210000000000002,0.0698842408280761,-10.23,0,0,17.63935546513881,-12.717025704941246,30.356381170080056,1321.6,1231.6,90.0,-2,-2,0,0.6,1.8,-1.2000000000000002,2.5714285714285716,1.3428571428571427,1.2285714285714289,0.05,0.25,-0.2,0.3,0.55,-0.25000000000000006,2,2
Portugal,Poland,245,39,1.8000000000000003,0.8,-0.5999999999999999,669.9799999999999,0,3.47,1,0.4,673.4499999999999,0.014921522253278918,457.55,0,0,19.143688578505724,-8.177059188040362,27.320747766546084,1815.6,1816.2,-0.6000000000001364,18,34,0,1.7142857142857142,1.4,0.3142857142857143,0.9142857142857143,1.3714285714285714,-0.4571428571428572,0.45,0.2,0.25,0.5,0.5,0.0,1,1
Sweden,Russia,-89,-18,-1.0,-1.0,0.19999999999999996,-118.69,46.88999999999999,0,1,0.2,-71.8,0.18129817853870878,109.87,0,0,41.29421785879642,46.86003751861896,-5.565819659822537,1811.0,1831.4,-20.40000000000009,12,15,0,1.0285714285714285,1.8,-0.7714285714285716,0.9142857142857143,1.2857142857142858,-0.37142857142857155,0.55,0.2,0.35000000000000003,0.25,0.55,-0.30000000000000004,2,0
Scotland,Israel,194,49,-0.6000000000000001,-0.6000000000000001,0.8,44.80000000000001,3.86,11.14,1,0.0,59.80000000000001,0.2271343945064348,24.27000000000001,0,0,-47.72393728229334,-5.812978327632024,-41.91095895466132,1731.8,1647.0,84.79999999999995,-2,-2,0,1.1142857142857143,1.4,-0.2857142857142856,1.4,1.3142857142857143,0.08571428571428563,0.35,0.2,0.14999999999999997,0.3,0.45,-0.15000000000000002,3,2
Montenegro,Romania,-165,-118,-0.40000000000000013,0.0,0.4,-172.01,12.66,7.509999999999998,1,0.4166666666666667,-151.84,-0.07394721932817627,-108.16,0,0,9.984527207814724,47.073201069461064,-37.08867386164634,1529.8,1496.8,33.0,-24,-55,0,1.3714285714285714,1.3714285714285714,0.0,1.1714285714285715,0.9428571428571428,0.22857142857142865,0.4,0.4,0.0,0.45,0.4,0.04999999999999999,0,1
Serbia,Lithuania,470,219,2.2,0.9999999999999999,-1.7999999999999998,229.55000000000007,-36.839999999999996,0,1,0.8,192.71000000000006,-0.0127856861846668,100.02,0,0,-4.697440612634017,-9.437161170644547,4.73972055801053,1476.2,1570.2,-94.0,11,17,0,1.4857142857142858,0.42857142857142855,1.0571428571428572,0.8285714285714286,2.2285714285714286,-1.4,0.45,0.1,0.35,0.45,0.3,0.15000000000000002,4,1
Kosovo,Azerbaijan,371,196,0.40000000000000013,0.8000000000000003,0.0,180.22,-7.8999999999999995,-1.27,1,0.3333333333333333,171.04999999999995,-0.023849728138802373,115.25,0,0,-1.5165533026533904,43.246400671445,-44.762953974098394,1337.2,1411.4,-74.20000000000005,-40,-80,0,1.6571428571428573,1.2857142857142858,0.37142857142857144,1.0857142857142856,1.0857142857142856,0.0,0.35,0.3,0.04999999999999999,0.3,0.45,-0.15000000000000002,4,0
Malta,Faroe Islands,-109,-31,-0.4,0.0,0.8,-8.419999999999995,-0.57,0.07,1,0.3333333333333333,-8.919999999999995,-0.12241655118463934,-1.0499999999999998,0,0,-28.15420113387154,-17.3421405390642,-10.812060594807338,1492.6,1470.8,21.799999999999955,0,0,0,0.4857142857142857,0.8,-0.31428571428571433,2.3142857142857145,1.5142857142857142,0.8000000000000003,0.05,0.3,-0.25,0.35,0.25,0.09999999999999998,1,1
United Arab Emirates,Bahrain,190,83,-1.4,-2.4,0.4,146.06000000000003,-33.12,-11.65,1,0.6666666666666666,101.29000000000003,-0.18828772350180834,136.19,0,0,-48.45362777904121,16.479142131803652,-64.93276991084487,1562.2,1441.0,121.20000000000005,0,-12,0,0.9428571428571428,1.9714285714285715,-1.0285714285714287,0.9714285714285714,0.5428571428571428,0.4285714285714286,0.4,0.6,-0.19999999999999996,0.25,0.3,-0.04999999999999999,1,1
Thailand,India,240,139,0.6,0.0,0.19999999999999996,39.769999999999996,-2.9,0.14,1,1.0,37.01,-0.038796090231729696,22.89,0,0,-5.39685658379747,34.391071675703955,-39.78792825950143,1531.8,1501.8,30.0,28,42,0,0.8,1.542857142857143,-0.7428571428571429,1.542857142857143,0.9714285714285714,0.5714285714285715,0.2,0.45,-0.25,0.35,0.5,-0.15000000000000002,1,4
Australia,Jordan,136,29,1.0,1.8,-0.6,231.70999999999995,-5.99,0,1,0.5,225.71999999999994,-0.0158423697434541,240.34000000000003,0,0,8.92097971282083,-51.13436284644737,60.0553425592682,1610.4,1533.0,77.40000000000009,27,9,0,1.9714285714285715,0.9142857142857143,1.0571428571428574,0.9428571428571428,0.9142857142857143,0.02857142857142858,0.35,0.4,-0.050000000000000044,0.5,0.45,0.04999999999999999,0,1
Syria,Palestine,14,9,1.0,0.0,-0.19999999999999996,-16.92999999999999,7.54,0.47000000000000003,1,0.4166666666666667,-8.919999999999984,0.15881761714350806,-43.489999999999995,0,0,19.678520255464583,-29.924059504638883,49.60257976010347,1488.6,1552.4,-63.80000000000018,19,25,0,1.1714285714285715,1.4,-0.22857142857142843,1.0857142857142856,1.0857142857142856,0.0,0.15,0.4,-0.25,0.75,0.35,0.4,0,0
China PR,Kyrgyzstan,47,54,-1.2,-0.19999999999999996,0.20000000000000007,-28.079999999999984,-8.51,0,1,1.0,-36.58999999999998,-0.15486857852315117,1.3999999999999986,0,0,3.6999375092925577,50.27852715560413,-46.57858964631157,1565.2,1593.8,-28.59999999999991,31,66,0,1.0857142857142856,1.457142857142857,-0.37142857142857144,1.1428571428571428,0.8,0.34285714285714275,0.35,0.45,-0.10000000000000003,0.4,0.35,0.050000000000000044,2,1
South Korea,Philippines,502,214,0.19999999999999996,0.0,-1.0,134.77999999999997,-8.58,0,1,0.5,126.19999999999999,-0.04834194731982777,123.55,0,0,0.8806068939806106,-6.040324350479779,6.920931244460389,1788.2,1503.8,284.4000000000001,59,92,0,1.3714285714285714,1.542857142857143,-0.17142857142857149,0.8857142857142857,1.7714285714285714,-0.8857142857142857,0.45,0.15,0.30000000000000004,0.45,0.75,-0.3,1,0
Iran,Yemen,533,223,1.4000000000000001,0.9999999999999999,-0.19999999999999996,485.01000000000005,-13.590000000000002,-5.62,1,0.5,465.8,-0.019951169274280645,425.23,0,0,19.82668195338086,5.321461533878962,14.505220419501898,1621.4,1518.0,103.40000000000009,55,69,0,1.2857142857142858,0.6285714285714286,0.6571428571428573,0.6857142857142857,1.1428571428571428,-0.4571428571428571,0.4,0.25,0.15000000000000002,0.5,0.25,0.25,5,0
Iraq,Vietnam,326,168,-0.19999999999999996,-1.4000000000000001,0.3999999999999999,59.00000000000002,4.72,-1.31,1,0.7777777777777778,62.41000000000002,0.07737593708871326,33.51,0,0,-25.864996043262998,21.070745293134152,-46.93574133639715,1702.6,1371.6,331.0,36,47,0,1.1714285714285715,1.9428571428571428,-0.7714285714285714,1.0571428571428572,1.0,0.05714285714285716,0.35,0.25,0.09999999999999998,0.55,0.65,-0.09999999999999998,3,2
Saudi Arabia,North Korea,244,137,-0.19999999999999996,-0.7999999999999999,-0.8,169.76,-71.62,0,1,0.5333333333333333,98.13999999999999,-0.24997202784696837,111.13000000000001,0,0,1.443623983227392,10.211657874240268,-8.768033891012877,1726.4,1514.2,212.20000000000005,32,48,0,0.8285714285714286,1.542857142857143,-0.7142857142857143,1.4857142857142858,1.6857142857142857,-0.19999999999999996,0.25,0.3,-0.04999999999999999,0.4,0.55,-0.15000000000000002,4,0
Qatar,Lebanon,194,119,0.9999999999999999,1.2,0.0,111.59000000000003,-0.8199999999999998,0.46,1,0.8666666666666667,111.23000000000002,0.041223056251337264,109.36000000000001,0,0,43.36099375897829,40.778058905868996,2.5829348531092933,1685.8,1635.4,50.399999999999864,26,34,0,1.457142857142857,0.9142857142857143,0.5428571428571428,1.2,0.6857142857142857,0.5142857142857142,0.25,0.5,-0.25,0.6,0.35,0.25,2,0
Japan,Turkmenistan,536,212,-0.6000000000000001,0.6000000000000001,0.40000000000000013,197.43000000000004,7.620000000000001,1.44,1,0.5,206.49,0.17638068953861963,157.04999999999998,0,0,-76.04084585800791,-22.239883930115138,-53.80096192789277,1843.2,1311.8,531.4000000000001,42,68,0,1.457142857142857,1.0285714285714285,0.4285714285714286,1.457142857142857,1.6857142857142857,-0.22857142857142865,0.2,0.1,0.1,0.55,0.6,-0.04999999999999993,3,2
Uzbekistan,Oman,182,47,-0.6000000000000001,-0.19999999999999996,-0.19999999999999996,62.1999999999999,10.96,-4.59,1,0.2,68.56999999999991,0.0410287468998054,-22.639999999999986,0,0,-36.854813478100425,20.102782395370383,-56.95759587347081,1659.0,1525.8,133.20000000000005,28,32,0,0.6571428571428571,1.6285714285714286,-0.9714285714285714,1.1428571428571428,0.8571428571428571,0.2857142857142857,0.35,0.55,-0.20000000000000007,0.2,0.4,-0.2,2,1
Bahrain,Thailand,-11,-15,0.8,1.7999999999999998,-1.0,-8.900000000000006,0.29000000000000004,0,1,0.5333333333333333,-8.610000000000007,-0.0040813172590553615,-10.029999999999998,0,0,20.79977551166554,-17.347951288634984,38.147726800300525,1543.6,1455.8,87.79999999999995,10,26,0,1.9142857142857144,0.8,1.1142857142857143,0.5714285714285714,1.7142857142857142,-1.1428571428571428,0.6,0.2,0.39999999999999997,0.3,0.4,-0.10000000000000003,0,1
Jordan,Syria,138,37,-0.6000000000000001,-0.20000000000000007,0.19999999999999996,121.36000000000001,1.7,0.29,1,0.4666666666666667,123.35000000000001,0.07950459448661595,183.83,0,0,-39.364211285879115,13.812987553212906,-53.17719883909202,1641.0,1493.2,147.79999999999995,4,18,0,0.8571428571428571,1.0857142857142856,-0.22857142857142854,0.8857142857142857,1.0571428571428572,-0.17142857142857149,0.4,0.15,0.25,0.45,0.75,-0.3,2,0
United Arab Emirates,India,419,207,0.0,-0.6,0.0,176.93,-35.73,-11.51,1,0.6666666666666666,129.69000000000003,-0.2311651309925934,149.04999999999998,0,0,-65.69802543965478,35.076646226388135,-100.77467166604292,1532.4,1568.6,-36.19999999999982,38,56,0,0.8857142857142857,1.7714285714285714,-0.8857142857142857,1.0,1.0,0.0,0.4,0.4,0.0,0.25,0.55,-0.30000000000000004,2,0
Palestine,Australia,-288,-75,-1.0,-1.8,0.4,-336.14,-3.25,-0.76,1,0.5,-340.15,-0.22247984188666992,-380.68000000000006,0,0,-17.12249788303209,-7.94739917058699,-9.175098712445099,1555.2,1611.6,-56.399999999999864,-50,-52,0,1.3428571428571427,1.9142857142857144,-0.5714285714285716,1.0,0.9714285714285714,0.02857142857142858,0.4,0.3,0.10000000000000003,0.35,0.5,-0.15000000000000002,0,3
Philippines,China PR,-184,-131,-0.6000000000000001,-0.19999999999999996,0.6000000000000001,-43.40000000000001,10.11,0,1,0.0,-33.29000000000001,0.16519351834931995,-47.629999999999995,0,0,-6.662115172135387,17.352090985860677,-24.014206157996064,1581.2,1606.2,-25.0,-39,-73,0,1.3428571428571427,1.2,0.1428571428571428,1.7142857142857142,1.0857142857142856,0.6285714285714286,0.15,0.35,-0.19999999999999998,0.7,0.4,0.29999999999999993,0,3
Kyrgyzstan,South Korea,-365,-137,0.0,-0.6000000000000001,0.20000000000000007,-63.29999999999998,6.98,0,1,0.5,-56.31999999999999,0.038017007493658994,-77.32,0,0,30.193841694295536,16.09719214228314,14.096649552012394,1591.0,1683.6,-92.59999999999991,-51,-85,0,1.457142857142857,1.3714285714285714,0.08571428571428563,0.9428571428571428,0.8,0.1428571428571428,0.4,0.5,-0.09999999999999998,0.4,0.4,0.0,0,1
Vietnam,Iran,-433,-186,-1.0000000000000002,-0.3999999999999999,0.7999999999999999,-441.89000000000004,9.060000000000002,5.62,1,0.5,-427.21000000000004,-0.04987198751028599,-370.04,0,0,5.560901835832622,20.08854930238998,-14.527647466557356,1497.8,1551.8,-54.0,-59,-78,0,1.8285714285714285,1.5714285714285714,0.2571428571428571,1.1714285714285715,0.6,0.5714285714285715,0.25,0.45,-0.2,0.65,0.45,0.2,0,2
Yemen,Iraq,-426,-205,-1.6,-0.9999999999999999,1.2,-102.12000000000002,-0.19,1.31,1,0.13333333333333333,-101.00000000000001,-0.0075527803041466335,-88.7,0,0,9.258800592902654,-10.145070618236474,19.403871211139126,1592.8,1579.4,13.399999999999864,-32,-38,0,0.6285714285714286,1.3714285714285714,-0.7428571428571429,1.4857142857142858,1.0,0.48571428571428577,0.25,0.35,-0.09999999999999998,0.25,0.6,-0.35,0,3
Lebanon,Saudi Arabia,-239,-135,-1.6,-1.4,0.9999999999999999,-197.53,72.81,-0.46,1,0.3333333333333333,-125.18,0.23703035865747968,-155.32000000000002,0,0,25.98968209576232,9.13068694742038,16.85899514834194,1645.8,1620.2,25.59999999999991,-33,-42,0,0.7428571428571429,1.1428571428571428,-0.3999999999999999,0.8285714285714286,1.2857142857142858,-0.4571428571428572,0.5,0.3,0.2,0.3,0.4,-0.10000000000000003,0,2
North Korea,Qatar,-199,-121,-1.0,-0.6,1.6,-83.82000000000001,-0.3700000000000001,0,1,0.5333333333333333,-84.19,-0.028281387061848573,-65.17,0,0,1.0959488743794763,41.53902815188378,-40.4430792775043,1546.4,1669.2,-122.79999999999995,-25,-40,0,1.3428571428571427,1.4857142857142858,-0.14285714285714302,1.9428571428571428,1.1142857142857143,0.8285714285714285,0.25,0.3,-0.04999999999999999,0.55,0.55,0.0,0,6
Oman,Japan,-339,-72,0.0,-1.0,-0.40000000000000013,-76.42000000000002,-8.360000000000001,0,1,0.06666666666666667,-84.78,-0.04970436015382795,-88.87,0,0,12.456346869921747,-62.985976835209435,75.44232370513119,1583.2,1759.6,-176.39999999999986,-24,-28,0,1.5714285714285714,1.542857142857143,0.02857142857142847,1.0,1.542857142857143,-0.5428571428571429,0.5,0.15,0.35,0.45,0.6,-0.14999999999999997,0,1
Turkmenistan,Uzbekistan,-379,-187,-0.19999999999999996,0.40000000000000013,0.8,-183.20999999999992,-10.22,3.15,1,0.0,-190.27999999999992,-0.16770507628459708,-45.54,0,0,-18.245712770729874,-34.382919862154665,16.13720709142479,1429.6,1605.2,-175.60000000000014,-46,-72,0,1.1714285714285715,0.7714285714285715,0.4,1.7714285714285714,1.1714285714285715,0.5999999999999999,0.1,0.3,-0.19999999999999998,0.65,0.25,0.4,0,4
India,Bahrain,-229,-124,-1.0,-1.2000000000000002,0.6,-30.869999999999994,2.61,-0.14,1,0.0,-28.39999999999999,0.04287740749078506,-12.860000000000001,0,0,26.045944374700156,4.154516014453515,21.891428360246643,1611.4,1528.2,83.20000000000005,-38,-68,0,1.6857142857142857,1.7714285714285714,-0.08571428571428563,0.9714285714285714,0.6,0.37142857142857144,0.4,0.55,-0.15000000000000002,0.55,0.3,0.25000000000000006,0,1
United Arab Emirates,Thailand,179,68,-0.19999999999999996,0.19999999999999996,-0.6,137.16000000000003,-32.83,-11.65,1,0.5333333333333333,92.68000000000004,-0.1923690407608637,126.16,0,0,-52.934898593305704,-4.644859849703222,-48.29003874360248,1455.0,1451.2,3.7999999999999545,10,14,0,1.0285714285714285,0.8571428571428571,0.17142857142857137,0.8,1.5714285714285714,-0.7714285714285714,0.45,0.25,0.2,0.25,0.4,-0.15000000000000002,1,1
Australia,Syria,274,66,0.3999999999999999,1.5999999999999999,-0.4,353.06999999999994,-4.29,0.29,1,0.6666666666666666,349.06999999999994,0.06366222474316185,424.1700000000001,0,0,-12.024875069524422,4.7077818501413145,-16.732656919665736,1628.6,1523.6,105.0,31,27,0,1.8571428571428572,1.0285714285714285,0.8285714285714287,0.9142857142857143,1.0857142857142856,-0.17142857142857137,0.35,0.15,0.19999999999999998,0.45,0.75,-0.3,3,2
Palestine,Jordan,-152,-46,-0.9999999999999999,-0.4,0.5999999999999999,-104.43000000000002,-9.24,-0.76,1,0.1111111111111111,-114.43000000000002,-0.23832221163012401,-140.34000000000003,0,0,-16.062749578126404,-17.361941295050293,1.2991917169238896,1700.2,1611.4,88.79999999999995,-23,-43,0,1.2,1.0,0.19999999999999996,1.1714285714285715,0.8285714285714286,0.34285714285714286,0.35,0.4,-0.050000000000000044,0.35,0.45,-0.10000000000000003,0,0
South Korea,China PR,318,83,0.6000000000000001,-0.20000000000000018,-0.8,91.37999999999997,1.5299999999999994,0,1,0.5333333333333333,92.90999999999997,0.11685157102949217,75.92,0,0,28.33453791286405,20.099913567211615,8.234624345652435,1630.2,1566.6,63.600000000000136,20,19,0,1.3428571428571427,1.3428571428571427,0.0,0.6857142857142857,1.0857142857142856,-0.3999999999999999,0.5,0.35,0.15000000000000002,0.4,0.4,0.0,2,0
Kyrgyzstan,Philippines,137,77,0.7999999999999999,0.0,-1.0,71.47999999999999,-1.6,0,1,0.0,69.88,-0.010324939826168777,46.230000000000004,0,0,24.97968128946508,-6.328444439237378,31.308125728702457,1654.4,1589.2,65.20000000000005,8,7,0,1.2571428571428571,1.2285714285714286,0.02857142857142847,1.0,1.9142857142857144,-0.9142857142857144,0.35,0.15,0.19999999999999998,0.4,0.65,-0.25,3,1
Iran,Iraq,107,18,-0.3999999999999999,0.40000000000000013,0.0,382.89000000000004,-13.780000000000001,-4.3100000000000005,1,0.6666666666666666,364.8,-0.027503949578427278,336.53000000000003,0,0,8.656533463220786,-3.0967935840769947,11.75332704729778,1527.8,1507.2,20.59999999999991,23,31,0,1.6285714285714286,1.542857142857143,0.08571428571428563,0.6,0.9428571428571428,-0.34285714285714286,0.45,0.35,0.10000000000000003,0.45,0.6,-0.14999999999999997,0,0
Vietnam,Yemen,100,37,1.0,1.6,-0.5999999999999999,43.120000000000005,-4.529999999999999,0,1,0.5,38.59,-0.06982315678456663,55.190000000000005,0,0,11.364390285786499,-6.6082562314284825,17.972646517214983,1626.4,1717.8,-91.39999999999986,-4,-9,0,1.7714285714285714,0.5142857142857142,1.2571428571428571,1.2857142857142858,1.6571428571428573,-0.37142857142857144,0.25,0.25,0.0,0.6,0.25,0.35,2,0
Lebanon,North Korea,5,2,0.0,-0.2,-1.7999999999999998,-27.770000000000017,1.19,-0.46,1,0.7333333333333333,-27.040000000000028,-0.012941669189488691,-44.190000000000005,0,0,14.96806953753932,0.5278844254256647,14.440185112113655,1695.2,1617.8,77.40000000000009,-1,6,0,0.6857142857142857,1.2571428571428571,-0.5714285714285714,0.9428571428571428,2.4285714285714284,-1.4857142857142855,0.5,0.2,0.3,0.25,0.55,-0.30000000000000004,4,1
Saudi Arabia,Qatar,45,16,0.40000000000000013,-0.3999999999999999,-0.39999999999999997,85.93999999999997,-71.99,0,1,0.3333333333333333,13.949999999999989,-0.27825341490881694,45.96000000000001,0,0,20.603495951881992,39.61089169756444,-19.007395745682448,1559.4,1622.4,-63.0,7,8,0,1.2857142857142858,1.8285714285714285,-0.5428571428571427,1.0857142857142856,1.0285714285714285,0.05714285714285716,0.35,0.35,0.0,0.4,0.5,-0.09999999999999998,0,2
Japan,Uzbekistan,157,25,-0.6000000000000001,0.0,0.6000000000000001,14.220000000000113,-2.6,4.59,1,0.5333333333333333,16.210000000000093,0.008675613254022552,111.50999999999999,0,0,-54.34956657460372,-27.40110031208796,-26.948466262515762,1692.4,1595.2,97.20000000000005,-4,-4,0,1.4857142857142858,1.0285714285714285,0.4571428571428573,1.457142857142857,1.0571428571428572,0.3999999999999999,0.2,0.35,-0.14999999999999997,0.55,0.2,0.35000000000000003,2,1
Oman,Turkmenistan,197,140,-0.3999999999999999,-0.6,-0.7999999999999998,121.01000000000002,-0.7400000000000002,1.44,1,0.75,121.71000000000001,0.12667632938479167,68.17999999999998,0,0,16.116903876167196,-12.672659373800695,28.78956324996789,1672.0,1516.0,156.0,18,40,0,1.1142857142857143,1.1142857142857143,0.0,1.0571428571428572,2.0285714285714285,-0.9714285714285713,0.45,0.1,0.35,0.45,0.65,-0.2,3,1
Iran,Oman,269,63,1.0000000000000002,0.8,-1.4,311.31,-2.8200000000000003,-5.62,1,0.5333333333333333,302.87,0.020503322216919084,297.47,0,0,9.143563442120882,13.640874070915268,-4.497310628794386,1546.2,1696.0,-149.79999999999995,31,42,0,1.5714285714285714,1.3428571428571427,0.22857142857142865,0.5142857142857142,1.1142857142857143,-0.6000000000000001,0.5,0.45,0.04999999999999999,0.4,0.45,-0.04999999999999999,2,0
Jordan,Vietnam,251,146,0.20000000000000018,-1.0,-1.0,93.4,4.72,0,1,0.3333333333333333,98.12,0.08907341007737302,159.48000000000002,0,0,-19.024564573545096,23.96502382294844,-42.98958839649353,1620.8,1556.2,64.59999999999991,24,37,0,1.0,1.8857142857142857,-0.8857142857142857,0.8,1.1428571428571428,-0.34285714285714275,0.4,0.3,0.10000000000000003,0.45,0.6,-0.14999999999999997,1,1
Thailand,China PR,-12,-11,0.0,-0.5999999999999999,0.19999999999999996,-3.0400000000000134,7.26,0,1,0.4666666666666667,4.219999999999985,0.12106948763872483,-15.93,0,0,-2.456272566174242,7.681721007457499,-10.137993573631741,1532.6,1630.2,-97.60000000000014,-3,-13,0,0.8285714285714286,1.2571428571428571,-0.4285714285714285,1.5714285714285714,1.2,0.37142857142857144,0.25,0.35,-0.09999999999999998,0.45,0.4,0.04999999999999999,1,2
Australia,Uzbekistan,41,5,1.0,1.4,-0.7999999999999999,132.33,-5.99,4.59,1,1.0,130.93,0.0028336281407466135,349.89000000000004,0,0,-15.151035157910236,-25.619653740978094,10.468618583067858,1567.8,1652.6,-84.79999999999995,-5,-22,0,2.0285714285714285,1.0,1.0285714285714285,0.9142857142857143,1.1428571428571428,-0.22857142857142854,0.35,0.35,0.0,0.5,0.2,0.3,0,0
Japan,Saudi Arabia,242,45,0.19999999999999996,0.20000000000000018,0.7999999999999999,8.430000000000064,73.23,0,1,0.6,81.66000000000003,0.29143863588182684,47.45999999999998,0,0,-33.14144359208714,14.620344360742635,-47.76178795282978,1673.0,1622.6,50.40000000000009,-1,3,0,1.542857142857143,1.1714285714285715,0.37142857142857144,1.4,1.2285714285714286,0.17142857142857126,0.2,0.3,-0.09999999999999998,0.55,0.4,0.15000000000000002,1,0
United Arab Emirates,Kyrgyzstan,214,111,0.40000000000000013,0.0,-0.3999999999999999,106.04000000000002,-34.08,-11.65,1,0.5,60.31000000000003,-0.22616813164529004,111.63,0,0,-48.18736539598225,26.528141596272032,-74.71550699225428,1422.8,1587.2,-164.4000000000001,38,67,0,1.0571428571428572,1.4285714285714286,-0.37142857142857144,0.8857142857142857,1.0285714285714285,-0.1428571428571428,0.4,0.35,0.050000000000000044,0.3,0.45,-0.15000000000000002,3,2
South Korea,Bahrain,341,109,0.6000000000000001,0.20000000000000018,-0.4,103.32,-6.0200000000000005,0,1,0.5833333333333334,97.3,-0.00013659935017729108,101.88,0,0,18.3232259790312,12.705248532309197,5.617977446722003,1572.6,1485.8,86.79999999999995,13,6,0,1.3714285714285714,1.6857142857142857,-0.3142857142857143,0.6,0.5142857142857142,0.08571428571428574,0.55,0.6,-0.04999999999999993,0.35,0.3,0.04999999999999999,2,1
Qatar,Iraq,-110,-34,-0.8,0.40000000000000013,0.0,53.63000000000001,-3.84,1.31,1,0.6,51.10000000000001,-0.011488132614528301,34.510000000000005,0,0,34.322548547287354,5.628370945931662,28.69417760135569,1664.2,1544.2,120.0,10,6,0,1.8285714285714285,1.542857142857143,0.2857142857142856,0.8857142857142857,0.9428571428571428,-0.05714285714285716,0.4,0.35,0.050000000000000044,0.45,0.6,-0.14999999999999997,1,0
China PR,Iran,-334,-85,-0.6000000000000001,-0.6000000000000001,0.8,-436.27000000000004,3.5200000000000014,5.62,1,0.26666666666666666,-427.13,-0.13585402872108898,-377.20000000000005,0,0,24.090714570192194,10.277974731416899,13.812739838775295,1582.4,1559.2,23.200000000000045,-26,-33,0,1.1714285714285715,1.6285714285714286,-0.4571428571428571,1.1714285714285715,0.42857142857142855,0.7428571428571429,0.35,0.55,-0.20000000000000007,0.4,0.35,0.050000000000000044,0,3
Vietnam,Japan,-503,-195,-1.0,0.0,0.40000000000000013,-207.00000000000006,-2.1199999999999997,0,1,0.0,-209.12000000000003,-0.07907302544719486,-161.44,0,0,23.96502382294844,-11.52827520182791,35.49329902477635,1603.0,1670.8,-67.79999999999995,-52,-64,0,1.8285714285714285,1.5714285714285714,0.2571428571428571,1.1714285714285715,1.2857142857142858,-0.11428571428571432,0.3,0.25,0.04999999999999999,0.6,0.5,0.09999999999999998,0,1
South Korea,Qatar,201,50,0.20000000000000018,-1.2,-0.2,-15.630000000000052,-4.890000000000001,0,1,0.75,-20.52000000000004,-0.035018274655495785,0.7399999999999949,0,0,15.52607588822905,53.81055349576962,-38.284477607540566,1518.6,1649.8,-131.20000000000005,7,11,0,1.3428571428571427,1.8285714285714285,-0.48571428571428577,0.6857142857142857,0.7714285714285715,-0.08571428571428574,0.5,0.45,0.04999999999999999,0.4,0.4,0.0,0,1
United Arab Emirates,Australia,-121,-17,-0.3999999999999999,-0.8000000000000003,0.6,-185.36999999999995,-29.839999999999996,-11.65,1,0.13333333333333333,-226.85999999999993,-0.23051263466686078,-296.75000000000006,0,0,-29.699152421658404,-12.160639294569144,-17.53851312708926,1453.2,1632.6,-179.39999999999986,-11,0,0,1.2,1.9142857142857144,-0.7142857142857144,1.0,0.8,0.19999999999999996,0.35,0.4,-0.050000000000000044,0.35,0.5,-0.15000000000000002,1,0
Iran,Japan,-70,-9,-0.3999999999999999,0.7999999999999998,-0.6,234.89,-11.180000000000001,-5.62,1,0.4166666666666667,218.08999999999997,-0.02920103793690887,208.60000000000002,0,0,5.282286574446948,1.0891883556551925,4.193098218791755,1535.8,1585.6,-49.799999999999955,7,14,0,1.7714285714285714,1.542857142857143,0.22857142857142843,0.4,1.1428571428571428,-0.7428571428571428,0.55,0.25,0.30000000000000004,0.35,0.5,-0.15000000000000002,0,3
United Arab Emirates,Qatar,50,24,-0.7999999999999998,-0.7999999999999998,0.8,27.109999999999985,-31.99,-11.65,1,0.8,-16.53,-0.22316939880712683,35.04999999999998,0,0,-16.85480093041537,53.19149856538877,-70.04629949580413,1527.8,1646.6,-118.79999999999995,-6,-7,0,1.2,1.8285714285714285,-0.6285714285714286,0.8857142857142857,0.6571428571428571,0.22857142857142854,0.4,0.5,-0.09999999999999998,0.35,0.35,0.0,0,4
Japan,Qatar,287,61,0.0,-1.1999999999999997,0.2,94.37000000000003,1.2399999999999998,0,1,0.6,95.61000000000001,0.013185220973009892,93.41999999999999,0,0,2.3727343822959677,67.71116080120572,-65.33842641890975,1678.8,1695.4,-16.600000000000136,6,11,0,1.4857142857142858,2.057142857142857,-0.5714285714285712,1.0285714285714285,0.5714285714285714,0.4571428571428571,0.25,0.55,-0.30000000000000004,0.5,0.35,0.15000000000000002,1,3
Portugal,Switzerland,69,9,-0.6000000000000001,-1.4,-0.7999999999999999,652.53,2.32,2.65,1,0.3333333333333333,657.4999999999999,0.01988000000000001,463.53999999999996,0,0,-20.306217941327585,-36.258431315428666,15.952213374101081,1763.0,1708.4,54.59999999999991,8,31,0,1.3142857142857143,2.085714285714286,-0.7714285714285716,0.8857142857142857,1.1428571428571428,-0.2571428571428571,0.4,0.35,0.050000000000000044,0.55,0.45,0.10000000000000003,3,1
England,Netherlands,72,5,1.4,1.4,-0.3999999999999999,752.46,-331.29,-180.0,1,0.3333333333333333,241.17000000000007,-0.3640496036477491,234.32000000000005,4,0,-2.2604621282261395,0.2620445451168596,-2.522506673342999,1809.6,1860.2,-50.600000000000136,4,-2,0,2.2,2.1142857142857143,0.08571428571428585,0.8571428571428571,1.0,-0.1428571428571429,0.4,0.45,-0.04999999999999999,0.5,0.45,0.04999999999999999,1,3
Switzerland,England,-131,-12,-1.0,-1.0,0.8,-1142.4700000000003,332.68,177.35,1,0.06666666666666667,-632.4400000000003,0.3499663880729925,-569.79,-4,0,-38.89622246682215,-0.7022104769760507,-38.1940119898461,1790.8,1770.2,20.59999999999991,-3,-20,0,1.9142857142857144,2.1714285714285713,-0.2571428571428569,1.2571428571428571,1.0,0.2571428571428571,0.35,0.35,0.0,0.45,0.55,-0.10000000000000003,0,0
Portugal,Netherlands,10,2,-0.6000000000000001,-1.6,-0.6,262.51999999999964,3.71,0,1,0.6666666666666666,266.2299999999997,0.005796784425243451,128.07000000000005,0,0,-9.894810814933848,18.978455792279963,-28.87326660721381,1784.2,1890.8,-106.59999999999991,9,9,0,1.4,2.1714285714285713,-0.7714285714285714,0.9142857142857143,1.0285714285714285,-0.11428571428571421,0.35,0.4,-0.050000000000000044,0.6,0.5,0.09999999999999998,1,0
Bermuda,Panama,-405,-200,0.4,0.8,0.20000000000000018,-97.72999999999998,7.83,13.51,1,0.0,-76.38999999999996,-0.0008416653091950499,-139.23,0,0,-9.940118756410994,-54.587686966439875,44.64756821002888,1302.8,1866.8,-564.0,-47,-47,0,1.3142857142857143,0.5714285714285714,0.7428571428571429,1.5714285714285714,1.9428571428571428,-0.37142857142857144,0.3,0.2,0.09999999999999998,0.5,0.35,0.15000000000000002,1,4
Grenada,Saint Kitts and Nevis,23,10,-1.2,-0.6000000000000001,1.2,-4.439999999999998,-0.06,-0.03,1,0.16666666666666666,-4.529999999999998,-0.020979020979020935,5.580000000000001,0,0,-25.42291495315748,-4.643062032187106,-20.779852920970374,1430.6,1414.2,16.399999999999864,-7,-7,0,1.0571428571428572,1.4857142857142858,-0.4285714285714286,2.5714285714285716,1.9142857142857144,0.6571428571428573,0.1,0.2,-0.1,0.5,0.6,-0.09999999999999998,2,1
French Guiana,Belize,67,23,-1.0000000000000002,0.0,0.7999999999999999,4.930000000000002,-1.3900000000000001,0,1,0.5,3.540000000000002,-0.15291529152915295,-1.6199999999999992,0,0,7.422631810381534,66.47098514138874,-59.048353331007206,1487.0,1333.8,153.20000000000005,-23,-23,0,1.2285714285714286,1.3714285714285714,-0.1428571428571428,1.4285714285714286,1.0,0.4285714285714286,0.25,0.4,-0.15000000000000002,0.45,0.55,-0.10000000000000003,3,0
Dominica,Suriname,-349,-179,-0.19999999999999996,0.0,0.3999999999999999,-35.179999999999986,-0.44999999999999996,5.67,1,0.5,-29.959999999999987,0.0718836555732596,-10.06,0,0,-3.0032316753772657,-64.52361788929444,61.52038621391718,1455.2,1463.6,-8.399999999999864,-9,-9,0,0.7428571428571429,1.0285714285714285,-0.2857142857142856,1.6857142857142857,1.4285714285714286,0.2571428571428571,0.15,0.4,-0.25,0.25,0.45,-0.2,1,2
United States Virgin Islands,Cayman Islands,-157,-23,0.19999999999999996,0.0,-0.20000000000000018,1.8999999999999984,-0.019999999999999997,0.03,1,0.5,1.9099999999999984,0.08280723905723908,0.1599999999999997,0,0,3.4753932289475866,-4.558079660314431,8.033472889262018,1384.8,1475.4,-90.60000000000014,2,2,0,0.45714285714285713,0.45714285714285713,0.0,4.085714285714285,2.7142857142857144,1.371428571428571,0.2,0.1,0.1,0.25,0.35,-0.09999999999999998,0,2
Barbados,Saint Martin,-144,-41,-0.6000000000000001,-1.5999999999999999,-1.2000000000000002,-2.2699999999999996,-0.43999999999999995,0,1,0.5,-2.709999999999999,-0.048450638829010684,-2.42,0,0,36.182120662429575,-16.73548459356914,52.917605255998716,1461.0,1207.8,253.20000000000005,28,28,0,1.1142857142857143,2.3076923076923075,-1.1934065934065932,1.3142857142857143,1.9230769230769231,-0.6087912087912088,0.3,0.18181818181818182,0.11818181818181817,0.4,0.7272727272727273,-0.32727272727272727,4,0
Guatemala,Anguilla,604,218,0.5999999999999999,-0.20000000000000007,-0.8,188.28999999999996,-13.110000000000001,0,1,0.5,175.17999999999995,-0.05970219539941202,192.54999999999998,0,0,-9.11550789445123,7.882921202243657,-16.99842909669489,1603.8,1412.2,191.5999999999999,51,51,0,1.1142857142857143,0.4857142857142857,0.6285714285714286,1.6857142857142857,2.4285714285714284,-0.7428571428571427,0.4,0.1,0.30000000000000004,0.3,0.4,-0.10000000000000003,10,0
Martinique,Trinidad and Tobago,-37,-24,1.0,1.2000000000000002,-0.20000000000000007,14.159999999999997,-0.19,-1.98,1,0.3333333333333333,11.990000000000002,-0.06024430871737907,-33.42,0,0,16.88000898721089,-22.854954275956892,39.734963263167785,1439.8,1645.4,-205.60000000000014,-84,-84,0,1.3714285714285714,0.6285714285714286,0.7428571428571429,0.7142857142857143,1.1142857142857143,-0.4,0.45,0.2,0.25,0.45,0.4,0.04999999999999999,1,1
Aruba,Guyana,-242,-87,1.4,0.9999999999999999,0.0,-65.78999999999999,0.51,0,1,0.5,-65.27999999999999,0.006779210421374526,-59.60999999999999,0,0,3.225874298219562,-18.173774808495587,21.39964910671515,1275.4,1469.2,-193.79999999999995,-4,-4,0,1.4242424242424243,1.0,0.4242424242424243,2.090909090909091,1.8857142857142857,0.20519480519480515,0.1111111111111111,0.15,-0.03888888888888889,0.5555555555555556,0.45,0.10555555555555557,0,1
Jamaica,Antigua and Barbuda,503,217,0.5999999999999999,0.20000000000000018,-0.8,181.02999999999997,0.01,-37.72,1,0.6666666666666666,143.32,-0.05407355218137877,84.24,0,0,-17.318008236022187,40.21741252203845,-57.53542075806064,1609.8,1485.0,124.79999999999995,28,28,0,1.4,1.2,0.19999999999999996,1.5714285714285714,1.7142857142857142,-0.1428571428571428,0.15,0.25,-0.1,0.45,0.45,0.0,6,0
Nicaragua,Saint Vincent and the Grenadines,102,100,-0.6000000000000001,0.40000000000000013,1.4,28.13000000000001,-6.96,0,1,0.16666666666666666,21.17000000000001,-0.09172945759122364,-48.51,0,0,-28.800123346557214,-32.93400912944458,4.1338857828873685,1634.6,1331.6,303.0,-20,-20,0,1.3428571428571427,1.4,-0.05714285714285716,1.8285714285714285,2.742857142857143,-0.9142857142857144,0.2,0.1,0.1,0.45,0.6,-0.14999999999999997,1,1
Bonaire,British Virgin Islands,248,41,0.19999999999999996,-1.6,-2.2,2.889999999999999,-0.06,-0.04,1,0.5,2.789999999999999,-0.01577287066246047,10.6,0,0,0.0,2.9901999450069727,-2.9901999450069727,1500.0,1293.2,206.79999999999995,-10,-10,0,0.0,1.1714285714285715,-1.1714285714285715,0.0,2.057142857142857,-2.057142857142857,0.0,0.2,-0.2,0.0,0.5,-0.5,4,2
Canada,Cuba,412,189,0.6000000000000001,-0.19999999999999996,-0.20000000000000007,4.710000000000008,-0.25,0,1,0.8333333333333334,4.460000000000008,-0.00393845970311224,2.75,0,0,-9.025285239947877,-15.358510883706366,6.333225643758489,1657.0,1407.6,249.4000000000001,17,17,0,1.5714285714285714,1.0,0.5714285714285714,1.0571428571428572,1.4857142857142858,-0.4285714285714286,0.35,0.3,0.04999999999999999,0.4,0.2,0.2,6,0
Curaçao,Haiti,-39,-11,1.0,0.4,-0.8,21.160000000000053,-18.25,0,1,0.16666666666666666,2.9100000000000534,-0.08892462115675093,70.66,0,0,-32.27746774265394,-68.05867739494664,35.7812096522927,1674.2,1679.4,-5.2000000000000455,-12,-12,0,1.1142857142857143,0.6285714285714286,0.48571428571428577,1.0,1.4285714285714286,-0.4285714285714286,0.25,0.2,0.04999999999999999,0.55,0.35,0.20000000000000007,1,0
Montserrat,Dominican Republic,-263,-152,-1.8,0.0,2.8,-17.309999999999995,2.9499999999999997,1.24,1,0.0,-13.119999999999997,0.15846082916884985,-32.230000000000004,0,0,-35.68823215515525,3.5814454092914847,-39.26967756444673,1503.4,1456.8,46.600000000000136,-10,-10,0,1.0,1.8857142857142857,-0.8857142857142857,4.739130434782608,1.2285714285714286,3.5105590062111798,0.0,0.35,-0.35,0.6666666666666666,0.4,0.2666666666666666,2,1
El Salvador,Saint Lucia,154,61,1.5999999999999999,0.5999999999999999,-0.40000000000000013,54.36999999999999,-0.10999999999999999,0,1,0.5,54.25999999999999,0.05232043784341833,25.17,0,0,101.43909833442747,-30.049844354229354,131.48894268865683,1731.6,1388.6,343.0,39,39,0,1.1142857142857143,0.7142857142857143,0.4,1.457142857142857,2.5428571428571427,-1.0857142857142856,0.35,0.1,0.24999999999999997,0.4,0.4,0.0,3,0
Guadeloupe,Sint Maarten,199,143,-0.6,-0.8,0.0,31.770000000000003,1.05,0.16,1,0.5,32.980000000000004,0.07756410256410262,58.95,0,0,-63.37070734060981,-29.128168423580114,-34.2425389170297,1443.4,1237.6,205.80000000000018,0,0,0,1.457142857142857,1.411764705882353,0.04537815126050404,1.6,1.7647058823529411,-0.16470588235294104,0.2,0.3333333333333333,-0.1333333333333333,0.55,0.6666666666666666,-0.11666666666666659,5,1
Panama,Bermuda,405,200,0.19999999999999996,0.19999999999999996,-0.7999999999999998,97.72999999999998,-7.83,-13.51,1,1.0,76.38999999999996,0.0008416653091950499,139.23,0,0,-41.55682780442827,-15.991351310707529,-25.565476493720745,1767.6,1409.8,357.79999999999995,47,47,0,0.7428571428571429,1.2,-0.4571428571428571,1.8857142857142857,1.8,0.08571428571428563,0.15,0.3,-0.15,0.4,0.5,-0.09999999999999998,0,2
Belize,Grenada,-47,-19,1.0,-0.4,-1.9999999999999998,-0.13000000000000167,0.06,0.03,1,0.6666666666666666,-0.04000000000000181,0.020979020979020935,1.1399999999999988,0,0,43.18090740146101,-13.194784328700244,56.37569173016126,1337.8,1389.4,-51.600000000000136,4,4,0,1.1142857142857143,1.0571428571428572,0.05714285714285716,1.1428571428571428,2.4857142857142858,-1.342857142857143,0.4,0.1,0.30000000000000004,0.5,0.5,0.0,1,2
Saint Kitts and Nevis,French Guiana,-43,-14,-0.6000000000000001,-0.3999999999999999,0.8,-0.360000000000003,1.3900000000000001,0,1,0.5,1.0299999999999976,0.15291529152915295,-5.1000000000000005,0,0,-13.493124932085058,0.8450969690739472,-14.338221901159006,1432.2,1438.4,-6.2000000000000455,26,26,0,1.5142857142857142,1.4,0.11428571428571432,2.0285714285714285,1.3142857142857143,0.7142857142857142,0.15,0.3,-0.15,0.65,0.4,0.25,2,2
Saint Vincent and the Grenadines,Dominica,203,57,0.7999999999999999,0.20000000000000007,-1.2,36.66999999999999,-0.09000000000000008,0,1,1.0,36.57999999999999,0.04928119920197527,67.59,0,0,-23.731155462287614,-2.421903529661349,-21.309251932626264,1392.6,1560.4,-167.80000000000018,22,22,0,1.3142857142857143,0.7428571428571429,0.5714285714285714,2.6,1.7142857142857142,0.8857142857142859,0.1,0.15,-0.04999999999999999,0.65,0.3,0.35000000000000003,1,0
Suriname,Nicaragua,44,22,0.6,-0.19999999999999996,-0.5999999999999999,-29.62000000000001,7.5,-5.67,1,0.0,-27.790000000000013,-0.029435397184011225,-9.02,0,0,-49.198744811126474,-25.93596277491663,-23.262782036209845,1429.0,1638.4,-209.4000000000001,7,7,0,1.1428571428571428,1.3142857142857143,-0.17142857142857149,1.4285714285714286,1.8571428571428572,-0.4285714285714286,0.35,0.15,0.19999999999999998,0.5,0.5,0.0,6,0
Saint Martin,United States Virgin Islands,350,69,0.6,1.8000000000000003,0.0,12.71,-1.66,0.2,1,0.5,11.250000000000002,-0.03878724864168481,4.050000000000001,0,0,-33.02327281532298,-13.122910338492575,-19.90036247683041,1243.2,1290.4,-47.200000000000045,-15,-15,0,2.074074074074074,0.4,1.674074074074074,2.259259259259259,4.0,-1.740740740740741,0.16666666666666666,0.2,-0.033333333333333354,0.6666666666666666,0.25,0.41666666666666663,1,2
Cayman Islands,Barbados,-49,-5,-0.6000000000000001,-0.8,1.7999999999999998,-12.34,2.12,-0.23,1,0.5,-10.450000000000001,0.004430648413456417,-1.79,0,0,2.162004273514541,54.84699646491649,-52.684992191401946,1385.6,1395.6,-10.0,-15,-15,0,0.6285714285714286,1.3142857142857143,-0.6857142857142857,2.4285714285714284,1.0857142857142856,1.3428571428571427,0.15,0.35,-0.19999999999999998,0.35,0.35,0.0,3,2
Trinidad and Tobago,Martinique,37,24,-1.6,-1.4000000000000001,0.6,-14.159999999999997,0.19,1.98,1,0.3333333333333333,-11.990000000000002,0.06024430871737907,33.42,0,0,-19.08722171996015,13.342880423819778,-32.43010214377993,1608.8,1507.0,101.79999999999995,84,84,0,0.5714285714285714,1.3714285714285714,-0.8,1.1428571428571428,0.7428571428571429,0.3999999999999999,0.15,0.4,-0.25,0.45,0.5,-0.04999999999999999,2,2
Antigua and Barbuda,Aruba,-42,-9,-0.3999999999999999,0.3999999999999999,1.8,-8.14,-0.01,-0.19,1,1.0,-8.340000000000002,-0.15384615384615374,-10.17,0,0,33.11678558324727,10.450495999436534,22.666289583810737,1556.6,1353.6,203.0,14,14,0,1.1714285714285715,1.3235294117647058,-0.15210084033613436,2.085714285714286,2.088235294117647,-0.0025210084033613356,0.25,0.10526315789473684,0.14473684210526316,0.45,0.5263157894736842,-0.07631578947368417,2,1
Guyana,Jamaica,-219,-121,-0.5999999999999999,-1.2000000000000002,0.0,-107.1,-0.51,37.91,1,0.0,-69.7,0.201140495606158,-14.460000000000008,0,0,-9.432235803433215,-6.44315644185559,-2.989079361577625,1411.4,1572.8,-161.39999999999986,-38,-38,0,1.0285714285714285,1.7142857142857142,-0.6857142857142857,1.6285714285714286,1.3142857142857143,0.3142857142857143,0.2,0.2,0.0,0.4,0.45,-0.04999999999999999,0,4
Bahamas,Bonaire,-167,-29,-1.2,-0.7999999999999998,-0.19999999999999996,-5.469999999999998,-0.020000000000000004,0.0,1,0.5,-5.489999999999998,-0.1221581638202981,-10.649999999999999,0,0,4.132560154901117,3.8694495436578435,0.26311061124327306,1188.8,1045.0,143.79999999999995,14,13,0,1.9375,4.0,-2.0625,2.78125,2.0,0.78125,0.11764705882352941,0.0,0.11764705882352941,0.4117647058823529,1.0,-0.5882352941176471,2,1
Cuba,Canada,-412,-189,-1.0,-0.8000000000000003,0.9999999999999999,-4.710000000000008,0.25,0,1,0.06666666666666667,-4.460000000000008,0.00393845970311224,-2.75,0,0,-10.414064163160573,-9.635713271189859,-0.7783508919707138,1447.0,1582.2,-135.20000000000005,-17,-17,0,1.0,1.9142857142857144,-0.9142857142857144,1.8,1.0,0.8,0.3,0.35,-0.04999999999999999,0.2,0.4,-0.2,0,1
Haiti,Curaçao,39,11,-2.2,-0.8,1.4,-21.160000000000053,18.25,0,1,0.5333333333333333,-2.9100000000000534,0.08892462115675093,-70.66,0,0,-68.94627879292786,-15.193353637217328,-53.75292515571053,1669.8,1647.4,22.399999999999864,12,12,0,0.5714285714285714,1.1142857142857143,-0.5428571428571429,1.4,0.8285714285714286,0.5714285714285713,0.2,0.3,-0.09999999999999998,0.35,0.5,-0.15000000000000002,1,1
Montserrat,Saint Lucia,-46,-14,0.20000000000000007,0.8,0.3999999999999999,-5.539999999999998,0.48000000000000004,0,1,0.5,-5.059999999999999,0.025346817445711434,0.4399999999999995,0,0,-19.29531586526146,-29.61252174227159,10.317205877010128,1494.8,1377.4,117.39999999999986,-11,-11,0,1.12,0.6857142857142857,0.4342857142857144,4.2,2.5428571428571427,1.6571428571428575,0.0,0.1,-0.1,0.7,0.35,0.35,1,1
Dominican Republic,El Salvador,63,77,-1.6,-0.6000000000000001,1.2,-42.599999999999994,-2.3599999999999994,-1.24,1,0.0,-46.19999999999999,-0.18543444956655675,7.5,0,0,-15.105597359520727,102.5135899179951,-117.61918727751583,1404.4,1596.6,-192.19999999999982,-40,-40,0,1.7142857142857142,1.3142857142857143,0.3999999999999999,1.3142857142857143,1.2857142857142858,0.02857142857142847,0.35,0.35,0.0,0.4,0.4,0.0,1,0
Puerto Rico,Guatemala,-174,-119,-1.8,-2.0,2.8000000000000003,-97.14999999999995,-5.289999999999999,0,1,0.5,-102.43999999999997,-0.12641280859332726,-165.6,0,0,-15.653112589145996,-13.01291879826723,-2.640193790878767,1572.8,1514.2,58.59999999999991,-48,-49,0,0.8285714285714286,1.8571428571428572,-1.0285714285714285,2.142857142857143,1.5714285714285714,0.5714285714285714,0.3,0.45,-0.15000000000000002,0.4,0.3,0.10000000000000003,0,5
Turks and Caicos Islands,Guadeloupe,-470,-192,-0.8,-0.6000000000000001,3.5999999999999996,-45.95,0,0,1,0.5,-45.95,0.0,-68.06,0,0,-23.941288504316148,-47.71184568925166,23.770557184935512,1296.8,1409.4,-112.60000000000014,10,9,0,0.6785714285714286,1.8,-1.1214285714285714,4.607142857142857,1.5714285714285714,3.0357142857142856,0.0,0.2,-0.2,0.3076923076923077,0.55,-0.24230769230769234,0,3
Trinidad and Tobago,Honduras,-105,-22,-1.2000000000000002,-0.7999999999999999,-0.40000000000000013,-193.79999999999998,10.42,10.42,1,0.06666666666666667,-172.96,0.09663358991004345,-24.179999999999993,0,0,-30.640383144852958,9.45330619014123,-40.09368933499419,1604.4,1780.8,-176.39999999999986,-4,-2,0,0.6857142857142857,1.1428571428571428,-0.4571428571428571,1.3142857142857143,1.6857142857142857,-0.37142857142857144,0.15,0.2,-0.05000000000000002,0.5,0.6,-0.09999999999999998,0,2
Haiti,Costa Rica,8,2,-0.39999999999999997,0.0,0.0,-76.22999999999996,68.09,0,1,0.06666666666666667,-8.139999999999958,0.26158278908951216,-11.409999999999997,0,0,-60.3230809131222,-13.830392794566944,-46.49268811855525,1588.0,1744.2,-156.20000000000005,-67,-65,0,0.6285714285714286,0.8857142857142857,-0.2571428571428571,1.2571428571428571,1.7142857142857142,-0.4571428571428571,0.2,0.15,0.05000000000000002,0.35,0.35,0.0,1,1
Belize,Saint Kitts and Nevis,-24,-9,0.5999999999999999,-1.0,-1.2,-4.569999999999999,0,0,1,0.6666666666666666,-4.569999999999999,0.0,6.72,0,0,19.330545755360895,-18.685427756717004,38.0159735120779,1368.4,1436.2,-67.79999999999995,-3,-3,0,1.0285714285714285,1.6,-0.5714285714285716,1.3142857142857143,2.057142857142857,-0.7428571428571427,0.35,0.15,0.19999999999999998,0.55,0.7,-0.1499999999999999,0,4
French Guiana,Grenada,20,4,0.8,0.6000000000000001,-1.7999999999999998,4.800000000000001,-1.33,0.03,1,0.5,3.5,-0.13193627055013202,-0.4800000000000004,0,0,2.7992773363687267,6.121666662129533,-3.322389325760806,1394.6,1384.6,10.0,-19,-19,0,1.4857142857142858,1.1714285714285715,0.3142857142857143,1.3428571428571427,2.4571428571428573,-1.1142857142857145,0.25,0.1,0.15,0.45,0.5,-0.04999999999999999,0,0
British Virgin Islands,Bahamas,-81,-12,-1.0,-1.1999999999999997,0.20000000000000018,2.579999999999999,0.08,0.04,1,0.3333333333333333,2.699999999999999,0.13793103448275856,0.04999999999999982,0,0,-10.075085032175956,25.905450842638196,-35.98053587481415,1278.6,1231.4,47.19999999999982,-4,-4,0,1.2285714285714286,1.9090909090909092,-0.6805194805194805,2.2285714285714286,2.696969696969697,-0.46839826839826815,0.2,0.1111111111111111,0.0888888888888889,0.55,0.4444444444444444,0.10555555555555562,0,4
Sint Maarten,Turks and Caicos Islands,271,49,1.0,0.6000000000000001,-2.6,14.180000000000001,-1.05,-0.16,1,0.5,12.97,-0.07756410256410262,9.11,0,0,-33.954276020643,-24.594704550203566,-9.359571470439434,1303.2,1381.6,-78.39999999999986,-10,-10,0,1.368421052631579,0.6551724137931034,0.7132486388384756,2.210526315789474,4.379310344827586,-2.1687840290381124,0.2857142857142857,0.0,0.2857142857142857,0.7142857142857143,0.2857142857142857,0.4285714285714286,2,5
United States,Cuba,442,197,-0.9999999999999999,-0.9999999999999999,0.40000000000000013,121.7,-8.0,-7.8,1,1.0,105.89999999999999,-0.08621848974735813,104.03999999999999,0,0,-31.7180350962443,-8.410920755244565,-23.307114340999735,1762.8,1486.4,276.39999999999986,71,69,0,0.8285714285714286,0.9714285714285714,-0.1428571428571428,1.3142857142857143,1.7714285714285714,-0.4571428571428571,0.35,0.3,0.04999999999999999,0.35,0.15,0.19999999999999998,7,0
Bermuda,Mexico,-501,-216,-1.0,-1.4000000000000001,0.40000000000000013,-200.56000000000003,34.339999999999996,1.79,1,0.5,-164.43,-0.037374899112187276,-173.13,0,0,-4.256422179570583,17.775193746267608,-22.03161592583819,1523.2,1812.0,-288.79999999999995,-84,-82,0,1.3142857142857143,1.5714285714285714,-0.2571428571428571,1.6571428571428573,1.4857142857142858,0.17142857142857149,0.35,0.25,0.09999999999999998,0.5,0.35,0.15000000000000002,1,5
Antigua and Barbuda,Guyana,-284,-96,0.0,0.6,1.1999999999999997,-73.92999999999999,0.5,-0.19,1,0.5,-73.61999999999999,-0.14706694342477922,-69.77999999999999,0,0,50.971420050420875,-21.074668404809326,72.0460884552302,1532.6,1475.0,57.59999999999991,10,10,0,1.2285714285714286,0.9142857142857143,0.3142857142857144,2.0,1.9142857142857144,0.08571428571428563,0.25,0.2,0.04999999999999999,0.5,0.35,0.15000000000000002,2,1
Saint Vincent and the Grenadines,Suriname,-146,-122,-0.19999999999999996,-1.5999999999999999,-1.0,1.490000000000002,-0.54,5.67,1,0.5,6.6200000000000045,0.12116485477523486,57.53,0,0,-12.640262777888136,-27.49877910819227,14.858516330304134,1392.6,1429.0,-36.40000000000009,13,13,0,1.3428571428571427,1.542857142857143,-0.20000000000000018,2.3714285714285714,1.2857142857142858,1.0857142857142856,0.15,0.35,-0.19999999999999998,0.6,0.5,0.09999999999999998,2,2
Nicaragua,Dominica,305,157,0.2,0.20000000000000007,0.7999999999999998,64.8,-7.05,0,1,1.0,57.75,-0.04244825838924837,19.08,0,0,-28.95784626455172,-6.285161881569959,-22.67268438298176,1671.4,1636.4,35.0,2,2,0,1.0857142857142856,0.7142857142857143,0.37142857142857133,2.1714285714285713,1.6857142857142857,0.48571428571428554,0.15,0.15,0.0,0.45,0.25,0.2,3,1
Dominican Republic,Saint Lucia,217,138,0.5999999999999999,-0.19999999999999996,-0.6000000000000001,11.769999999999998,-2.4699999999999998,-1.24,1,0.5,8.059999999999999,-0.13311401172313841,32.67,0,0,8.295671110639432,-24.65483095732251,32.95050206796194,1481.4,1326.2,155.20000000000005,-1,-1,0,1.6285714285714286,0.7714285714285715,0.8571428571428571,1.2285714285714286,2.4,-1.1714285714285713,0.4,0.1,0.30000000000000004,0.35,0.4,-0.050000000000000044,3,0
Montserrat,El Salvador,-200,-75,-1.4,-0.40000000000000013,1.4,-59.90999999999999,0.5900000000000001,0,1,0.5,-59.319999999999986,-0.0269736203977069,-24.730000000000004,0,0,-14.371928093770583,89.15447648354905,-103.52640457731962,1491.4,1565.4,-74.0,-50,-50,0,1.1153846153846154,1.2,-0.08461538461538454,3.8461538461538463,1.3142857142857143,2.5318681318681318,0.0,0.3,-0.3,0.7272727272727273,0.4,0.32727272727272727,0,2
Jamaica,Aruba,461,208,0.6000000000000001,1.0000000000000002,-0.6,172.89,0,-37.91,1,0.5,134.98,-0.2079197060275325,74.07,0,0,-6.377803322075613,0.7192442171499458,-7.097047539225559,1623.2,1347.2,276.0,42,42,0,1.9428571428571428,1.3714285714285714,0.5714285714285714,1.1428571428571428,2.057142857142857,-0.9142857142857141,0.25,0.1,0.15,0.45,0.55,-0.10000000000000003,2,0
Barbados,United States Virgin Islands,206,28,0.19999999999999996,1.4,-0.6000000000000001,10.440000000000001,-2.1,0.2,1,0.5,8.540000000000003,-0.0872378874706955,1.6300000000000003,0,0,29.86960159734159,4.942497612873046,24.927103984468545,1349.0,1234.6,114.40000000000009,13,13,0,1.4,0.5428571428571428,0.8571428571428571,1.2571428571428571,3.6,-2.342857142857143,0.35,0.2,0.14999999999999997,0.4,0.3,0.10000000000000003,1,0
Saint Martin,Cayman Islands,193,46,-1.0,0.20000000000000018,0.7999999999999998,14.61,-1.68,0.23,1,0.5,13.16,0.044019990415554267,4.21,0,0,-40.26730431554547,14.517595165878385,-54.78489948142386,1237.4,1324.4,-87.0,-13,-13,0,1.9285714285714286,0.8571428571428571,1.0714285714285716,2.107142857142857,2.3714285714285714,-0.26428571428571423,0.15384615384615385,0.1,0.05384615384615385,0.6923076923076923,0.4,0.29230769230769227,3,0
Anguilla,Guatemala,-604,-218,-1.2,-2.4000000000000004,2.8000000000000003,-188.28999999999996,13.110000000000001,0,1,0.0,-175.17999999999995,0.05970219539941202,-192.54999999999998,0,0,7.3121716532363905,-12.137418642061307,19.449590295297696,1431.0,1468.4,-37.40000000000009,-51,-52,0,0.45714285714285713,2.1714285714285713,-1.7142857142857142,3.142857142857143,1.5714285714285714,1.5714285714285714,0.1,0.45,-0.35,0.35,0.3,0.04999999999999999,0,5
Honduras,Martinique,142,46,0.19999999999999996,-0.19999999999999996,1.0,179.64,-10.23,-8.44,1,0.5,160.97000000000003,-0.03638928119266438,57.599999999999994,0,0,21.495113472954717,9.80575186042867,11.689361612526048,1706.8,1523.8,183.0,88,87,0,1.2857142857142858,1.457142857142857,-0.17142857142857126,1.6,0.8571428571428571,0.742857142857143,0.25,0.4,-0.15000000000000002,0.55,0.5,0.050000000000000044,1,0
Costa Rica,Curaçao,31,9,-1.4000000000000001,-0.6,0.4,55.06999999999991,-49.84,0,1,0.5,5.2299999999999045,-0.17265816793276123,-59.25,0,0,-8.340070181024892,-8.109239531780716,-0.23083064924417585,1711.4,1678.8,32.600000000000136,79,78,0,0.9714285714285714,1.1714285714285715,-0.20000000000000007,1.542857142857143,0.8285714285714286,0.7142857142857143,0.15,0.3,-0.15,0.4,0.55,-0.15000000000000002,0,0
Saint Kitts and Nevis,Belize,24,9,0.5999999999999999,1.7999999999999998,0.0,4.569999999999999,0,0,1,0.4444444444444444,4.569999999999999,0.0,-6.72,0,0,0.27964286009884276,11.144575606846061,-10.864932746747218,1396.2,1394.4,1.7999999999999545,3,3,0,1.8857142857142857,0.9714285714285714,0.9142857142857143,1.8571428571428572,1.5142857142857142,0.34285714285714297,0.15,0.35,-0.19999999999999998,0.7,0.5,0.19999999999999996,0,1
Grenada,French Guiana,-20,-4,-0.20000000000000018,-0.3999999999999999,1.0,-4.800000000000001,1.33,-0.03,1,0.3333333333333333,-3.5,0.13193627055013202,0.4800000000000004,0,0,-4.7325844081927215,8.03717344654809,-12.769757854740812,1398.0,1425.2,-27.200000000000045,19,19,0,1.0,1.2857142857142858,-0.2857142857142858,2.1714285714285713,1.2285714285714286,0.9428571428571426,0.15,0.3,-0.15,0.5,0.4,0.09999999999999998,1,0
British Virgin Islands,Bonaire,-248,-41,-0.7,-0.8999999999999999,0.7999999999999998,-2.889999999999999,0.06,0.04,1,0.0,-2.789999999999999,0.01577287066246047,-10.6,0,0,-15.062487338841954,-10.598307845125568,-4.464179493716387,1265.8,1085.5,180.29999999999995,10,10,0,1.2,2.5,-1.3,2.342857142857143,2.0,0.34285714285714297,0.2,0.0,0.2,0.55,1.0,-0.44999999999999996,3,4
Guyana,Antigua and Barbuda,284,96,-0.6,-0.7999999999999999,-0.9999999999999998,73.92999999999999,-0.5,0.19,1,0.4,73.61999999999999,0.14706694342477922,69.77999999999999,0,0,-36.41023125318746,54.3596709330143,-90.76990218620176,1401.4,1488.8,-87.39999999999986,-10,-10,0,0.9142857142857143,1.2285714285714286,-0.3142857142857144,1.9714285714285715,1.9428571428571428,0.028571428571428692,0.2,0.25,-0.04999999999999999,0.4,0.5,-0.09999999999999998,5,1
Dominica,Nicaragua,-305,-157,-0.6000000000000001,-0.19999999999999996,-0.3999999999999999,-64.8,7.05,0,1,0.0,-57.75,0.04244825838924837,-19.08,0,0,-1.7387307065984672,-29.282787266499852,27.544056559901385,1578.2,1578.6,-0.3999999999998636,-2,-2,0,0.8,1.2,-0.3999999999999999,1.7714285714285714,2.142857142857143,-0.37142857142857144,0.15,0.15,0.0,0.3,0.45,-0.15000000000000002,0,4
Suriname,Saint Vincent and the Grenadines,146,122,0.8,1.6,0.3999999999999999,-1.490000000000002,0.54,-5.67,1,0.3333333333333333,-6.6200000000000045,-0.12116485477523486,-57.53,0,0,-16.797277588276582,-7.05821789806591,-9.739059690210674,1408.6,1395.2,13.399999999999864,-13,-13,0,1.6285714285714286,1.457142857142857,0.17142857142857149,1.2857142857142858,2.342857142857143,-1.0571428571428572,0.35,0.15,0.19999999999999998,0.5,0.6,-0.09999999999999998,0,1
Sint Maarten,Guadeloupe,-199,-143,-0.9999999999999999,-0.3999999999999999,2.2,-31.770000000000003,-1.05,-0.16,1,0.0,-32.980000000000004,-0.07756410256410262,-58.95,0,0,-50.481347099523646,-34.30567657763753,-16.17567052188612,1315.8,1321.2,-5.400000000000091,0,0,0,1.4285714285714286,1.9428571428571428,-0.5142857142857142,2.7142857142857144,1.4,1.3142857142857145,0.25,0.2,0.04999999999999999,0.75,0.55,0.19999999999999996,1,2
Canada,United States,-30,-8,1.5999999999999999,0.3999999999999999,-1.4000000000000001,-116.99,7.75,7.8,1,0.25,-101.43999999999998,0.08228003004424589,-101.28999999999999,0,0,-10.00970741236567,-24.775617323728056,14.765909911362387,1534.4,1700.0,-165.5999999999999,-54,-53,0,1.7142857142857142,1.3714285714285714,0.34285714285714275,0.9714285714285714,1.1714285714285715,-0.20000000000000007,0.35,0.4,-0.050000000000000044,0.4,0.3,0.10000000000000003,2,0
Mexico,Panama,96,16,1.5999999999999999,1.8,-0.40000000000000013,102.83000000000006,-26.509999999999998,11.719999999999999,1,0.8666666666666667,88.04000000000005,0.03653323380299223,33.900000000000006,0,0,32.48561749174122,-47.38683602359812,79.87245351533934,1748.0,1640.8,107.20000000000005,37,36,0,1.9142857142857144,0.6857142857142857,1.2285714285714286,1.5142857142857142,1.9142857142857144,-0.40000000000000013,0.2,0.15,0.05000000000000002,0.4,0.35,0.050000000000000044,3,1
Dominican Republic,Montserrat,263,152,0.3999999999999999,-0.19999999999999996,-0.40000000000000013,17.309999999999995,-2.9499999999999997,-1.24,1,0.6666666666666666,13.119999999999997,-0.15846082916884985,32.230000000000004,0,0,27.947547537304068,-15.569905850705208,43.51745338800927,1473.2,1518.8,-45.59999999999991,10,10,0,1.8,1.0,0.8,1.0571428571428572,3.7037037037037037,-2.6465608465608463,0.45,0.0,0.45,0.3,0.6666666666666666,-0.36666666666666664,0,0
Saint Lucia,El Salvador,-154,-61,-1.5999999999999999,-0.6000000000000001,2.1999999999999997,-54.36999999999999,0.10999999999999999,0,1,0.0,-54.25999999999999,-0.05232043784341833,-25.17,0,0,-36.60474098487725,95.26065302614057,-131.86539401101783,1327.6,1494.2,-166.60000000000014,-39,-39,0,0.7428571428571429,1.2571428571428571,-0.5142857142857142,2.4857142857142858,1.1714285714285715,1.3142857142857143,0.1,0.35,-0.24999999999999997,0.4,0.35,0.050000000000000044,0,2
Aruba,Jamaica,-461,-208,-1.7999999999999998,-2.0,1.4000000000000001,-172.89,0,37.91,1,0.0,-134.98,0.2079197060275325,-74.07,0,0,-12.831356330182107,3.8898586990468997,-16.721215029229008,1441.4,1484.0,-42.59999999999991,-42,-42,0,1.0571428571428572,2.057142857142857,-0.9999999999999998,2.1142857142857143,1.0571428571428572,1.0571428571428572,0.1,0.25,-0.15,0.5,0.45,0.04999999999999999,0,6
Cayman Islands,Saint Martin,-193,-46,0.19999999999999996,-0.6000000000000001,0.19999999999999973,-14.61,1.68,-0.23,1,0.0,-13.16,-0.044019990415554267,-4.21,0,0,11.401196323355892,-18.036174660821963,29.437370984177853,1292.0,1178.8,113.20000000000005,13,13,0,0.8285714285714286,2.103448275862069,-1.2748768472906402,2.4,1.896551724137931,0.5034482758620689,0.1,0.21428571428571427,-0.11428571428571427,0.4,0.6428571428571429,-0.24285714285714288,1,0
United States Virgin Islands,Barbados,-206,-28,-0.8,-1.6,0.8,-10.440000000000001,2.1,-0.2,1,0.3333333333333333,-8.540000000000003,0.0872378874706955,-1.6300000000000003,0,0,5.634833871415056,30.973369786116677,-25.338535914701623,1241.0,1271.0,-30.0,-13,-13,0,0.5142857142857142,1.3714285714285714,-0.8571428571428572,3.2857142857142856,1.2,2.0857142857142854,0.2,0.35,-0.14999999999999997,0.3,0.4,-0.10000000000000003,0,4
Anguilla,Puerto Rico,-430,-99,0.6000000000000001,0.6000000000000001,0.19999999999999973,-91.14,18.4,0,1,0.5,-72.74,0.18611500399273928,-26.950000000000003,0,0,7.71538563142917,-33.28829183542109,41.00367746685026,1485.0,1527.4,-42.40000000000009,-3,-2,0,0.42857142857142855,0.7142857142857143,-0.28571428571428575,3.4,2.342857142857143,1.057142857142857,0.1,0.3,-0.19999999999999998,0.3,0.4,-0.10000000000000003,2,3
Martinique,Honduras,-142,-46,-1.2,-0.6000000000000001,-0.8,-179.64,10.23,8.44,1,0.0,-160.97000000000003,0.03638928119266438,-57.599999999999994,0,0,-7.153243865427288,42.774138641760445,-49.92738250718773,1546.4,1646.4,-100.0,-88,-87,0,1.2,1.2857142857142858,-0.08571428571428585,0.8857142857142857,1.4857142857142858,-0.6000000000000001,0.4,0.3,0.10000000000000003,0.45,0.5,-0.04999999999999999,1,1
Curaçao,Costa Rica,-31,-9,0.8,0.20000000000000007,-0.4,-55.06999999999991,49.84,0,1,0.3333333333333333,-5.2299999999999045,0.17265816793276123,59.25,0,0,7.542832580687822,-3.9251034290159854,11.467936009703807,1683.2,1716.2,-33.0,-79,-78,0,1.0571428571428572,0.9142857142857143,0.1428571428571429,0.7142857142857143,1.4,-0.6857142857142856,0.35,0.2,0.14999999999999997,0.5,0.4,0.09999999999999998,1,2
Saint Kitts and Nevis,Grenada,-23,-10,-0.6000000000000001,1.2000000000000002,0.6000000000000001,4.439999999999998,0.06,0.03,1,0.5333333333333333,4.529999999999998,0.020979020979020935,-5.580000000000001,0,0,-7.177974182176653,-6.932328112581845,-0.24564606959480795,1323.2,1338.4,-15.200000000000045,7,7,0,1.6857142857142857,1.0,0.6857142857142857,1.7142857142857142,1.9142857142857144,-0.20000000000000018,0.15,0.2,-0.05000000000000002,0.65,0.45,0.2,0,0
Belize,French Guiana,-67,-23,-0.40000000000000013,-0.7999999999999999,1.2000000000000002,-4.930000000000002,1.3900000000000001,0,1,0.0,-3.540000000000002,0.15291529152915295,1.6199999999999992,0,0,12.958605458331226,-7.210511879573429,20.169117337904655,1379.8,1396.0,-16.200000000000045,23,23,0,0.9714285714285714,1.2,-0.22857142857142854,1.3428571428571427,1.1714285714285715,0.17142857142857126,0.4,0.3,0.10000000000000003,0.45,0.35,0.10000000000000003,2,0
Bahamas,British Virgin Islands,81,12,1.0,0.5999999999999999,-1.0,-2.579999999999999,-0.08,-0.04,1,0.5555555555555556,-2.699999999999999,-0.13793103448275856,-0.04999999999999982,0,0,35.905450842638196,-8.09918282820453,44.00463367084272,1224.4,1280.0,-55.59999999999991,4,3,0,2.0,1.4,0.6000000000000001,2.588235294117647,2.2857142857142856,0.3025210084033616,0.15789473684210525,0.2,-0.04210526315789476,0.42105263157894735,0.6,-0.17894736842105263,3,0
Turks and Caicos Islands,Sint Maarten,-271,-49,0.19999999999999996,0.40000000000000013,1.4000000000000004,-14.180000000000001,1.05,0.16,1,1.0,-12.97,0.07756410256410262,-9.11,0,0,-7.468101688132601,-55.30745469658653,47.839353008453934,1381.4,1332.6,48.80000000000018,10,9,0,1.0666666666666667,1.3043478260869565,-0.2376811594202899,4.166666666666667,2.5217391304347827,1.6449275362318843,0.0,0.2222222222222222,-0.2222222222222222,0.3333333333333333,0.7777777777777778,-0.4444444444444445,3,2
United States,Canada,30,8,-1.5999999999999999,-0.3999999999999999,1.6,116.99,-7.75,-7.8,1,0.4,101.43999999999998,-0.08228003004424589,101.28999999999999,0,0,-25.72329195927349,6.570044376371559,-32.29333633564505,1725.0,1565.4,159.5999999999999,54,53,0,1.3714285714285714,1.7428571428571429,-0.37142857142857144,1.2857142857142858,0.8571428571428571,0.4285714285714287,0.35,0.35,0.0,0.3,0.4,-0.10000000000000003,4,1
Panama,Mexico,-96,-16,-1.7999999999999998,-1.6,1.2,-102.83000000000006,26.509999999999998,-11.719999999999999,1,0.06666666666666667,-88.04000000000005,-0.03653323380299223,-33.900000000000006,0,0,-57.44013685744147,44.57482897091204,-102.01496582835351,1674.2,1713.8,-39.59999999999991,-37,-36,0,0.6857142857142857,2.057142857142857,-1.3714285714285712,2.085714285714286,1.4857142857142858,0.6000000000000001,0.15,0.15,0.0,0.35,0.45,-0.10000000000000003,0,3
Antigua and Barbuda,Jamaica,-503,-217,-1.8,-2.1999999999999997,3.4,-181.02999999999997,-0.01,37.72,1,0.13333333333333333,-143.32,0.05407355218137877,-84.24,0,0,32.640258382759804,2.7420945323736006,29.898163850386204,1445.0,1395.2,49.799999999999955,-28,-28,0,1.2857142857142858,2.4571428571428573,-1.1714285714285715,2.3142857142857145,0.9714285714285714,1.342857142857143,0.2,0.3,-0.09999999999999998,0.55,0.4,0.15000000000000002,0,2
Guyana,Aruba,242,87,0.6,0.7999999999999999,-0.7999999999999998,65.78999999999999,-0.51,0,1,1.0,65.27999999999999,-0.006779210421374526,59.60999999999999,0,0,-31.745794101565583,-6.381956877514156,-25.363837224051426,1331.4,1495.0,-163.5999999999999,4,4,0,1.2,0.9428571428571428,0.2571428571428571,1.8285714285714285,2.4,-0.5714285714285714,0.2,0.1,0.1,0.45,0.45,0.0,4,2
Saint Vincent and the Grenadines,Nicaragua,-102,-100,0.20000000000000018,-0.3999999999999999,-0.8,-28.13000000000001,6.96,0,1,0.5555555555555556,-21.17000000000001,0.09172945759122364,48.51,0,0,11.80257698887061,-29.742179213452655,41.54475620232326,1443.8,1365.4,78.39999999999986,20,20,0,1.4285714285714286,1.2285714285714286,0.19999999999999996,2.0,1.8285714285714285,0.17142857142857149,0.2,0.15,0.05000000000000002,0.6,0.45,0.14999999999999997,1,0
Suriname,Dominica,349,179,1.8,1.8,-1.2,35.179999999999986,0.44999999999999996,-5.67,1,1.0,29.959999999999987,-0.0718836555732596,10.06,0,0,-26.095776068360898,-17.192299531626972,-8.903476536733926,1398.8,1520.0,-121.20000000000005,9,9,0,1.5714285714285714,0.7428571428571429,0.8285714285714285,1.2857142857142858,1.9714285714285715,-0.6857142857142857,0.35,0.15,0.19999999999999998,0.45,0.25,0.2,4,0
Saint Lucia,Dominican Republic,-217,-138,-1.2,-0.6,1.4000000000000001,-11.769999999999998,2.4699999999999998,1.24,1,0.0,-8.059999999999999,0.13311401172313841,-32.67,0,0,-29.9343853531025,13.84465846758144,-43.77904382068394,1382.6,1402.0,-19.40000000000009,1,1,0,0.6,1.5714285714285714,-0.9714285714285714,2.4857142857142858,1.0285714285714285,1.4571428571428573,0.1,0.5,-0.4,0.35,0.25,0.09999999999999998,1,0
El Salvador,Montserrat,200,75,1.2,0.6000000000000001,-1.0,59.90999999999999,-0.5900000000000001,0,1,1.0,59.319999999999986,0.0269736203977069,24.730000000000004,0,0,83.41493813374832,-1.629993476556665,85.04493161030499,1419.8,1495.4,-75.60000000000014,50,50,0,1.3428571428571427,0.9285714285714286,0.41428571428571415,1.0857142857142856,3.0357142857142856,-1.95,0.4,0.07692307692307693,0.3230769230769231,0.35,0.6153846153846154,-0.26538461538461544,1,0
Saint Martin,Barbados,144,41,-1.7999999999999998,-1.4,1.6,2.2699999999999996,0.43999999999999995,0,1,0.0,2.709999999999999,0.048450638829010684,2.42,0,0,-45.883774528993314,32.69381610578079,-78.57759063477411,1210.0,1189.2,20.799999999999955,-28,-28,0,1.8666666666666667,1.6571428571428573,0.20952380952380945,1.9,1.0857142857142856,0.8142857142857143,0.2,0.4,-0.2,0.6,0.35,0.25,1,0
Cayman Islands,United States Virgin Islands,157,23,1.2000000000000002,0.7999999999999999,-0.19999999999999973,-1.8999999999999984,0.019999999999999997,-0.03,1,1.0,-1.9099999999999984,-0.08280723905723908,-0.1599999999999997,0,0,29.587056907188813,1.3733692971716227,28.21368761001719,1299.6,1241.0,58.59999999999991,-2,-2,0,0.7714285714285715,0.4857142857142857,0.28571428571428575,2.257142857142857,3.2285714285714286,-0.9714285714285715,0.1,0.2,-0.1,0.4,0.3,0.10000000000000003,1,0
Guatemala,Puerto Rico,174,119,1.4000000000000001,3.2,-3.0,97.14999999999995,5.289999999999999,0,1,1.0,102.43999999999997,0.12641280859332726,165.6,0,0,-13.586415940869921,-33.99883844989644,20.41242250902652,1272.2,1425.2,-153.0,48,49,0,2.5142857142857142,0.8857142857142857,1.6285714285714286,1.2857142857142858,2.2857142857142856,-0.9999999999999998,0.55,0.3,0.25000000000000006,0.2,0.4,-0.2,5,0
Honduras,Trinidad and Tobago,105,22,2.0,-1.0,-1.4,193.79999999999998,-10.42,-10.42,1,0.8666666666666667,172.96,-0.09663358991004345,24.179999999999993,0,0,37.72575292682592,-42.94991059230954,80.67566351913547,1553.4,1626.6,-73.19999999999982,4,4,0,1.3428571428571427,1.7142857142857142,-0.37142857142857144,1.2571428571428571,1.457142857142857,-0.19999999999999996,0.3,0.2,0.09999999999999998,0.55,0.3,0.25000000000000006,4,0
Costa Rica,Haiti,-8,-2,0.6,0.0,-0.6000000000000001,76.22999999999996,-68.09,0,1,0.8666666666666667,8.139999999999958,-0.26158278908951216,11.409999999999997,0,0,8.809139306637547,-64.63718748702894,73.44632679366649,1706.6,1674.4,32.19999999999982,67,67,0,1.0,0.7142857142857143,0.2857142857142857,1.4,1.4,0.0,0.15,0.2,-0.05000000000000002,0.45,0.35,0.10000000000000003,1,1
Grenada,Belize,47,19,1.0000000000000002,0.19999999999999996,-1.4,0.13000000000000167,-0.06,-0.03,1,0.5,0.04000000000000181,-0.020979020979020935,-1.1399999999999988,0,0,-5.596493336280284,27.40198860635727,-32.998481942637554,1364.4,1373.8,-9.399999999999864,-4,-4,0,0.9714285714285714,1.0571428571428572,-0.08571428571428574,1.6285714285714286,1.2,0.4285714285714286,0.25,0.45,-0.2,0.4,0.4,0.0,3,2
French Guiana,Saint Kitts and Nevis,43,14,0.0,-0.3999999999999999,0.0,0.360000000000003,-1.3900000000000001,0,1,0.3333333333333333,-1.0299999999999976,-0.15291529152915295,5.1000000000000005,0,0,-13.78804672088102,-2.211891283503855,-11.576155437377166,1351.6,1360.2,-8.600000000000136,-26,-26,0,1.0285714285714285,1.3714285714285714,-0.34285714285714297,1.2857142857142858,1.542857142857143,-0.2571428571428571,0.3,0.2,0.09999999999999998,0.3,0.6,-0.3,3,1
Bonaire,Bahamas,167,29,-0.3999999999999999,0.0,1.3333333333333335,5.469999999999998,0.020000000000000004,0.0,1,0.0,5.489999999999998,0.1221581638202981,10.649999999999999,0,0,-6.728858301467724,45.90545084263819,-52.63430914410591,1072.0,1163.0,-91.0,-14,-14,0,3.0,2.142857142857143,0.8571428571428572,2.3333333333333335,2.3142857142857145,0.01904761904761898,0.0,0.2,-0.2,1.0,0.4,0.6,1,1
Guadeloupe,Turks and Caicos Islands,470,192,0.6000000000000001,0.19999999999999996,-2.4,45.95,0,0,1,1.0,45.95,0.0,68.06,0,0,-37.10788653879403,-6.756992665196726,-30.3508938735973,1347.0,1381.2,-34.200000000000045,-10,-10,0,1.8,1.1935483870967742,0.6064516129032258,1.3714285714285714,4.0,-2.6285714285714286,0.2,0.0,0.2,0.55,0.375,0.17500000000000004,10,0
Jamaica,Guyana,219,121,1.2,1.7999999999999998,-1.8,107.1,0.51,-37.91,1,1.0,69.7,-0.201140495606158,14.460000000000008,0,0,2.742094532373603,-40.488950891902135,43.231045424275734,1263.6,1307.4,-43.80000000000018,38,38,0,2.5428571428571427,1.457142857142857,1.0857142857142856,0.8857142857142857,1.8857142857142857,-1.0,0.35,0.2,0.14999999999999997,0.4,0.45,-0.04999999999999999,1,1
Aruba,Antigua and Barbuda,42,9,-1.2,-0.4,0.0,8.14,0.01,0.19,1,0.0,8.340000000000002,0.15384615384615374,10.17,0,0,-6.3166860391248285,33.136698001859166,-39.45338404098399,1504.8,1513.2,-8.400000000000091,-14,-14,0,0.9714285714285714,1.1714285714285715,-0.20000000000000007,2.5714285714285716,2.2285714285714286,0.34285714285714297,0.1,0.2,-0.1,0.45,0.5,-0.04999999999999999,2,3
Nicaragua,Suriname,-44,-22,-0.6000000000000001,-1.4,-0.20000000000000007,29.62000000000001,-7.5,5.67,1,0.6666666666666666,27.790000000000013,0.029435397184011225,9.02,0,0,-39.2480721526406,-29.057889206922894,-10.190182945717709,1336.2,1364.2,-28.0,-7,-7,0,1.1428571428571428,1.7714285714285714,-0.6285714285714286,1.6285714285714286,1.2285714285714286,0.3999999999999999,0.15,0.35,-0.19999999999999998,0.45,0.45,0.0,1,2
Dominica,Saint Vincent and the Grenadines,-203,-57,-2.2,-0.7999999999999999,2.1999999999999997,-36.66999999999999,0.09000000000000008,0,1,0.0,-36.57999999999999,-0.04928119920197527,-67.59,0,0,-8.639073889179151,36.08610071369065,-44.7251746028698,1524.2,1483.6,40.600000000000136,-22,-22,0,0.6857142857142857,1.3714285714285714,-0.6857142857142857,2.2,1.8,0.40000000000000013,0.15,0.25,-0.1,0.25,0.55,-0.30000000000000004,1,0
Cuba,United States,-442,-197,-0.5999999999999999,-2.1999999999999997,1.4,-121.7,8.0,7.8,1,0.0,-105.89999999999999,0.08621848974735813,-104.03999999999999,0,0,11.589079244755439,-24.023725687278894,35.61280493203434,1707.6,1754.2,-46.600000000000136,-71,-71,0,0.7142857142857143,1.6,-0.8857142857142858,2.0,1.2857142857142858,0.7142857142857142,0.35,0.3,0.04999999999999999,0.15,0.35,-0.19999999999999998,0,4
Mexico,Bermuda,501,216,1.0,1.6,-0.6000000000000001,200.56000000000003,-34.339999999999996,-1.79,1,1.0,164.43,0.037374899112187276,173.13,0,0,56.66404045008286,5.964826297786976,50.69921415229588,1695.6,1692.4,3.199999999999818,84,84,0,2.2285714285714286,1.3142857142857143,0.9142857142857144,1.3714285714285714,1.7142857142857142,-0.34285714285714275,0.2,0.4,-0.2,0.45,0.5,-0.04999999999999999,2,1
El Salvador,Dominican Republic,-63,-77,1.0,0.6000000000000001,-0.39999999999999997,42.599999999999994,2.3599999999999994,1.24,1,0.75,46.19999999999999,0.18543444956655675,-7.5,0,0,73.06721610354413,-11.66962140453003,84.73683750807416,1336.0,1323.4,12.599999999999909,40,40,0,1.3142857142857143,1.3714285714285714,-0.05714285714285716,1.0285714285714285,1.0,0.02857142857142847,0.45,0.45,0.0,0.3,0.25,0.04999999999999999,2,0
Saint Lucia,Montserrat,46,14,-0.19999999999999996,-0.19999999999999996,0.8,5.539999999999998,-0.48000000000000004,0,1,0.3333333333333333,5.059999999999999,-0.025346817445711434,-0.4399999999999995,0,0,-12.394460592817602,1.111941140657251,-13.506401733474853,1450.2,1459.4,-9.200000000000045,11,11,0,0.5428571428571428,0.8275862068965517,-0.2847290640394089,2.1714285714285713,2.7241379310344827,-0.5527093596059114,0.15,0.07142857142857142,0.07857142857142857,0.3,0.5714285714285714,-0.2714285714285714,0,1
Barbados,Cayman Islands,49,5,-0.5999999999999999,0.8000000000000003,-0.19999999999999996,12.34,-2.12,0.23,1,0.0,10.450000000000001,-0.004430648413456417,1.79,0,0,33.65673124936667,37.18990770569757,-3.5331764563308994,1187.4,1197.2,-9.799999999999955,15,15,0,1.5142857142857142,0.8571428571428571,0.6571428571428571,1.1428571428571428,1.9714285714285715,-0.8285714285714287,0.35,0.15,0.19999999999999998,0.35,0.4,-0.050000000000000044,3,0
United States Virgin Islands,Saint Martin,-350,-69,-0.6,-0.6,0.40000000000000013,-12.71,1.66,-0.2,1,1.0,-11.250000000000002,0.03878724864168481,-4.050000000000001,0,0,0.9802626272389635,-42.171562750747164,43.15182537798613,1231.2,1161.2,70.0,15,15,0,0.45714285714285713,1.7096774193548387,-1.2525345622119817,2.857142857142857,1.6774193548387097,1.1797235023041475,0.2,0.25,-0.04999999999999999,0.25,0.5625,-0.3125,1,2
Puerto Rico,Anguilla,430,99,0.8,0.0,-3.8,91.14,-18.4,0,1,1.0,72.74,-0.18611500399273928,26.950000000000003,0,0,-39.011818973175764,15.511308686628874,-54.523127659804636,1492.4,1522.6,-30.199999999999818,3,3,0,0.8285714285714286,0.4857142857142857,0.3428571428571429,2.5428571428571427,4.6571428571428575,-2.1142857142857148,0.25,0.1,0.15,0.4,0.3,0.10000000000000003,3,0
Germany,Spain,-188,-7,0.3999999999999999,-0.20000000000000018,0.19999999999999996,-82.1099999999999,8.96,-15.0,1,0.26666666666666666,-88.14999999999986,-0.010124845271631489,-89.29000000000008,0,0,4.51523792470571,-6.413401021334888,10.928638946040598,1604.2,1578.0,26.200000000000045,0,-2,0,2.7142857142857144,2.9714285714285715,-0.2571428571428571,1.0285714285714285,0.7428571428571429,0.2857142857142856,0.35,0.4,-0.050000000000000044,0.5,0.6,-0.09999999999999998,1,1
Ukraine,Switzerland,-157,-26,-0.19999999999999973,-0.8,0.6,-19.999999999999943,-0.2200000000000002,2.65,1,0.3333333333333333,-17.569999999999936,0.00883652173913052,-22.710000000000008,0,0,44.88362851534709,-8.778098260904216,53.66172677625131,1629.8,1460.6,169.20000000000005,-6,-6,0,1.7714285714285714,2.057142857142857,-0.2857142857142856,0.7428571428571429,0.9142857142857143,-0.17142857142857137,0.5,0.3,0.2,0.5,0.5,0.0,2,1
Russia,Serbia,45,6,-0.20000000000000018,1.0,-0.3999999999999999,3.69999999999996,-10.619999999999997,0,1,0.6,-6.920000000000044,-0.04076097613649243,-12.549999999999997,0,0,10.13357607995267,14.451576934378576,-4.318000854425906,1447.4,1519.4,-72.0,-4,7,0,2.7714285714285714,1.9142857142857144,0.857142857142857,0.9714285714285714,1.457142857142857,-0.48571428571428565,0.45,0.25,0.2,0.4,0.65,-0.25,3,1
Turkey,Hungary,187,40,1.6,1.0,-1.6,294.8900000000001,-50.010000000000005,2.14,1,0.5833333333333334,247.02000000000007,-0.053610604677677975,273.28,0,0,11.592205954312716,-29.410266434629406,41.002472388942124,1511.4,1692.2,-180.79999999999995,15,25,0,1.5142857142857142,1.0285714285714285,0.48571428571428577,0.5428571428571428,1.4857142857142858,-0.942857142857143,0.55,0.2,0.35000000000000003,0.35,0.5,-0.15000000000000002,0,1
Bulgaria,Republic of Ireland,-276,-159,-0.8,-0.9999999999999999,1.0,-178.29000000000002,-3.64,3.57,1,0.25,-178.36,-0.028769243891859086,-156.75,0,0,12.586491847384345,29.22921063535475,-16.642718787970406,1741.6,1697.8,43.799999999999955,-10,-18,0,0.7714285714285715,1.0857142857142856,-0.31428571428571417,1.7142857142857142,0.9714285714285714,0.7428571428571428,0.2,0.35,-0.14999999999999997,0.55,0.45,0.10000000000000003,1,1
Finland,Wales,-222,-119,-1.0000000000000002,0.40000000000000013,1.2000000000000002,-51.750000000000014,4.210000000000001,-4.2,1,0.5333333333333333,-51.74000000000001,-0.04622769114563352,-109.38,0,0,28.99371751681903,21.993972357071392,6.999745159747636,1489.4,1611.0,-121.59999999999991,-2,-2,0,1.4285714285714286,1.2857142857142858,0.1428571428571428,1.0,0.7428571428571429,0.2571428571428571,0.6,0.4,0.19999999999999996,0.2,0.4,-0.2,0,1
Moldova,Kosovo,-445,-216,-1.2,-0.4,0.6000000000000001,-167.20999999999998,5.1,1.27,1,0.5,-160.83999999999997,-0.11610032018129002,-112.57,0,0,-23.24558603022005,-19.85875235232445,-3.3868336778955985,1600.0,1590.6,9.400000000000091,40,82,0,0.4,1.5714285714285714,-1.1714285714285713,1.9428571428571428,1.2857142857142858,0.657142857142857,0.3,0.45,-0.15000000000000002,0.25,0.45,-0.2,1,1
Slovenia,Greece,-67,-25,-0.8,0.19999999999999996,0.6000000000000001,45.06,-25.94,18.88,1,0.3333333333333333,38.0,-0.00510708115014602,-30.370000000000005,0,0,-16.99051860312604,-56.92028672395725,39.929768120831206,1593.0,1437.4,155.5999999999999,-3,-9,0,1.3714285714285714,1.0,0.37142857142857144,1.2857142857142858,1.2857142857142858,0.0,0.2,0.3,-0.09999999999999998,0.55,0.35,0.20000000000000007,0,0
Latvia,Andorra,212,34,-0.20000000000000007,-0.19999999999999996,0.0,6.910000000000001,-0.43000000000000005,0.03,1,0.7333333333333333,6.51,0.00760994439593754,1.7099999999999995,0,0,-1.5088013479482434,15.221388343788382,-16.730189691736626,1670.8,1674.4,-3.6000000000001364,-2,3,0,0.34285714285714286,0.34285714285714286,0.0,2.2,1.7714285714285714,0.4285714285714288,0.15,0.3,-0.15,0.3,0.15,0.15,0,0
Faroe Islands,Malta,109,31,0.6,0.0,-0.20000000000000018,8.419999999999995,0.57,-0.07,1,0.4666666666666667,8.919999999999995,0.12241655118463934,1.0499999999999998,0,0,-23.38300488908093,-3.973830436519746,-19.40917445256118,1727.8,1749.6,-21.799999999999955,0,0,0,0.5142857142857142,0.37142857142857144,0.1428571428571428,2.4571428571428573,2.6,-0.1428571428571428,0.15,0.0,0.15,0.35,0.4,-0.050000000000000044,3,2
Italy,Bosnia and Herzegovina,273,65,1.8,2.2,-1.6,422.11,-119.04,0,1,1.0,303.07000000000005,-0.10314802777597054,402.23,0,0,27.393024233910825,-23.782240709726146,51.175264943636975,1415.2,1469.8,-54.59999999999991,14,34,0,2.9714285714285715,1.6857142857142857,1.2857142857142858,0.5428571428571428,1.3428571428571427,-0.7999999999999999,0.45,0.45,0.0,0.5,0.4,0.09999999999999998,1,1
Netherlands,Poland,235,37,0.0,0.7999999999999998,-0.19999999999999996,407.46000000000026,-3.71,3.47,1,1.0,407.22000000000025,0.009124737828035467,329.47999999999996,0,0,0.833607875841019,42.45603844918198,-41.622430573340964,1460.4,1585.6,-125.19999999999982,9,25,0,2.4,1.6285714285714286,0.7714285714285714,0.8285714285714286,0.7428571428571429,0.08571428571428574,0.35,0.45,-0.10000000000000003,0.55,0.35,0.20000000000000007,1,0
Norway,Austria,77,16,-0.19999999999999996,0.6000000000000001,0.20000000000000007,-149.63,5.3,-32.09,1,1.0,-176.42000000000007,-0.05320067504653392,-87.20999999999998,0,0,-19.203583689662207,-27.91797390663617,8.714390216973964,1625.8,1562.4,63.399999999999864,0,13,0,1.8,1.6,0.19999999999999996,0.8857142857142857,0.8285714285714286,0.05714285714285705,0.45,0.45,0.0,0.5,0.3,0.2,1,2
Romania,Northern Ireland,29,5,0.5999999999999999,0.0,-1.0,173.98000000000002,-12.0,-16.9,1,0.7777777777777778,145.08,-0.07389115573587535,161.85999999999999,0,0,11.471137176568266,42.23161971451566,-30.760482537947393,1684.6,1905.2,-220.60000000000014,2,12,0,1.5714285714285714,1.0857142857142856,0.48571428571428577,1.2571428571428571,1.542857142857143,-0.2857142857142858,0.45,0.4,0.04999999999999999,0.45,0.4,0.04999999999999999,1,1
Scotland,Israel,194,49,1.2000000000000002,0.8000000000000003,0.0,44.80000000000001,3.86,11.14,1,0.5,59.80000000000001,0.2271343945064348,24.27000000000001,0,0,-47.816086434142505,-11.845505036559288,-35.97058139758322,1449.4,1610.4,-161.0,-2,-2,0,1.5714285714285714,1.542857142857143,0.02857142857142847,1.8,1.6571428571428573,0.1428571428571428,0.25,0.2,0.04999999999999999,0.35,0.5,-0.15000000000000002,1,1
Slovakia,Czech Republic,-63,-25,-0.19999999999999996,-0.40000000000000013,0.0,111.57,-42.34,0,1,0.26666666666666666,69.22999999999999,-0.16097635160824275,85.35,0,0,25.45048496743839,-13.186632779261803,38.63711774670019,1688.6,1632.8,55.799999999999955,-1,-15,0,1.7428571428571429,1.4857142857142858,0.2571428571428571,1.2571428571428571,1.6,-0.34285714285714297,0.15,0.25,-0.1,0.65,0.5,0.15000000000000002,1,3
Lithuania,Kazakhstan,-134,-39,0.0,-0.4,1.2,-31.320000000000014,-1.38,0,1,0.3333333333333333,-32.70000000000002,-0.13565453769088553,-16.26,0,0,10.158080009147625,-5.050458500268839,15.208538509416464,1817.2,1523.6,293.60000000000014,0,-2,0,0.5428571428571428,1.3428571428571427,-0.7999999999999999,2.5714285714285716,1.542857142857143,1.0285714285714287,0.15,0.25,-0.1,0.4,0.5,-0.09999999999999998,0,2
Belarus,Albania,-155,-103,-1.2,-1.8,0.40000000000000013,-196.33000000000004,-3.4200000000000004,0,1,0.5333333333333333,-199.75000000000003,-0.06443104747550865,-95.66,0,0,-31.298720154765732,-19.319248185590855,-11.979471969174877,1676.0,1563.4,112.59999999999991,-2,-3,0,0.6571428571428571,1.3714285714285714,-0.7142857142857143,1.4285714285714286,1.5142857142857142,-0.08571428571428563,0.45,0.3,0.15000000000000002,0.2,0.25,-0.04999999999999999,0,2
Iceland,England,-474,-94,0.20000000000000018,-3.3999999999999995,-0.8,-1299.6100000000001,334.2,180.0,1,0.5,-785.4100000000002,0.36123126853820897,-753.2,-4,0,61.03133237206679,-20.96421546269777,81.99554783476457,1500.0,1599.6,-99.59999999999991,-19,-29,0,1.2285714285714286,3.2285714285714286,-2.0,1.0857142857142856,0.9428571428571428,0.1428571428571428,0.4,0.5,-0.09999999999999998,0.35,0.45,-0.10000000000000003,0,1
Denmark,Belgium,-21,-5,-0.7999999999999998,-2.6,-0.2,-295.0000000000001,-1.7999999999999998,8.16,1,0.3333333333333333,-288.6400000000002,-0.0023825744933222426,-242.65999999999997,0,0,1.8291646841063676,35.43867468318164,-33.60950999907527,1533.6,1432.6,101.0,-1,-5,0,2.257142857142857,3.6,-1.342857142857143,0.6571428571428571,0.5428571428571428,0.11428571428571432,0.55,0.55,0.0,0.4,0.4,0.0,0,2
Portugal,Croatia,69,8,0.19999999999999973,1.4,-0.20000000000000007,582.5199999999999,3.83,0,1,0.8333333333333334,586.3499999999999,0.01196837598825029,406.71,0,0,-2.2603632679510017,-19.887564560947233,17.627201292996233,1409.8,1607.4,-197.60000000000014,9,12,0,2.4,1.8285714285714285,0.5714285714285714,0.8,1.2571428571428571,-0.4571428571428571,0.4,0.15,0.25,0.6,0.8,-0.20000000000000007,4,1
Sweden,France,-356,-50,0.0,-0.19999999999999996,-0.2,-1047.08,127.86,125.0,1,0.4,-794.2199999999999,0.1981522443414655,-562.8199999999999,-2,0,40.359553496047866,-11.545797481777548,51.905350977825414,1621.0,1477.4,143.5999999999999,0,4,0,1.7428571428571429,2.085714285714286,-0.34285714285714297,0.6857142857142857,0.6,0.08571428571428574,0.5,0.5,0.0,0.35,0.4,-0.050000000000000044,0,1
Cyprus,Montenegro,-141,-51,0.3999999999999999,1.2000000000000002,0.3999999999999999,-48.269999999999996,3.06,9.39,1,0.3333333333333333,-35.81999999999999,0.20404421567059083,-60.25,0,0,12.936622195055925,20.393993746271217,-7.457371551215292,1544.8,1668.0,-123.20000000000005,20,41,0,1.2857142857142858,0.7142857142857143,0.5714285714285715,2.0,1.9428571428571428,0.05714285714285716,0.15,0.3,-0.15,0.5,0.35,0.15000000000000002,0,2
Azerbaijan,Luxembourg,-53,-19,0.8,0.20000000000000007,-1.4,-1.8999999999999977,-0.09,0.38,1,0.5555555555555556,-1.6099999999999977,0.037232878211617915,-4.300000000000001,0,0,7.927146648750047,-17.363621279398274,25.29076792814832,1693.4,1848.6,-155.19999999999982,-2,-2,0,0.9714285714285714,0.9428571428571428,0.02857142857142858,1.6857142857142857,2.0,-0.3142857142857143,0.25,0.25,0.0,0.5,0.35,0.15000000000000002,1,2
North Macedonia,Armenia,195,141,1.0,0.0,-2.2,61.67000000000001,0.41,-3.92,1,0.4666666666666667,58.16000000000001,0.13827589938215723,8.82,0,0,15.806760445087754,3.7909606940769933,12.01579975101076,1615.8,1512.6,103.20000000000005,-2,0,0,1.457142857142857,1.4,0.05714285714285716,1.0571428571428572,2.1714285714285713,-1.114285714285714,0.45,0.2,0.25,0.4,0.5,-0.09999999999999998,2,1
Estonia,Georgia,-303,-168,-0.8,-0.8,1.6,-113.65000000000002,1.1399999999999997,6.85,1,0.4666666666666667,-105.66000000000003,-0.04773586389405082,-139.77,0,0,-11.027515527839048,-10.74952568733176,-0.2779898405072885,1809.0,1674.8,134.20000000000005,4,6,0,0.37142857142857144,1.2285714285714286,-0.8571428571428572,2.3142857142857145,1.0857142857142856,1.2285714285714289,0.2,0.5,-0.3,0.25,0.3,-0.04999999999999999,0,1
Gibraltar,San Marino,182,9,0.0,0.39999999999999997,-1.4000000000000004,2.109999999999999,-0.48,0.0,1,0.5,1.629999999999999,-0.21238938053097356,2.86,0,0,-7.166332257746091,-5.642328023778903,-1.5240042339671875,1791.2,1629.2,162.0,-38,-70,0,0.42857142857142855,0.11428571428571428,0.3142857142857143,3.2857142857142856,4.742857142857143,-1.4571428571428573,0.1,0.0,0.1,0.2,0.1,0.1,1,0
Spain,Ukraine,413,41,-0.8,1.2,-0.20000000000000007,600.01,-12.95,0,1,0.8666666666666667,587.06,-0.007618947493037154,507.09000000000003,0,0,-15.385364566814198,53.398146956559046,-68.78351152337325,1690.2,1639.2,51.0,8,35,0,2.8,1.8571428571428572,0.9428571428571426,0.7142857142857143,0.7428571428571429,-0.02857142857142858,0.4,0.5,-0.09999999999999998,0.6,0.5,0.09999999999999998,4,0
Switzerland,Germany,-68,-8,-0.40000000000000013,-1.2000000000000002,0.0,-497.90000000000015,4.210000000000001,12.35,1,0.26666666666666666,-481.34000000000015,0.008907271025538122,-395.0899999999999,0,0,-26.881998291417162,14.835014821952434,-41.717013113369596,1593.8,1716.6,-122.79999999999995,-2,-27,0,1.9428571428571428,2.657142857142857,-0.7142857142857142,1.0571428571428572,1.0571428571428572,0.0,0.3,0.35,-0.04999999999999999,0.5,0.5,0.0,1,1
Hungary,Russia,-90,-20,-1.2,-3.0,0.3999999999999999,-79.17000000000004,38.4,-2.14,1,0.1111111111111111,-42.910000000000025,0.12215212706308753,62.41999999999999,0,0,-3.4898152025486837,26.74730823498511,-30.237123437533793,1736.6,1514.6,222.0,-7,-16,0,1.0285714285714285,2.8857142857142857,-1.8571428571428572,1.2857142857142858,0.9428571428571428,0.34285714285714297,0.25,0.45,-0.2,0.45,0.4,0.04999999999999999,2,3
Serbia,Turkey,-142,-26,0.3999999999999999,1.0,1.2000000000000002,-219.42,22.230000000000004,0,1,0.5,-197.19,-0.027780546248917126,-323.15,0,0,0.35806827051914425,-9.328870147456112,9.686938417975256,1600.4,1599.8,0.6000000000001364,-4,-16,0,1.7428571428571429,1.2857142857142858,0.4571428571428571,1.6285714285714286,0.5428571428571428,1.0857142857142859,0.25,0.55,-0.30000000000000004,0.65,0.3,0.35000000000000003,0,0
Wales,Bulgaria,282,165,1.2000000000000002,0.9999999999999999,-1.2000000000000002,43.06999999999999,-5.32,0,1,0.5833333333333334,37.749999999999986,-0.02708906895264207,68.94,0,0,20.27458744303701,18.505711179912463,1.7688762631245467,1612.6,1741.6,-129.0,0,3,0,1.2857142857142858,0.7714285714285715,0.5142857142857143,0.7142857142857143,1.6571428571428573,-0.942857142857143,0.45,0.2,0.25,0.35,0.55,-0.20000000000000007,1,0
Republic of Ireland,Finland,216,113,0.0,-0.6000000000000001,-0.3999999999999999,186.97000000000003,4.75,0.6300000000000003,1,1.0,192.35000000000005,0.10208600399013468,197.19,0,0,22.110607958798358,26.74927844242285,-4.638670483624491,1697.8,1459.6,238.20000000000005,12,17,0,1.0285714285714285,1.4,-0.37142857142857144,0.8857142857142857,0.9142857142857143,-0.02857142857142858,0.35,0.6,-0.25,0.45,0.2,0.25,0,1
Slovenia,Moldova,415,198,0.6000000000000001,0.20000000000000007,-0.8,166.51999999999995,-23.020000000000003,0,1,1.0,143.49999999999997,0.02545711815011542,110.59,0,0,-12.632653894349364,-14.157304837192648,1.5246509428432837,1623.8,1726.2,-102.40000000000009,10,17,0,1.2,0.45714285714285713,0.7428571428571429,1.1428571428571428,1.8285714285714285,-0.6857142857142857,0.25,0.3,-0.04999999999999999,0.5,0.25,0.25,1,0
Kosovo,Greece,-37,-7,-1.2,-0.19999999999999996,0.8,45.75000000000003,-8.02,17.61,1,0.5,55.34,0.08553612088102858,-28.390000000000015,0,0,-21.704897481752432,-54.47331305315805,32.76841557140562,1629.6,1589.2,40.399999999999864,-53,-108,0,1.5714285714285714,0.9142857142857143,0.6571428571428571,1.3428571428571427,1.1714285714285715,0.17142857142857126,0.4,0.35,0.050000000000000044,0.5,0.35,0.15000000000000002,1,2
Andorra,Faroe Islands,-321,-66,-0.19999999999999996,-0.20000000000000007,-1.2,-10.979999999999997,-0.04000000000000001,0.04000000000000001,1,0.16666666666666666,-10.979999999999997,-0.056082105632791035,-3.18,0,0,21.910165938636755,-3.3830048890809294,25.293170827717685,1519.8,1556.2,-36.40000000000009,2,2,0,0.34285714285714286,0.7428571428571429,-0.4,1.5142857142857142,2.4571428571428573,-0.9428571428571431,0.35,0.1,0.24999999999999997,0.15,0.4,-0.25,0,1
Malta,Latvia,0,1,-0.8,0.19999999999999996,2.0,-4.349999999999998,-0.09999999999999987,0,1,0.0,-4.4499999999999975,-0.07394438994778585,0.4200000000000008,0,0,-23.973830436519748,-3.544031285946791,-20.429799150572958,1706.4,1573.4,133.0,0,-5,0,0.4857142857142857,0.3142857142857143,0.17142857142857143,2.7714285714285714,2.0285714285714285,0.7428571428571429,0.0,0.2,-0.2,0.45,0.3,0.15000000000000002,1,1
Bosnia and Herzegovina,Poland,-132,-42,-1.0,-0.19999999999999996,0.5999999999999999,-144.67999999999995,-13.83,3.47,1,0.3333333333333333,-155.03999999999996,-0.14247007897580954,-178.87,0,0,-21.739293550466137,25.1276949249794,-46.86698847544554,1567.2,1609.4,-42.200000000000045,-6,-5,0,1.6285714285714286,1.4857142857142858,0.1428571428571428,1.2857142857142858,0.8285714285714286,0.4571428571428572,0.4,0.4,0.0,0.45,0.35,0.10000000000000003,1,2
Netherlands,Italy,94,14,0.0,-1.7999999999999998,0.0,130.0300000000002,129.16,0,1,0.2,259.19000000000017,0.25474284457981555,106.11999999999995,0,0,3.709151311539495,18.71943602570998,-15.010284714170487,1535.4,1434.8,100.60000000000014,1,-4,0,2.257142857142857,2.914285714285714,-0.657142857142857,0.8,0.5714285714285714,0.22857142857142865,0.4,0.45,-0.04999999999999999,0.55,0.5,0.050000000000000044,0,1
Northern Ireland,Norway,-323,-73,-0.6000000000000001,-0.6000000000000001,1.4,-469.47,-3.84,32.09,1,0.2,-441.21999999999997,-0.007314507904346401,-266.41,0,0,39.14074415730462,-27.350530640846547,66.49127479815117,1836.2,1650.8,185.4000000000001,2,-3,0,1.1142857142857143,1.7142857142857142,-0.5999999999999999,1.5714285714285714,0.9428571428571428,0.6285714285714286,0.35,0.45,-0.10000000000000003,0.45,0.5,-0.04999999999999999,1,5
Austria,Romania,217,52,1.4,0.6000000000000001,-1.0,445.12,10.54,16.9,1,0.5555555555555556,472.56000000000006,0.13440633868675567,191.76000000000002,0,0,-2.5173400136242137,18.050612177922957,-20.56795219154717,1601.0,1743.8,-142.79999999999995,-4,-22,0,1.6571428571428573,1.542857142857143,0.11428571428571432,0.8857142857142857,1.2571428571428571,-0.37142857142857144,0.4,0.45,-0.04999999999999999,0.35,0.45,-0.10000000000000003,2,3
Czech Republic,Scotland,-52,-7,-0.19999999999999996,-0.5999999999999999,0.0,39.09999999999995,0.86,0,1,0.4666666666666667,39.95999999999995,0.007654650645304795,43.56,0,0,-1.7947636952931072,-34.99740859283224,33.20264489753913,1677.0,1393.8,283.20000000000005,13,29,0,1.6571428571428573,1.6571428571428573,0.0,1.4857142857142858,1.6571428571428573,-0.17142857142857149,0.25,0.25,0.0,0.55,0.4,0.15000000000000002,1,2
Israel,Slovakia,-79,-17,-0.19999999999999996,0.0,0.0,-195.46999999999997,37.620000000000005,-11.14,1,0.0,-168.98999999999995,-0.07381269354349684,-153.18,0,0,-9.230787396592238,6.240167965166652,-15.47095536175889,1631.8,1694.2,-62.40000000000009,-10,-12,0,1.542857142857143,1.6571428571428573,-0.11428571428571432,1.6,1.457142857142857,0.14285714285714302,0.2,0.15,0.05000000000000002,0.55,0.65,-0.09999999999999998,1,1
Kazakhstan,Belarus,-63,-40,1.0,1.2,-0.3999999999999999,-8.969999999999985,2.9200000000000004,0,1,0.1111111111111111,-6.049999999999983,0.0530957493571681,-9.5,0,0,-16.61318418116457,-35.878809279213534,19.265625098048965,1420.6,1661.0,-240.4000000000001,0,0,0,1.3428571428571427,0.6285714285714286,0.7142857142857142,1.457142857142857,1.457142857142857,0.0,0.3,0.4,-0.10000000000000003,0.45,0.2,0.25,1,2
Albania,Lithuania,352,182,0.7999999999999999,1.2000000000000002,-1.4,236.62000000000003,1.88,0,1,0.5,238.50000000000003,0.1469898358092261,121.41999999999999,0,0,-9.847917481565606,10.770062948643401,-20.61798043020901,1549.2,1708.0,-158.79999999999995,2,5,0,1.3428571428571427,0.4857142857142857,0.857142857142857,1.3428571428571427,2.4285714285714284,-1.0857142857142856,0.35,0.15,0.19999999999999998,0.2,0.4,-0.2,0,1
Belgium,Iceland,321,78,1.0,3.8,0.0,447.1200000000001,-3.75,-8.16,1,1.0,435.2100000000002,-0.014922789276653803,422.21,0,0,36.93323912326274,47.433474113854146,-10.500234990591409,1445.2,1689.0,-243.79999999999995,13,20,0,3.4857142857142858,1.1428571428571428,2.342857142857143,0.45714285714285713,1.0,-0.5428571428571429,0.6,0.4,0.19999999999999996,0.35,0.35,0.0,5,1
Denmark,England,-174,-21,-0.3999999999999999,-1.4,0.19999999999999996,-1147.4900000000002,328.65,180.0,1,0.4,-638.8400000000003,0.3439259047682329,-573.65,-4,0,-3.742418667520334,-22.923578793033442,19.18116012551311,1578.8,1567.6,11.200000000000045,-7,-14,0,2.1714285714285713,3.0,-0.8285714285714287,0.7714285714285715,0.8285714285714286,-0.05714285714285716,0.5,0.55,-0.050000000000000044,0.4,0.4,0.0,0,0
France,Croatia,171,13,0.6000000000000001,-0.6000000000000001,-0.9999999999999999,854.4199999999998,-126.48,-125.0,1,0.6666666666666666,602.9399999999998,-0.20542218794489175,499.96,2,0,-10.249760710816927,-28.71886369699338,18.469102986176452,1603.2,1732.0,-128.79999999999995,-1,-3,0,1.9142857142857144,1.8,0.11428571428571432,0.6,1.5142857142857142,-0.9142857142857143,0.5,0.15,0.35,0.4,0.8,-0.4,4,2
Sweden,Portugal,-254,-45,0.0,-1.8000000000000003,-0.39999999999999997,-775.1799999999998,-2.45,0,1,0.3333333333333333,-777.6299999999999,-0.019238319591676545,-469.57,0,0,36.41431689967944,11.499293462305275,24.915023437374167,1604.0,1532.0,72.0,-10,-11,0,1.6285714285714286,2.5142857142857142,-0.8857142857142857,0.6857142857142857,0.7714285714285715,-0.08571428571428574,0.5,0.4,0.09999999999999998,0.35,0.6,-0.25,0,2
Luxembourg,Montenegro,-59,-26,-0.7999999999999999,0.0,0.8,-51.7,3.1500000000000004,9.01,1,0.0,-39.54,0.15253767410854502,-58.79,0,0,-6.451459351163894,27.234404789217486,-33.68586414038138,1766.0,1583.0,183.0,22,43,0,1.0571428571428572,0.8571428571428571,0.20000000000000007,1.8285714285714285,1.8285714285714285,0.0,0.25,0.3,-0.04999999999999999,0.4,0.35,0.050000000000000044,0,1
Cyprus,Azerbaijan,-29,-6,0.0,0.0,1.4000000000000001,5.330000000000001,0.0,0,1,0.5,5.330000000000002,0.014273663350427901,2.84,0,0,5.166471030537306,0.23246014771165946,4.934010882825646,1657.4,1593.2,64.20000000000005,0,0,0,1.0285714285714285,0.9714285714285714,0.05714285714285705,2.142857142857143,1.7428571428571429,0.3999999999999999,0.15,0.25,-0.1,0.5,0.5,0.0,0,1
Armenia,Estonia,29,11,0.0,0.6,1.2000000000000002,-2.1999999999999984,0.46,-0.68,1,0.2222222222222222,-2.419999999999998,-0.08648705053433414,0.3200000000000003,0,0,3.397081978884115,-10.079469963834676,13.47655194271879,1508.8,1747.6,-238.79999999999995,0,-2,0,1.3428571428571427,0.37142857142857144,0.9714285714285713,2.2285714285714286,2.1714285714285713,0.057142857142857384,0.15,0.2,-0.05000000000000002,0.55,0.25,0.30000000000000004,2,0
Georgia,North Macedonia,79,16,-0.40000000000000013,-0.19999999999999996,-0.19999999999999996,54.18000000000001,-2.01,-2.25,1,0.5,49.92000000000001,-0.004052984953772265,130.63,0,0,-3.904492096171971,17.31033607487089,-21.21482817104286,1573.2,1631.8,-58.59999999999991,-2,-4,0,1.2,1.3714285714285714,-0.17142857142857149,1.0285714285714285,1.1142857142857143,-0.08571428571428585,0.5,0.4,0.09999999999999998,0.3,0.45,-0.15000000000000002,1,1
San Marino,Liechtenstein,-33,-1,-0.4,-0.2,2.1999999999999997,-0.13999999999999999,0.02,0.02,1,0.3333333333333333,-0.09999999999999998,0.13793103448275867,-0.18,0,0,-9.216340617373325,14.349484267863616,-23.565824885236943,1581.2,1602.6,-21.399999999999864,-2,1,0,0.11428571428571428,0.42857142857142855,-0.3142857142857143,4.485714285714286,2.742857142857143,1.7428571428571429,0.0,0.05,-0.05,0.1,0.35,-0.24999999999999997,0,2
Spain,Switzerland,256,15,0.8000000000000003,1.4,-1.0,580.01,-13.17,2.65,1,0.16666666666666666,569.49,0.001217574246093367,484.38,0,0,-19.01051506798134,-25.67833136121564,6.667816293234299,1706.2,1654.0,52.200000000000045,2,29,0,2.8285714285714287,1.8285714285714285,1.0000000000000002,0.5714285714285714,1.0285714285714285,-0.4571428571428571,0.45,0.3,0.15000000000000002,0.55,0.5,0.050000000000000044,1,0
Ukraine,Germany,-225,-34,-0.40000000000000013,-1.8,1.5999999999999999,-517.9000000000001,3.99,15.0,1,0.16666666666666666,-498.9100000000001,0.017743792764668642,-417.79999999999995,0,0,36.18465645557024,0.08232453808238738,36.10233191748785,1833.0,1793.4,39.59999999999991,-8,-33,0,1.5714285714285714,2.657142857142857,-1.0857142857142856,1.6,1.2285714285714286,0.37142857142857144,0.45,0.35,0.10000000000000003,0.5,0.55,-0.050000000000000044,1,2
Luxembourg,Cyprus,82,25,0.6,0.4,-0.8,-3.4300000000000033,0.09,-0.38,1,0.5,-3.720000000000004,-0.051506541562045816,1.4600000000000009,0,0,-33.18043069879388,-3.626726424781975,-29.553704274011903,1478.0,1629.6,-151.5999999999999,2,2,0,1.0,0.9714285714285714,0.02857142857142858,1.7714285714285714,2.0285714285714285,-0.2571428571428571,0.15,0.1,0.04999999999999999,0.45,0.5,-0.04999999999999999,2,0
Montenegro,Azerbaijan,112,45,1.4,0.7999999999999999,0.20000000000000018,53.6,-3.06,-9.39,1,1.0,41.15,-0.18977055232016293,63.09,0,0,25.635478532638935,11.025735660794693,14.609742871844242,1492.2,1551.0,-58.799999999999955,-20,-41,0,0.9142857142857143,0.8857142857142857,0.02857142857142858,1.6285714285714286,1.6857142857142857,-0.05714285714285716,0.3,0.25,0.04999999999999999,0.35,0.5,-0.15000000000000002,2,0
Faroe Islands,Latvia,109,32,0.0,0.20000000000000007,2.0,4.069999999999997,0.4700000000000001,-0.07,1,0.5555555555555556,4.469999999999997,0.048472161236853495,1.4700000000000006,0,0,2.686002190326657,5.336696476725261,-2.650694286398604,1560.6,1459.8,100.79999999999995,0,-5,0,0.7142857142857143,0.42857142857142855,0.28571428571428575,2.4285714285714284,1.8285714285714285,0.5999999999999999,0.15,0.2,-0.05000000000000002,0.35,0.35,0.0,1,1
Andorra,Malta,-212,-35,-0.4,-0.6,-1.2000000000000002,-2.560000000000003,0.5299999999999999,-0.03,1,0.3333333333333333,-2.0600000000000027,0.06633444555184831,-2.1300000000000003,0,0,24.375579589927014,-17.791152790344277,42.16673238027129,1567.6,1557.0,10.599999999999909,2,2,0,0.37142857142857144,0.7142857142857143,-0.34285714285714286,1.6,2.4,-0.7999999999999998,0.25,0.05,0.2,0.2,0.45,-0.25,0,0
Liechtenstein,Gibraltar,-149,-8,0.6,0.0,-1.0,-1.9699999999999989,0.45999999999999996,-0.02,1,0.4444444444444444,-1.529999999999999,0.07445834604821489,-2.68,0,0,42.41752026792553,-2.384448483214607,44.80196875114014,1435.0,1506.4,-71.40000000000009,40,70,0,0.6571428571428571,0.5142857142857142,0.1428571428571429,2.4,2.9714285714285715,-0.5714285714285716,0.1,0.15,-0.04999999999999999,0.35,0.2,0.14999999999999997,0,1
Bosnia and Herzegovina,Netherlands,-367,-79,-0.3999999999999999,0.0,0.9999999999999999,-552.1400000000002,-10.120000000000001,0,1,0.5,-562.2600000000002,-0.151594816803845,-508.34999999999997,0,0,-19.658959784582983,-23.82216463616363,4.163204851580648,1581.2,1665.8,-84.59999999999991,-15,-29,0,1.6,1.8571428571428572,-0.2571428571428571,1.3428571428571427,0.7714285714285715,0.5714285714285713,0.3,0.35,-0.04999999999999999,0.55,0.5,0.050000000000000044,0,0
Poland,Italy,-141,-23,-0.20000000000000018,-1.6,0.7999999999999999,-277.43000000000006,132.87,-3.47,1,0.3333333333333333,-148.03000000000006,0.24561810675178009,-223.36,0,0,28.210587707119217,24.998227798058686,3.212359909060531,1652.4,1544.6,107.80000000000018,-8,-29,0,1.8285714285714285,2.9714285714285715,-1.142857142857143,0.8571428571428571,0.45714285714285713,0.39999999999999997,0.4,0.55,-0.15000000000000002,0.4,0.4,0.0,0,0
England,Belgium,153,16,0.0,-0.6000000000000001,-0.8,852.4900000000001,-330.45,-171.84,1,0.3333333333333333,350.20000000000005,-0.34630847926155517,330.99,4,0,-13.415630347681821,35.52047218003574,-48.93610252771756,1647.0,1654.4,-7.400000000000091,6,9,0,2.8,3.4857142857142858,-0.6857142857142859,0.6,0.5714285714285714,0.02857142857142858,0.6,0.6,0.0,0.35,0.4,-0.050000000000000044,2,1
Iceland,Denmark,-300,-73,0.19999999999999996,-1.2000000000000002,0.7999999999999999,-152.12,5.55,0,1,0.0,-146.57,0.017305363769976045,-179.55,0,0,35.76622148860579,5.044333522213799,30.72188796639199,1754.6,1606.6,148.0,-12,-14,0,1.1428571428571428,2.2285714285714286,-1.0857142857142859,1.3142857142857143,0.6285714285714286,0.6857142857142857,0.4,0.55,-0.15000000000000002,0.4,0.35,0.050000000000000044,0,3
Croatia,Sweden,185,37,0.0,1.2,1.4000000000000001,192.65999999999997,-1.38,0,1,0.75,191.27999999999997,0.007269943603426254,62.860000000000014,0,0,-14.41411410994737,43.719050004585235,-58.133164114532605,1840.2,1752.6,87.60000000000014,1,-1,0,1.8285714285714285,1.4857142857142858,0.34285714285714275,1.7428571428571429,0.7714285714285715,0.9714285714285714,0.15,0.45,-0.30000000000000004,0.8,0.35,0.45000000000000007,2,1
France,Portugal,102,5,0.3999999999999999,0.40000000000000036,0.6000000000000001,271.9,-130.31,-125.0,1,0.8,16.590000000000032,-0.21739056393314204,93.25,2,0,10.242989861339286,17.540766511246048,-7.297776649906762,1640.2,1677.8,-37.59999999999991,-10,-15,0,2.6,2.4,0.20000000000000018,0.7142857142857143,0.6285714285714286,0.08571428571428574,0.45,0.45,0.0,0.45,0.55,-0.10000000000000003,0,0
Norway,Romania,294,68,1.0,1.6,-1.2,295.49,15.84,-15.190000000000005,1,0.5,296.14,0.08120566364022175,104.55000000000004,0,0,-26.785335130567372,10.348867521729831,-37.134202652297205,1565.6,1758.4,-192.80000000000018,-4,-9,0,1.9142857142857144,1.4857142857142858,0.4285714285714286,0.9428571428571428,1.4285714285714286,-0.48571428571428577,0.4,0.4,0.0,0.55,0.5,0.050000000000000044,4,0
Northern Ireland,Austria,-246,-57,-1.2000000000000002,-0.8,1.2000000000000002,-619.1,1.46,0,1,0.08333333333333333,-617.6400000000001,-0.06051518295088032,-353.62,0,0,25.476037217550697,-0.3620308644590402,25.838068082009737,1797.8,1619.0,178.79999999999995,2,11,0,1.0,1.7142857142857142,-0.7142857142857142,1.8571428571428572,1.0571428571428572,0.8,0.3,0.35,-0.04999999999999999,0.5,0.4,0.09999999999999998,0,1
Scotland,Slovakia,115,32,1.2000000000000002,0.6000000000000001,-0.5999999999999999,-150.66999999999996,41.480000000000004,0,1,0.5,-109.18999999999994,0.15332170096293796,-128.91,0,0,-32.86966427648573,3.1440326132796454,-36.01369688976538,1522.4,1645.6,-123.19999999999982,-12,-14,0,1.5142857142857142,1.4285714285714286,0.08571428571428563,1.542857142857143,1.3428571428571427,0.20000000000000018,0.25,0.2,0.04999999999999999,0.45,0.6,-0.14999999999999997,1,0
Israel,Czech Republic,-142,-42,-1.2000000000000002,-1.0,-0.19999999999999996,-83.89999999999996,-4.72,-11.14,1,0.0,-99.75999999999996,-0.2347890451517396,-67.83000000000001,0,0,-20.90264961606057,-7.9257099906806285,-12.976939625379943,1698.8,1574.2,124.59999999999991,-11,-26,0,1.2857142857142858,1.6,-0.3142857142857143,1.4857142857142858,1.3714285714285714,0.11428571428571432,0.2,0.25,-0.04999999999999999,0.6,0.6,0.0,1,2
Serbia,Hungary,45,14,0.40000000000000013,0.20000000000000018,0.0,75.47000000000008,-27.78,2.14,1,0.5,49.83000000000007,-0.0813911509265951,-49.86999999999999,0,0,23.54812795979914,-24.670157890060416,48.218285849859555,1738.8,1735.0,3.7999999999999545,11,9,0,1.7428571428571429,1.2571428571428571,0.48571428571428577,1.457142857142857,1.4285714285714286,0.02857142857142847,0.25,0.25,0.0,0.65,0.5,0.15000000000000002,0,1
Russia,Turkey,-97,-20,0.6000000000000001,1.6,1.0,-215.72000000000003,11.610000000000007,0,1,0.6666666666666666,-204.11000000000004,-0.06854152238540956,-335.7,0,0,19.592842359011428,-32.95369205195275,52.54653441096418,1578.2,1602.8,-24.59999999999991,-8,-9,0,2.5714285714285716,1.3142857142857143,1.2571428571428573,1.1714285714285715,0.6857142857142857,0.48571428571428577,0.45,0.6,-0.14999999999999997,0.45,0.25,0.2,1,1
Republic of Ireland,Wales,-6,-6,-1.2,-0.19999999999999996,0.20000000000000007,135.22000000000003,8.96,-3.57,1,0.3333333333333333,140.61000000000004,0.05585831284450116,87.81,0,0,-6.643725375654977,16.974927910449544,-23.61865328610452,1622.0,1589.8,32.200000000000045,10,16,0,0.9714285714285714,1.0857142857142856,-0.11428571428571421,0.8,0.8285714285714286,-0.02857142857142858,0.4,0.45,-0.04999999999999999,0.45,0.35,0.10000000000000003,0,0
Finland,Bulgaria,60,46,0.3999999999999999,0.6,0.40000000000000013,-8.680000000000021,-1.1099999999999999,-4.2,1,0.0,-13.990000000000023,-0.07331676009827559,-40.440000000000005,0,0,18.54106783445955,8.066565148384317,10.474502686075233,1552.4,1729.8,-177.39999999999986,-2,0,0,1.2571428571428571,0.7714285714285715,0.48571428571428565,1.2285714285714286,1.7142857142857142,-0.48571428571428554,0.55,0.15,0.4,0.25,0.6,-0.35,2,0
Armenia,Georgia,-274,-157,-0.7999999999999999,0.0,2.2,-115.85000000000002,1.5999999999999999,6.17,1,0.16666666666666666,-108.08000000000001,-0.13422291442838497,-139.45,0,0,19.344346099661678,7.056752067603489,12.287594032058188,1593.0,1627.6,-34.59999999999991,4,3,0,1.4857142857142858,1.1142857142857143,0.37142857142857144,2.1142857142857143,1.0285714285714285,1.0857142857142859,0.2,0.45,-0.25,0.55,0.35,0.20000000000000007,2,2
Estonia,North Macedonia,-224,-152,-2.0,-1.2,1.4,-59.47000000000001,-0.87,4.6,1,0.1111111111111111,-55.74000000000001,-0.05178884884782309,-9.14,0,0,-30.489499532206498,36.20833922749149,-66.69783875969799,1590.2,1623.4,-33.200000000000045,2,1,0,0.37142857142857144,1.4857142857142858,-1.1142857142857143,2.342857142857143,1.1428571428571428,1.2000000000000002,0.2,0.3,-0.09999999999999998,0.25,0.55,-0.30000000000000004,3,3
Kosovo,Slovenia,30,18,-1.8,-1.0,1.4,0.6900000000000261,17.92,-1.27,1,0.5,17.340000000000003,0.0906432020311746,1.9799999999999898,0,0,-41.521328544602184,-1.7162021486181795,-39.805126395984004,1655.0,1374.6,280.4000000000001,-50,-98,0,1.4,1.5714285714285714,-0.17142857142857149,1.542857142857143,0.8571428571428571,0.6857142857142858,0.3,0.35,-0.04999999999999999,0.6,0.5,0.09999999999999998,0,1
Greece,Moldova,482,223,1.8,0.7999999999999999,-1.4000000000000001,121.45999999999997,2.92,-18.88,1,0.8333333333333334,105.49999999999997,0.03056419930026144,140.96,0,0,-40.19410444698869,-19.445120044542065,-20.748984402446624,1609.2,1694.2,-85.0,13,26,0,1.0571428571428572,0.4,0.6571428571428571,1.1428571428571428,2.085714285714286,-0.9428571428571431,0.3,0.25,0.04999999999999999,0.45,0.25,0.2,2,0
Kazakhstan,Albania,-218,-143,-0.19999999999999996,-0.20000000000000018,0.6000000000000001,-205.3,-0.5,0,1,0.0,-205.8,-0.011335298118340553,-105.16,0,0,-22.81228042136659,-28.305692952783424,5.493412531416833,1454.4,1426.8,27.600000000000136,-2,-3,0,1.3714285714285714,1.2571428571428571,0.11428571428571432,1.4,1.3714285714285714,0.02857142857142847,0.3,0.35,-0.04999999999999999,0.45,0.2,0.25,0,0
Lithuania,Belarus,-197,-79,1.2000000000000002,0.6,-0.19999999999999996,-40.29,1.5400000000000005,0,1,0.3333333333333333,-38.75,-0.08255878833371744,-25.76,0,0,35.460229371452684,-25.06565230512617,60.525881676578855,1605.6,1614.4,-8.800000000000182,0,-3,0,0.7428571428571429,0.6571428571428571,0.08571428571428574,2.342857142857143,1.4285714285714286,0.9142857142857144,0.15,0.35,-0.19999999999999998,0.45,0.2,0.25,2,2
Germany,Switzerland,68,8,1.0,0.8,0.0,497.90000000000015,-4.210000000000001,-12.35,1,0.6666666666666666,481.34000000000015,-0.008907271025538122,395.0899999999999,0,0,3.8304866073496964,-33.00750066584833,36.83798727319803,1844.8,1754.8,90.0,2,27,0,2.4857142857142858,1.8,0.6857142857142857,1.2571428571428571,1.0857142857142856,0.17142857142857149,0.35,0.3,0.04999999999999999,0.6,0.5,0.09999999999999998,3,3
Ukraine,Spain,-413,-41,-1.4000000000000001,-1.0000000000000002,3.0,-600.01,12.95,0,1,0.0,-587.06,0.007618947493037154,-507.09000000000003,0,0,29.45929021977071,-16.746680999537205,46.20597121930791,1956.8,1826.6,130.20000000000005,-8,-35,0,1.4857142857142858,2.6,-1.1142857142857143,1.7428571428571429,0.5428571428571428,1.2000000000000002,0.45,0.5,-0.04999999999999999,0.5,0.5,0.0,1,0
Azerbaijan,Cyprus,29,6,0.6,0.0,-1.0,-5.330000000000001,0.0,0,1,1.0,-5.330000000000002,-0.014273663350427901,-2.84,0,0,6.288612578919508,-10.166627033057988,16.455239611977497,1499.8,1550.6,-50.799999999999955,0,0,0,0.8571428571428571,0.9428571428571428,-0.08571428571428574,1.6571428571428573,2.0285714285714285,-0.3714285714285712,0.25,0.1,0.15,0.5,0.5,0.0,0,0
Montenegro,Luxembourg,59,26,1.4000000000000001,0.6000000000000001,-1.0,51.7,-3.1500000000000004,-9.01,1,1.0,39.54,-0.15253767410854502,58.79,0,0,35.782449094333145,-23.071811808106027,58.85426090243917,1355.2,1389.6,-34.399999999999864,-22,-43,0,1.0857142857142856,1.0,0.08571428571428563,1.2857142857142858,1.6571428571428573,-0.37142857142857144,0.35,0.15,0.19999999999999998,0.35,0.45,-0.10000000000000003,1,2
Latvia,Malta,0,-1,0.3999999999999999,-0.3999999999999999,-0.6,4.349999999999998,0.09999999999999987,0,1,0.7777777777777778,4.4499999999999975,0.07394438994778585,-0.4200000000000008,0,0,10.300528507178933,-20.56485913550676,30.865387642685697,1403.8,1343.0,60.799999999999955,0,5,0,0.4857142857142857,0.7142857142857143,-0.2285714285714286,1.6571428571428573,2.057142857142857,-0.3999999999999997,0.2,0.1,0.1,0.35,0.45,-0.10000000000000003,0,1
Faroe Islands,Andorra,321,66,0.9999999999999999,0.8,1.0,10.979999999999997,0.04000000000000001,-0.04000000000000001,1,0.7777777777777778,10.979999999999997,0.056082105632791035,3.18,0,0,0.656004237092902,29.88686549681668,-29.230861259723778,1436.8,1499.0,-62.200000000000045,-2,-2,0,0.7142857142857143,0.3142857142857143,0.4,2.342857142857143,1.4285714285714286,0.9142857142857144,0.1,0.25,-0.15,0.4,0.2,0.2,2,0
Liechtenstein,San Marino,33,1,1.2,0.6000000000000001,-1.4,0.13999999999999999,-0.02,-0.02,1,0.6666666666666666,0.09999999999999998,-0.13793103448275867,0.18,0,0,37.85633805691407,-18.257921684738943,56.114259741653015,1277.4,1369.8,-92.39999999999986,2,0,0,0.6571428571428571,0.08571428571428572,0.5714285714285714,2.2285714285714286,3.8857142857142857,-1.657142857142857,0.1,0.0,0.1,0.35,0.05,0.3,0,0
Italy,Netherlands,-94,-14,0.8000000000000003,2.2,0.0,-130.0300000000002,-129.16,0,1,0.7333333333333333,-259.19000000000017,-0.25474284457981555,-106.11999999999995,0,0,17.70894755169173,-21.952386598348152,39.66133415003988,1571.0,1665.4,-94.40000000000009,-1,4,0,2.8,1.8285714285714285,0.9714285714285713,0.4,0.7142857142857143,-0.3142857142857143,0.6,0.4,0.19999999999999996,0.35,0.45,-0.10000000000000003,1,1
Poland,Bosnia and Herzegovina,132,42,0.8,0.8,0.19999999999999996,144.67999999999995,13.83,-3.47,1,0.6666666666666666,155.03999999999996,0.14247007897580954,178.87,0,0,25.484667175026207,-8.376469110941843,33.86113628596805,1705.4,1600.0,105.40000000000009,6,4,0,1.6285714285714286,1.4857142857142858,0.1428571428571428,0.8285714285714286,1.1714285714285715,-0.34285714285714286,0.4,0.35,0.050000000000000044,0.4,0.5,-0.09999999999999998,3,0
Iceland,Belgium,-321,-78,-0.8,-2.2,1.0,-447.1200000000001,3.75,8.16,1,0.0,-435.2100000000002,0.014922789276653803,-422.21,0,0,40.374947902598706,22.031660517987167,18.34328738461154,1759.6,1699.8,59.799999999999955,-13,-19,0,1.0285714285714285,3.3142857142857145,-2.285714285714286,1.4,0.7142857142857143,0.6857142857142856,0.4,0.55,-0.15000000000000002,0.35,0.45,-0.10000000000000003,1,2
England,Denmark,174,21,1.0,0.3999999999999999,-0.39999999999999997,1147.4900000000002,-328.65,-180.0,1,0.4666666666666667,638.8400000000003,-0.3439259047682329,573.65,4,0,-3.9537227291082093,3.3631499374940494,-7.316872666602259,1731.0,1702.6,28.40000000000009,7,14,0,2.7714285714285714,2.142857142857143,0.6285714285714286,0.6285714285714286,0.5714285714285714,0.05714285714285716,0.6,0.6,0.0,0.4,0.3,0.10000000000000003,0,1
Portugal,Sweden,254,45,1.0000000000000002,0.8,-1.0,775.1799999999998,2.45,0,1,0.6666666666666666,777.6299999999999,0.019238319591676545,469.57,0,0,10.682771571218431,33.35489824637307,-22.672126675154637,1834.2,1878.2,-44.0,10,11,0,2.1714285714285713,1.4857142857142858,0.6857142857142855,0.5714285714285714,0.8857142857142857,-0.3142857142857143,0.5,0.45,0.04999999999999999,0.5,0.35,0.15000000000000002,3,0
Croatia,France,-171,-13,-0.8,-0.9999999999999998,1.6,-854.4199999999998,126.48,125.0,1,0.13333333333333333,-602.9399999999998,0.20542218794489175,-499.96,-2,0,5.318103715854553,7.320016047168885,-2.0019123313143314,1847.4,1779.6,67.80000000000018,1,3,0,1.8285714285714285,2.4285714285714284,-0.5999999999999999,1.6285714285714286,0.6857142857142857,0.9428571428571428,0.15,0.45,-0.30000000000000004,0.8,0.45,0.35000000000000003,1,2
Norway,Northern Ireland,323,73,1.4,1.8,-1.5999999999999999,469.47,3.84,-32.09,1,0.8,441.21999999999997,0.007314507904346401,266.41,0,0,-24.684368539427588,14.582623646213339,-39.26699218564093,1608.8,1774.0,-165.20000000000005,-2,3,0,2.057142857142857,0.9714285714285714,1.0857142857142854,0.9428571428571428,1.8571428571428572,-0.9142857142857144,0.4,0.3,0.10000000000000003,0.55,0.5,0.050000000000000044,1,0
Romania,Austria,-217,-52,-1.0,-0.3999999999999999,1.5999999999999999,-445.12,-10.54,-16.9,1,0.4166666666666667,-472.56000000000006,-0.13440633868675567,-191.76000000000002,0,0,4.570790962121335,0.003967843990412945,4.566823118130922,1798.8,1623.2,175.5999999999999,4,23,0,1.3142857142857143,1.6285714285714286,-0.3142857142857143,1.7142857142857142,0.9142857142857143,0.7999999999999999,0.35,0.4,-0.050000000000000044,0.5,0.4,0.09999999999999998,0,1
Scotland,Czech Republic,52,7,0.40000000000000013,-0.20000000000000018,-0.6,-39.09999999999995,-0.86,0,1,0.6666666666666666,-39.95999999999995,-0.007654650645304795,-43.56,0,0,-18.435506601161308,-5.062848999062044,-13.372657602099263,1594.8,1550.8,44.0,-13,-28,0,1.542857142857143,1.6,-0.05714285714285716,1.4,1.4285714285714286,-0.028571428571428692,0.3,0.2,0.09999999999999998,0.45,0.65,-0.2,1,0
Slovakia,Israel,79,17,0.4,0.20000000000000007,0.0,195.46999999999997,-37.620000000000005,11.14,1,0.6666666666666666,168.98999999999995,0.07381269354349684,153.18,0,0,-6.225955943162515,-20.4537029039379,14.227746960775384,1624.4,1702.4,-78.0,10,12,0,1.2285714285714286,1.3142857142857143,-0.08571428571428563,1.2571428571428571,1.4285714285714286,-0.17142857142857149,0.2,0.2,0.0,0.55,0.6,-0.04999999999999993,2,3
Russia,Hungary,90,20,0.19999999999999996,1.2000000000000002,0.0,79.17000000000004,-38.4,2.14,1,0.8333333333333334,42.910000000000025,-0.12215212706308753,-62.41999999999999,0,0,21.1715630461202,-23.439712076748208,44.611275122868406,1582.8,1708.8,-126.0,7,15,0,2.5428571428571427,1.2571428571428571,1.2857142857142856,1.0857142857142856,1.3142857142857143,-0.22857142857142865,0.45,0.3,0.15000000000000002,0.45,0.45,0.0,0,0
Turkey,Serbia,142,26,0.19999999999999996,0.19999999999999996,-0.3999999999999999,219.42,-22.230000000000004,0,1,0.3333333333333333,197.19,0.027780546248917126,323.15,0,0,-18.101131021473357,11.007170325912973,-29.10830134738633,1652.2,1801.8,-149.5999999999999,4,15,0,1.2857142857142858,1.542857142857143,-0.2571428571428571,0.6571428571428571,1.4,-0.7428571428571428,0.6,0.25,0.35,0.25,0.65,-0.4,2,2
Finland,Republic of Ireland,-216,-113,0.3999999999999999,0.6,1.0,-186.97000000000003,-4.75,-0.6300000000000003,1,0.3333333333333333,-192.35000000000005,-0.10208600399013468,-197.19,0,0,26.090397293598407,-6.98075310872497,33.071150402323376,1653.6,1622.0,31.59999999999991,-12,-18,0,1.2571428571428571,0.7714285714285715,0.48571428571428565,1.2285714285714286,0.7428571428571429,0.48571428571428577,0.55,0.45,0.10000000000000003,0.25,0.4,-0.15000000000000002,1,0
Bulgaria,Wales,-282,-165,-1.2,-0.20000000000000007,0.7999999999999999,-43.06999999999999,5.32,0,1,0.26666666666666666,-37.749999999999986,0.02708906895264207,-68.94,0,0,3.0556702109795655,26.859815185524113,-23.80414497454455,1661.2,1662.6,-1.3999999999998636,0,-2,0,0.6571428571428571,1.0285714285714285,-0.37142857142857133,1.7428571428571429,0.8,0.9428571428571428,0.15,0.45,-0.30000000000000004,0.55,0.35,0.20000000000000007,0,1
North Macedonia,Georgia,-79,-16,0.6000000000000001,0.6000000000000001,0.19999999999999996,-54.18000000000001,2.01,2.25,1,0.3333333333333333,-49.92000000000001,0.004052984953772265,-130.63,0,0,34.06677297130055,5.181173841464191,28.88559912983636,1525.2,1523.2,2.0,2,4,0,1.6571428571428573,1.2571428571428571,0.40000000000000013,1.2,1.0,0.19999999999999996,0.3,0.45,-0.15000000000000002,0.55,0.4,0.15000000000000002,1,1
Estonia,Armenia,-29,-11,-0.6000000000000001,-0.3999999999999999,0.0,2.1999999999999984,-0.46,0.68,1,0.4166666666666667,2.419999999999998,0.08648705053433414,-0.3200000000000003,0,0,-24.257122663680946,24.52553330756907,-48.782655971250016,1556.2,1624.6,-68.39999999999986,0,2,0,0.6285714285714286,1.542857142857143,-0.9142857142857144,2.3142857142857145,2.1714285714285713,0.14285714285714324,0.2,0.2,0.0,0.3,0.55,-0.25000000000000006,1,1
Greece,Kosovo,37,7,1.8,0.7999999999999999,-0.5999999999999999,-45.75000000000003,8.02,-17.61,1,1.0,-55.34,-0.08553612088102858,28.390000000000015,0,0,-21.079684996862838,-63.100976923948465,42.02129192708563,1588.0,1586.2,1.7999999999999545,53,107,0,1.1142857142857143,1.3428571428571427,-0.22857142857142843,1.0571428571428572,1.4857142857142858,-0.4285714285714286,0.3,0.25,0.04999999999999999,0.45,0.6,-0.14999999999999997,0,0
Moldova,Slovenia,-415,-198,-1.8,-1.4000000000000001,1.6,-166.51999999999995,23.020000000000003,0,1,0.0,-143.49999999999997,-0.02545711815011542,-110.59,0,0,-17.371658134550415,7.219536458865651,-24.591194593416066,1733.6,1458.4,275.1999999999998,-10,-17,0,0.37142857142857144,1.4285714285714286,-1.0571428571428572,2.1142857142857143,0.8571428571428571,1.2571428571428571,0.2,0.35,-0.14999999999999997,0.25,0.5,-0.25,0,4
Lithuania,Albania,-352,-182,1.0,0.5999999999999999,0.0,-236.62000000000003,-1.88,0,1,0.6666666666666666,-238.50000000000003,-0.1469898358092261,-121.41999999999999,0,0,41.844789086431476,-21.496979595385458,63.34176868181693,1509.0,1457.0,52.0,-2,-5,0,0.8857142857142857,1.1428571428571428,-0.2571428571428571,2.1142857142857143,1.2571428571428571,0.8571428571428572,0.15,0.4,-0.25,0.5,0.2,0.3,0,0
Belarus,Kazakhstan,63,40,-0.5999999999999999,-0.5999999999999999,0.40000000000000013,8.969999999999985,-2.9200000000000004,0,1,0.8333333333333334,6.049999999999983,-0.0530957493571681,9.5,0,0,-23.209356749704675,-15.89104103103881,-7.318315718665865,1478.6,1407.0,71.59999999999991,0,1,0,0.8285714285714286,1.2857142857142858,-0.4571428571428572,1.4,1.2571428571428571,0.1428571428571428,0.35,0.3,0.04999999999999999,0.25,0.45,-0.2,2,0
Portugal,France,-102,-5,0.20000000000000018,-0.20000000000000018,-1.2,-271.9,130.31,125.0,1,0.26666666666666666,-16.590000000000032,0.21739056393314204,-93.25,-2,0,9.579525546205167,-8.163483668886506,17.743009215091675,1734.6,1787.2,-52.600000000000136,10,15,0,2.5428571428571427,2.2,0.3428571428571425,0.42857142857142855,0.8285714285714286,-0.4000000000000001,0.55,0.45,0.10000000000000003,0.45,0.4,0.04999999999999999,0,1
Sweden,Croatia,-185,-37,-0.7999999999999999,-1.4,-0.20000000000000018,-192.65999999999997,1.38,0,1,0.2,-191.27999999999997,-0.007269943603426254,-62.860000000000014,0,0,13.267002814846826,4.737049824087746,8.52995299075908,1885.8,1917.6,-31.799999999999955,-1,1,0,1.2285714285714286,1.9142857142857144,-0.6857142857142857,1.2571428571428571,1.6857142857142857,-0.4285714285714286,0.35,0.15,0.19999999999999998,0.35,0.85,-0.5,2,1
Germany,Ukraine,225,34,1.2000000000000002,1.4,-1.4,517.9000000000001,-3.99,-15.0,1,0.7333333333333333,498.9100000000001,-0.017743792764668642,417.79999999999995,0,0,14.355775010282784,32.78483335060929,-18.429058340326506,1823.2,2001.0,-177.79999999999995,8,33,0,2.4571428571428573,1.2285714285714286,1.2285714285714286,1.3142857142857143,1.7428571428571429,-0.4285714285714286,0.35,0.45,-0.10000000000000003,0.6,0.45,0.14999999999999997,3,1
Switzerland,Spain,-256,-15,-1.2000000000000002,0.0,1.4,-580.01,13.17,-2.65,1,0.4444444444444444,-569.49,-0.001217574246093367,-484.38,0,0,-36.899298846592316,-41.33353750494531,4.434238658352996,1960.0,1848.8,111.20000000000005,-2,-29,0,1.6285714285714286,2.1142857142857143,-0.48571428571428577,1.3714285714285714,0.6285714285714286,0.7428571428571429,0.25,0.45,-0.2,0.6,0.5,0.09999999999999998,1,1
Azerbaijan,Montenegro,-112,-45,-0.6000000000000001,-0.6,0.20000000000000007,-53.6,3.06,9.39,1,0.0,-41.15,0.18977055232016293,-63.09,0,0,17.681558662014368,10.087579322819213,7.593979339195155,1421.6,1359.0,62.59999999999991,20,41,0,0.7142857142857143,0.9428571428571428,-0.22857142857142854,1.3142857142857143,1.3428571428571427,-0.02857142857142847,0.3,0.3,0.0,0.45,0.4,0.04999999999999999,0,0
Cyprus,Luxembourg,-82,-25,-1.0,-0.6,0.0,3.4300000000000033,-0.09,0.38,1,0.0,3.720000000000004,0.051506541562045816,-1.4600000000000009,0,0,-15.408423386406767,-5.706479796557983,-9.701943589848785,1503.4,1386.2,117.20000000000005,-2,-2,0,0.8,1.0,-0.19999999999999996,1.8571428571428572,1.7714285714285714,0.08571428571428585,0.15,0.1,0.04999999999999999,0.5,0.5,0.0,2,1
Malta,Andorra,212,35,2.0,1.2,-2.1999999999999997,2.560000000000003,-0.5299999999999999,0.03,1,0.3333333333333333,2.0600000000000027,-0.06633444555184831,2.1300000000000003,0,0,-5.220182424091238,27.291528667600197,-32.51171109169144,1123.4,1534.4,-411.0,-2,-2,0,0.9142857142857143,0.2857142857142857,0.6285714285714286,1.7142857142857142,2.0,-0.2857142857142858,0.2,0.2,0.0,0.35,0.15,0.19999999999999998,3,1
Latvia,Faroe Islands,-109,-32,-0.19999999999999996,0.19999999999999996,-0.5999999999999999,-4.069999999999997,-0.4700000000000001,0.07,1,0.25,-4.469999999999997,-0.048472161236853495,-1.4700000000000006,0,0,6.343503525520027,-6.72479694094588,13.068300466465907,1257.2,1309.2,-52.0,0,5,0,0.7142857142857143,0.8,-0.08571428571428574,1.4857142857142858,2.057142857142857,-0.5714285714285712,0.2,0.15,0.05000000000000002,0.35,0.4,-0.050000000000000044,1,1
San Marino,Gibraltar,-182,-9,-1.0,-0.6,-0.20000000000000018,-2.109999999999999,0.48,0.0,1,0.0,-1.629999999999999,0.21238938053097356,-2.86,0,0,-18.1177486971029,2.515373846080879,-20.63312254318378,1169.6,1277.0,-107.40000000000009,38,71,0,0.05714285714285714,0.5142857142857142,-0.4571428571428571,3.4,2.7142857142857144,0.6857142857142855,0.05,0.15,-0.09999999999999999,0.05,0.2,-0.15000000000000002,0,0
Netherlands,Bosnia and Herzegovina,367,79,0.19999999999999996,0.0,-0.8,552.1400000000002,10.120000000000001,0,1,0.3333333333333333,562.2600000000002,0.151594816803845,508.34999999999997,0,0,-30.300926076300293,-2.8196125601007074,-27.481313516199585,1855.0,1763.2,91.79999999999995,15,29,0,1.5142857142857142,1.0857142857142856,0.4285714285714286,0.7428571428571429,1.4285714285714286,-0.6857142857142857,0.4,0.3,0.10000000000000003,0.45,0.45,0.0,3,1
Italy,Poland,141,23,-0.3999999999999999,0.0,-0.2,277.43000000000006,-132.87,3.47,1,0.5333333333333333,148.03000000000006,-0.24561810675178009,223.36,0,0,18.069613601864848,50.24550601029027,-32.175892408425426,1638.6,1643.2,-4.600000000000136,8,29,0,2.7714285714285714,1.9142857142857144,0.857142857142857,0.3142857142857143,0.6285714285714286,-0.3142857142857143,0.65,0.5,0.15000000000000002,0.35,0.3,0.04999999999999999,2,0
Belgium,England,-153,-16,0.0,0.6000000000000001,0.7999999999999999,-852.4900000000001,330.45,171.84,1,0.5,-350.20000000000005,0.34630847926155517,-330.99,-4,0,27.688774064551822,-19.30086435154489,46.98963841609671,1756.4,1789.6,-33.19999999999982,-6,-9,0,3.0,2.5714285714285716,0.4285714285714284,0.8571428571428571,0.5714285714285714,0.2857142857142857,0.45,0.6,-0.14999999999999997,0.55,0.35,0.20000000000000007,2,0
Denmark,Iceland,300,73,2.0,1.0,-2.6,152.12,-5.55,0,1,1.0,146.57,-0.017305363769976045,179.55,0,0,29.194260259570143,31.62704816813665,-2.4327879085665067,1734.2,1776.0,-41.799999999999955,12,13,0,2.142857142857143,1.0571428571428572,1.0857142857142856,0.4,1.5714285714285714,-1.1714285714285713,0.65,0.4,0.25,0.3,0.4,-0.10000000000000003,2,1
Austria,Northern Ireland,246,57,2.1999999999999997,1.2000000000000002,-1.2,619.1,-1.46,0,1,0.8666666666666667,617.6400000000001,0.06051518295088032,353.62,0,0,8.299016116114677,1.4561047536842553,6.842911362430422,1584.6,1775.0,-190.4000000000001,-2,-12,0,1.6857142857142857,0.8571428571428571,0.8285714285714286,0.8285714285714286,1.8,-0.9714285714285714,0.45,0.25,0.2,0.4,0.5,-0.09999999999999998,2,1
Romania,Norway,-294,-68,-0.6000000000000001,-0.5999999999999999,1.4,-295.49,-15.84,15.190000000000005,1,0.2,-296.14,-0.08120566364022175,-104.55000000000004,0,0,4.582989517999016,-22.540065834768004,27.123055352767018,1714.0,1668.0,46.0,4,9,0,1.6,1.9714285714285715,-0.37142857142857144,1.7714285714285714,0.9142857142857143,0.8571428571428571,0.3,0.4,-0.10000000000000003,0.5,0.55,-0.050000000000000044,3,0
Slovakia,Scotland,-115,-32,-1.2000000000000002,0.0,0.7999999999999999,150.66999999999996,-41.480000000000004,0,1,0.3333333333333333,109.18999999999994,-0.15332170096293796,128.91,0,0,-17.486488259344238,6.415476135576874,-23.901964394921112,1645.6,1690.4,-44.80000000000018,12,14,0,1.3428571428571427,1.5142857142857142,-0.17142857142857149,1.3428571428571427,1.1428571428571428,0.19999999999999996,0.15,0.3,-0.15,0.65,0.5,0.15000000000000002,1,0
Czech Republic,Israel,142,42,0.0,-0.19999999999999996,0.0,83.89999999999996,4.72,11.14,1,1.0,99.75999999999996,0.2347890451517396,67.83000000000001,0,0,-10.40237502136847,-7.442731047173181,-2.9596439741952896,1680.6,1723.6,-43.0,11,26,0,1.3428571428571427,1.542857142857143,-0.20000000000000018,1.2857142857142858,1.5142857142857142,-0.22857142857142843,0.2,0.2,0.0,0.55,0.65,-0.09999999999999998,1,0
Turkey,Russia,97,20,-0.19999999999999996,0.8,0.8,215.72000000000003,-11.610000000000007,0,1,0.2,204.11000000000004,0.06854152238540956,335.7,0,0,-22.706726829176972,-2.1882384134575013,-20.51848841571947,1824.0,1649.2,174.79999999999995,8,9,0,1.5142857142857142,2.0285714285714285,-0.5142857142857142,1.0,0.9714285714285714,0.02857142857142858,0.55,0.55,0.0,0.35,0.35,0.0,3,2
Hungary,Serbia,-45,-14,0.8,0.6000000000000001,0.0,-75.47000000000008,27.78,-2.14,1,1.0,-49.83000000000007,0.0813911509265951,49.86999999999999,0,0,12.136050344913802,18.246666790641044,-6.110616445727242,1657.6,1831.4,-173.80000000000018,-11,-9,0,1.2857142857142858,1.4857142857142858,-0.19999999999999996,1.1714285714285715,1.3142857142857143,-0.1428571428571428,0.35,0.2,0.14999999999999997,0.45,0.7,-0.24999999999999994,1,1
Wales,Republic of Ireland,6,6,1.2000000000000002,0.4,-0.4,-135.22000000000003,-8.96,3.57,1,0.5333333333333333,-140.61000000000004,-0.05585831284450116,-87.81,0,0,27.79830826633088,-33.5991781192104,61.397486385541285,1680.2,1668.8,11.400000000000091,-10,-16,0,0.8285714285714286,0.5428571428571428,0.2857142857142858,0.6857142857142857,0.8285714285714286,-0.1428571428571429,0.55,0.45,0.10000000000000003,0.3,0.3,0.0,1,0
Bulgaria,Finland,-60,-46,-1.7999999999999998,-0.5999999999999999,0.3999999999999999,8.680000000000021,1.1099999999999999,4.2,1,0.5,13.990000000000023,0.07331676009827559,40.440000000000005,0,0,6.046091143260281,46.68867993847895,-40.64258879521867,1529.4,1715.8,-186.39999999999986,2,0,0,0.7428571428571429,1.3428571428571427,-0.5999999999999999,1.5714285714285714,1.0857142857142856,0.48571428571428577,0.15,0.55,-0.4,0.5,0.25,0.25,1,2
North Macedonia,Estonia,224,152,1.4,0.6000000000000001,-1.4000000000000001,59.47000000000001,0.87,-4.6,1,0.6666666666666666,55.74000000000001,0.05178884884782309,9.14,0,0,44.35468763002657,-17.57104906743602,61.92573669746259,1590.4,1482.6,107.80000000000018,-2,0,0,1.542857142857143,0.6,0.942857142857143,1.2285714285714286,2.2857142857142856,-1.057142857142857,0.25,0.2,0.04999999999999999,0.6,0.3,0.3,2,1
Georgia,Armenia,274,157,0.19999999999999996,-0.3999999999999999,-1.7999999999999998,115.85000000000002,-1.5999999999999999,-6.17,1,0.5555555555555556,108.08000000000001,0.13422291442838497,139.45,0,0,-20.131933567126683,5.752588725728343,-25.884522292855024,1502.6,1543.6,-41.0,-4,-2,0,1.1428571428571428,1.542857142857143,-0.40000000000000013,1.0571428571428572,2.1714285714285713,-1.114285714285714,0.35,0.15,0.19999999999999998,0.45,0.6,-0.14999999999999997,1,2
Slovenia,Kosovo,-30,-18,2.4,1.4,-1.4,-0.6900000000000261,-17.92,1.27,1,1.0,-17.340000000000003,-0.0906432020311746,-1.9799999999999898,0,0,-17.245031085159734,-71.86458770163581,54.619556616476075,1286.4,1667.8,-381.39999999999986,50,98,0,1.5142857142857142,1.1428571428571428,0.37142857142857144,0.6,1.4285714285714286,-0.8285714285714286,0.45,0.25,0.2,0.4,0.6,-0.19999999999999996,2,1
Moldova,Greece,-482,-223,-1.8,-1.4,1.8,-121.45999999999997,-2.92,18.88,1,0.06666666666666667,-105.49999999999997,-0.03056419930026144,-140.96,0,0,5.470135622838248,5.525696124022268,-0.05556050118402034,1745.4,1558.6,186.80000000000018,-13,-26,0,0.2857142857142857,1.1428571428571428,-0.8571428571428571,2.257142857142857,1.0,1.2571428571428571,0.15,0.3,-0.15,0.25,0.45,-0.2,0,2
Albania,Kazakhstan,218,143,0.6000000000000001,0.20000000000000007,-0.4,205.3,0.5,0,1,0.7777777777777778,205.8,0.011335298118340553,105.16,0,0,-17.597596028874513,-21.047259258956203,3.44966323008169,1426.8,1458.0,-31.200000000000045,2,3,0,1.1142857142857143,1.0,0.11428571428571432,1.0,1.2,-0.19999999999999996,0.4,0.35,0.050000000000000044,0.2,0.4,-0.2,3,1
Belarus,Lithuania,197,79,-0.8000000000000003,0.19999999999999996,1.0,40.29,-1.5400000000000005,0,1,0.5333333333333333,38.75,0.08255878833371744,25.76,0,0,-23.29838047917262,64.5436591717003,-87.84203965087292,1468.0,1490.8,-22.799999999999955,0,3,0,1.0571428571428572,1.0,0.05714285714285716,1.6571428571428573,1.8285714285714285,-0.17142857142857126,0.3,0.2,0.09999999999999998,0.3,0.55,-0.25000000000000006,2,0
Croatia,Portugal,-69,-8,-0.20000000000000018,-0.19999999999999996,1.6,-582.5199999999999,-3.83,0,1,0.06666666666666667,-586.3499999999999,-0.01196837598825029,-406.71,0,0,-15.241032478758116,1.7093395560684481,-16.950372034826565,1846.4,1805.8,40.600000000000136,-9,-12,0,1.8571428571428572,2.3142857142857145,-0.4571428571428573,1.7428571428571429,0.45714285714285713,1.2857142857142858,0.1,0.55,-0.45000000000000007,0.9,0.4,0.5,2,3
France,Sweden,356,50,0.8,1.0,-1.0,1047.08,-127.86,-125.0,1,0.6,794.2199999999999,-0.1981522443414655,562.8199999999999,2,0,-2.0041694228613034,20.72746419934343,-22.731633622204733,1801.0,1872.0,-71.0,0,-4,0,2.085714285714286,1.3428571428571427,0.7428571428571431,0.7428571428571429,1.2571428571428571,-0.5142857142857142,0.5,0.35,0.15000000000000002,0.35,0.4,-0.050000000000000044,4,2
Spain,Germany,188,7,-1.0000000000000002,-1.7999999999999998,-1.0,82.1099999999999,-8.96,15.0,1,0.5333333333333333,88.14999999999986,0.010124845271631489,89.29000000000008,0,0,-41.6394868319575,15.853940274261642,-57.493427106219144,1880.2,1791.8,88.40000000000009,0,2,0,1.9428571428571428,2.6285714285714286,-0.6857142857142857,0.6571428571428571,1.2285714285714286,-0.5714285714285715,0.45,0.35,0.10000000000000003,0.5,0.65,-0.15000000000000002,6,0
Switzerland,Ukraine,157,26,-0.19999999999999996,0.3999999999999999,-0.9999999999999998,19.999999999999943,0.2200000000000002,-2.65,1,0.2222222222222222,17.569999999999936,-0.00883652173913052,22.710000000000008,0,0,-19.395695857007667,27.119791804710204,-46.51548766171787,1997.6,1963.4,34.19999999999982,6,6,0,1.6571428571428573,1.2285714285714286,0.4285714285714286,1.3428571428571427,1.8571428571428572,-0.5142857142857145,0.25,0.45,-0.2,0.6,0.45,0.14999999999999997,3,0
Luxembourg,Azerbaijan,53,19,0.0,1.0,1.2000000000000002,1.8999999999999977,0.09,-0.38,1,0.4166666666666667,1.6099999999999977,-0.037232878211617915,4.300000000000001,0,0,-17.29931451484398,11.589543231695291,-28.888857746539273,1358.0,1433.4,-75.40000000000009,2,2,0,1.0,0.6285714285714286,0.37142857142857144,1.8285714285714285,1.2,0.6285714285714286,0.05,0.35,-0.3,0.55,0.4,0.15000000000000002,0,0
Montenegro,Cyprus,141,51,0.3999999999999999,0.0,-0.7999999999999999,48.269999999999996,-3.06,-9.39,1,0.5,35.81999999999999,-0.20404421567059083,60.25,0,0,7.66084809910794,-16.050801566337764,23.711649665445705,1348.4,1514.0,-165.5999999999999,-20,-41,0,0.9142857142857143,0.8857142857142857,0.02857142857142858,1.2857142857142858,1.8285714285714285,-0.5428571428571427,0.35,0.15,0.19999999999999998,0.4,0.5,-0.09999999999999998,4,0
Andorra,Latvia,-212,-34,-1.0,-0.7999999999999999,1.9999999999999998,-6.910000000000001,0.43000000000000005,-0.03,1,0.2,-6.51,-0.00760994439593754,-1.7099999999999995,0,0,7.839493999671179,10.967223095637433,-3.127729095966254,1512.6,1279.0,233.5999999999999,2,-3,0,0.34285714285714286,0.7428571428571429,-0.4,2.142857142857143,1.4285714285714286,0.7142857142857142,0.2,0.2,0.0,0.2,0.35,-0.14999999999999997,0,5
Malta,Faroe Islands,-109,-31,1.6,0.8,-1.4000000000000001,-8.419999999999995,-0.57,0.07,1,0.26666666666666666,-8.919999999999995,-0.12241655118463934,-1.0499999999999998,0,0,1.0000195546224848,-5.2861292452757676,6.286148799898252,1081.0,1351.6,-270.5999999999999,0,0,0,1.1142857142857143,0.8571428571428571,0.25714285714285723,1.5714285714285714,1.9714285714285715,-0.40000000000000013,0.2,0.15,0.05000000000000002,0.35,0.45,-0.10000000000000003,1,1
Gibraltar,Liechtenstein,149,8,0.0,-0.4,0.0,1.9699999999999989,-0.45999999999999996,0.02,1,0.5833333333333334,1.529999999999999,-0.07445834604821489,2.68,0,0,-2.0692807668895736,35.95374293199386,-38.023023698883435,1076.0,1098.8,-22.799999999999955,-40,-70,0,0.4857142857142857,0.6285714285714286,-0.14285714285714285,2.3142857142857145,1.9714285714285715,0.34285714285714297,0.2,0.15,0.05000000000000002,0.2,0.3,-0.09999999999999998,1,1
Bosnia and Herzegovina,Italy,-273,-65,-1.8000000000000003,-2.2,1.6,-422.11,119.04,0,1,0.1111111111111111,-303.07000000000005,0.10314802777597054,-402.23,0,0,-12.22896674634648,17.310745637923816,-29.539712384270295,1810.2,1591.6,218.60000000000014,-14,-33,0,1.0285714285714285,2.8285714285714287,-1.8000000000000003,1.6,0.2857142857142857,1.3142857142857145,0.25,0.7,-0.44999999999999996,0.5,0.3,0.2,0,2
Poland,Netherlands,-235,-37,0.8,1.0,-0.20000000000000007,-407.46000000000026,3.71,-3.47,1,0.0,-407.22000000000025,-0.009124737828035467,-329.47999999999996,0,0,42.5092950892565,-30.323186134249514,72.83248122350601,1697.8,1800.4,-102.60000000000014,-9,-25,0,1.7142857142857142,1.6,0.1142857142857141,0.6857142857142857,0.7714285714285715,-0.08571428571428574,0.5,0.35,0.15000000000000002,0.25,0.5,-0.25,1,2
England,Iceland,474,94,1.2000000000000002,0.6000000000000001,-1.2,1299.6100000000001,-334.2,-180.0,1,0.6666666666666666,785.4100000000002,-0.36123126853820897,753.2,4,0,-16.625909394483408,21.033357999673157,-37.659267394156565,1793.8,1771.8,22.0,19,27,0,2.5428571428571427,1.0571428571428572,1.4857142857142855,0.6857142857142857,1.542857142857143,-0.8571428571428572,0.55,0.4,0.15000000000000002,0.35,0.4,-0.050000000000000044,4,0
Belgium,Denmark,21,5,-1.0,-0.7999999999999998,0.8,295.0000000000001,1.7999999999999998,-8.16,1,0.6666666666666666,288.6400000000002,0.0023825744933222426,242.65999999999997,0,0,41.7587746357817,20.98249262432369,20.776282011458008,1851.2,1639.4,211.79999999999995,1,5,0,2.7142857142857144,2.2857142857142856,0.4285714285714288,0.8,0.4857142857142857,0.31428571428571433,0.5,0.6,-0.09999999999999998,0.5,0.35,0.15000000000000002,4,2
Northern Ireland,Romania,-29,-5,-1.0,-1.2000000000000002,-0.6000000000000001,-173.98000000000002,12.0,16.9,1,0.16666666666666666,-145.08,0.07389115573587535,-161.85999999999999,0,0,-0.26961959724586393,16.99687158943633,-17.266491186682195,1759.6,1729.4,30.199999999999818,-2,-11,0,0.8857142857142857,1.6285714285714286,-0.7428571428571429,1.7142857142857142,1.6857142857142857,0.02857142857142847,0.25,0.35,-0.09999999999999998,0.55,0.45,0.10000000000000003,1,1
Austria,Norway,-77,-16,1.2,-0.40000000000000013,-0.7999999999999999,149.63,-5.3,32.09,1,0.5,176.42000000000007,0.05320067504653392,87.20999999999998,0,0,8.189322067867453,-34.19401420100998,42.38333626887743,1578.8,1624.6,-45.799999999999955,0,-14,0,1.6857142857142857,1.9142857142857144,-0.22857142857142865,0.8,1.0571428571428572,-0.2571428571428571,0.4,0.4,0.0,0.45,0.55,-0.10000000000000003,1,1
Czech Republic,Slovakia,63,25,0.40000000000000013,0.0,-0.19999999999999996,-111.57,42.34,0,1,0.8,-69.22999999999999,0.16097635160824275,-85.35,0,0,-21.09059420304008,-5.353266279838527,-15.737327923201553,1641.8,1684.4,-42.600000000000136,1,13,0,1.2857142857142858,1.3428571428571427,-0.05714285714285694,1.1714285714285715,1.2285714285714286,-0.05714285714285716,0.25,0.2,0.04999999999999999,0.5,0.6,-0.09999999999999998,2,0
Israel,Scotland,-194,-49,-0.6000000000000001,0.4,0.7999999999999999,-44.80000000000001,-3.86,-11.14,1,0.4166666666666667,-59.80000000000001,-0.2271343945064348,-24.27000000000001,0,0,-6.021976634479115,2.933572569361941,-8.955549203841056,1713.2,1677.8,35.40000000000009,2,1,0,1.457142857142857,1.4285714285714286,0.02857142857142847,1.4,1.0285714285714285,0.37142857142857144,0.2,0.3,-0.09999999999999998,0.65,0.45,0.2,1,0
Hungary,Turkey,-187,-40,0.8000000000000003,-1.0,-1.6,-294.8900000000001,50.010000000000005,-2.14,1,0.4666666666666667,-247.02000000000007,0.053610604677677975,-273.28,0,0,18.529452012421533,-19.086688138935124,37.61614015135666,1648.6,1833.0,-184.4000000000001,-15,-23,0,1.3142857142857143,1.7428571428571429,-0.4285714285714286,1.0571428571428572,1.1428571428571428,-0.08571428571428563,0.35,0.55,-0.20000000000000007,0.5,0.4,0.09999999999999998,2,0
Serbia,Russia,-45,-6,0.6,0.3999999999999999,0.0,-3.69999999999996,10.619999999999997,0,1,0.13333333333333333,6.920000000000044,0.04076097613649243,12.549999999999997,0,0,4.750608543938839,-19.178956736379888,23.929565280318727,1794.0,1686.6,107.40000000000009,4,-5,0,1.4857142857142858,2.0,-0.5142857142857142,1.4,1.1714285714285715,0.22857142857142843,0.15,0.5,-0.35,0.75,0.4,0.35,5,0
Republic of Ireland,Bulgaria,276,159,-0.19999999999999996,-1.0,-0.6000000000000001,178.29000000000002,3.64,-3.57,1,0.4666666666666667,178.36,0.028769243891859086,156.75,0,0,-41.77246370350414,-2.9336141778401608,-38.838849525663974,1713.2,1485.0,228.20000000000005,10,18,0,0.5428571428571428,0.7714285714285715,-0.22857142857142865,0.8857142857142857,1.6857142857142857,-0.8,0.4,0.15,0.25,0.3,0.5,-0.2,0,0
Wales,Finland,222,119,-0.7999999999999998,-1.2000000000000002,-0.6,51.750000000000014,-4.210000000000001,4.2,1,0.3333333333333333,51.74000000000001,0.04622769114563352,109.38,0,0,38.686569453298475,62.23053883015307,-23.543969376854598,1735.4,1660.6,74.80000000000018,2,2,0,0.8285714285714286,1.457142857142857,-0.6285714285714284,0.5428571428571428,1.0285714285714285,-0.48571428571428565,0.6,0.55,0.04999999999999993,0.25,0.3,-0.04999999999999999,3,1
Armenia,North Macedonia,-195,-141,-0.6000000000000001,-0.19999999999999996,0.0,-61.67000000000001,-0.41,3.92,1,0.4666666666666667,-58.16000000000001,-0.13827589938215723,-8.82,0,0,23.471758987462728,35.505323533932014,-12.033564546469286,1501.0,1529.8,-28.799999999999955,2,-2,0,1.6,1.5142857142857142,0.08571428571428585,1.8857142857142857,1.2285714285714286,0.657142857142857,0.15,0.25,-0.1,0.6,0.6,0.0,1,0
Georgia,Estonia,303,168,0.6,-0.19999999999999996,-1.4000000000000001,113.65000000000002,-1.1399999999999997,-6.85,1,0.6666666666666666,105.66000000000003,0.04773586389405082,139.77,0,0,-38.3623242214968,-25.640740353926553,-12.721583867570246,1463.6,1521.6,-58.0,-4,-4,0,1.1142857142857143,0.6857142857142857,0.4285714285714286,1.2,2.342857142857143,-1.142857142857143,0.3,0.2,0.09999999999999998,0.5,0.35,0.15000000000000002,0,0
Kosovo,Moldova,445,216,0.0,0.6,-1.4,167.20999999999998,-5.1,-1.27,1,0.3333333333333333,160.83999999999997,0.11610032018129002,112.57,0,0,-86.401579610568,6.431368443742025,-92.83294805431004,1654.4,1758.8,-104.39999999999986,-40,-81,0,1.1142857142857143,0.2571428571428571,0.8571428571428572,1.5142857142857142,2.2857142857142856,-0.7714285714285714,0.25,0.1,0.15,0.6,0.25,0.35,1,0
Greece,Slovenia,67,25,-0.6000000000000001,-0.8000000000000003,0.39999999999999997,-45.06,25.94,-18.88,1,0.3333333333333333,-38.0,0.00510708115014602,30.370000000000005,0,0,13.60952515895335,6.784589173622755,6.824935985330595,1469.6,1375.4,94.19999999999982,3,9,0,1.2571428571428571,1.6285714285714286,-0.37142857142857144,0.8571428571428571,0.6,0.2571428571428571,0.35,0.45,-0.10000000000000003,0.45,0.45,0.0,0,0
Albania,Belarus,155,103,0.20000000000000018,-0.8,-1.0,196.33000000000004,3.4200000000000004,0,1,0.4666666666666667,199.75000000000003,0.06443104747550865,95.66,0,0,-20.78888267147655,-14.67922740082684,-6.109655270649711,1414.2,1441.2,-27.0,2,2,0,1.2,1.1428571428571428,0.05714285714285716,0.9714285714285714,1.6285714285714286,-0.6571428571428571,0.4,0.3,0.10000000000000003,0.25,0.3,-0.04999999999999999,3,2
Kazakhstan,Lithuania,134,39,-1.2000000000000002,-0.9999999999999999,0.19999999999999996,31.320000000000014,1.38,0,1,0.6666666666666666,32.70000000000002,0.13565453769088553,16.26,0,0,-23.477056477574575,61.04084734346388,-84.51790382103846,1528.4,1459.8,68.60000000000014,0,2,0,1.0,0.9428571428571428,0.05714285714285716,1.4,1.8857142857142857,-0.48571428571428577,0.35,0.2,0.14999999999999997,0.4,0.5,-0.09999999999999998,1,2
Mexico,Costa Rica,177,42,2.0,1.2000000000000002,-0.19999999999999996,-50.299999999999926,31.760000000000005,-1.87,1,0.7333333333333333,-20.40999999999994,0.07967802718475014,34.599999999999994,0,0,44.3938686781235,-30.784959422468056,75.17882810059156,1743.4,1705.6,37.80000000000018,5,5,0,1.9714285714285715,0.6857142857142857,1.2857142857142858,1.0,1.1428571428571428,-0.1428571428571428,0.3,0.15,0.15,0.5,0.5,0.0,0,0
United States,Honduras,185,46,1.4,2.4,-0.3999999999999999,-50.66,1.8599999999999994,2.62,1,0.5333333333333333,-46.180000000000035,-0.0025179252414717634,53.25,0,0,25.062289198828253,4.737042083846127,20.325247114982126,1636.4,1583.6,52.80000000000018,11,11,0,3.0,1.4,1.6,0.8285714285714286,1.1714285714285715,-0.34285714285714286,0.45,0.35,0.10000000000000003,0.35,0.5,-0.15000000000000002,1,0
Honduras,Costa Rica,-13,-6,-0.19999999999999996,0.4,0.5999999999999999,-44.63999999999996,57.67,-10.42,1,0.4,2.6100000000000705,0.1649491991794687,-54.890000000000015,0,0,-4.867175969170699,-25.19992617447696,20.33275020530626,1641.6,1724.8,-83.20000000000005,-13,-13,0,1.1714285714285715,0.6285714285714286,0.5428571428571429,1.2571428571428571,1.0285714285714285,0.22857142857142865,0.3,0.2,0.09999999999999998,0.5,0.45,0.04999999999999999,2,2
United States,Mexico,-5,-2,0.3999999999999999,2.0,0.4,-45.00000000000003,27.769999999999996,-5.93,1,0.26666666666666666,-23.160000000000025,0.0827532467532468,-36.24000000000001,0,0,21.050928599125935,32.39359359283891,-11.342664993712976,1676.0,1707.6,-31.59999999999991,-7,-7,0,2.7142857142857144,1.8,0.9142857142857144,0.8,0.8571428571428571,-0.05714285714285705,0.45,0.35,0.10000000000000003,0.35,0.5,-0.15000000000000002,3,2
Italy,Turkey,-36,-9,0.7999999999999998,1.4,-0.8,48.21999999999997,-71.92,0,1,0.5555555555555556,-23.700000000000045,-0.12854465326008324,9.550000000000011,0,0,21.75167815191443,-4.93790339938312,26.68958155129755,1376.8,1466.4,-89.60000000000014,4,12,0,2.942857142857143,1.9142857142857144,1.0285714285714287,0.2,1.1428571428571428,-0.9428571428571428,0.7,0.45,0.24999999999999994,0.3,0.45,-0.15000000000000002,3,0
Wales,Switzerland,-184,-34,-1.6,-2.6,0.3999999999999999,-120.81999999999994,-6.640000000000001,2.65,1,0.5,-124.80999999999995,-0.049480582133457296,-86.33000000000001,0,0,36.04939183239947,12.213594642562331,23.83579718983714,1825.8,1387.4,438.39999999999986,-19,-11,0,0.8571428571428571,2.3142857142857145,-1.4571428571428573,0.7714285714285715,0.9714285714285714,-0.19999999999999996,0.6,0.35,0.25,0.25,0.55,-0.30000000000000004,1,1
Denmark,Finland,363,144,2.2,2.4,-1.6,167.55,-1.5999999999999996,4.2,1,0.7777777777777778,170.15000000000003,0.08966778997433122,191.85000000000002,0,0,37.94817952082525,35.858435704842485,2.0897438159827644,1640.4,1645.8,-5.399999999999864,18,20,0,2.8,1.2857142857142858,1.514285714285714,0.4857142857142857,1.4,-0.9142857142857141,0.7,0.4,0.29999999999999993,0.25,0.45,-0.2,0,1
Russia,Belgium,-74,-14,-0.20000000000000018,-1.1999999999999997,0.4,-293.9400000000001,-44.79,8.16,1,0.06666666666666667,-330.57000000000016,-0.17699858931894796,-354.7,0,0,-33.28890633318577,42.055717264201135,-75.34462359738691,1550.4,1705.6,-155.19999999999982,-11,-6,0,1.6,2.9714285714285715,-1.3714285714285714,1.2285714285714286,0.7142857142857143,0.5142857142857143,0.4,0.45,-0.04999999999999999,0.55,0.55,0.0,0,3
Austria,North Macedonia,267,62,-1.0,-1.7999999999999998,0.6000000000000001,607.97,-5.3,4.68,1,1.0,607.35,0.06169066356177255,352.55,0,0,-2.712430715356438,17.159619567599684,-19.87205028295612,1739.6,1511.8,227.79999999999995,0,-10,0,1.5142857142857142,1.9714285714285715,-0.4571428571428573,1.0571428571428572,1.1428571428571428,-0.08571428571428563,0.35,0.25,0.09999999999999998,0.5,0.65,-0.15000000000000002,3,1
Netherlands,Ukraine,216,33,0.19999999999999996,1.6,0.6,410.0100000000002,-1.17,0,1,0.6666666666666666,408.84000000000015,0.005246693835626037,358.17999999999995,0,0,-11.684798352489926,-6.312308456127251,-5.372489896362675,1530.4,1457.2,73.20000000000005,5,28,0,2.3142857142857145,1.3142857142857143,1.0000000000000002,0.9428571428571428,1.3142857142857143,-0.37142857142857144,0.4,0.3,0.10000000000000003,0.45,0.55,-0.10000000000000003,3,2
England,Croatia,131,11,1.6,1.2000000000000002,-0.39999999999999997,1072.4600000000003,-331.17,-180.0,1,0.6666666666666666,561.2900000000002,-0.35787801208474224,512.96,4,0,-7.355411587516249,-57.06769680835793,49.71228522084168,1530.6,1497.6,33.0,4,1,0,2.342857142857143,1.5142857142857142,0.8285714285714287,0.45714285714285713,1.3142857142857143,-0.8571428571428572,0.7,0.2,0.49999999999999994,0.2,0.7,-0.49999999999999994,1,0
Scotland,Czech Republic,52,7,0.40000000000000013,0.0,-0.8,-39.09999999999995,-0.86,0,1,0.6666666666666666,-39.95999999999995,-0.007654650645304795,-43.56,0,0,-9.463446408640692,3.1008787774849695,-12.56432518612566,1627.0,1675.8,-48.799999999999955,-13,-27,0,1.457142857142857,1.6857142857142857,-0.22857142857142865,1.0857142857142856,1.2857142857142858,-0.20000000000000018,0.3,0.2,0.09999999999999998,0.45,0.55,-0.10000000000000003,0,2
Poland,Slovakia,45,22,-0.19999999999999996,1.0,0.8,-30.46999999999997,42.34,-3.47,1,0.26666666666666666,8.400000000000034,0.14605482935496383,2.4199999999999875,0,0,5.595160774276456,-10.529167584877998,16.124328359154454,1624.4,1524.6,99.80000000000018,1,0,0,1.8,1.1142857142857143,0.6857142857142857,1.1428571428571428,1.1714285714285715,-0.028571428571428692,0.4,0.25,0.15000000000000002,0.45,0.6,-0.14999999999999997,1,2
Spain,Sweden,441,51,-0.7999999999999998,0.0,0.39999999999999997,702.66,-13.04,0,1,0.6666666666666666,689.62,0.000575893837769903,490.41,0,0,-31.376836785609598,24.89720602738487,-56.274042812994466,1662.2,1504.0,158.20000000000005,5,10,0,2.1714285714285713,1.5714285714285714,0.5999999999999999,0.5428571428571428,0.9428571428571428,-0.4,0.5,0.45,0.04999999999999999,0.45,0.35,0.10000000000000003,0,0
Hungary,Portugal,-255,-47,0.0,0.20000000000000018,0.20000000000000007,-735.6599999999999,-10.94,-2.14,1,0.06666666666666667,-748.7399999999999,-0.07838437106729779,-517.02,0,0,38.51344752630449,10.547845957882782,27.965601568421707,1332.4,1638.0,-305.5999999999999,-29,-40,0,1.6,2.4,-0.7999999999999998,0.8857142857142857,0.6,0.2857142857142857,0.45,0.6,-0.14999999999999997,0.45,0.35,0.10000000000000003,0,3
Germany,France,-103,-6,-0.6000000000000001,0.6000000000000001,0.6000000000000001,-426.52999999999975,123.78,110.0,1,0.13333333333333333,-192.74999999999977,0.18860329290760391,-161.70000000000005,-2,0,-10.795606298889545,-10.204971264825922,-0.5906350340636237,1567.6,1567.6,0.0,4,11,0,2.5428571428571427,2.085714285714286,0.45714285714285685,1.3142857142857143,0.5428571428571428,0.7714285714285715,0.35,0.55,-0.20000000000000007,0.6,0.4,0.19999999999999996,0,1
Turkey,Wales,185,36,0.0,0.7999999999999999,0.5999999999999999,332.58000000000004,-51.99,0,1,0.5,280.59000000000003,-0.06263439361151846,306.13,0,0,-12.096616017163022,41.072779727682516,-53.16939574484554,1456.0,1830.2,-374.20000000000005,14,26,0,1.7428571428571429,0.9142857142857143,0.8285714285714286,1.3428571428571427,0.7428571428571429,0.5999999999999999,0.4,0.6,-0.19999999999999996,0.45,0.3,0.15000000000000002,0,2
Italy,Switzerland,-35,-7,0.3999999999999999,0.8000000000000003,-0.8,259.9800000000001,-130.55,2.65,1,0.5,132.08000000000007,-0.240659629005059,229.35,0,0,36.633416949724,11.0906392535892,25.5427776961348,1438.2,1443.8,-5.599999999999909,-1,27,0,3.085714285714286,2.3142857142857145,0.7714285714285714,0.17142857142857143,1.0,-0.8285714285714285,0.75,0.3,0.45,0.25,0.6,-0.35,3,0
Russia,Finland,310,135,0.5999999999999999,0.19999999999999996,0.0,168.61,-44.589999999999996,4.2,1,1.0,128.22000000000003,-0.0849482248512945,79.81,0,0,-43.91218628678428,45.36616612190133,-89.2783524086856,1666.4,1698.8,-32.399999999999864,8,19,0,1.457142857142857,1.2,0.2571428571428571,1.4285714285714286,1.3428571428571427,0.08571428571428585,0.35,0.4,-0.050000000000000044,0.55,0.45,0.10000000000000003,1,0
Denmark,Belgium,-21,-5,-0.20000000000000018,0.20000000000000018,0.0,-295.0000000000001,-1.7999999999999998,8.16,1,0.1111111111111111,-288.6400000000002,-0.0023825744933222426,-242.65999999999997,0,0,17.130831532976124,55.81795332787118,-38.687121794895056,1619.2,1723.2,-104.0,-1,-5,0,2.5142857142857142,3.0285714285714285,-0.5142857142857142,0.5428571428571428,0.6285714285714286,-0.08571428571428574,0.7,0.45,0.24999999999999994,0.2,0.55,-0.35000000000000003,1,2
Ukraine,North Macedonia,170,49,-0.3999999999999999,-0.8,0.0,162.7,-2.54,4.68,1,0.5833333333333334,164.84,0.05849589766780805,174.13,0,0,-29.09099917049901,19.301185823790632,-48.39218499428964,1550.2,1555.2,-5.0,13,5,0,1.3428571428571427,1.8857142857142857,-0.5428571428571429,1.542857142857143,1.1142857142857143,0.4285714285714286,0.25,0.25,0.0,0.6,0.65,-0.050000000000000044,2,1
Netherlands,Austria,119,20,1.2000000000000002,2.2,-0.5999999999999999,-35.25999999999976,1.5899999999999999,0,1,1.0,-33.669999999999845,0.0020519279416615355,179.75999999999993,0,0,0.6345884195379972,-3.0784294238058845,3.7130178433438816,1498.8,1695.4,-196.60000000000014,18,43,0,2.5142857142857142,1.5714285714285714,0.9428571428571428,0.9714285714285714,1.0571428571428572,-0.08571428571428574,0.4,0.35,0.050000000000000044,0.5,0.5,0.0,2,0
Croatia,Czech Republic,158,28,0.0,-0.19999999999999996,-0.7999999999999999,168.56000000000006,-3.83,0,1,0.6666666666666666,164.73000000000008,-0.01196837598825029,138.61,0,0,-68.59359285346693,8.46024117901476,-77.05383403248169,1566.4,1764.8,-198.39999999999986,9,9,0,1.4285714285714286,1.542857142857143,-0.11428571428571432,1.2857142857142858,1.2,0.08571428571428585,0.2,0.2,0.0,0.65,0.55,0.09999999999999998,1,1
England,Scotland,237,32,1.4,-0.20000000000000018,-0.8,1280.1200000000003,-334.14,-180.0,1,0.8333333333333334,765.9800000000002,-0.36219173742768773,695.13,4,0,-6.817319206089858,-27.754890598836223,20.937571392746364,1731.6,1607.4,124.19999999999982,26,37,0,2.2285714285714286,1.3714285714285714,0.8571428571428572,0.42857142857142855,1.1142857142857143,-0.6857142857142857,0.7,0.3,0.39999999999999997,0.2,0.45,-0.25,0,0
Sweden,Slovakia,36,16,0.8,0.40000000000000013,-0.8,-135.6699999999999,39.89,0,1,0.5,-95.7799999999999,0.1417380320165662,-9.599999999999994,0,0,38.56059386579418,7.56468233703546,30.99591152875872,1604.8,1606.0,-1.2000000000000455,8,22,0,1.4857142857142858,1.1428571428571428,0.34285714285714297,0.8571428571428571,1.2,-0.34285714285714286,0.5,0.25,0.25,0.3,0.6,-0.3,1,0
Spain,Poland,432,45,1.2000000000000002,0.19999999999999996,-0.9999999999999999,597.46,-15.49,3.47,1,1.0,585.44,-0.0037409035006277236,478.39000000000004,0,0,-43.64067085405374,-9.542116882122322,-34.098553971931416,1654.4,1617.4,37.0,12,32,0,2.0285714285714285,1.6857142857142857,0.34285714285714275,0.5142857142857142,1.2285714285714286,-0.7142857142857144,0.5,0.35,0.15000000000000002,0.45,0.5,-0.04999999999999999,1,1
Hungary,France,-357,-52,-1.0,-0.3999999999999999,0.8,-1007.5599999999998,119.37,122.86,1,0.0,-765.3299999999999,0.13900619286584426,-610.27,-2,0,23.48019135422676,-0.2313869646193698,23.71157831884613,1381.4,1612.6,-231.19999999999982,-19,-25,0,1.457142857142857,2.0285714285714285,-0.5714285714285714,1.0571428571428572,0.5142857142857142,0.5428571428571429,0.4,0.55,-0.15000000000000002,0.45,0.4,0.04999999999999999,1,1
Germany,Portugal,-1,-1,-0.8000000000000003,-0.3999999999999999,0.4,-154.62999999999977,-6.53,-15.0,1,0.8,-176.15999999999974,-0.02878727102553813,-68.45000000000005,0,0,-22.21439448248025,11.438830948499678,-33.65322543097993,1670.4,1711.6,-41.19999999999982,-6,-4,0,2.1714285714285713,2.6,-0.4285714285714288,1.3714285714285714,0.6,0.7714285714285715,0.3,0.6,-0.3,0.6,0.35,0.25,4,2
Italy,Wales,149,27,1.4,3.0,-0.8,380.8,-123.91,0,1,0.5,256.89,-0.1911790468716017,315.68,0,0,44.99600377279326,52.650526814108304,-7.654523041315045,1531.4,1837.0,-305.5999999999999,18,38,0,3.1714285714285713,0.9714285714285714,2.1999999999999997,0.11428571428571428,0.7142857142857143,-0.6,0.8,0.65,0.15000000000000002,0.2,0.25,-0.04999999999999999,1,0
Switzerland,Turkey,-1,-2,0.6000000000000001,1.8,0.19999999999999996,-211.7600000000001,58.63,-2.65,1,0.3333333333333333,-155.78000000000011,0.11211497574497575,-219.79999999999998,0,0,-1.8459312775970176,-26.940524223126516,25.0945929455295,1559.0,1539.6,19.40000000000009,5,-15,0,2.1714285714285713,1.457142857142857,0.7142857142857142,1.1428571428571428,1.3428571428571427,-0.19999999999999996,0.3,0.35,-0.04999999999999999,0.55,0.45,0.10000000000000003,3,1
Denmark,Russia,53,9,0.0,0.8,-0.3999999999999999,-1.0600000000000023,42.989999999999995,0,1,0.0,41.93000000000001,0.17461601482562572,112.04000000000002,0,0,-6.893032023733604,-38.50324585541264,31.61021383167904,1740.4,1627.8,112.60000000000014,10,1,0,2.1714285714285713,1.4285714285714286,0.7428571428571427,0.7142857142857143,1.3714285714285714,-0.6571428571428571,0.65,0.4,0.25,0.25,0.5,-0.25,4,1
Finland,Belgium,-384,-149,-2.0,-2.4,0.9999999999999999,-462.5500000000001,-0.20000000000000018,3.96,1,0.6,-458.7900000000002,-0.09205036446765347,-434.51,0,0,26.968115817027726,62.49168925463029,-35.523573437602565,1711.0,1746.2,-35.200000000000045,-19,-25,0,1.1142857142857143,3.0,-1.8857142857142857,1.4,0.6571428571428571,0.7428571428571428,0.35,0.4,-0.050000000000000044,0.45,0.6,-0.14999999999999997,0,2
Netherlands,North Macedonia,386,82,1.2000000000000002,1.5999999999999999,-0.5999999999999999,572.7100000000003,-3.71,4.68,1,0.6666666666666666,573.6800000000002,0.06374259150343409,532.31,0,0,9.978829090444169,11.602377253703967,-1.6235481632597981,1607.2,1718.2,-111.0,18,33,0,2.4857142857142858,1.7714285714285714,0.7142857142857144,0.8857142857142857,1.2285714285714286,-0.34285714285714297,0.45,0.25,0.2,0.45,0.65,-0.2,3,0
Ukraine,Austria,-97,-13,1.2,1.4,-0.6000000000000001,-445.27,2.76,0,1,0.5,-442.51,-0.003194765893964502,-178.42000000000002,0,0,-13.08128115590377,-14.238207746416075,1.1569265905123043,1580.2,1805.8,-225.5999999999999,13,15,0,1.4285714285714286,1.2857142857142858,0.1428571428571428,1.4857142857142858,1.2,0.2857142857142858,0.25,0.3,-0.04999999999999999,0.6,0.5,0.09999999999999998,0,1
Scotland,Croatia,-106,-21,0.6000000000000001,0.3999999999999999,0.0,-207.66000000000003,2.97,0,1,0.6,-204.69000000000003,0.004313725342945496,-182.17000000000002,0,0,-30.340192531511214,-67.41106627245993,37.07087374094872,1693.6,1651.4,42.19999999999982,-22,-36,0,1.2857142857142858,1.3428571428571427,-0.05714285714285694,1.0285714285714285,1.3142857142857143,-0.2857142857142858,0.35,0.15,0.19999999999999998,0.4,0.7,-0.29999999999999993,1,3
England,Czech Republic,289,39,1.2000000000000002,-0.19999999999999996,-1.2,1241.0200000000004,-335.0,-180.0,1,0.4444444444444444,726.0200000000003,-0.3698463880729925,651.5699999999999,4,0,1.8811439564633892,21.232680254033355,-19.351536297569965,1762.2,1769.2,-7.0,13,10,0,2.057142857142857,1.5714285714285714,0.48571428571428554,0.4,1.1714285714285715,-0.7714285714285715,0.7,0.2,0.49999999999999994,0.2,0.55,-0.35000000000000003,1,0
Spain,Slovakia,477,67,0.19999999999999996,0.6000000000000001,-0.4,566.99,26.85,0,1,0.5833333333333334,593.84,0.1423139258543361,480.81000000000006,0,0,-33.80310223890335,10.83256329887596,-44.63566553777931,1668.8,1689.4,-20.600000000000136,13,32,0,2.0,1.0285714285714285,0.9714285714285715,0.5142857142857142,1.0285714285714285,-0.5142857142857142,0.5,0.25,0.25,0.45,0.6,-0.14999999999999997,5,0
Sweden,Poland,-9,-6,2.0,0.19999999999999996,-1.4000000000000001,-105.19999999999993,-2.45,3.47,1,1.0,-104.17999999999994,-0.004316797338397627,-12.019999999999982,0,0,51.29092295289925,-7.451466572736454,58.7423895256357,1597.2,1831.4,-234.20000000000005,7,22,0,1.3714285714285714,1.6,-0.22857142857142865,0.7714285714285715,1.2571428571428571,-0.48571428571428565,0.5,0.35,0.15000000000000002,0.3,0.55,-0.25000000000000006,3,2
Germany,Hungary,254,46,-0.20000000000000018,1.4000000000000001,0.3999999999999999,581.0300000000001,4.409999999999999,-12.86,1,0.75,572.5800000000002,0.049597100041759656,448.56999999999994,0,0,-10.253028782181707,28.675362194171132,-38.92839097635284,1739.6,1616.6,123.0,23,36,0,2.342857142857143,1.4285714285714286,0.9142857142857144,1.3428571428571427,1.0857142857142856,0.2571428571428571,0.3,0.4,-0.10000000000000003,0.6,0.45,0.14999999999999997,2,2
Portugal,France,-102,-5,-0.6000000000000001,0.5999999999999999,0.8,-271.9,130.31,125.0,1,0.26666666666666666,-16.590000000000032,0.21739056393314204,-93.25,-2,0,-2.3527513190076466,-13.401109167014454,11.048357848006807,1753.4,1670.8,82.60000000000014,10,15,0,2.5142857142857142,1.8857142857142857,0.6285714285714286,0.8285714285714286,0.5428571428571428,0.2857142857142858,0.6,0.55,0.04999999999999993,0.35,0.4,-0.050000000000000044,2,2
Italy,Austria,25,6,1.6,2.8,-0.8,-165.28999999999996,-127.57000000000001,0,1,0.3333333333333333,-292.86,-0.252690916638154,73.63999999999999,0,0,49.97666801318488,-8.423667461617836,58.400335474802716,1616.8,1783.0,-166.20000000000005,17,47,0,3.0285714285714285,1.2857142857142858,1.7428571428571427,0.08571428571428572,1.0857142857142856,-0.9999999999999999,0.85,0.3,0.55,0.15,0.5,-0.35,2,1
Wales,Denmark,-141,-25,-0.3999999999999999,-1.0,0.0,-115.80000000000001,-2.610000000000001,0,1,0.3333333333333333,-118.41000000000003,-0.043440098828697704,-82.47000000000003,0,0,42.723006327558245,-4.5330127428228835,47.25601907038113,1861.6,1733.2,128.39999999999986,-16,-18,0,0.9142857142857143,2.342857142857143,-1.4285714285714288,0.8,0.8,0.0,0.6,0.6,0.0,0.25,0.3,-0.04999999999999999,0,4
Netherlands,Czech Republic,217,34,1.2000000000000002,1.4000000000000001,-0.5999999999999999,488.5600000000003,-3.71,0,1,0.4,484.85000000000025,-0.005796784425243451,417.24999999999994,0,0,6.803070797641122,22.327209061622504,-15.524138263981381,1706.4,1832.2,-125.79999999999995,9,12,0,2.4,1.4857142857142858,0.9142857142857141,0.8571428571428571,1.2,-0.34285714285714286,0.45,0.15,0.30000000000000004,0.45,0.55,-0.10000000000000003,0,2
Belgium,Portugal,-91,-13,1.0,-0.40000000000000013,-0.7999999999999999,-362.5499999999997,-4.55,-8.16,1,0.13333333333333333,-375.25999999999965,-0.023537908811437358,-224.74,0,0,53.83558671563479,0.37824357175034606,53.457343143884444,1747.8,1887.8,-140.0,-11,-20,0,2.7714285714285714,2.257142857142857,0.5142857142857142,0.6285714285714286,0.9428571428571428,-0.3142857142857143,0.4,0.6,-0.19999999999999996,0.6,0.35,0.25,1,0
Croatia,Spain,-256,-14,-0.8,-1.0,0.8,-510.0,11.66,0,1,0.4,-498.34,0.006694049765656351,-427.55,0,0,-60.39950877164911,-27.465041668708544,-32.934467102940566,1750.6,1661.2,89.39999999999986,-3,-10,0,1.4,2.2,-0.8000000000000003,1.2857142857142858,0.45714285714285713,0.8285714285714287,0.15,0.5,-0.35,0.7,0.45,0.24999999999999994,3,5
France,Switzerland,171,14,0.20000000000000018,-0.6000000000000001,-0.6,924.4299999999998,-127.99000000000001,-122.35,1,0.4666666666666667,674.0899999999999,-0.19751056393314204,556.79,2,0,3.047796675399101,18.81521691314819,-15.76742023774909,1746.2,1640.4,105.79999999999995,-1,17,0,1.9428571428571428,2.2,-0.25714285714285734,0.6571428571428571,1.1142857142857143,-0.4571428571428572,0.5,0.25,0.25,0.45,0.6,-0.14999999999999997,3,3
England,Germany,63,4,1.0,-1.9999999999999998,-1.4,644.5700000000002,-328.47,-165.0,1,0.26666666666666666,151.10000000000014,-0.3410591170474544,174.70000000000005,4,0,2.3441126300682473,-20.77029670321429,23.114409333282538,1765.8,1767.8,-2.0,1,-7,0,1.8571428571428572,2.4,-0.5428571428571427,0.2857142857142857,1.457142857142857,-1.1714285714285713,0.75,0.25,0.5,0.15,0.65,-0.5,2,0
Sweden,Ukraine,-28,-10,0.8,0.0,-0.4,-102.64999999999998,0.08999999999999986,0,1,0.3333333333333333,-102.55999999999999,-0.008194841330807057,16.680000000000007,0,0,67.67614752231721,-16.06027790210957,83.73642542442678,1672.2,1642.6,29.600000000000136,3,25,0,1.5714285714285714,1.3142857142857143,0.2571428571428571,0.8571428571428571,1.457142857142857,-0.6,0.5,0.2,0.3,0.3,0.6,-0.3,1,2
Switzerland,Spain,-256,-15,-0.6000000000000001,-0.20000000000000018,0.8,-580.01,13.17,-2.65,1,0.4166666666666667,-569.49,-0.001217574246093367,-484.38,0,0,17.102402973920377,-17.46504166870854,34.567444642628914,1682.2,1647.4,34.799999999999955,-3,-30,0,2.3714285714285714,2.5714285714285716,-0.20000000000000018,1.2857142857142858,0.6571428571428571,0.6285714285714287,0.25,0.5,-0.25,0.65,0.45,0.2,1,1
Belgium,Italy,13,3,0.0,-0.8,0.0,30.000000000000114,128.32,-8.16,1,0.25,150.1600000000002,0.23700172019362165,9.449999999999989,0,0,52.25697693190281,53.10761732587319,-0.8506403939703802,1790.8,1805.8,-15.0,-1,-15,0,2.5142857142857142,2.8857142857142857,-0.37142857142857144,0.6,0.17142857142857143,0.42857142857142855,0.4,0.8,-0.4,0.6,0.2,0.39999999999999997,1,2
Czech Republic,Denmark,-115,-18,0.19999999999999996,-0.6000000000000001,-0.20000000000000007,-93.53000000000009,6.35,0,1,0.26666666666666666,-87.18000000000009,0.0259204833047596,-77.92000000000002,0,0,31.744029496356337,-1.4018717386397057,33.145901234996046,1851.0,1682.8,168.20000000000005,-6,4,0,1.5714285714285714,2.5714285714285716,-1.0000000000000002,1.0571428571428572,0.7428571428571429,0.3142857142857143,0.2,0.6,-0.39999999999999997,0.5,0.3,0.2,1,2
Ukraine,England,-288,-38,-0.8,1.0,1.2,-1162.4700000000003,332.46,180.0,1,0.3333333333333333,-650.0100000000002,0.35880290981212304,-592.5,-4,0,-1.098892955439589,24.689948463440064,-25.788841418879652,1666.8,1791.4,-124.60000000000014,-9,-26,0,1.4,1.9714285714285715,-0.5714285714285716,1.4285714285714286,0.17142857142857143,1.2571428571428571,0.2,0.8,-0.6000000000000001,0.6,0.1,0.5,0,4
Italy,Spain,-291,-22,1.2,-0.19999999999999973,-0.6,-320.03,-117.38000000000001,0,1,0.3333333333333333,-437.40999999999997,-0.24187720325115236,-255.03000000000003,0,0,60.04160048968775,-28.79902745024141,88.84062793992916,1833.0,1769.6,63.40000000000009,-4,-3,0,2.742857142857143,2.342857142857143,0.3999999999999999,0.2571428571428571,0.7142857142857143,-0.4571428571428572,0.75,0.5,0.25,0.25,0.45,-0.2,1,1
England,Denmark,174,21,0.8,-0.6000000000000001,-1.0,1147.4900000000002,-328.65,-180.0,1,0.4666666666666667,638.8400000000003,-0.3439259047682329,573.65,4,0,26.664758754312974,14.800274778387292,11.864483975925681,1815.4,1712.8,102.60000000000014,7,14,0,2.0,2.5142857142857142,-0.5142857142857142,0.17142857142857143,0.7142857142857143,-0.5428571428571429,0.8,0.55,0.25,0.1,0.35,-0.24999999999999997,2,1
England,Italy,166,19,0.0,0.0,-0.39999999999999997,882.4900000000002,-202.13,-180.0,1,0.4,500.36000000000024,-0.10930675906793352,340.44,4,0,32.00833452772105,63.41384501797691,-31.405510490255864,1806.8,1884.0,-77.20000000000005,5,-6,0,1.8,2.6,-0.8,0.2571428571428571,0.34285714285714286,-0.08571428571428574,0.75,0.7,0.050000000000000044,0.15,0.3,-0.15,1,1
Italy,Spain,-291,-22,-0.20000000000000018,-0.19999999999999996,-0.20000000000000007,-320.03,-117.38000000000001,0,1,0.4,-437.40999999999997,-0.24187720325115236,-255.03000000000003,0,0,52.187017002958655,-41.06305661496548,93.25007361792413,1748.0,1755.8,-7.7999999999999545,-4,-2,0,2.057142857142857,2.057142857142857,0.0,0.4,0.7428571428571429,-0.34285714285714286,0.7,0.45,0.24999999999999994,0.3,0.5,-0.2,1,2
Belgium,France,-193,-18,1.0,0.40000000000000013,-0.5999999999999999,-634.4499999999997,125.76,116.84,1,0.3333333333333333,-391.8499999999997,0.1938526551217047,-317.99,-2,0,37.747039630777195,-19.51806530803477,57.265104938811966,1668.2,1725.6,-57.399999999999864,-1,-4,0,2.2857142857142856,1.9142857142857144,0.3714285714285712,0.7428571428571429,0.9142857142857143,-0.17142857142857137,0.4,0.45,-0.04999999999999999,0.6,0.5,0.09999999999999998,2,3
Italy,Belgium,-13,-3,-0.6000000000000001,-0.7999999999999998,-0.5999999999999999,-30.000000000000114,-128.32,8.16,1,0.8,-150.1600000000002,-0.23700172019362165,-9.449999999999989,0,0,37.999719506147954,36.21815111920748,1.781568386940478,1748.0,1688.6,59.40000000000009,1,17,0,2.0285714285714285,2.257142857142857,-0.22857142857142865,0.5428571428571428,0.9428571428571428,-0.4,0.65,0.4,0.25,0.35,0.6,-0.25,2,1
Spain,France,85,1,0.19999999999999996,0.0,-0.5999999999999999,-344.41999999999985,114.82000000000001,125.0,1,0.6666666666666666,-104.59999999999991,0.1987281381792354,-72.40999999999997,-2,0,-38.043308757114254,-15.757827852726686,-22.28548090438757,1748.8,1707.4,41.399999999999864,4,15,0,2.085714285714286,2.057142857142857,0.028571428571428914,0.8,1.0285714285714285,-0.22857142857142843,0.4,0.4,0.0,0.55,0.55,0.0,1,2
Estonia,Cyprus,32,7,0.6000000000000001,0.0,-1.8,-2.0400000000000027,-0.75,-0.08,1,0.5,-2.8700000000000037,-0.10917017006525453,-1.5199999999999996,0,0,17.338178867731806,-3.9472165859000192,21.285395453631825,1693.6,1659.6,34.0,0,2,0,0.7714285714285715,0.42857142857142855,0.3428571428571429,1.9142857142857144,2.2857142857142856,-0.3714285714285712,0.2,0.15,0.05000000000000002,0.4,0.25,0.15000000000000002,0,0
Moldova,Kazakhstan,-151,-44,-0.8,0.20000000000000007,0.20000000000000018,-26.560000000000013,-2.42,0,1,0.4666666666666667,-28.98000000000001,-0.15504646826342583,-17.51,0,0,-5.324481608538834,3.1969605952701423,-8.521442203808977,1710.8,1638.0,72.79999999999995,4,6,0,0.5142857142857142,0.6857142857142857,-0.17142857142857149,2.657142857142857,2.2,0.45714285714285685,0.1,0.2,-0.1,0.3,0.4,-0.10000000000000003,1,2
Cyprus,Estonia,-32,-7,-0.4,0.0,1.4000000000000001,2.0400000000000027,0.75,0.08,1,0.26666666666666666,2.8700000000000037,0.10917017006525453,1.5199999999999996,0,0,-20.904271733853275,22.668975447875297,-43.573247181728576,1593.6,1613.8,-20.200000000000045,0,-2,0,0.4,0.7142857142857143,-0.3142857142857143,2.1714285714285713,1.6571428571428573,0.514285714285714,0.2,0.25,-0.04999999999999999,0.25,0.4,-0.15000000000000002,2,0
Kazakhstan,Moldova,151,44,1.2,-0.20000000000000007,-0.3999999999999999,26.560000000000013,2.42,0,1,0.6666666666666666,28.98000000000001,0.15504646826342583,17.51,0,0,9.57379613644737,-23.331047795443546,32.904843931890916,1574.0,1675.4,-101.40000000000009,-4,-6,0,0.8,0.5428571428571428,0.25714285714285723,2.1142857142857143,2.6,-0.48571428571428577,0.2,0.1,0.1,0.45,0.35,0.10000000000000003,0,1
Poland,Wales,8,4,-0.20000000000000018,-0.19999999999999996,0.0,103.36999999999995,8.96,-3.47,1,0.8666666666666667,108.85999999999996,0.054439059880178386,92.32,0,0,14.40675439354945,10.199122547716659,4.2076318458327915,1576.0,1645.0,-69.0,11,9,0,2.2857142857142856,1.4285714285714286,0.857142857142857,1.1142857142857143,1.0571428571428572,0.05714285714285716,0.25,0.4,-0.15000000000000002,0.7,0.45,0.24999999999999994,2,1
Panama,Costa Rica,81,26,-1.2000000000000002,0.0,1.6,-153.13,58.27,-13.59,1,0.6666666666666666,-108.44999999999999,0.04314479338175792,0.6999999999999886,0,0,-9.621473210263648,63.16742741560897,-72.78890062587261,1775.0,1735.4,39.59999999999991,-26,-28,0,1.5714285714285714,0.9428571428571428,0.6285714285714286,1.457142857142857,0.6285714285714286,0.8285714285714285,0.35,0.5,-0.15000000000000002,0.45,0.3,0.15000000000000002,2,0
Barbados,Antigua and Barbuda,32,4,-0.9999999999999999,-0.7999999999999999,0.7999999999999998,12.66,-2.12,0.19,1,0.7777777777777778,10.730000000000002,0.0012673572845491865,1.31,0,0,9.545665057292533,52.251294036810265,-42.70562897951773,1470.6,1348.4,122.19999999999982,0,0,0,1.0,1.3428571428571427,-0.34285714285714275,2.2285714285714286,2.3714285714285714,-0.1428571428571428,0.35,0.15,0.19999999999999998,0.35,0.5,-0.15000000000000002,0,1
Guadeloupe,Cuba,144,124,1.2,2.8,-0.19999999999999996,4.070000000000007,0.56,0,1,0.5,4.63000000000001,0.012933025404157084,30.939999999999998,0,0,-38.11355404968812,6.124562229410818,-44.23811627909894,1301.8,1506.0,-204.20000000000005,-32,-32,0,2.4,1.1428571428571428,1.2571428571428571,1.2857142857142858,1.3428571428571427,-0.05714285714285694,0.2,0.45,-0.25,0.5,0.05,0.45,2,1
Belize,Dominican Republic,-200,-136,-0.8,-0.40000000000000013,1.4000000000000001,-18.019999999999996,3.1399999999999997,1.24,1,1.0,-13.639999999999997,0.19747520288548237,-36.64,0,0,-6.054490484956306,-43.37497343804755,37.32048295309124,1413.4,1392.6,20.800000000000182,3,3,0,1.0857142857142856,1.3428571428571427,-0.2571428571428571,1.8571428571428572,0.8571428571428571,1.0,0.3,0.55,-0.25000000000000006,0.35,0.15,0.19999999999999998,0,2
French Guiana,Guatemala,-226,-144,-1.6,-0.8,1.0,-182.58999999999995,11.75,0,1,0.5,-170.83999999999997,-0.08436353860761714,-186.47,0,0,0.30792045136991675,33.13180446552968,-32.823884014159766,1356.4,1574.6,-218.19999999999982,-65,-63,0,1.2,2.4285714285714284,-1.2285714285714284,1.2285714285714286,0.22857142857142856,1.0,0.3,0.85,-0.55,0.35,0.15,0.19999999999999998,2,0
Anguilla,Dominica,-205,-28,-2.0,-2.0,4.2,-3.920000000000002,0.41999999999999993,0,1,0.0,-3.5000000000000018,0.052709950001816,-8.84,0,0,-18.20199209394309,38.40442921659541,-56.6064213105385,1435.2,1369.2,66.0,-6,-8,0,0.2857142857142857,1.1714285714285715,-0.8857142857142858,4.828571428571428,1.542857142857143,3.2857142857142856,0.05,0.2,-0.15000000000000002,0.25,0.4,-0.15000000000000002,0,0
Czech Republic,Switzerland,-158,-27,0.3999999999999999,0.19999999999999973,-0.4,-98.55000000000001,2.32,2.65,1,1.0,-93.58000000000001,0.01988000000000001,-81.78,0,0,-12.588001375211837,-3.2131434362568747,-9.374857938954962,1532.4,1653.2,-120.79999999999995,-9,11,0,1.8,1.9714285714285715,-0.17142857142857149,0.9428571428571428,0.8,0.1428571428571428,0.35,0.4,-0.050000000000000044,0.4,0.55,-0.15000000000000002,2,1
Spain,Portugal,187,6,0.3999999999999999,-0.20000000000000018,0.0,-72.51999999999987,-15.49,0,1,0.26666666666666666,-88.00999999999988,-0.018662425753906642,20.840000000000032,0,0,-27.243102099215196,-13.41422214809059,-13.828879951124607,1733.6,1654.4,79.19999999999982,-8,0,0,2.057142857142857,2.142857142857143,-0.08571428571428585,0.7142857142857143,0.7714285714285715,-0.05714285714285716,0.45,0.45,0.0,0.55,0.45,0.10000000000000003,1,1
Israel,Iceland,43,13,0.9999999999999999,1.0,-0.7999999999999998,-25.310000000000045,-3.92,-11.14,1,1.0,-40.37000000000005,-0.22617392561695604,33.8,0,0,12.242672539865861,-19.42670469926497,31.66937723913083,1608.0,1708.6,-100.59999999999991,-5,-9,0,1.8,1.0285714285714285,0.7714285714285716,2.057142857142857,2.257142857142857,-0.20000000000000018,0.15,0.15,0.0,0.6,0.55,0.04999999999999993,2,2
Serbia,Norway,-158,-27,0.3999999999999999,-0.6000000000000001,0.6,-283.29999999999995,-38.72,32.09,1,0.5833333333333334,-289.9299999999999,-0.09872613458045398,-171.85000000000002,0,0,35.02448706356928,-24.92752842519392,59.9520154887632,1696.8,1540.4,156.39999999999986,7,5,0,1.9428571428571428,2.1714285714285713,-0.22857142857142843,0.8857142857142857,0.7428571428571429,0.1428571428571428,0.35,0.5,-0.15000000000000002,0.55,0.35,0.20000000000000007,0,1
Slovenia,Sweden,-28,-14,0.0,0.6,0.19999999999999996,56.71999999999994,-23.490000000000002,0,1,0.16666666666666666,33.22999999999995,-0.12168632863997442,-88.0,0,0,-0.2799455508007269,21.754898854057625,-22.03484440485835,1659.6,1791.6,-132.0,-7,-20,0,1.6,1.2857142857142858,0.3142857142857143,0.8857142857142857,1.0,-0.11428571428571432,0.5,0.45,0.04999999999999999,0.4,0.4,0.0,0,2
Northern Ireland,Greece,-160,-45,0.5999999999999999,0.6,-0.19999999999999996,-82.83999999999997,-3.84,18.88,1,0.5,-67.79999999999998,0.06745367176371964,-134.25,0,0,-1.5481278337370874,-1.1870236289249334,-0.361104204812154,1526.2,1719.8,-193.5999999999999,-11,-22,0,0.9428571428571428,0.9714285714285714,-0.02857142857142858,0.9142857142857143,0.9142857142857143,0.0,0.3,0.3,0.0,0.4,0.55,-0.15000000000000002,0,1
Cyprus,Kosovo,-400,-202,0.0,-0.6000000000000001,0.8,-174.89,7.8999999999999995,1.27,1,0.5,-165.71999999999997,0.038123391489230274,-112.41,0,0,-8.138904642117238,-5.948246329971556,-2.1906583121456817,1483.4,1715.4,-232.0,42,83,0,0.5714285714285714,1.2857142857142858,-0.7142857142857144,2.0285714285714285,1.2571428571428571,0.7714285714285714,0.25,0.3,-0.04999999999999999,0.25,0.5,-0.25,0,2
Georgia,Gibraltar,575,217,2.2,1.0,-2.8,119.22000000000001,-1.5299999999999998,-6.93,1,1.0,110.76000000000002,0.13879701964852376,147.0,0,0,10.768749080436601,3.419665960438678,7.349083119997923,1678.6,1576.8,101.79999999999995,36,70,0,0.8285714285714286,0.3142857142857143,0.5142857142857143,1.2,2.8285714285714287,-1.6285714285714288,0.3,0.3,0.0,0.4,0.25,0.15000000000000002,4,0
Bulgaria,North Macedonia,-139,-124,-1.0,-0.8,0.6000000000000001,18.810000000000002,-3.64,4.68,1,0.75,19.85,0.027267862747862304,41.57000000000001,0,0,30.35498888329631,21.988876630458822,8.366112252837489,1747.0,1733.4,13.599999999999909,-4,-9,0,1.0,1.6571428571428573,-0.6571428571428573,1.6571428571428573,1.2285714285714286,0.4285714285714286,0.2,0.4,-0.2,0.5,0.4,0.09999999999999998,1,1
Estonia,San Marino,454,58,0.2,0.0,-2.6,7.68,-0.87,-0.08,1,0.7777777777777778,6.7299999999999995,-0.12132822477650063,10.09,0,0,13.919163654798286,-13.095985771671208,27.015149426469492,1580.0,1542.2,37.799999999999955,2,6,0,0.6571428571428571,0.2,0.45714285714285713,1.7714285714285714,3.8857142857142857,-2.1142857142857143,0.25,0.1,0.15,0.4,0.15,0.25,2,0
Curaçao,Honduras,-18,-3,0.2,0.0,-0.19999999999999996,-10.42999999999995,-7.83,10.42,1,0.0,-7.839999999999975,0.007708968753292522,114.14000000000001,0,0,-25.608278044415055,-67.13922699546303,41.530948951047975,1670.2,1723.2,-53.0,-74,-76,0,1.3142857142857143,0.5714285714285714,0.7428571428571429,1.0857142857142856,1.8,-0.7142857142857144,0.4,0.15,0.25,0.45,0.5,-0.04999999999999999,0,1
Bahamas,Saint Vincent and the Grenadines,-299,-70,0.20000000000000007,0.0,-0.20000000000000018,-43.10999999999999,0.46,-0.04,1,0.5,-42.68999999999999,-0.12565272616079404,-77.52,0,0,30.807183064067445,-32.792189556650214,63.59937262071766,1327.8,1303.2,24.59999999999991,-24,-26,0,1.5714285714285714,1.0857142857142856,0.48571428571428577,2.4285714285714284,2.5428571428571427,-0.11428571428571432,0.25,0.25,0.0,0.4,0.45,-0.04999999999999999,1,0
Nicaragua,Trinidad and Tobago,-31,-20,0.0,-0.8,-0.3999999999999999,50.24999999999999,-7.5,0,1,0.5,42.74999999999999,-0.10400776591318817,-34.57,0,0,-4.6317856671720055,-11.915376517541084,7.2835908503690785,1374.8,1409.0,-34.200000000000045,-67,-65,0,1.7428571428571429,1.8571428571428572,-0.11428571428571432,0.9428571428571428,1.6285714285714286,-0.6857142857142857,0.4,0.3,0.10000000000000003,0.3,0.2,0.09999999999999998,2,1
Sint Maarten,United States Virgin Islands,335,58,0.2,1.2,-0.19999999999999973,12.080000000000002,-1.02,0.04000000000000001,1,0.5,11.100000000000001,-0.012223193473193561,8.33,0,0,-71.83452577546717,-18.472169577373638,-53.362356198093536,1345.2,1332.2,13.0,-19,-21,0,1.4,0.34285714285714286,1.057142857142857,2.64,3.3142857142857145,-0.6742857142857144,0.2,0.05,0.15000000000000002,0.8,0.25,0.55,1,1
Turks and Caicos Islands,Bonaire,-213,-36,-1.15,-1.7,3.4000000000000004,-4.919999999999997,0.06,0.04,1,0.5,-4.819999999999998,0.01577287066246047,-10.799999999999999,0,0,18.610431473736956,-11.196615690251136,29.80704716398809,1358.2,1085.5,272.70000000000005,13,13,0,1.0285714285714285,2.5,-1.4714285714285715,4.742857142857143,2.0,2.742857142857143,0.0,0.0,0.0,0.4,1.0,-0.6,1,4
Saint Martin,Aruba,134,36,1.2000000000000002,0.3999999999999999,-3.6000000000000005,6.789999999999999,-1.69,0,1,0.5,5.1,-0.10412815773259387,-6.4399999999999995,0,0,-42.54089916484884,-34.50312295464981,-8.037776210199027,1120.0,1420.8,-300.79999999999995,-18,-18,0,1.75,1.0285714285714285,0.7214285714285715,1.5625,3.2285714285714286,-1.6660714285714286,0.23529411764705882,0.1,0.13529411764705881,0.5882352941176471,0.4,0.18823529411764706,0,0
British Virgin Islands,Cayman Islands,-128,-19,-0.2,-0.4,0.20000000000000018,1.829999999999999,0.01,0.23,1,0.5,2.069999999999999,0.14814814814814814,-0.4200000000000004,0,0,-5.648052824283286,18.53393041518635,-24.181983239469638,1444.6,1439.0,5.599999999999909,-3,-5,0,0.8285714285714286,0.6857142857142857,0.1428571428571429,3.3714285714285714,2.8857142857142857,0.48571428571428577,0.1,0.15,-0.04999999999999999,0.45,0.35,0.10000000000000003,1,1
Croatia,Austria,60,14,0.8000000000000003,0.3999999999999999,-0.6000000000000001,-355.26,1.4699999999999998,0,1,1.0,-353.79,-0.004119663621345304,-98.88,0,0,1.2727994063763273,-53.82708954836783,55.09988895474416,1566.4,1633.8,-67.39999999999986,17,39,0,2.0285714285714285,1.6857142857142857,0.34285714285714275,1.0285714285714285,1.5142857142857142,-0.48571428571428577,0.35,0.2,0.14999999999999997,0.5,0.55,-0.050000000000000044,0,3
France,Denmark,214,23,1.2,1.9999999999999998,-0.9999999999999999,929.4499999999998,-123.96000000000001,-125.0,1,0.6666666666666666,680.4899999999999,-0.19147008062838244,560.65,2,0,3.944111586055291,7.824576718345467,-3.880465132290176,1697.4,1737.8,-40.399999999999864,0,8,0,2.742857142857143,2.3142857142857145,0.4285714285714284,0.7428571428571429,0.8857142857142857,-0.1428571428571428,0.5,0.55,-0.050000000000000044,0.5,0.35,0.15000000000000002,1,2
Belgium,Netherlands,-81,-11,-0.6000000000000001,-1.0,0.19999999999999996,-100.03000000000009,-0.8399999999999999,-8.16,1,0.6,-109.02999999999997,-0.017741124386193907,-96.66999999999996,0,0,-20.542287234576563,0.47910264251840573,-21.02138987709497,1641.6,1641.4,0.1999999999998181,-4,-10,0,2.2857142857142856,2.8,-0.5142857142857142,1.0857142857142856,0.9428571428571428,0.1428571428571428,0.4,0.45,-0.04999999999999999,0.6,0.5,0.09999999999999998,1,4
Kazakhstan,Azerbaijan,77,24,1.0,-0.20000000000000007,0.3999999999999999,39.570000000000014,-0.38,0,1,0.6666666666666666,39.19000000000001,0.015096419943333439,20.19,0,0,-11.781757944742852,-41.14477999877971,29.36302205403686,1510.0,1470.4,39.59999999999991,-2,0,0,0.6857142857142857,0.6,0.08571428571428574,2.085714285714286,1.7142857142857142,0.37142857142857166,0.2,0.2,0.0,0.4,0.45,-0.04999999999999999,2,0
Belarus,Slovakia,-193,-112,0.19999999999999996,-1.2,0.19999999999999996,-209.93999999999994,38.92,0,1,0.5,-171.01999999999992,0.0965453041327341,-181.18,0,0,-13.503379477534732,-0.7553847964963687,-12.747994681038364,1583.6,1645.2,-61.600000000000136,-12,-18,0,1.2,1.4857142857142858,-0.2857142857142858,1.7714285714285714,1.2285714285714286,0.5428571428571427,0.25,0.3,-0.04999999999999999,0.45,0.4,0.04999999999999999,0,1
Liechtenstein,Moldova,-344,-36,-0.6,-1.0,1.8000000000000003,-17.26,2.9,-0.02,1,0.6666666666666666,-14.38,0.02845073189900771,-11.27,0,0,4.111137673141103,-8.506827118668188,12.61796479180929,1629.2,1601.2,28.0,0,-6,0,0.2857142857142857,0.6285714285714286,-0.34285714285714286,3.342857142857143,2.4285714285714284,0.9142857142857146,0.1,0.15,-0.04999999999999999,0.25,0.35,-0.09999999999999998,0,2
Latvia,Andorra,212,34,-0.19999999999999996,0.0,-0.19999999999999996,6.910000000000001,-0.43000000000000005,0.03,1,0.6,6.51,0.00760994439593754,1.7099999999999995,0,0,36.3691066361185,41.45228012013694,-5.083173484018438,1527.4,1389.0,138.4000000000001,-2,3,0,1.2,0.8,0.3999999999999999,1.3142857142857143,1.9428571428571428,-0.6285714285714286,0.25,0.3,-0.04999999999999999,0.55,0.3,0.25000000000000006,3,0
Suriname,Jamaica,-122,-33,1.0,0.8,-0.8,-139.84,0,32.239999999999995,1,0.5,-107.6,0.07447654293033312,-65.2,0,0,0.3166858577766316,-30.252530883759963,30.569216741536593,1478.2,1675.8,-197.5999999999999,-41,-41,0,2.085714285714286,0.9142857142857143,1.1714285714285717,0.9428571428571428,1.7714285714285714,-0.8285714285714285,0.45,0.1,0.35,0.3,0.6,-0.3,1,1
El Salvador,Grenada,90,40,-0.6000000000000001,0.0,1.4000000000000001,60.48999999999999,-0.72,0.03,1,1.0,59.79999999999998,0.008938267660095311,30.28,0,0,6.118698097881532,-38.188541880818725,44.30723997870026,1732.2,1121.2,611.0,56,56,0,0.4857142857142857,0.8,-0.31428571428571433,1.542857142857143,1.2857142857142858,0.2571428571428571,0.25,0.3,-0.04999999999999999,0.3,0.4,-0.10000000000000003,3,1
Bermuda,Haiti,-332,-176,0.20000000000000007,0.8,0.3999999999999999,-174.63,-1.99,-0.08,1,0.5,-176.7,-0.2192796610169493,-127.12,0,0,30.447308323811743,-30.35882869464764,60.80613701845938,1529.4,1692.0,-162.5999999999999,-13,-13,0,1.4285714285714286,1.3428571428571427,0.08571428571428585,2.2,1.6285714285714286,0.5714285714285716,0.4,0.25,0.15000000000000002,0.45,0.35,0.10000000000000003,0,0
Montserrat,Guyana,-209,-84,1.4000000000000001,0.6000000000000001,-0.8,-70.35999999999999,0.32,0,1,0.5,-70.03999999999999,-0.032235163295257996,-57.529999999999994,0,0,45.79335953667761,-17.68464263338771,63.478002170065324,1271.4,1430.0,-158.5999999999999,-9,-9,0,1.2941176470588236,1.6857142857142857,-0.3915966386554621,1.9705882352941178,1.5142857142857142,0.4563025210084035,0.15789473684210525,0.25,-0.09210526315789475,0.5789473684210527,0.45,0.12894736842105264,1,2
Hungary,England,-317,-50,-0.6000000000000001,-2.6,0.19999999999999996,-1225.6000000000004,324.06,177.86,1,0.08333333333333333,-723.6800000000003,0.29146201700569474,-623.27,-4,0,-4.5037658996490215,-3.137764446483435,-1.3660014531655866,1586.6,1577.4,9.199999999999818,-24,-33,0,1.4,3.1142857142857143,-1.7142857142857144,1.0571428571428572,0.34285714285714286,0.7142857142857143,0.3,0.7,-0.39999999999999997,0.45,0.3,0.15000000000000002,1,0
Italy,Germany,-103,-15,-1.0,-2.8,0.6,-237.92000000000007,-126.34,15.0,1,0.4,-349.2600000000001,-0.23175235797952087,-165.73999999999995,0,0,-6.438522783490239,1.073984426183566,-7.512507209673805,1755.2,1473.6,281.60000000000014,-5,3,0,1.7428571428571429,3.142857142857143,-1.4,0.7428571428571429,0.8,-0.05714285714285716,0.5,0.4,0.09999999999999998,0.45,0.45,0.0,1,1
Armenia,Republic of Ireland,-332,-176,-1.6,-1.6,3.4,-258.77000000000004,-0.41,2.8099999999999996,1,0.0,-256.37000000000006,-0.19431300602187862,-207.14,0,0,-0.01711458054350201,16.32341713251939,-16.34053171306289,1693.8,1626.6,67.20000000000005,-6,-16,0,0.8,1.4,-0.5999999999999999,2.5142857142857142,0.7142857142857143,1.7999999999999998,0.3,0.45,-0.15000000000000002,0.5,0.35,0.15000000000000002,1,0
Finland,Bosnia and Herzegovina,-98,-81,0.7999999999999999,0.7999999999999999,-0.19999999999999996,-10.439999999999998,9.08,-4.2,1,0.4666666666666667,-5.560000000000002,0.04180332794999764,-22.83,0,0,23.803913178852042,-5.0870026610508745,28.890915839902917,1650.4,1616.0,34.40000000000009,-5,-3,0,0.9428571428571428,0.6571428571428571,0.2857142857142857,1.2571428571428571,1.2571428571428571,0.0,0.25,0.3,-0.04999999999999999,0.4,0.3,0.10000000000000003,1,1
Montenegro,Romania,-165,-118,-0.8,-0.19999999999999996,0.7999999999999999,-172.01,12.66,7.509999999999998,1,0.3333333333333333,-151.84,-0.07394721932817627,-108.16,0,0,9.88990731052425,-1.7576785651985745,11.647585875722825,1767.8,1429.4,338.39999999999986,-24,-58,0,1.0857142857142856,1.1714285714285715,-0.08571428571428585,1.2857142857142858,0.9714285714285714,0.3142857142857144,0.4,0.35,0.050000000000000044,0.4,0.4,0.0,2,0
Lithuania,Luxembourg,-110,-34,0.20000000000000007,-0.20000000000000007,-1.0,6.349999999999998,-1.8499999999999999,0.38,1,0.3333333333333333,4.879999999999997,-0.08332523953593418,-0.370000000000001,0,0,5.53160934781908,3.6775941454291177,1.854015202389962,1499.0,1628.2,-129.20000000000005,-4,-6,0,0.7714285714285715,0.8,-0.02857142857142858,1.9428571428571428,1.9428571428571428,0.0,0.1,0.15,-0.04999999999999999,0.4,0.45,-0.04999999999999999,0,2
Turkey,Faroe Islands,494,210,1.0,1.8,0.20000000000000018,448.43000000000006,-60.86,0.07,1,0.5,387.64000000000004,-0.1199919749947882,430.06,0,0,-43.16941856274302,-14.882361306792088,-28.28705725595093,1519.4,1437.2,82.20000000000005,14,31,0,2.057142857142857,0.9714285714285714,1.0857142857142854,1.8,1.6285714285714286,0.17142857142857149,0.25,0.15,0.1,0.6,0.5,0.09999999999999998,4,0
Costa Rica,Martinique,155,52,1.2,-0.19999999999999996,-0.4,224.27999999999994,-67.9,1.98,1,0.5,158.35999999999996,-0.2013384803721331,112.49000000000001,0,0,50.87973984953207,-4.112239591283249,54.99197944081532,1716.2,1567.4,148.79999999999995,115,118,0,0.8857142857142857,1.2285714285714286,-0.34285714285714297,0.7714285714285715,0.9142857142857143,-0.1428571428571428,0.45,0.4,0.04999999999999999,0.3,0.45,-0.15000000000000002,2,0
Cuba,Barbados,184,49,0.39999999999999997,0.6000000000000001,-2.0,29.339999999999996,1.5699999999999998,0,1,0.5,30.909999999999993,0.13964577115744747,34.71,0,0,1.5032683359548047,-9.971716926637379,11.474985262592185,1510.6,1403.0,107.59999999999991,0,-2,0,1.1428571428571428,0.8285714285714286,0.31428571428571417,1.3142857142857143,2.2285714285714286,-0.9142857142857144,0.45,0.35,0.10000000000000003,0.1,0.3,-0.19999999999999998,3,0
Antigua and Barbuda,Guadeloupe,-360,-177,-0.3999999999999999,-2.0,0.19999999999999996,-46.07000000000001,-0.01,-0.19,1,0.3333333333333333,-46.27,-0.15384615384615374,-66.96,0,0,51.966729587781884,-31.203375403984843,83.17010499176672,1268.6,1312.8,-44.200000000000045,32,34,0,1.3428571428571427,2.4,-1.0571428571428572,2.0285714285714285,1.3142857142857143,0.7142857142857142,0.2,0.15,0.05000000000000002,0.45,0.55,-0.10000000000000003,1,0
Guatemala,Belize,293,167,1.8,1.2,-2.0,187.51999999999995,-13.14,0,1,0.7333333333333333,174.37999999999997,-0.06855175292153581,184.85,0,0,16.711157723246817,-1.5492308465337796,18.260388569780595,1560.6,1503.0,57.59999999999991,39,37,0,2.142857142857143,0.9428571428571428,1.2,0.4,1.8285714285714285,-1.4285714285714284,0.8,0.3,0.5,0.15,0.35,-0.19999999999999998,2,0
Dominican Republic,French Guiana,133,113,0.6000000000000001,1.0,0.0,13.089999999999995,-1.7499999999999996,-1.24,1,0.5,10.099999999999996,-0.04455991135632942,38.260000000000005,0,0,-43.02684986471218,21.355178448736922,-64.3820283134491,1309.2,1410.2,-101.0,23,23,0,1.4285714285714286,1.2571428571428571,0.17142857142857149,0.7714285714285715,1.0571428571428572,-0.2857142857142857,0.6,0.35,0.25,0.15,0.35,-0.19999999999999998,2,3
Dominica,Anguilla,205,28,2.0,1.8,-3.9999999999999996,3.920000000000002,-0.41999999999999993,0,1,0.6666666666666666,3.5000000000000018,-0.052709950001816,8.84,0,0,36.051744904419394,-10.537554009727454,46.58929891414685,1221.2,1390.2,-169.0,6,8,0,1.1142857142857143,0.22857142857142856,0.8857142857142858,1.3714285714285714,4.628571428571429,-3.2571428571428576,0.25,0.1,0.15,0.4,0.2,0.2,1,1
Portugal,Switzerland,69,9,0.6000000000000001,-0.20000000000000018,-0.3999999999999999,652.53,2.32,2.65,1,0.5,657.4999999999999,0.01988000000000001,463.53999999999996,0,0,4.063138131358237,-23.743430794477696,27.806568925835933,1805.8,1743.8,62.0,10,32,0,2.085714285714286,1.8285714285714285,0.25714285714285734,0.8,0.9428571428571428,-0.1428571428571428,0.45,0.35,0.10000000000000003,0.5,0.6,-0.09999999999999998,4,0
Czech Republic,Spain,-414,-42,-0.6000000000000001,0.3999999999999999,0.19999999999999996,-678.5600000000001,15.49,0,1,0.0,-663.07,0.018662425753906642,-566.1600000000001,0,0,8.475881890002281,-25.31439281681667,33.79027470681895,1615.2,1713.2,-98.0,-11,-21,0,1.8285714285714285,2.057142857142857,-0.22857142857142843,0.9714285714285714,0.6857142857142857,0.2857142857142857,0.3,0.45,-0.15000000000000002,0.45,0.55,-0.10000000000000003,2,2
Serbia,Slovenia,72,26,0.6000000000000001,0.3999999999999999,-0.19999999999999996,58.270000000000095,-12.779999999999998,0,1,0.26666666666666666,45.490000000000094,-0.018850873762241926,-9.320000000000007,0,0,30.768134284768855,-10.055549208320265,40.82368349308912,1811.0,1641.8,169.20000000000005,-3,-6,0,1.8285714285714285,1.2857142857142858,0.5428571428571427,0.8857142857142857,1.0,-0.11428571428571432,0.35,0.45,-0.10000000000000003,0.55,0.4,0.15000000000000002,4,1
Sweden,Norway,-202,-39,-0.8,-1.7999999999999998,0.6,-398.28999999999996,-2.45,32.09,1,0.4666666666666667,-368.6499999999999,0.04181106782176236,-74.53000000000003,0,0,40.1465697211078,-4.810434975327358,44.95700469643516,1778.2,1600.6,177.60000000000014,17,31,0,1.3142857142857143,2.0285714285714285,-0.7142857142857142,0.9142857142857143,0.6571428571428571,0.2571428571428571,0.5,0.55,-0.050000000000000044,0.35,0.3,0.04999999999999999,1,2
Cyprus,Northern Ireland,-277,-164,-0.5999999999999999,-0.20000000000000007,1.4,-46.299999999999976,3.7199999999999998,0,1,0.3333333333333333,-42.579999999999984,0.056205840606539215,-6.550000000000001,0,0,-8.371607687674928,-1.286724854563527,-7.084882833111401,1567.2,1590.2,-23.0,0,-2,0,0.4857142857142857,0.8857142857142857,-0.39999999999999997,1.9714285714285715,0.8857142857142857,1.0857142857142859,0.25,0.3,-0.04999999999999999,0.2,0.35,-0.14999999999999997,0,0
Kosovo,Greece,-37,-7,0.20000000000000018,1.2000000000000002,0.20000000000000007,45.75000000000003,-8.02,17.61,1,0.25,55.34,0.08553612088102858,-28.390000000000015,0,0,-9.10524864111553,-9.867215247884545,0.7619666067690147,1648.4,1695.6,-47.19999999999982,-53,-107,0,1.4,0.9714285714285714,0.4285714285714285,1.2,0.7714285714285715,0.4285714285714285,0.3,0.35,-0.04999999999999999,0.5,0.5,0.0,0,1
Gibraltar,North Macedonia,-496,-201,-1.6,-1.8,1.8,-65.04,-0.48,4.68,1,0.0,-60.84000000000001,-0.14285000460229602,-16.37,0,0,2.456065614246161,20.144606077950552,-17.688540463704392,1515.4,1626.6,-111.19999999999982,-42,-81,0,0.2857142857142857,1.7142857142857142,-1.4285714285714284,3.0,1.1142857142857143,1.8857142857142857,0.25,0.35,-0.09999999999999998,0.25,0.45,-0.2,0,2
Bulgaria,Georgia,-218,-140,-2.2,-0.8,2.0,-35.370000000000005,-1.6300000000000003,6.93,1,0.8333333333333334,-30.070000000000007,0.03132084770163457,-89.06,0,0,34.65350431263705,14.39109928985934,20.262405022777706,1742.8,1550.6,192.20000000000005,2,2,0,1.0285714285714285,1.0857142857142856,-0.05714285714285716,1.5714285714285714,1.0857142857142856,0.48571428571428577,0.2,0.3,-0.09999999999999998,0.55,0.4,0.15000000000000002,2,5
San Marino,Malta,-403,-46,-1.2,-0.6000000000000001,1.2000000000000002,-4.760000000000002,0.6599999999999999,0.0,1,0.0,-4.100000000000001,0.1344195519348269,-4.760000000000001,0,0,-14.286891218391869,27.52540219346445,-41.81229341185632,1594.8,1601.4,-6.600000000000136,-2,-3,0,0.17142857142857143,0.9714285714285714,-0.8,3.8285714285714287,2.142857142857143,1.685714285714286,0.1,0.3,-0.19999999999999998,0.15,0.35,-0.19999999999999998,0,2
Honduras,Curaçao,18,3,0.6000000000000001,0.19999999999999996,-0.40000000000000013,10.42999999999995,7.83,-10.42,1,1.0,7.839999999999975,-0.007708968753292522,-114.14000000000001,0,0,-48.51817545373066,-35.98055088825182,-12.537624565478843,1759.2,1678.6,80.60000000000014,74,76,0,0.6285714285714286,1.3142857142857143,-0.6857142857142857,1.6571428571428573,1.1428571428571428,0.5142857142857145,0.2,0.4,-0.2,0.45,0.45,0.0,1,2
Saint Vincent and the Grenadines,Nicaragua,-102,-100,-2.6,-1.8000000000000003,3.0,-28.13000000000001,6.96,0,1,0.6666666666666666,-21.17000000000001,0.09172945759122364,48.51,0,0,-53.72898345926492,13.616705552486682,-67.3456890117516,1319.4,1405.2,-85.79999999999995,21,21,0,0.9428571428571428,1.8857142857142857,-0.9428571428571428,2.4,0.8857142857142857,1.5142857142857142,0.25,0.4,-0.15000000000000002,0.45,0.3,0.15000000000000002,2,2
Trinidad and Tobago,Bahamas,432,190,0.0,1.2,-0.6000000000000001,20.990000000000006,0.08,0.04,1,0.3333333333333333,21.110000000000007,0.13793103448275856,63.58,0,0,-15.738644825713536,33.305047049538274,-49.04369187525181,1444.0,1318.0,126.0,70,70,0,1.8857142857142857,1.5714285714285714,0.3142857142857143,1.6571428571428573,2.2,-0.5428571428571429,0.3,0.3,0.0,0.25,0.35,-0.09999999999999998,1,0
Bonaire,Sint Maarten,-58,-13,1.8,1.4,-1.4000000000000001,-9.260000000000003,0.99,0.12,1,0.5,-8.150000000000002,0.06179123190164215,1.6899999999999995,0,0,-6.659413951786483,-72.22811097823492,65.56869702644843,1084.4,1255.2,-170.79999999999995,0,0,0,2.8,1.4230769230769231,1.3769230769230767,1.8,2.6153846153846154,-0.8153846153846154,0.0,0.18181818181818182,-0.18181818181818182,1.0,0.8181818181818182,0.18181818181818177,2,2
United States Virgin Islands,Turks and Caicos Islands,-64,-9,-0.39999999999999997,-0.8,-1.5999999999999996,2.099999999999998,-0.03,-0.2,1,0.5,1.869999999999998,-0.06534090909090906,0.7799999999999998,0,0,-5.2451424192233524,22.756925673887636,-28.00206809311099,1329.2,1311.4,17.799999999999955,6,8,0,0.34285714285714286,1.0857142857142856,-0.7428571428571428,3.257142857142857,4.628571428571429,-1.3714285714285719,0.05,0.0,0.05,0.25,0.45,-0.2,3,2
Aruba,Saint Martin,-134,-36,-1.2,-0.6,3.4,-6.789999999999999,1.69,0,1,0.3333333333333333,-5.1,0.10412815773259387,6.4399999999999995,0,0,-26.848415467355554,-48.93979592188486,22.091380454529304,1456.0,1163.2,292.79999999999995,18,18,0,0.9714285714285714,1.5454545454545454,-0.574025974025974,3.085714285714286,1.393939393939394,1.6917748917748918,0.15,0.2777777777777778,-0.1277777777777778,0.4,0.5555555555555556,-0.15555555555555556,3,0
Cayman Islands,British Virgin Islands,128,19,0.2,0.39999999999999997,-0.20000000000000018,-1.829999999999999,-0.01,-0.23,1,0.3333333333333333,-2.069999999999999,-0.14814814814814814,0.4200000000000004,0,0,9.242347512186718,-6.8171612207594805,16.0595087329462,1403.6,1454.0,-50.40000000000009,3,5,0,0.7142857142857143,0.8571428571428571,-0.1428571428571428,2.8285714285714287,3.3142857142857145,-0.48571428571428577,0.15,0.1,0.04999999999999999,0.4,0.45,-0.04999999999999999,1,1
Austria,Denmark,-17,-4,0.19999999999999996,0.7999999999999998,-0.20000000000000018,430.28999999999996,1.0499999999999998,0,1,0.25,431.34000000000003,0.018071770937854614,159.57,0,0,-32.83543451383368,28.679979115594314,-61.515413629428,1642.4,1784.0,-141.5999999999999,-14,-28,0,1.8571428571428572,2.3714285714285714,-0.5142857142857142,1.4,0.9142857142857143,0.48571428571428565,0.25,0.5,-0.25,0.5,0.4,0.09999999999999998,1,2
Croatia,France,-171,-13,-0.3999999999999999,-1.4,0.6,-854.4199999999998,126.48,125.0,1,0.13333333333333333,-602.9399999999998,0.20542218794489175,-499.96,-2,0,-6.709418377171602,-6.9794176970973965,0.2699993199257946,1598.6,1637.6,-39.0,3,3,0,1.8571428571428572,2.657142857142857,-0.7999999999999998,1.0285714285714285,0.8,0.22857142857142843,0.35,0.45,-0.10000000000000003,0.45,0.55,-0.10000000000000003,1,1
Iceland,Albania,-84,-21,-0.20000000000000007,0.6,1.1999999999999997,-156.55,-0.8,0,1,0.6,-157.35000000000002,-0.008615119534783555,-101.46,0,0,-18.655537665743296,0.13457100054799742,-18.790108666291292,1714.0,1715.8,-1.7999999999999545,3,8,0,1.0857142857142856,1.0,0.08571428571428563,2.2285714285714286,1.2857142857142858,0.9428571428571428,0.15,0.5,-0.35,0.55,0.3,0.25000000000000006,1,1
Belarus,Azerbaijan,140,64,1.6,0.6,-0.6000000000000001,48.54,-3.3000000000000003,0,1,0.5,45.239999999999995,-0.03799932941383466,29.69,0,0,-4.63235655712583,-36.86586989053578,32.233513333409945,1571.0,1403.2,167.79999999999995,-2,-1,0,1.1142857142857143,0.5714285714285714,0.5428571428571429,1.7142857142857142,1.7142857142857142,0.0,0.25,0.2,0.04999999999999999,0.4,0.45,-0.04999999999999999,0,0
Slovakia,Kazakhstan,256,152,0.19999999999999996,1.2000000000000002,-1.2,218.9099999999999,-41.84,0,1,0.5,177.0699999999999,-0.1496410534899022,190.68,0,0,5.404764015683748,1.9698899177357863,3.4348740979479615,1562.4,1480.4,82.0,12,17,0,1.457142857142857,0.8285714285714286,0.6285714285714284,1.0,1.8285714285714285,-0.8285714285714285,0.35,0.25,0.09999999999999998,0.35,0.35,0.0,0,1
Latvia,Liechtenstein,370,44,2.2,1.6,-3.6,8.97,-0.54,0.02,1,0.6666666666666666,8.45,0.07745587249571761,4.159999999999999,0,0,41.34048220711544,2.8786993699564034,38.46178283715904,1364.4,1572.2,-207.79999999999995,0,9,0,1.3714285714285714,0.2,1.1714285714285715,1.0285714285714285,3.257142857142857,-2.2285714285714286,0.3,0.05,0.25,0.5,0.25,0.25,1,0
Andorra,Moldova,-186,-26,0.0,-0.6,-0.19999999999999996,-15.200000000000003,2.79,-0.03,1,0.26666666666666666,-12.440000000000001,0.09829665999878778,-8.82,0,0,37.153836487365886,-5.136802390617085,42.29063887798297,1469.6,1418.8,50.799999999999955,2,0,0,0.6857142857142857,0.7714285714285715,-0.08571428571428574,2.142857142857143,2.1714285714285713,-0.02857142857142847,0.3,0.2,0.09999999999999998,0.25,0.35,-0.09999999999999998,0,0
Jamaica,Suriname,122,33,-0.3999999999999999,0.0,0.20000000000000018,139.84,0,-32.239999999999995,1,0.3333333333333333,107.6,-0.07447654293033312,65.2,0,0,-42.76510016946235,17.661757512283724,-60.42685768174607,1638.6,1546.4,92.19999999999982,41,41,0,0.8571428571428571,2.0,-1.1428571428571428,1.7428571428571429,1.0,0.7428571428571429,0.1,0.4,-0.30000000000000004,0.6,0.35,0.25,3,1
Grenada,El Salvador,-90,-40,-0.6000000000000001,-0.6,-0.6000000000000001,-60.48999999999999,0.72,-0.03,1,0.0,-59.79999999999998,-0.008938267660095311,-30.28,0,0,-46.229571525329455,16.72427717626617,-62.953848701595625,1211.0,1643.6,-432.5999999999999,-56,-56,0,0.7428571428571429,0.7142857142857143,0.02857142857142858,1.457142857142857,1.5142857142857142,-0.05714285714285716,0.3,0.2,0.09999999999999998,0.4,0.35,0.050000000000000044,2,2
Guyana,Bermuda,122,60,0.3999999999999999,0.40000000000000013,-1.2,65.78999999999999,1.48,0.08,1,0.4444444444444444,67.35,0.21250045059557476,66.60999999999999,0,0,-16.329541781997676,24.49636516575622,-40.82590694775389,1412.6,1495.6,-83.0,-4,-2,0,1.6,1.2285714285714286,0.37142857142857144,1.3714285714285714,2.142857142857143,-0.7714285714285714,0.25,0.4,-0.15000000000000002,0.45,0.45,0.0,2,1
Haiti,Montserrat,419,200,-0.8,-1.2,1.0000000000000002,179.2,0.19,0,1,0.5,179.39,0.03901437371663252,118.04,0,0,-27.839348654234968,24.781961715451686,-52.621310369686654,1598.8,1304.0,294.79999999999995,26,24,0,1.3142857142857143,1.2571428571428571,0.05714285714285716,1.4857142857142858,2.057142857142857,-0.5714285714285712,0.3,0.15,0.15,0.35,0.6,-0.25,3,2
Germany,England,-63,-4,-0.19999999999999973,-0.6000000000000001,0.19999999999999996,-644.5700000000002,328.47,165.0,1,0.4666666666666667,-151.10000000000014,0.3410591170474544,-174.70000000000005,-4,0,6.399637286938715,-15.91589248664089,22.315529773579605,1532.0,1577.4,-45.40000000000009,-1,4,0,3.0285714285714285,3.0,0.02857142857142847,0.8,0.37142857142857144,0.4285714285714286,0.4,0.65,-0.25,0.45,0.3,0.15000000000000002,1,1
Italy,Hungary,151,31,-1.2,-0.6000000000000001,0.6,343.11,-121.93,2.14,1,0.4444444444444444,223.32000000000002,-0.18215525793776122,282.83000000000004,0,0,-8.002536380027799,6.481852846816122,-14.48438922684392,1773.2,1586.6,186.60000000000014,18,40,0,1.6857142857142857,1.3428571428571427,0.34285714285714297,0.7714285714285715,0.9428571428571428,-0.17142857142857137,0.45,0.35,0.10000000000000003,0.5,0.4,0.09999999999999998,2,1
Finland,Montenegro,36,30,-0.3999999999999999,-0.19999999999999996,0.3999999999999999,19.289999999999992,-1.5699999999999998,5.19,1,0.5,22.90999999999999,0.1006139971027461,-51.5,0,0,28.528344131308376,30.43771384603615,-1.9093697147277737,1684.2,1709.0,-24.799999999999955,16,44,0,0.9142857142857143,1.2,-0.2857142857142857,1.2857142857142858,1.1142857142857143,0.17142857142857149,0.2,0.45,-0.25,0.45,0.35,0.10000000000000003,2,0
Bosnia and Herzegovina,Romania,-31,-7,-0.19999999999999996,-0.4,0.0,-142.28000000000003,2.01,16.9,1,0.25,-123.37,-0.01513655017542781,-136.82999999999998,0,0,-16.64170752336229,-14.43575966405804,-2.205947859304249,1616.0,1445.4,170.5999999999999,-3,-11,0,0.6857142857142857,1.1142857142857143,-0.4285714285714286,1.2285714285714286,1.0571428571428572,0.17142857142857149,0.25,0.35,-0.09999999999999998,0.35,0.35,0.0,1,0
Faroe Islands,Luxembourg,8,1,-0.3999999999999999,-0.3999999999999999,0.3999999999999999,6.889999999999997,-0.06,0.31,1,0.8333333333333334,7.139999999999997,0.05166159552310434,-7.260000000000001,0,0,-17.175989430021655,12.479570167821333,-29.655559597842988,1458.6,1492.2,-33.600000000000136,0,2,0,0.8285714285714286,0.9428571428571428,-0.11428571428571421,1.8,1.7142857142857142,0.08571428571428585,0.15,0.2,-0.05000000000000002,0.5,0.4,0.09999999999999998,0,1
Lithuania,Turkey,-612,-245,-1.0,-2.4,-0.19999999999999996,-448.97,59.07,0,1,0.5,-389.9000000000001,-0.014994860064250326,-423.17,0,0,-1.2689686150632662,-32.04047087790867,30.771502262845402,1398.8,1541.2,-142.4000000000001,-18,-39,0,0.7428571428571429,2.2285714285714286,-1.4857142857142858,1.8857142857142857,1.6285714285714286,0.2571428571428571,0.05,0.3,-0.25,0.4,0.55,-0.15000000000000002,0,6
Wales,Netherlands,-243,-41,-0.6000000000000001,-1.4000000000000001,-0.19999999999999996,-510.8300000000002,-5.250000000000001,0,1,0.0,-516.0800000000002,-0.06356379770821385,-421.79999999999995,0,0,22.997594684251943,23.732137528641772,-0.7345428443898285,1771.4,1801.6,-30.199999999999818,-18,-33,0,1.3142857142857143,2.8857142857142857,-1.5714285714285714,1.0571428571428572,0.9428571428571428,0.11428571428571432,0.4,0.45,-0.04999999999999999,0.45,0.5,-0.04999999999999999,1,2
Belgium,Poland,154,26,-0.3999999999999999,0.0,0.6000000000000001,307.4300000000002,-4.55,-4.6899999999999995,1,0.3333333333333333,298.1900000000003,-0.00861638655815844,232.81,0,0,-17.878264455814236,34.4355194670509,-52.31378392286514,1660.4,1591.0,69.40000000000009,4,15,0,2.2,2.3142857142857145,-0.11428571428571432,1.2571428571428571,1.1142857142857143,0.1428571428571428,0.4,0.2,0.2,0.6,0.75,-0.15000000000000002,6,1
Republic of Ireland,Ukraine,-33,-14,0.0,-0.19999999999999996,-0.20000000000000007,34.400000000000034,2.54,-3.57,1,0.5,33.37000000000003,-0.00245879102808666,24.189999999999998,0,0,-1.2146630037946222,-3.8836362209484636,2.6689732171538414,1568.6,1611.6,-43.0,-5,5,0,1.2857142857142858,1.3714285714285714,-0.08571428571428563,0.8,1.1428571428571428,-0.34285714285714275,0.4,0.15,0.25,0.35,0.7,-0.35,0,1
Scotland,Armenia,416,196,0.40000000000000013,1.0,-2.4000000000000004,106.71999999999998,-0.45,0.76,1,0.5,107.02999999999997,0.20016062466552997,80.32000000000001,0,0,11.540812549785636,19.918956851176684,-8.378144301391048,1673.2,1711.2,-38.0,-5,-1,0,1.3428571428571427,0.8285714285714286,0.5142857142857141,1.0857142857142856,2.342857142857143,-1.2571428571428573,0.4,0.35,0.050000000000000044,0.4,0.45,-0.04999999999999999,2,0
Panama,Martinique,236,78,0.7999999999999999,0.19999999999999996,0.0,71.14999999999998,-9.63,-11.61,1,1.0,49.909999999999954,-0.15819368699037517,113.19,0,0,6.350599101983193,-5.835544985562823,12.186144087546015,1771.6,1623.6,148.0,89,89,0,1.2571428571428571,1.1428571428571428,0.11428571428571432,1.2857142857142858,1.0,0.2857142857142858,0.35,0.4,-0.050000000000000044,0.45,0.45,0.0,5,0
Canada,Curaçao,173,41,1.0,1.0,-1.2000000000000002,-157.22000000000003,17.44,0,1,1.0,-139.78000000000003,0.0720531360494816,-162.18,0,0,21.87213384132942,-16.352823732088606,38.224957573418024,1687.8,1659.8,28.0,37,35,0,2.257142857142857,1.4285714285714286,0.8285714285714285,0.4,1.0857142857142856,-0.6857142857142856,0.6,0.4,0.19999999999999996,0.3,0.5,-0.2,4,0
Barbados,Guadeloupe,-328,-173,-1.8,-2.8,2.8,-33.410000000000004,-2.13,0,1,0.5,-35.540000000000006,-0.15257879656160456,-65.65,0,0,-14.494104558745907,-38.13430595412724,23.640201395381336,1439.8,1334.8,105.0,32,34,0,0.7714285714285715,2.2285714285714286,-1.4571428571428573,2.342857142857143,1.2571428571428571,1.0857142857142859,0.3,0.15,0.15,0.3,0.5,-0.2,0,1
Antigua and Barbuda,Cuba,-216,-53,1.2,-0.19999999999999996,-0.4,-42.0,0.55,-0.19,1,0.0,-41.63999999999999,-0.14091312844199666,-36.02,0,0,52.993794872161644,11.149499844099726,41.84429502806192,1325.6,1449.6,-124.0,0,2,0,1.2,1.4,-0.19999999999999996,1.9142857142857144,1.2,0.7142857142857144,0.25,0.5,-0.25,0.4,0.1,0.30000000000000004,0,2
Belize,French Guiana,-67,-23,-1.6,-1.4000000000000001,1.2,-4.930000000000002,1.3900000000000001,0,1,0.5,-3.540000000000002,0.15291529152915295,1.6199999999999992,0,0,-15.363264782584553,29.611494424180837,-44.97475920676539,1521.8,1440.8,81.0,26,26,0,0.8857142857142857,1.4,-0.5142857142857142,1.8857142857142857,1.1714285714285715,0.7142857142857142,0.3,0.35,-0.04999999999999999,0.3,0.35,-0.04999999999999999,1,1
Aruba,Saint Kitts and Nevis,-120,-28,0.7999999999999999,0.6,0.8,0.7100000000000026,0,0,1,0.5,0.7100000000000026,0.0,9.05,0,0,-1.9690862788443262,-23.543779664303898,21.57469338545957,1415.0,1406.8,8.200000000000045,-14,-12,0,1.2,1.0571428571428572,0.1428571428571428,2.7714285714285714,1.4857142857142858,1.2857142857142856,0.2,0.3,-0.09999999999999998,0.4,0.4,0.0,2,3
Dominica,Saint Lucia,-89,-21,1.2000000000000002,1.2,-0.5999999999999999,-3.099999999999997,0.22000000000000008,0,1,0.5,-2.8799999999999972,0.002801683638404162,-2.83,0,0,33.69906059224338,-28.402077839768538,62.101138432011915,1221.2,1468.8,-247.5999999999999,0,2,0,1.0857142857142856,0.4857142857142857,0.5999999999999999,1.3428571428571427,1.9428571428571428,-0.6000000000000001,0.2,0.15,0.05000000000000002,0.45,0.25,0.2,0,1
Cayman Islands,Puerto Rico,-274,-77,-0.7999999999999999,-1.2,2.8,-92.91,18.419999999999998,-0.23,1,0.5,-74.72,0.04681641336671494,-27.57,0,0,-5.684742349347785,3.1974564682417164,-8.8821988175895,1298.4,1426.2,-127.79999999999995,0,4,0,0.6857142857142857,1.4857142857142858,-0.8,2.657142857142857,1.5714285714285714,1.0857142857142856,0.15,0.3,-0.15,0.4,0.35,0.050000000000000044,0,3
Portugal,Czech Republic,227,36,0.3999999999999999,0.8000000000000003,-0.19999999999999996,751.0799999999999,0,0,1,1.0,751.0799999999999,0.0,545.3199999999999,0,0,8.427200747483418,13.058832634179527,-4.631631886696109,1843.8,1753.2,90.59999999999991,19,21,0,2.2857142857142856,1.6,0.6857142857142855,0.7142857142857143,1.0857142857142856,-0.37142857142857133,0.5,0.3,0.2,0.45,0.45,0.0,2,0
Switzerland,Spain,-256,-15,-1.4000000000000001,-0.8000000000000003,1.0,-580.01,13.17,-2.65,1,0.4,-569.49,-0.001217574246093367,-484.38,0,0,-37.81198295073035,-15.089021072326313,-22.722961878404043,1764.6,1710.8,53.799999999999955,-2,-32,0,1.6571428571428573,2.1142857142857143,-0.4571428571428571,1.2,0.7714285714285715,0.4285714285714285,0.35,0.45,-0.10000000000000003,0.55,0.55,0.0,0,1
Norway,Slovenia,230,53,1.4,1.9999999999999998,-1.0,341.57000000000005,25.94,-32.09,1,0.6666666666666666,335.41999999999996,0.07987526081821206,162.53000000000003,0,0,-1.2502800783241375,-17.782169520470095,16.531889442145957,1684.0,1657.8,26.200000000000045,-10,-11,0,2.142857142857143,1.2571428571428571,0.8857142857142857,0.6571428571428571,1.2571428571428571,-0.6,0.55,0.4,0.15000000000000002,0.3,0.45,-0.15000000000000002,0,0
Sweden,Serbia,-44,-12,-0.6000000000000001,-0.5999999999999999,-0.19999999999999996,-114.99000000000004,36.269999999999996,0,1,0.5,-78.72000000000004,0.14053720240221634,97.32000000000001,0,0,16.847333640910648,31.28586853371335,-14.438534892802704,1831.2,1814.8,16.40000000000009,10,26,0,1.2857142857142858,1.8857142857142857,-0.5999999999999999,0.8857142857142857,0.9142857142857143,-0.02857142857142858,0.5,0.35,0.15000000000000002,0.35,0.55,-0.20000000000000007,0,1
Kosovo,Northern Ireland,123,38,0.6000000000000001,1.2000000000000002,0.0,128.59,-4.18,-1.27,1,0.5,123.13999999999999,0.01808244911730894,105.86,0,0,-26.19498612603964,-10.85834412648223,-15.336641999557411,1658.6,1595.8,62.799999999999955,-42,-85,0,1.3428571428571427,0.7428571428571429,0.5999999999999999,1.1714285714285715,0.8285714285714286,0.34285714285714286,0.3,0.35,-0.04999999999999999,0.45,0.35,0.10000000000000003,3,2
Greece,Cyprus,437,209,1.0,0.20000000000000007,-0.4,129.13999999999996,0.12,-18.88,1,1.0,110.37999999999997,-0.12365951237025885,140.8,0,0,5.100674320365746,8.799790085495864,-3.6991157651301183,1607.8,1525.2,82.59999999999991,11,24,0,0.9714285714285714,0.4857142857142857,0.4857142857142857,0.6857142857142857,1.6571428571428573,-0.9714285714285715,0.35,0.3,0.04999999999999999,0.5,0.2,0.3,3,0
Gibraltar,Bulgaria,-357,-77,0.2,-0.8,-0.9999999999999998,-83.85000000000001,3.16,0,1,0.0,-80.69000000000001,-0.17011786735015832,-57.940000000000005,0,0,5.745500350969424,21.760441526707307,-16.01494117573788,1449.8,1724.6,-274.79999999999995,-38,-72,0,0.2571428571428571,1.1428571428571428,-0.8857142857142857,2.857142857142857,1.9142857142857144,0.9428571428571428,0.25,0.2,0.04999999999999999,0.25,0.6,-0.35,1,1
North Macedonia,Georgia,-79,-16,-0.6000000000000001,-0.8000000000000003,0.4,-54.18000000000001,2.01,2.25,1,0.5555555555555556,-49.92000000000001,0.004052984953772265,-130.63,0,0,26.321944125471788,26.97880559379006,-0.6568614683182723,1566.4,1494.4,72.0,6,11,0,1.6857142857142857,1.4,0.2857142857142858,1.0857142857142856,1.1714285714285715,-0.08571428571428585,0.4,0.3,0.10000000000000003,0.4,0.4,0.0,0,3
Malta,Estonia,-51,-12,1.0,0.6,-0.40000000000000013,-2.919999999999998,0.21000000000000008,0.08,1,0.1111111111111111,-2.629999999999998,-0.013091327158326282,-5.33,0,0,18.768921052350045,1.9325621943476885,16.836358858002356,1400.4,1453.8,-53.399999999999864,0,-2,0,1.0285714285714285,0.6857142857142857,0.34285714285714275,1.9428571428571428,1.8,0.1428571428571428,0.3,0.3,0.0,0.35,0.35,0.0,1,2
United States,Grenada,473,203,1.2000000000000002,0.8,-1.0,160.71,-8.5,-7.77,1,1.0,144.44,-0.07817249417249428,133.35999999999999,0,0,2.9110890723672505,-54.270601169840184,57.18169024220744,1827.8,1266.0,561.8,90,88,0,1.5714285714285714,0.8571428571428571,0.7142857142857143,0.6,1.6,-1.0,0.55,0.25,0.30000000000000004,0.3,0.45,-0.15000000000000002,5,0
Saint Vincent and the Grenadines,Trinidad and Tobago,-133,-120,-1.8,-1.8,1.2000000000000002,22.119999999999983,-0.54,0,1,0.2,21.579999999999984,-0.012278308321964526,13.939999999999998,0,0,-64.84589461097298,-11.032705770236365,-53.813188840736615,1300.6,1332.0,-31.40000000000009,-46,-44,0,1.0,1.9714285714285715,-0.9714285714285715,2.0285714285714285,1.2857142857142858,0.7428571428571427,0.25,0.35,-0.09999999999999998,0.45,0.25,0.2,0,2
Bahamas,Nicaragua,-401,-170,-0.8000000000000003,-1.0000000000000002,0.19999999999999996,-71.24,7.42,-0.04,1,0.5,-63.86,-0.0339232685695704,-29.01,0,0,24.059287875767424,9.344698292659615,14.71458958310781,1340.2,1409.0,-68.79999999999995,-3,-5,0,1.4285714285714286,1.8,-0.37142857142857144,2.057142857142857,0.8857142857142857,1.1714285714285713,0.3,0.4,-0.10000000000000003,0.3,0.35,-0.04999999999999999,0,2
Dominican Republic,Guatemala,-93,-31,-0.6000000000000001,0.6000000000000001,0.7999999999999999,-169.49999999999994,10.0,-1.24,1,0.3333333333333333,-160.73999999999995,-0.12892344996394656,-148.20999999999998,0,0,-50.28534128431384,14.945890406184901,-65.23123169049873,1343.8,1545.0,-201.20000000000005,-42,-40,0,1.4285714285714286,1.8571428571428572,-0.4285714285714286,1.0285714285714285,0.4,0.6285714285714284,0.55,0.8,-0.25,0.2,0.15,0.05000000000000002,1,1
Austria,France,-231,-27,-0.6000000000000001,0.0,0.5999999999999999,-499.15999999999985,125.01,125.0,1,0.3333333333333333,-249.14999999999986,0.20954185156623706,-401.08,-2,0,-43.07905411494139,-2.7323106405595894,-40.3467434743818,1693.8,1733.0,-39.200000000000045,-14,-36,0,1.7428571428571429,2.3714285714285714,-0.6285714285714286,1.4857142857142858,0.8,0.6857142857142857,0.25,0.45,-0.2,0.5,0.55,-0.050000000000000044,1,1
Denmark,Croatia,-43,-10,0.19999999999999996,0.8,0.40000000000000013,-75.02999999999997,-2.5199999999999996,0,1,0.16666666666666666,-77.54999999999998,-0.01395210731650931,-60.69,0,0,29.98473995598009,0.5448785947586599,29.43986136122143,1870.6,1753.2,117.39999999999986,-3,-11,0,2.1714285714285713,1.6857142857142857,0.48571428571428554,0.9714285714285714,1.0,-0.02857142857142858,0.45,0.35,0.10000000000000003,0.45,0.45,0.0,0,1
Albania,Israel,41,8,0.0,-1.2000000000000002,-0.7999999999999998,181.86000000000007,4.72,11.14,1,0.5,197.72000000000006,0.2347890451517396,67.66,0,0,4.935086319655024,13.14677550387712,-8.211689184222095,1682.4,1665.0,17.40000000000009,2,2,0,1.0571428571428572,1.8857142857142857,-0.8285714285714285,1.2285714285714286,2.057142857142857,-0.8285714285714283,0.5,0.15,0.35,0.35,0.6,-0.25,1,2
Azerbaijan,Slovakia,-333,-176,-1.4,-1.4,0.6,-258.4799999999999,42.220000000000006,0,1,0.25,-216.25999999999993,0.13454463354656876,-210.87,0,0,-24.554885889769118,-11.097698018783824,-13.457187870985294,1420.6,1509.6,-89.0,-10,-17,0,0.5142857142857142,1.3428571428571427,-0.8285714285714285,1.5714285714285714,1.0,0.5714285714285714,0.2,0.3,-0.09999999999999998,0.45,0.35,0.10000000000000003,0,1
Belarus,Kazakhstan,63,40,-0.3999999999999999,-0.19999999999999996,-0.2,8.969999999999985,-2.9200000000000004,0,1,0.8666666666666667,6.049999999999983,-0.0530957493571681,9.5,0,0,-4.729323815532824,10.978271899911721,-15.707595715444546,1497.0,1402.0,95.0,0,-1,0,1.0857142857142856,0.8,0.2857142857142856,1.5142857142857142,1.542857142857143,-0.028571428571428692,0.3,0.25,0.04999999999999999,0.4,0.35,0.050000000000000044,1,1
Moldova,Latvia,-26,-8,-1.2000000000000002,-1.0,0.7999999999999999,8.290000000000001,-2.36,0,1,0.3333333333333333,5.9300000000000015,-0.10590660439472532,7.11,0,0,-3.732602707784784,39.08729665815174,-42.81989936593653,1331.8,1166.6,165.20000000000005,0,-3,0,0.6857142857142857,1.3428571428571427,-0.657142857142857,2.0285714285714285,0.9714285714285714,1.057142857142857,0.2,0.35,-0.14999999999999997,0.35,0.45,-0.10000000000000003,2,4
Andorra,Liechtenstein,158,10,1.4,0.4,-1.5999999999999999,2.0599999999999987,-0.11,-0.009999999999999998,1,0.5,1.939999999999999,0.06984592809978007,2.45,0,0,37.05171426123942,0.8043048268650461,36.24740943437437,1379.2,1438.2,-59.0,2,6,0,0.6,0.14285714285714285,0.45714285714285713,2.0285714285714285,3.0,-0.9714285714285715,0.3,0.05,0.25,0.25,0.2,0.04999999999999999,2,1
Mexico,Suriname,282,68,0.20000000000000018,-0.19999999999999996,-0.3999999999999999,167.51000000000005,-36.33,3.8,1,0.5,134.98000000000002,-0.04846159880756262,157.26,0,0,11.66407867652077,8.670443825268507,2.9936348512522635,1745.8,1521.4,224.39999999999986,91,89,0,1.0,1.9428571428571428,-0.9428571428571428,0.7428571428571429,1.1428571428571428,-0.3999999999999999,0.5,0.35,0.15000000000000002,0.4,0.4,0.0,3,0
Guyana,Haiti,-210,-116,0.6000000000000001,0.8000000000000003,-1.0,-108.84,-0.51,0,1,0.5,-109.35000000000001,-0.006779210421374526,-60.51000000000002,0,0,-13.681822111565396,-25.963823205867108,12.282001094301712,1393.6,1488.2,-94.60000000000014,-17,-15,0,1.6,1.542857142857143,0.05714285714285716,1.3428571428571427,1.5142857142857142,-0.17142857142857149,0.2,0.3,-0.09999999999999998,0.5,0.4,0.09999999999999998,2,6
Montserrat,Bermuda,-87,-24,0.3999999999999999,0.6000000000000001,-0.40000000000000013,-4.569999999999998,1.8,0.08,1,0.0,-2.6899999999999977,0.18026528730031677,9.08,0,0,21.820350030055003,19.641428891842537,2.1789211382124662,1402.8,1426.8,-24.0,-13,-11,0,1.3428571428571427,1.1714285714285715,0.17142857142857126,2.142857142857143,2.057142857142857,0.08571428571428585,0.15,0.35,-0.19999999999999998,0.65,0.5,0.15000000000000002,3,2
United States Virgin Islands,Bonaire,-277,-45,-0.8,-1.5999999999999999,1.2,-2.8199999999999994,0.03,-0.16,1,0.5,-2.9499999999999997,-0.04956803842844859,-10.02,0,0,-11.070396433863312,-5.005376252501879,-6.065020181361433,1307.2,1145.6,161.60000000000014,19,21,0,0.5428571428571428,2.588235294117647,-2.0453781512605045,3.142857142857143,1.8235294117647058,1.319327731092437,0.05,0.0,0.05,0.3,1.0,-0.7,0,2
Sint Maarten,Turks and Caicos Islands,271,49,-0.19999999999999996,0.20000000000000018,-1.8000000000000003,14.180000000000001,-1.05,-0.16,1,0.0,12.97,-0.07756410256410262,9.11,0,0,-60.33093707581751,12.188361576666512,-72.51929865248403,1203.8,1249.0,-45.200000000000045,-13,-13,0,1.5185185185185186,1.2571428571428571,0.2613756613756615,2.4444444444444446,4.514285714285714,-2.0698412698412696,0.16666666666666666,0.0,0.16666666666666666,0.8333333333333334,0.5,0.33333333333333337,8,2
England,Italy,166,19,0.3999999999999999,2.0,-0.4,882.4900000000002,-202.13,-180.0,1,0.4,500.36000000000024,-0.10930675906793352,340.44,4,0,-20.486743836299027,6.3618036370301745,-26.8485474733292,1642.8,1736.0,-93.20000000000005,6,-7,0,2.7714285714285714,1.7428571428571429,1.0285714285714285,0.42857142857142855,0.8,-0.3714285714285715,0.65,0.4,0.25,0.3,0.55,-0.25000000000000006,0,0
Hungary,Germany,-254,-46,0.0,-0.8,0.0,-581.0300000000001,-4.409999999999999,12.86,1,0.26666666666666666,-572.5800000000002,-0.049597100041759656,-448.56999999999994,0,0,3.3507259869296693,8.143195496392,-4.792469509462331,1780.6,1752.6,28.0,-23,-37,0,1.2857142857142858,2.8,-1.514285714285714,0.9714285714285714,0.7142857142857143,0.2571428571428571,0.35,0.4,-0.050000000000000044,0.4,0.5,-0.09999999999999998,1,1
Wales,Belgium,-162,-30,-0.20000000000000018,-1.4000000000000001,-0.40000000000000013,-410.8000000000001,-4.410000000000001,8.16,1,0.5333333333333333,-407.0500000000002,-0.04582267332201995,-325.13,0,0,14.834411161703219,-12.950122414995139,27.784533576698358,1787.6,1735.4,52.19999999999982,-14,-23,0,1.2571428571428571,2.4,-1.1428571428571428,1.0571428571428572,1.2285714285714286,-0.17142857142857149,0.4,0.4,0.0,0.45,0.6,-0.14999999999999997,1,1
Netherlands,Poland,235,37,1.2000000000000002,1.2000000000000002,-1.0,407.46000000000026,-3.71,3.47,1,1.0,407.22000000000025,0.009124737828035467,329.47999999999996,0,0,28.895207550991167,20.94334785077383,7.951859700217337,1853.2,1749.4,103.79999999999995,8,25,0,2.914285714285714,2.1714285714285713,0.7428571428571429,0.9142857142857143,1.5142857142857142,-0.6,0.45,0.2,0.25,0.5,0.8,-0.30000000000000004,2,2
Ukraine,Armenia,365,190,0.8,0.7999999999999999,-2.4,224.37,-2.13,0.76,1,0.8333333333333334,223.0,0.19677179704996528,182.95,0,0,8.370379525439175,13.158303553723224,-4.787924028284049,1635.2,1755.4,-120.20000000000005,11,11,0,1.4,0.7714285714285715,0.6285714285714284,0.9714285714285714,2.3714285714285714,-1.4,0.2,0.3,-0.09999999999999998,0.65,0.45,0.2,3,0
Republic of Ireland,Scotland,-84,-20,-0.20000000000000018,-0.40000000000000013,-0.3999999999999999,152.05000000000007,0.86,-3.57,1,0.3333333333333333,149.34000000000006,-0.005847618643651353,126.82,0,0,-6.592030574389387,21.418714945596367,-28.010745519985754,1523.4,1694.4,-171.0,11,17,0,1.2571428571428571,1.457142857142857,-0.19999999999999996,0.8285714285714286,1.0,-0.17142857142857137,0.35,0.45,-0.10000000000000003,0.35,0.4,-0.050000000000000044,3,0
Montenegro,Bosnia and Herzegovina,-134,-111,-0.19999999999999996,0.20000000000000007,0.4,-29.72999999999999,10.65,-9.39,1,0.3333333333333333,-28.46999999999999,-0.05881066915274846,28.67,0,0,12.918562690786148,-12.276292303935685,25.194854994721833,1616.0,1592.0,24.0,-21,-47,0,1.0285714285714285,0.7428571428571429,0.2857142857142856,1.1714285714285715,1.0857142857142856,0.08571428571428585,0.4,0.3,0.10000000000000003,0.35,0.35,0.0,1,1
Romania,Finland,129,88,-0.19999999999999996,0.0,0.0,152.72000000000003,-11.09,-12.7,1,0.8666666666666667,128.93,-0.026666777774569828,159.66,0,0,-33.44854342099464,31.853912862462796,-65.30245628345743,1452.4,1657.4,-205.0,8,14,0,1.0571428571428572,0.9428571428571428,0.11428571428571432,1.0285714285714285,1.2285714285714286,-0.20000000000000018,0.35,0.25,0.09999999999999998,0.35,0.4,-0.050000000000000044,1,0
Faroe Islands,Lithuania,118,35,0.0,0.0,-0.6000000000000001,0.5399999999999991,1.7899999999999998,-0.07,1,0.2,2.26,0.13498683505903852,-6.89,0,0,-22.45250712649114,1.1042504277661473,-23.55675755425729,1367.0,1460.2,-93.20000000000005,4,8,0,0.7714285714285715,0.6285714285714286,0.1428571428571429,1.6571428571428573,2.2285714285714286,-0.5714285714285714,0.15,0.05,0.09999999999999999,0.45,0.35,0.10000000000000003,2,1
Luxembourg,Turkey,-502,-211,-0.6000000000000001,-2.2,0.0,-455.32000000000005,60.92,-0.38,1,0.0,-394.7800000000001,0.06833037947168386,-422.8,0,0,14.223527039705754,-22.915526860391108,37.13905390009686,1504.4,1583.6,-79.19999999999982,-14,-33,0,0.8285714285714286,2.5142857142857142,-1.6857142857142855,1.6571428571428573,1.5142857142857142,0.14285714285714302,0.2,0.35,-0.14999999999999997,0.4,0.55,-0.15000000000000002,0,2
Martinique,Panama,-236,-78,-1.4,-1.2000000000000002,0.20000000000000018,-71.14999999999998,9.63,11.61,1,0.0,-49.909999999999954,0.15819368699037517,-113.19,0,0,7.040474394946253,-6.76079980289416,13.801274197840414,1663.4,1747.8,-84.39999999999986,-89,-89,0,1.0285714285714285,1.3714285714285714,-0.34285714285714297,1.3142857142857143,1.542857142857143,-0.22857142857142865,0.4,0.35,0.050000000000000044,0.4,0.4,0.0,0,0
Cuba,Antigua and Barbuda,216,53,0.0,1.2000000000000002,-0.4,42.0,-0.55,0.19,1,1.0,41.63999999999999,0.14091312844199666,36.02,0,0,19.66011345416356,51.78026705894037,-32.1201536047768,1382.2,1403.6,-21.399999999999864,0,-2,0,1.542857142857143,1.0571428571428572,0.48571428571428577,1.0857142857142856,1.9428571428571428,-0.8571428571428572,0.5,0.2,0.3,0.1,0.4,-0.30000000000000004,3,1
Guadeloupe,Barbados,328,173,1.8,2.6,-3.0,33.410000000000004,2.13,0,1,1.0,35.540000000000006,0.15257879656160456,65.65,0,0,-28.13430595412724,-16.496383370198796,-11.637922583928443,1309.0,1435.6,-126.59999999999991,-32,-34,0,2.2,0.7428571428571429,1.4571428571428573,1.0857142857142856,2.2285714285714286,-1.142857142857143,0.2,0.3,-0.09999999999999998,0.5,0.3,0.2,2,1
Saint Kitts and Nevis,Saint Martin,-14,-8,-0.7999999999999999,0.0,1.2000000000000002,-7.500000000000002,1.69,0,1,1.0,-5.810000000000002,0.10412815773259387,-2.6100000000000003,0,0,-6.176889261429712,-55.41742220181573,49.24053294038602,1358.4,1175.0,183.4000000000001,32,31,0,1.2285714285714286,1.3529411764705883,-0.12436974789915967,1.542857142857143,1.5294117647058822,0.013445378151260678,0.3,0.2631578947368421,0.0368421052631579,0.45,0.5263157894736842,-0.07631578947368417,1,1
Saint Lucia,Anguilla,294,49,0.7999999999999999,0.2,-2.8,7.02,-0.64,0,1,0.5,6.379999999999999,-0.05551163364022016,11.67,0,0,-16.31103923913892,-4.63879695548335,-11.67224228365557,1407.6,1329.0,78.59999999999991,6,7,0,0.5142857142857142,0.3142857142857143,0.19999999999999996,1.7142857142857142,4.257142857142857,-2.5428571428571427,0.2,0.05,0.15000000000000002,0.2,0.25,-0.04999999999999999,2,0
Puerto Rico,British Virgin Islands,402,96,1.6,2.2,-3.2,91.08,-18.43,0,1,0.5,72.64999999999999,-0.19496456151486308,27.990000000000002,0,0,11.993546356368435,-21.663120819318834,33.65666717568727,1336.6,1364.4,-27.800000000000182,3,2,0,1.6571428571428573,0.8285714285714286,0.8285714285714286,1.3714285714285714,3.1142857142857143,-1.7428571428571429,0.35,0.1,0.24999999999999997,0.3,0.5,-0.2,6,0
Spain,Czech Republic,414,42,1.2000000000000002,1.2000000000000002,-0.5999999999999999,678.5600000000001,-15.49,0,1,0.8333333333333334,663.07,-0.018662425753906642,566.1600000000001,0,0,-12.403094268985544,15.072093068302662,-27.475187337288205,1747.8,1877.2,-129.4000000000001,11,21,0,1.9714285714285715,1.5142857142857142,0.4571428571428573,0.7428571428571429,1.1428571428571428,-0.3999999999999999,0.5,0.3,0.2,0.5,0.4,0.09999999999999998,2,0
Switzerland,Portugal,-69,-9,-2.4,-1.7999999999999998,1.6,-652.53,-2.32,-2.65,1,0.4,-657.4999999999999,-0.01988000000000001,-463.53999999999996,0,0,-40.53575167554787,9.683072196548963,-50.218823872096834,1909.0,1840.4,68.59999999999991,-10,-32,0,1.5142857142857142,2.3142857142857145,-0.8000000000000003,1.2857142857142858,0.6285714285714286,0.6571428571428573,0.3,0.5,-0.2,0.55,0.45,0.10000000000000003,1,0
Norway,Sweden,202,39,1.4000000000000001,1.9999999999999998,-0.8,398.28999999999996,2.45,-32.09,1,0.4666666666666667,368.6499999999999,-0.04181106782176236,74.53000000000003,0,0,-7.5984668642559985,-4.237472415116361,-3.3609944491396373,1629.6,1751.8,-122.20000000000005,-17,-31,0,1.9714285714285715,1.2,0.7714285714285716,0.6,0.9142857142857143,-0.3142857142857143,0.55,0.45,0.10000000000000003,0.3,0.35,-0.04999999999999999,3,2
Slovenia,Serbia,-72,-26,-1.2000000000000002,-0.7999999999999999,0.3999999999999999,-58.270000000000095,12.779999999999998,0,1,0.4,-45.490000000000094,0.018850873762241926,9.320000000000007,0,0,-13.910877158267885,37.78985857607909,-51.70073573434698,1777.8,1764.0,13.799999999999955,3,6,0,1.0571428571428572,1.7714285714285714,-0.7142857142857142,1.2285714285714286,0.8285714285714286,0.4,0.4,0.4,0.0,0.45,0.5,-0.04999999999999999,2,2
Northern Ireland,Cyprus,277,164,-0.19999999999999996,0.6,0.19999999999999996,46.299999999999976,-3.7199999999999998,0,1,0.3333333333333333,42.579999999999984,-0.056205840606539215,6.550000000000001,0,0,-21.38259345991888,8.447136265615768,-29.829729725534648,1566.2,1538.6,27.600000000000136,0,2,0,0.8857142857142857,0.45714285714285713,0.42857142857142855,1.0571428571428572,1.8,-0.7428571428571429,0.35,0.25,0.09999999999999998,0.4,0.2,0.2,2,2
Greece,Kosovo,37,7,0.3999999999999999,-1.0000000000000002,-0.6000000000000001,-45.75000000000003,8.02,-17.61,1,0.6,-55.34,-0.08553612088102858,28.390000000000015,0,0,7.657083350283961,-20.655304307498554,28.312387657782516,1527.8,1626.6,-98.79999999999995,53,107,0,1.1714285714285715,1.5142857142857142,-0.34285714285714275,0.6285714285714286,1.2285714285714286,-0.6000000000000001,0.35,0.3,0.04999999999999999,0.5,0.45,0.04999999999999999,2,0
North Macedonia,Gibraltar,496,201,0.7999999999999999,0.6000000000000001,-0.19999999999999996,65.04,0.48,-4.68,1,1.0,60.84000000000001,0.14285000460229602,16.37,0,0,19.017545887044324,13.647341486864287,5.370204400180038,1585.4,1477.0,108.40000000000009,42,81,0,1.542857142857143,0.2857142857142857,1.2571428571428571,1.2285714285714286,2.7714285714285714,-1.5428571428571427,0.4,0.2,0.2,0.4,0.3,0.10000000000000003,4,0
Georgia,Bulgaria,218,140,2.2,1.4000000000000001,-1.8000000000000003,35.370000000000005,1.6300000000000003,-6.93,1,0.26666666666666666,30.070000000000007,-0.03132084770163457,89.06,0,0,35.78522456471627,7.978190625225361,27.807033939490914,1449.4,1560.0,-110.59999999999991,-2,-2,0,1.6,1.1142857142857143,0.48571428571428577,1.0285714285714285,1.8857142857142857,-0.8571428571428572,0.35,0.15,0.19999999999999998,0.35,0.65,-0.30000000000000004,0,0
Malta,San Marino,403,46,1.8,1.0,-1.2000000000000002,4.760000000000002,-0.6599999999999999,0.0,1,1.0,4.100000000000001,-0.1344195519348269,4.760000000000001,0,0,12.151957313200533,-11.345204385115352,23.497161698315885,1334.4,1416.8,-82.39999999999986,2,4,0,1.0857142857142856,0.14285714285714285,0.9428571428571428,1.9142857142857144,3.257142857142857,-1.3428571428571427,0.25,0.1,0.15,0.4,0.15,0.25,1,0
Honduras,Canada,-155,-38,-1.0,-1.2,0.7999999999999999,167.64999999999998,-9.61,-10.42,1,0.4666666666666667,147.62,-0.07976210480277413,48.03999999999999,0,0,-51.67719431355552,30.717418442080636,-82.39461275563616,1718.6,1647.2,71.39999999999986,37,40,0,0.6285714285714286,2.4,-1.7714285714285714,1.6,0.37142857142857144,1.2285714285714286,0.2,0.65,-0.45,0.45,0.25,0.2,2,1
Nicaragua,Bahamas,401,170,1.0000000000000002,1.0000000000000002,-0.5999999999999999,71.24,-7.42,0.04,1,1.0,63.86,0.0339232685695704,29.01,0,0,6.327280079448045,14.540625712087257,-8.213345632639212,1353.0,1334.0,19.0,3,5,0,1.7428571428571429,1.2857142857142858,0.4571428571428571,0.8571428571428571,2.1714285714285713,-1.314285714285714,0.45,0.3,0.15000000000000002,0.3,0.25,0.04999999999999999,4,0
Trinidad and Tobago,Saint Vincent and the Grenadines,133,120,1.8,0.3999999999999999,-1.4,-22.119999999999983,0.54,0,1,0.8,-21.579999999999984,0.012278308321964526,-13.939999999999998,0,0,-12.312431037951193,-84.04874827812995,71.73631724017875,1372.6,1331.0,41.59999999999991,46,44,0,1.8,0.8857142857142857,0.9142857142857144,1.2571428571428571,2.057142857142857,-0.7999999999999998,0.4,0.25,0.15000000000000002,0.25,0.4,-0.15000000000000002,4,1
Guatemala,Dominican Republic,93,31,0.6000000000000001,0.19999999999999996,-1.0,169.49999999999994,-10.0,1.24,1,0.3333333333333333,160.73999999999995,0.12892344996394656,148.20999999999998,0,0,11.641605739324227,-32.12767340569527,43.769279145019496,1513.8,1464.6,49.200000000000045,42,40,0,1.8857142857142857,1.2571428571428571,0.6285714285714286,0.45714285714285713,1.0857142857142856,-0.6285714285714286,0.75,0.5,0.25,0.2,0.25,-0.04999999999999999,2,0
Denmark,Austria,17,4,0.8,0.19999999999999996,0.0,-430.28999999999996,-1.0499999999999998,0,1,0.8,-431.34000000000003,-0.018071770937854614,-159.57,0,0,19.820932988274887,-21.27829223725867,41.09922522553356,1891.8,1853.6,38.200000000000045,14,28,0,2.0285714285714285,1.6,0.4285714285714284,1.0,1.3428571428571427,-0.34285714285714275,0.4,0.25,0.15000000000000002,0.45,0.5,-0.04999999999999999,2,0
France,Croatia,171,13,0.0,1.0,-0.19999999999999996,854.4199999999998,-126.48,-125.0,1,0.7333333333333333,602.9399999999998,-0.20542218794489175,499.96,2,0,-1.1774526969873182,4.935827869884971,-6.113280566872289,1802.2,1763.8,38.40000000000009,-3,-3,0,2.342857142857143,1.7142857142857142,0.6285714285714288,0.8285714285714286,0.9714285714285714,-0.1428571428571428,0.45,0.4,0.04999999999999999,0.55,0.45,0.10000000000000003,0,1
Iceland,Israel,-43,-13,-0.40000000000000013,-0.8,0.0,25.310000000000045,3.92,11.14,1,0.16666666666666666,40.37000000000005,0.22617392561695604,-33.8,0,0,-9.394729742211853,19.367702762485987,-28.76243250469784,1543.2,1625.2,-82.0,5,9,0,1.1428571428571428,1.8857142857142857,-0.7428571428571429,1.8285714285714285,2.0285714285714285,-0.19999999999999996,0.2,0.1,0.1,0.55,0.65,-0.09999999999999998,2,2
Azerbaijan,Belarus,-140,-64,-1.4000000000000001,-1.0,0.6,-48.54,3.3000000000000003,0,1,0.4444444444444444,-45.239999999999995,0.03799932941383466,-29.69,0,0,-34.92804710356473,-2.319877473494437,-32.60816963007029,1422.8,1441.0,-18.200000000000045,2,1,0,0.42857142857142855,1.0285714285714285,-0.5999999999999999,1.5714285714285714,1.457142857142857,0.11428571428571432,0.15,0.3,-0.15,0.45,0.4,0.04999999999999999,2,0
Kazakhstan,Slovakia,-256,-152,0.19999999999999996,0.3999999999999999,0.0,-218.9099999999999,41.84,0,1,1.0,-177.0699999999999,0.1496410534899022,-190.68,0,0,20.756377044910504,-4.155857634045937,24.91223467895644,1397.0,1519.2,-122.20000000000005,-12,-17,0,0.8285714285714286,1.2571428571428571,-0.4285714285714285,1.542857142857143,0.9142857142857143,0.6285714285714287,0.25,0.35,-0.09999999999999998,0.35,0.35,0.0,2,1
Jamaica,Mexico,-160,-35,0.0,0.3999999999999999,0.8,-27.670000000000044,36.33,-36.04,1,0.26666666666666666,-27.380000000000024,-0.0260149441227705,-92.06,0,0,-30.38046393406095,9.264077051225513,-39.64454098528646,1617.6,1767.0,-149.4000000000001,-50,-49,0,1.0857142857142856,1.0857142857142856,0.0,1.6857142857142857,0.6857142857142857,1.0,0.1,0.55,-0.45000000000000007,0.65,0.35,0.30000000000000004,1,1
El Salvador,United States,-383,-163,-1.2,-1.4000000000000001,1.6,-100.22000000000001,7.78,7.8,1,0.06666666666666667,-84.64,0.08711076183258959,-103.07999999999998,0,0,5.491410618482206,8.330999947919452,-2.8395893294372456,1580.0,1732.2,-152.20000000000005,-34,-33,0,0.8285714285714286,1.9428571428571428,-1.1142857142857143,1.6285714285714286,0.5714285714285714,1.0571428571428572,0.15,0.55,-0.4,0.4,0.3,0.10000000000000003,1,1
Haiti,Guyana,210,116,0.0,0.0,-0.6000000000000001,108.84,0.51,0,1,1.0,109.35000000000001,0.006779210421374526,60.51000000000002,0,0,-23.648217887369757,-23.86270099473515,0.21448310736539256,1480.2,1416.2,64.0,17,15,0,1.9142857142857144,1.7142857142857142,0.20000000000000018,1.5142857142857142,1.7714285714285714,-0.2571428571428571,0.25,0.15,0.1,0.45,0.55,-0.10000000000000003,6,0
French Guiana,Belize,67,23,1.6,1.4,-0.6000000000000001,4.930000000000002,-1.3900000000000001,0,1,0.4444444444444444,3.540000000000002,-0.15291529152915295,-1.6199999999999992,0,0,34.23110987338295,-25.363264782584558,59.594374655967506,1431.4,1495.4,-64.0,-26,-26,0,1.457142857142857,0.8857142857142857,0.5714285714285714,1.1428571428571428,1.8,-0.6571428571428573,0.3,0.3,0.0,0.4,0.3,0.10000000000000003,1,0
Bonaire,United States Virgin Islands,277,45,1.4000000000000001,1.8,-1.8000000000000003,2.8199999999999994,-0.03,0.16,1,1.0,2.9499999999999997,0.04956803842844859,10.02,0,0,-1.6304545655428093,-9.765211536152158,8.134756970609349,1123.6,1290.8,-167.20000000000005,-19,-21,0,2.5789473684210527,0.5142857142857142,2.0646616541353384,1.5263157894736843,3.0285714285714285,-1.5022556390977442,0.14285714285714285,0.05,0.09285714285714285,0.8571428571428571,0.25,0.6071428571428571,2,0
Turks and Caicos Islands,Sint Maarten,-271,-49,-0.4,-0.9999999999999998,2.0,-14.180000000000001,1.05,0.16,1,0.6666666666666666,-12.97,0.07756410256410262,-9.11,0,0,-7.811638423333491,-59.40931608198295,51.59767765864946,1182.4,1203.8,-21.399999999999864,13,13,0,1.2857142857142858,2.1785714285714284,-0.8928571428571426,4.8,2.392857142857143,2.407142857142857,0.0,0.15384615384615385,-0.15384615384615385,0.55,0.8461538461538461,-0.2961538461538461,2,0
England,Hungary,317,50,0.20000000000000018,0.3999999999999999,-0.20000000000000007,1225.6000000000004,-324.06,-177.86,1,0.6666666666666666,723.6800000000003,-0.29146201700569474,623.27,4,0,-25.017861460173968,21.658652324128965,-46.676513784302934,1836.8,1829.4,7.399999999999864,24,33,0,2.342857142857143,1.2571428571428571,1.0857142857142859,0.42857142857142855,1.0,-0.5714285714285714,0.65,0.3,0.35000000000000003,0.3,0.45,-0.15000000000000002,0,4
Germany,Italy,103,15,-0.20000000000000018,0.0,-0.19999999999999996,237.92000000000007,126.34,-15.0,1,0.4666666666666667,349.2600000000001,0.23175235797952087,165.73999999999995,0,0,1.2577777081284252,9.802507244942843,-8.544729536814419,1819.8,1823.4,-3.6000000000001364,5,-3,0,2.5142857142857142,1.542857142857143,0.9714285714285713,0.7714285714285715,0.8,-0.02857142857142858,0.35,0.4,-0.050000000000000044,0.55,0.55,0.0,5,2
Netherlands,Wales,243,41,1.2000000000000002,1.6,0.19999999999999996,510.8300000000002,5.250000000000001,0,1,1.0,516.0800000000002,0.06356379770821385,421.79999999999995,0,0,21.94455321428841,27.028723904398383,-5.084170690109975,1814.6,1795.2,19.399999999999864,18,33,0,2.857142857142857,1.2571428571428571,1.6,0.9714285714285714,1.1142857142857143,-0.1428571428571429,0.45,0.35,0.10000000000000003,0.5,0.5,0.0,3,2
Poland,Belgium,-154,-26,0.0,-1.0,0.3999999999999999,-307.4300000000002,4.55,4.6899999999999995,1,0.4666666666666667,-298.1900000000003,0.00861638655815844,-232.81,0,0,26.667155905504927,-23.575951725159516,50.24310763066444,1798.4,1735.4,63.0,-4,-15,0,2.085714285714286,2.342857142857143,-0.2571428571428571,1.542857142857143,1.2571428571428571,0.2857142857142858,0.2,0.4,-0.2,0.8,0.6,0.20000000000000007,0,1
Armenia,Scotland,-416,-196,0.19999999999999996,-0.7999999999999999,0.9999999999999998,-106.71999999999998,0.45,-0.76,1,0.0,-107.02999999999997,-0.20016062466552997,-80.32000000000001,0,0,11.626739596226377,8.102908751527625,3.523830844698752,1710.4,1665.0,45.40000000000009,5,1,0,0.6857142857142857,1.3714285714285714,-0.6857142857142857,2.2857142857142856,1.2285714285714286,1.057142857142857,0.3,0.45,-0.15000000000000002,0.4,0.4,0.0,1,4
Ukraine,Republic of Ireland,33,14,1.0,0.6000000000000001,-0.4,-34.400000000000034,-2.54,3.57,1,1.0,-33.37000000000003,0.00245879102808666,-24.189999999999998,0,0,17.81402353245966,13.588664641849723,4.225358890609938,1624.0,1602.4,21.59999999999991,5,-5,0,1.542857142857143,1.4,0.14285714285714302,0.8571428571428571,0.7714285714285715,0.08571428571428563,0.25,0.4,-0.15000000000000002,0.6,0.35,0.25,1,1
Bosnia and Herzegovina,Finland,98,81,0.6000000000000001,0.0,-0.4,10.439999999999998,-9.08,4.2,1,0.3333333333333333,5.560000000000002,-0.04180332794999764,22.83,0,0,-11.438905662373118,17.420689381965026,-28.859595044338143,1511.2,1567.8,-56.59999999999991,5,3,0,0.7714285714285715,0.8857142857142857,-0.11428571428571421,1.0285714285714285,1.1714285714285715,-0.14285714285714302,0.3,0.25,0.04999999999999999,0.4,0.35,0.050000000000000044,3,2
Romania,Montenegro,165,118,-0.5999999999999999,-0.20000000000000007,0.3999999999999999,172.01,-12.66,-7.509999999999998,1,0.3333333333333333,151.84,0.07394721932817627,108.16,0,0,-27.35921734262957,17.653905010637487,-45.01312235326706,1565.6,1554.2,11.399999999999864,24,58,0,1.0285714285714285,1.0571428571428572,-0.028571428571428692,1.0,1.0285714285714285,-0.02857142857142847,0.4,0.4,0.0,0.35,0.35,0.0,0,3
Luxembourg,Faroe Islands,-8,-1,-0.19999999999999996,0.20000000000000007,0.0,-6.889999999999997,0.06,-0.31,1,0.26666666666666666,-7.139999999999997,-0.05166159552310434,7.260000000000001,0,0,15.406584952589576,-14.328823340138923,29.7354082927285,1542.6,1304.8,237.79999999999995,0,-2,0,0.7428571428571429,0.8285714285714286,-0.08571428571428574,1.6,1.6285714285714286,-0.02857142857142847,0.2,0.1,0.1,0.35,0.5,-0.15000000000000002,2,2
Turkey,Lithuania,612,245,1.2000000000000002,2.4,-1.2,448.97,-59.07,0,1,1.0,389.9000000000001,0.014994860064250326,423.17,0,0,-22.03495804032844,0.4288308167949918,-22.463788857123433,1571.8,1448.4,123.39999999999986,18,39,0,2.4285714285714284,0.6285714285714286,1.7999999999999998,1.4285714285714286,2.2857142857142856,-0.857142857142857,0.4,0.05,0.35000000000000003,0.5,0.35,0.15000000000000002,2,0
Moldova,Andorra,186,26,-0.6000000000000001,0.3999999999999999,0.3999999999999999,15.200000000000003,-2.79,0.03,1,0.6666666666666666,12.440000000000001,-0.09829665999878778,8.82,0,0,-12.319141040910715,42.880098064021865,-55.19923910493258,1217.6,1236.6,-19.0,-2,0,0,0.8571428571428571,0.7714285714285715,0.08571428571428563,2.085714285714286,1.9142857142857144,0.17142857142857149,0.2,0.3,-0.09999999999999998,0.4,0.3,0.10000000000000003,2,1
Liechtenstein,Latvia,-370,-44,-2.6,-1.8,1.7999999999999998,-8.97,0.54,-0.02,1,0.26666666666666666,-8.45,-0.07745587249571761,-4.159999999999999,0,0,-4.578189705092962,48.89165350559114,-53.4698432106841,1330.8,1205.6,125.20000000000005,0,-9,0,0.22857142857142856,1.5714285714285714,-1.3428571428571427,3.0285714285714285,1.0285714285714285,2.0,0.05,0.35,-0.3,0.25,0.45,-0.2,0,2
Scotland,Ukraine,51,6,-0.6000000000000001,0.19999999999999996,1.2000000000000002,-117.65000000000002,1.6800000000000002,0,1,0.3333333333333333,-115.97000000000003,0.0033888276155646935,-102.63,0,0,-1.541822851247308,9.496233172025335,-11.038056023272642,1595.8,1647.6,-51.799999999999955,-16,-12,0,1.6,1.5142857142857142,0.08571428571428585,1.2285714285714286,0.8857142857142857,0.34285714285714297,0.45,0.25,0.2,0.4,0.6,-0.19999999999999996,3,0
Croatia,Denmark,43,10,-0.3999999999999999,-0.8,0.4,75.02999999999997,2.5199999999999996,0,1,0.7777777777777778,77.54999999999998,0.01395210731650931,60.69,0,0,14.958056402304235,25.621695515955892,-10.663639113651657,1840.6,1868.0,-27.40000000000009,3,11,0,1.6571428571428573,1.9714285714285715,-0.3142857142857143,0.9428571428571428,0.8571428571428571,0.08571428571428574,0.4,0.45,-0.04999999999999999,0.45,0.4,0.04999999999999999,2,1
France,Austria,231,27,0.0,0.20000000000000018,-0.3999999999999999,499.15999999999985,-125.01,-125.0,1,0.5833333333333334,249.14999999999986,-0.20954185156623706,401.08,2,0,-16.43371574880528,-19.473078953460778,3.0393632046554977,1820.8,1881.8,-61.0,14,36,0,2.1714285714285713,1.4857142857142858,0.6857142857142855,0.8857142857142857,1.4,-0.5142857142857142,0.4,0.25,0.15000000000000002,0.55,0.45,0.10000000000000003,2,0
Belgium,Wales,162,30,1.2,1.2,-0.40000000000000013,410.8000000000001,4.410000000000001,-8.16,1,0.3333333333333333,407.0500000000002,0.04582267332201995,325.13,0,0,-19.63502741024745,22.32171044335719,-41.956737853604636,1738.2,1838.6,-100.39999999999986,14,23,0,2.1142857142857143,1.3142857142857143,0.8,1.2,1.2857142857142858,-0.08571428571428585,0.4,0.3,0.10000000000000003,0.6,0.55,0.04999999999999993,2,1
Poland,Netherlands,-235,-37,-0.8000000000000003,-1.0,0.6000000000000001,-407.46000000000026,3.71,-3.47,1,0.06666666666666667,-407.22000000000025,-0.009124737828035467,-329.47999999999996,0,0,13.748216432216449,17.558658031284345,-3.8104415990678966,1815.2,1786.4,28.799999999999955,-8,-25,0,1.9428571428571428,2.7714285714285714,-0.8285714285714285,1.4857142857142858,1.0571428571428572,0.4285714285714286,0.2,0.4,-0.2,0.75,0.55,0.19999999999999996,0,2
Lithuania,Faroe Islands,-118,-35,-1.4,-0.8,1.0,-0.5399999999999991,-1.7899999999999998,0.07,1,0.6,-2.26,-0.13498683505903852,6.89,0,0,0.5562235973863601,-20.85784898462775,21.41407258201411,1649.6,1369.2,280.39999999999986,-4,-8,0,0.5714285714285714,0.9142857142857143,-0.34285714285714286,2.2857142857142856,1.7142857142857142,0.5714285714285714,0.0,0.1,-0.1,0.35,0.5,-0.15000000000000002,1,1
Turkey,Luxembourg,502,211,1.0,2.2,-0.4,455.32000000000005,-60.92,0.38,1,1.0,394.7800000000001,-0.06833037947168386,422.8,0,0,-13.115673823564686,9.14289650802204,-22.258570331586725,1435.8,1505.2,-69.40000000000009,14,33,0,2.4571428571428573,0.8571428571428571,1.6,1.1714285714285715,1.5714285714285714,-0.3999999999999999,0.4,0.2,0.2,0.5,0.4,0.09999999999999998,3,3
Kazakhstan,Belarus,-63,-40,1.0,0.7999999999999999,-0.20000000000000007,-8.969999999999985,2.9200000000000004,0,1,0.13333333333333333,-6.049999999999983,0.0530957493571681,-9.5,0,0,32.514908329586504,-14.248852602325776,46.76376093191228,1478.4,1450.4,28.0,0,1,0,0.8857142857142857,0.8857142857142857,0.0,1.542857142857143,1.6,-0.05714285714285716,0.2,0.25,-0.04999999999999999,0.4,0.4,0.0,2,1
Slovakia,Azerbaijan,333,176,1.0,0.6,-0.20000000000000007,258.4799999999999,-42.220000000000006,0,1,0.8,216.25999999999993,-0.13454463354656876,210.87,0,0,-22.641651569938738,-20.56423179858697,-2.0774197713517673,1420.4,1460.4,-40.0,10,17,0,1.2857142857142858,0.6,0.6857142857142858,1.0285714285714285,1.457142857142857,-0.4285714285714286,0.3,0.15,0.15,0.4,0.45,-0.04999999999999999,1,2
Latvia,Moldova,26,8,1.0,0.8000000000000003,-0.6,-8.290000000000001,2.36,0,1,0.75,-5.9300000000000015,0.10590660439472532,-7.11,0,0,46.711104881044236,-4.584569177728444,51.295674058772676,1098.0,1150.2,-52.200000000000045,0,3,0,1.7142857142857142,0.9714285714285714,0.7428571428571428,0.9714285714285714,2.0285714285714285,-1.057142857142857,0.4,0.2,0.2,0.45,0.45,0.0,1,2
Liechtenstein,Andorra,-158,-10,-1.4,-0.6000000000000001,0.40000000000000013,-2.0599999999999987,0.11,0.009999999999999998,1,0.3333333333333333,-1.939999999999999,-0.06984592809978007,-2.45,0,0,-15.307530354351908,38.298904190780206,-53.60643454513212,1258.2,1217.8,40.40000000000009,-2,-6,0,0.2,0.8,-0.6000000000000001,3.0,1.8285714285714285,1.1714285714285715,0.0,0.3,-0.3,0.25,0.35,-0.09999999999999998,0,2
Germany,Hungary,254,46,-0.6000000000000001,0.19999999999999996,0.6,581.0300000000001,4.409999999999999,-12.86,1,0.5333333333333333,572.5800000000002,0.049597100041759656,448.56999999999994,0,0,6.660905817874224,38.357273047812185,-31.696367229937962,1872.8,1883.8,-11.0,23,37,0,2.742857142857143,1.457142857142857,1.2857142857142858,0.9428571428571428,0.8571428571428571,0.08571428571428574,0.3,0.35,-0.04999999999999999,0.6,0.4,0.19999999999999996,0,1
Italy,England,-166,-19,0.6000000000000001,0.8,0.6000000000000001,-882.4900000000002,202.13,180.0,1,0.4666666666666667,-500.36000000000024,0.10930675906793352,-340.44,-4,0,1.9824696247489757,-35.15841293440234,37.140882559151315,1902.4,1799.6,102.80000000000018,-6,7,0,1.457142857142857,2.2285714285714286,-0.7714285714285716,1.2,0.7142857142857143,0.48571428571428565,0.35,0.6,-0.25,0.6,0.3,0.3,1,0
Bosnia and Herzegovina,Montenegro,134,111,0.20000000000000018,0.0,0.20000000000000007,29.72999999999999,-10.65,9.39,1,0.3333333333333333,28.46999999999999,0.05881066915274846,-28.67,0,0,-9.673360271827065,36.38052489557268,-46.05388516739974,1479.6,1603.2,-123.60000000000014,21,47,0,0.9428571428571428,1.3142857142857143,-0.37142857142857144,1.0857142857142856,1.0,0.08571428571428563,0.3,0.4,-0.10000000000000003,0.4,0.35,0.050000000000000044,1,0
Finland,Romania,-129,-88,0.0,0.4,-0.20000000000000018,-152.72000000000003,11.09,12.7,1,0.06666666666666667,-128.93,0.026666777774569828,-159.66,0,0,10.865689697788756,-40.35151985841314,51.217209556201894,1574.8,1506.4,68.39999999999986,-8,-14,0,0.9714285714285714,0.8857142857142857,0.08571428571428574,1.2857142857142858,1.1428571428571428,0.14285714285714302,0.25,0.4,-0.15000000000000002,0.35,0.3,0.04999999999999999,1,1
Georgia,North Macedonia,79,16,0.8000000000000003,1.0,-0.7999999999999999,54.18000000000001,-2.01,-2.25,1,0.4166666666666667,49.92000000000001,-0.004052984953772265,130.63,0,0,45.78522456471628,18.676540747554192,27.10868381716209,1417.8,1427.8,-10.0,-6,-11,0,1.542857142857143,1.8,-0.2571428571428571,0.8857142857142857,1.1428571428571428,-0.2571428571428571,0.4,0.45,-0.04999999999999999,0.35,0.35,0.0,2,0
Bulgaria,Gibraltar,357,77,0.19999999999999996,0.8,-0.40000000000000013,83.85000000000001,-3.16,0,1,0.6666666666666666,80.69000000000001,0.17011786735015832,57.940000000000005,0,0,-2.021809374774639,12.716697955193387,-14.738507329968026,1556.8,1513.8,43.0,38,72,0,0.9428571428571428,0.2571428571428571,0.6857142857142857,1.7428571428571429,2.8857142857142857,-1.1428571428571428,0.2,0.2,0.0,0.6,0.3,0.3,5,1
Estonia,Malta,51,12,-0.40000000000000013,-0.3999999999999999,1.0,2.919999999999998,-0.21000000000000008,-0.08,1,0.8333333333333334,2.629999999999998,0.013091327158326282,5.33,0,0,13.416707787380101,14.972313384165316,-1.555605596785215,1429.8,1244.2,185.5999999999999,0,1,0,0.7428571428571429,1.0571428571428572,-0.3142857142857143,1.6857142857142857,1.8571428571428572,-0.17142857142857149,0.35,0.25,0.09999999999999998,0.3,0.4,-0.10000000000000003,2,1
Czech Republic,Portugal,-227,-36,-1.0,-0.8,1.2000000000000002,-751.0799999999999,0,0,1,0.0,-751.0799999999999,0.0,-545.3199999999999,0,0,13.354017368185119,-2.8162953755204163,16.170312743705534,1965.4,1840.2,125.20000000000005,-19,-21,0,1.4857142857142858,2.085714285714286,-0.6000000000000001,1.2285714285714286,0.6285714285714286,0.6000000000000001,0.3,0.5,-0.2,0.4,0.4,0.0,0,4
Spain,Switzerland,256,15,1.4000000000000001,1.6,-1.0,580.01,-13.17,2.65,1,0.6,569.49,0.001217574246093367,484.38,0,0,-12.193419857305784,-21.507583917923373,9.314164060617589,1768.0,1896.6,-128.5999999999999,2,32,0,2.0285714285714285,1.4857142857142858,0.5428571428571427,0.7142857142857143,1.1714285714285715,-0.4571428571428572,0.5,0.35,0.15000000000000002,0.5,0.5,0.0,1,2
Armenia,Ukraine,-365,-190,-0.7999999999999999,-0.6,2.6,-224.37,2.13,-0.76,1,0.06666666666666667,-223.0,-0.19677179704996528,-182.95,0,0,18.560001390438522,0.9824604340984755,17.577540956340048,1777.6,1647.6,130.0,-11,-12,0,0.6857142857142857,1.3714285714285714,-0.6857142857142857,2.5714285714285716,1.0571428571428572,1.5142857142857145,0.3,0.25,0.04999999999999999,0.4,0.55,-0.15000000000000002,0,5
Scotland,Republic of Ireland,84,20,0.40000000000000013,1.0,0.7999999999999999,-152.05000000000007,-0.86,3.57,1,0.4666666666666667,-149.34000000000006,0.005847618643651353,-126.82,0,0,2.068453676574891,13.13457853108725,-11.06612485451236,1576.4,1575.4,1.0,-11,-16,0,1.6857142857142857,1.4,0.2857142857142858,1.0857142857142856,0.6857142857142857,0.3999999999999999,0.5,0.4,0.09999999999999998,0.35,0.4,-0.050000000000000044,2,1
Israel,Albania,-41,-8,0.6,1.0,0.8,-181.86000000000007,-4.72,-11.14,1,0.6,-197.72000000000006,-0.2347890451517396,-67.66,0,0,2.1515441612750994,-17.51520734374341,19.66675150501851,1655.2,1648.8,6.400000000000091,-2,-1,0,1.8,1.0571428571428572,0.7428571428571429,2.0285714285714285,1.1428571428571428,0.8857142857142857,0.1,0.45,-0.35,0.65,0.4,0.25,2,1
Slovenia,Norway,-230,-53,-2.0,-2.4,1.0,-341.57000000000005,-25.94,32.09,1,0.3333333333333333,-335.41999999999996,-0.07987526081821206,-162.53000000000003,0,0,-7.33051355630889,-2.9929227396213234,-4.337590816687567,1749.6,1636.8,112.79999999999995,10,11,0,1.2,2.0,-0.8,1.2857142857142858,0.7428571428571429,0.5428571428571429,0.35,0.5,-0.15000000000000002,0.5,0.35,0.15000000000000002,2,1
Serbia,Sweden,44,12,0.7999999999999999,0.3999999999999999,-0.20000000000000018,114.99000000000004,-36.269999999999996,0,1,0.6666666666666666,78.72000000000004,-0.14053720240221634,-97.32000000000001,0,0,37.14775318426452,-0.11844943909470373,37.26620262335923,1758.6,1786.8,-28.200000000000045,-10,-26,0,1.8571428571428572,1.2285714285714286,0.6285714285714286,0.9428571428571428,1.1142857142857143,-0.17142857142857149,0.4,0.4,0.0,0.5,0.4,0.09999999999999998,4,1
Northern Ireland,Kosovo,-123,-38,-0.9999999999999999,-0.3999999999999999,0.19999999999999996,-128.59,4.18,1.27,1,0.0,-123.13999999999999,-0.01808244911730894,-105.86,0,0,-35.075564215197446,-28.114747349854575,-6.960816865342871,1549.8,1649.8,-100.0,42,85,0,0.9428571428571428,1.3428571428571427,-0.3999999999999999,1.1428571428571428,1.3428571428571427,-0.19999999999999996,0.35,0.25,0.09999999999999998,0.4,0.45,-0.04999999999999999,2,1
Cyprus,Greece,-437,-209,-1.4,-0.5999999999999999,1.2,-129.13999999999996,-0.12,18.88,1,0.0,-110.37999999999997,0.12365951237025885,-140.8,0,0,17.285764304437762,7.713964669231774,9.571799635205988,1587.6,1546.6,41.0,-11,-24,0,0.6,1.2,-0.6,1.8571428571428572,0.5714285714285714,1.2857142857142858,0.25,0.4,-0.15000000000000002,0.2,0.45,-0.25,1,0
Austria,Croatia,-60,-14,-1.2,0.0,0.3999999999999999,355.26,-1.4699999999999998,0,1,0.2,353.79,0.004119663621345304,98.88,0,0,-25.184761323352934,23.052724497894445,-48.237485821247375,1937.2,1925.2,12.0,-17,-39,0,1.3714285714285714,1.6,-0.22857142857142865,1.4,1.0,0.3999999999999999,0.25,0.35,-0.09999999999999998,0.45,0.5,-0.04999999999999999,1,3
Denmark,France,-214,-23,0.8,0.3999999999999999,0.0,-929.4499999999998,123.96000000000001,125.0,1,0.26666666666666666,-680.4899999999999,0.19147008062838244,-560.65,-2,0,16.186538971884602,-17.2033779326364,33.389916904521,1896.2,1853.4,42.799999999999955,0,-8,0,1.8,2.085714285714286,-0.2857142857142858,1.0285714285714285,0.8285714285714286,0.19999999999999984,0.4,0.4,0.0,0.45,0.55,-0.10000000000000003,2,0
Wales,Poland,-8,-4,0.0,0.19999999999999996,-0.7999999999999998,-103.36999999999995,-8.96,3.47,1,0.0,-108.85999999999996,-0.054439059880178386,-92.32,0,0,14.516023186052355,9.472024486947541,5.043998699104813,1869.4,1864.0,5.400000000000091,-10,-8,0,1.3428571428571427,1.6571428571428573,-0.3142857142857145,1.3142857142857143,1.6571428571428573,-0.34285714285714297,0.3,0.15,0.15,0.6,0.75,-0.15000000000000002,0,1
Netherlands,Belgium,81,11,0.6000000000000001,0.3999999999999999,-0.19999999999999996,100.03000000000009,0.8399999999999999,8.16,1,0.3333333333333333,109.02999999999997,0.017741124386193907,96.66999999999996,0,0,21.231538766290413,-9.033161746191723,30.264700512482136,1737.6,1753.8,-16.200000000000045,4,10,0,2.6857142857142855,2.1142857142857143,0.5714285714285712,1.0285714285714285,1.1714285714285715,-0.14285714285714302,0.4,0.4,0.0,0.55,0.6,-0.04999999999999993,1,0
Faroe Islands,Turkey,-494,-210,-1.6,-2.4,1.2000000000000002,-448.43000000000006,60.86,-0.07,1,0.0,-387.64000000000004,0.1199919749947882,-430.06,0,0,-22.601686519616738,-22.522608086837412,-0.07907843277932614,1441.4,1342.6,98.80000000000018,-14,-31,0,0.9428571428571428,2.5428571428571427,-1.5999999999999999,1.7142857142857142,1.2285714285714286,0.48571428571428554,0.1,0.4,-0.30000000000000004,0.5,0.5,0.0,2,1
Luxembourg,Lithuania,110,34,1.4000000000000001,1.2000000000000002,-1.2000000000000002,-6.349999999999998,1.8499999999999999,-0.38,1,0.6666666666666666,-4.879999999999997,0.08332523953593418,0.370000000000001,0,0,20.325954420905862,-10.119196013584792,30.445150434490657,1567.0,1589.0,-22.0,4,6,0,1.0857142857142856,0.5142857142857142,0.5714285714285714,1.7142857142857142,2.2857142857142856,-0.5714285714285714,0.2,0.0,0.2,0.4,0.35,0.050000000000000044,1,0
Slovakia,Belarus,193,112,0.7999999999999999,0.4,-0.19999999999999996,209.93999999999994,-38.92,0,1,0.6666666666666666,171.01999999999992,-0.0965453041327341,181.18,0,0,-33.52769599730133,-12.291757700877943,-21.235938296423384,1390.8,1429.4,-38.600000000000136,12,18,0,1.2571428571428571,0.8571428571428571,0.4,1.1142857142857143,1.5714285714285714,-0.4571428571428571,0.3,0.25,0.04999999999999999,0.4,0.4,0.0,1,1
Azerbaijan,Kazakhstan,-77,-24,-1.2000000000000002,-0.8,0.20000000000000007,-39.570000000000014,0.38,0,1,0.2,-39.19000000000001,-0.015096419943333439,-20.19,0,0,-0.9373930123825769,49.79486546694976,-50.73225847933234,1536.6,1521.2,15.399999999999864,2,0,0,0.7714285714285715,1.0571428571428572,-0.2857142857142857,1.4285714285714286,1.4857142857142858,-0.05714285714285716,0.1,0.2,-0.1,0.5,0.45,0.04999999999999999,3,0
Andorra,Latvia,-212,-34,-1.0,-1.2000000000000002,0.3999999999999999,-6.910000000000001,0.43000000000000005,-0.03,1,0.2,-6.51,-0.00760994439593754,-1.7099999999999995,0,0,44.127287993562646,36.39963950198373,7.727648491578918,1125.6,1083.2,42.399999999999864,2,-3,0,0.9142857142857143,1.6857142857142857,-0.7714285714285715,1.6,1.1142857142857143,0.48571428571428577,0.35,0.35,0.0,0.3,0.5,-0.2,1,1
Moldova,Liechtenstein,344,36,2.0,1.4000000000000001,-0.6000000000000001,17.26,-2.9,0.02,1,0.4444444444444444,14.38,-0.02845073189900771,11.27,0,0,7.106500917889544,-20.572992805829085,27.67949372371863,1125.2,1194.0,-68.79999999999995,0,6,0,1.0857142857142856,0.2,0.8857142857142857,2.0285714285714285,2.942857142857143,-0.9142857142857146,0.2,0.0,0.2,0.45,0.25,0.2,2,0
England,Germany,63,4,-0.7999999999999999,-1.4000000000000001,0.19999999999999996,644.5700000000002,-328.47,-165.0,1,0.5333333333333333,151.10000000000014,-0.3410591170474544,174.70000000000005,4,0,-49.68953055827728,-11.98995107972135,-37.69957947855593,1811.2,1823.8,-12.599999999999909,1,-4,0,1.9714285714285715,2.6285714285714286,-0.657142857142857,0.8,0.9142857142857143,-0.11428571428571421,0.55,0.3,0.25000000000000006,0.3,0.55,-0.25000000000000006,3,3
Hungary,Italy,-151,-31,0.3999999999999999,0.40000000000000013,-0.7999999999999999,-343.11,121.93,-2.14,1,0.3333333333333333,-223.32000000000002,0.18215525793776122,-282.83000000000004,0,0,66.66519938501148,19.581986848323872,47.083212536687604,1958.6,1928.4,30.199999999999818,-18,-40,0,1.4285714285714286,1.3428571428571427,0.08571428571428585,0.8285714285714286,1.0857142857142856,-0.257142857142857,0.35,0.35,0.0,0.4,0.6,-0.19999999999999996,0,2
Montenegro,Finland,-36,-30,0.3999999999999999,0.0,-0.3999999999999999,-19.289999999999992,1.5699999999999998,-5.19,1,0.0,-22.90999999999999,-0.1006139971027461,51.5,0,0,28.04961748244687,18.268417666065183,9.781199816381687,1570.8,1563.6,7.2000000000000455,-16,-44,0,1.2,1.0,0.19999999999999996,1.0857142857142856,1.2285714285714286,-0.14285714285714302,0.35,0.25,0.09999999999999998,0.35,0.35,0.0,0,2
Romania,Bosnia and Herzegovina,31,7,-1.4000000000000001,-0.9999999999999999,0.5999999999999999,142.28000000000003,-2.01,-16.9,1,0.6,123.37,0.01513655017542781,136.82999999999998,0,0,-41.48907452919531,-7.441378408954657,-34.04769612024065,1485.2,1491.4,-6.2000000000000455,3,11,0,0.8,0.9714285714285714,-0.17142857142857137,1.1142857142857143,1.0,0.11428571428571432,0.35,0.35,0.0,0.35,0.4,-0.050000000000000044,4,1
Gibraltar,Georgia,-575,-217,-2.4,-2.4,2.8000000000000003,-119.22000000000001,1.5299999999999998,6.93,1,0.0,-110.76000000000002,-0.13879701964852376,-147.0,0,0,12.453084125471374,60.69555317244257,-48.242469046971195,1519.2,1404.2,115.0,-36,-70,0,0.34285714285714286,1.6857142857142857,-1.342857142857143,3.2285714285714286,0.7714285714285715,2.4571428571428573,0.15,0.45,-0.30000000000000004,0.35,0.3,0.04999999999999999,1,2
North Macedonia,Bulgaria,139,124,0.19999999999999996,-0.40000000000000013,-0.40000000000000013,-18.810000000000002,3.64,-4.68,1,0.26666666666666666,-19.85,-0.027267862747862304,-41.57000000000001,0,0,10.435456362761732,14.195939723743413,-3.760483360981681,1364.4,1392.2,-27.799999999999955,4,9,0,1.542857142857143,1.3142857142857143,0.22857142857142865,1.2571428571428571,1.6857142857142857,-0.4285714285714286,0.4,0.15,0.25,0.35,0.65,-0.30000000000000004,0,1
San Marino,Estonia,-454,-58,-1.8,-1.2,-0.19999999999999996,-7.68,0.87,0.08,1,0.08333333333333333,-6.7299999999999995,0.12132822477650063,-10.09,0,0,-8.34613540594617,8.208497795243172,-16.55463320118934,1297.8,1426.0,-128.20000000000005,-2,-6,0,0.11428571428571428,0.8571428571428571,-0.7428571428571428,2.857142857142857,1.6,1.2571428571428571,0.1,0.35,-0.24999999999999997,0.15,0.35,-0.19999999999999998,0,4
Portugal,Spain,-187,-6,0.3999999999999999,0.8000000000000003,-0.6,72.51999999999987,15.49,0,1,0.3333333333333333,88.00999999999988,0.018662425753906642,-20.840000000000032,0,0,-1.5604239264548792,-31.620490618009008,30.060066691554127,1874.0,1836.6,37.40000000000009,8,0,0,2.2,1.8,0.40000000000000013,0.6,0.8571428571428571,-0.2571428571428571,0.55,0.45,0.10000000000000003,0.35,0.55,-0.20000000000000007,0,1
Switzerland,Czech Republic,158,27,0.3999999999999999,0.0,-0.6000000000000001,98.55000000000001,-2.32,-2.65,1,0.0,93.58000000000001,-0.01988000000000001,81.78,0,0,-8.167447265573996,9.840229299304356,-18.007676564878352,1984.4,2016.0,-31.59999999999991,9,-11,0,1.5142857142857142,1.4,0.11428571428571432,1.2,1.3714285714285714,-0.17142857142857149,0.35,0.3,0.04999999999999999,0.5,0.4,0.09999999999999998,2,1
Republic of Ireland,Armenia,332,176,0.20000000000000007,0.6,-1.7999999999999998,258.77000000000004,0.41,-2.8099999999999996,1,0.6666666666666666,256.37000000000006,0.19431300602187862,207.14,0,0,3.3152737473263567,11.640324400540043,-8.325050653213687,1676.4,1742.8,-66.39999999999986,6,16,0,1.3714285714285714,0.6,0.7714285714285715,0.8285714285714286,2.6857142857142855,-1.8571428571428568,0.4,0.3,0.10000000000000003,0.45,0.35,0.10000000000000003,3,2
Ukraine,Scotland,-51,-6,-0.3999999999999999,-0.20000000000000018,-0.19999999999999996,117.65000000000002,-1.6800000000000002,0,1,0.5,115.97000000000003,-0.0033888276155646935,102.63,0,0,-0.6892741533912492,7.7510519201647154,-8.440326073555966,1580.0,1569.8,10.200000000000045,16,12,0,1.7142857142857142,1.6857142857142857,0.02857142857142847,1.0,1.0857142857142856,-0.08571428571428563,0.25,0.45,-0.2,0.55,0.4,0.15000000000000002,0,0
Albania,Iceland,84,21,-1.2000000000000002,-0.7999999999999999,0.0,156.55,0.8,0,1,0.26666666666666666,157.35000000000002,0.008615119534783555,101.46,0,0,-28.959077318599128,2.989465381481047,-31.948542700080175,1537.6,1470.4,67.19999999999982,-3,-7,0,0.9142857142857143,1.2571428571428571,-0.34285714285714286,1.2285714285714286,1.6857142857142857,-0.4571428571428571,0.45,0.25,0.2,0.4,0.6,-0.19999999999999996,1,1
Norway,Serbia,158,27,0.0,-0.8000000000000003,0.0,283.29999999999995,38.72,-32.09,1,0.4666666666666667,289.9299999999999,0.09872613458045398,171.85000000000002,0,0,-18.32961458883269,43.65174322663027,-61.981357815462964,1698.6,1730.2,-31.600000000000136,-7,-5,0,1.8,2.0285714285714285,-0.22857142857142843,0.8,0.9428571428571428,-0.1428571428571428,0.5,0.35,0.15000000000000002,0.4,0.55,-0.15000000000000002,0,2
Sweden,Slovenia,28,14,-0.4,0.19999999999999996,0.19999999999999996,-56.71999999999994,23.490000000000002,0,1,0.7777777777777778,-33.22999999999995,0.12168632863997442,88.0,0,0,-18.916318868519003,6.540778805893318,-25.45709767441232,1793.8,1799.4,-5.600000000000136,7,20,0,1.2,1.2,0.0,1.4,1.3428571428571427,0.05714285714285716,0.35,0.35,0.0,0.45,0.5,-0.04999999999999999,1,1
Kosovo,Cyprus,400,202,0.19999999999999996,0.6,0.0,174.89,-7.8999999999999995,-1.27,1,1.0,165.71999999999997,-0.038123391489230274,112.41,0,0,-31.456563636428026,36.46426630284567,-67.9208299392737,1588.6,1668.6,-80.0,-42,-83,0,1.2857142857142858,0.5714285714285714,0.7142857142857144,1.4,1.7428571428571429,-0.34285714285714297,0.2,0.3,-0.09999999999999998,0.5,0.15,0.35,5,1
Greece,Northern Ireland,160,45,1.4,0.19999999999999996,-1.2,82.83999999999997,3.84,-18.88,1,0.6,67.79999999999998,-0.06745367176371964,134.25,0,0,-17.936302827586854,-18.744076379365424,0.8077735517785705,1518.4,1550.4,-32.0,11,22,0,1.0857142857142856,1.0857142857142856,0.0,0.6285714285714286,1.0857142857142856,-0.4571428571428571,0.35,0.35,0.0,0.45,0.4,0.04999999999999999,3,1
Qatar,Ecuador,-274,-59,0.8,1.2000000000000002,0.6,-397.80000000000007,30.44,37.39,0,1.0,-329.9700000000001,0.10401967642442889,-200.60999999999999,0,0,27.63607619648823,-24.077160161589344,51.71323635807757,1677.6,1760.4,-82.80000000000018,-38,7,0,1.1428571428571428,0.8285714285714286,0.31428571428571417,1.2571428571428571,0.6,0.6571428571428571,0.35,0.55,-0.20000000000000007,0.4,0.4,0.0,0,2
Senegal,Netherlands,-64,-8,0.0,-0.3999999999999999,-0.6,-385.0200000000002,-76.05,0,0,0.5,-461.07000000000016,-0.3069997958328059,-333.03999999999996,0,0,12.44550496519129,28.817537846176158,-16.372032880984868,1659.8,1737.6,-77.79999999999995,-20,-14,0,1.6571428571428573,2.4285714285714284,-0.7714285714285711,0.45714285714285713,0.9428571428571428,-0.4857142857142857,0.55,0.45,0.10000000000000003,0.4,0.5,-0.09999999999999998,0,2
England,Iran,146,15,-0.7999999999999999,0.0,0.8,897.5900000000001,-321.22,-174.38,0,0.5,401.99000000000024,-0.3306449655059055,357.08,4,0,-44.26038190793542,-5.865999410997221,-38.3943824969382,1862.0,1766.6,95.40000000000009,-19,11,0,2.2,1.542857142857143,0.6571428571428573,1.0,0.6285714285714286,0.37142857142857144,0.5,0.65,-0.15000000000000002,0.35,0.25,0.09999999999999998,6,2
United States,Wales,146,26,1.6,0.8,-1.6,35.81999999999999,0.40000000000000036,-7.8,1,0.6666666666666666,28.419999999999987,-0.029790933018057908,12.689999999999998,0,0,-9.202132346667328,0.5431246055707977,-9.745256952238126,1678.4,1865.6,-187.19999999999982,53,-13,0,1.6285714285714286,1.1714285714285715,0.4571428571428571,0.5142857142857142,1.3714285714285714,-0.8571428571428572,0.55,0.25,0.30000000000000004,0.3,0.6,-0.3,1,1
Argentina,Saudi Arabia,355,52,1.4000000000000001,2.8,-0.39999999999999997,450.25999999999993,22.83,0,0,0.3333333333333333,473.0899999999999,0.22592108143930834,409.76,0,0,18.000129559573487,0.47147220885865426,17.528657350714834,1664.6,1695.2,-30.600000000000136,34,-9,0,2.3714285714285714,0.6571428571428571,1.7142857142857144,0.3142857142857143,0.5428571428571428,-0.22857142857142854,0.65,0.55,0.09999999999999998,0.35,0.25,0.09999999999999998,1,2
Mexico,Poland,143,24,-0.19999999999999996,0.8,0.19999999999999996,-22.549999999999926,-36.33,1.6,1,0.5555555555555556,-57.279999999999944,-0.1669832396514831,-43.389999999999986,0,0,-18.24782092006133,21.378449520313403,-39.62627044037473,1781.8,1835.2,-53.40000000000009,50,-14,0,1.2857142857142858,1.542857142857143,-0.2571428571428571,1.0,1.3428571428571427,-0.34285714285714275,0.5,0.25,0.25,0.35,0.65,-0.30000000000000004,0,0
Denmark,Tunisia,130,20,-0.19999999999999996,-0.20000000000000018,-0.19999999999999996,89.79999999999998,-6.35,0,0,1.0,83.44999999999999,-0.0259204833047596,5.340000000000032,0,0,22.158407748334454,6.0527201624912905,16.105687585843164,1896.2,1635.4,260.79999999999995,10,-13,0,1.8857142857142857,1.2571428571428571,0.6285714285714286,0.9714285714285714,0.6857142857142857,0.2857142857142857,0.45,0.65,-0.2,0.45,0.1,0.35,0,0
France,Australia,232,28,-1.6,-0.5999999999999999,0.6,796.3299999999999,-124.32000000000001,-125.0,0,0.7777777777777778,547.01,-0.20154819418968795,314.29999999999995,2,0,-45.085164667563475,-8.517277854807649,-36.56788681275583,1853.4,1696.0,157.4000000000001,-20,35,0,1.9142857142857144,1.6,0.3142857142857143,0.9142857142857143,0.6285714285714286,0.2857142857142857,0.35,0.55,-0.20000000000000007,0.55,0.35,0.20000000000000007,4,1
Germany,Japan,13,2,0.20000000000000018,0.3999999999999999,0.3999999999999999,487.91,-3.93,-15.0,0,0.6666666666666666,468.9800000000001,-0.01878688639535997,390.97999999999996,0,0,-9.783277998166458,-1.4809718614706675,-8.30230613669579,1774.0,1778.0,-4.0,-13,28,0,2.3142857142857145,2.2285714285714286,0.08571428571428585,1.0571428571428572,0.6571428571428571,0.4,0.35,0.5,-0.15000000000000002,0.5,0.3,0.2,1,2
Spain,Costa Rica,466,63,-0.20000000000000018,-0.19999999999999996,0.0,569.71,52.6,0,0,0.7777777777777778,622.3100000000001,0.24292036333560552,556.38,0,0,-14.564450538297093,84.49958691404825,-99.06403745234535,1828.8,1740.2,88.59999999999991,-37,52,0,1.9714285714285715,1.3142857142857143,0.6571428571428573,0.7714285714285715,0.6285714285714286,0.1428571428571429,0.45,0.5,-0.04999999999999999,0.55,0.35,0.20000000000000007,7,0
Morocco,Croatia,91,9,-0.3999999999999999,0.19999999999999996,-0.2,-55.02999999999997,-79.28,0,0,0.5,-134.31,-0.3016779369410274,-45.12000000000003,0,0,-22.78832316739616,41.44233121969368,-64.23065438708984,1651.4,1853.6,-202.19999999999982,-23,-29,0,1.9714285714285715,1.6285714285714286,0.34285714285714297,0.6285714285714286,0.8285714285714286,-0.20000000000000007,0.6,0.4,0.19999999999999996,0.35,0.5,-0.15000000000000002,0,0
Belgium,Canada,46,12,0.0,-0.3999999999999999,-0.3999999999999999,491.97000000000014,-3.7399999999999998,-8.16,0,0.5,480.0700000000002,-0.006666423704168034,413.73,0,0,-18.33860706437553,-21.92016872605328,3.5815616616777497,1777.2,1729.6,47.600000000000136,9,86,0,1.7714285714285714,1.6571428571428573,0.1142857142857141,1.2,0.8571428571428571,0.34285714285714286,0.3,0.45,-0.15000000000000002,0.65,0.4,0.25,1,0
Switzerland,Cameroon,183,33,0.8,0.4,0.0,44.64999999999995,40.339999999999996,-2.65,0,0.5,82.33999999999995,0.18786287801314827,52.58000000000001,0,0,-18.888830241127483,3.5530623723727945,-22.44189261350028,1911.8,1689.6,222.20000000000005,12,-12,0,1.2857142857142858,1.2571428571428571,0.028571428571428692,1.2285714285714286,0.9142857142857143,0.3142857142857144,0.3,0.35,-0.04999999999999999,0.5,0.5,0.0,1,0
Brazil,Serbia,241,35,0.3999999999999999,0.8000000000000003,-0.4,917.7299999999999,-81.29,-100.0,0,1.0,736.4399999999998,-0.02987682657127988,707.14,2,0,41.53315239209194,52.95650265244179,-11.42335026034985,1757.4,1698.4,59.0,51,-21,0,2.7142857142857144,2.3142857142857145,0.3999999999999999,0.34285714285714286,0.9428571428571428,-0.6,0.7,0.3,0.39999999999999997,0.3,0.6,-0.3,2,0
Uruguay,South Korea,21,3,-0.20000000000000018,0.0,-0.8,20.019999999999982,-7.84,-8.55,0,0.8,3.629999999999967,-0.08955213409341312,17.249999999999986,0,0,22.408714243788864,11.49836251230721,10.910351731481654,1829.4,1714.4,115.0,39,-8,0,1.5142857142857142,1.8285714285714285,-0.3142857142857143,0.6857142857142857,0.8857142857142857,-0.19999999999999996,0.55,0.55,0.0,0.2,0.4,-0.2,0,0
Portugal,Ghana,363,77,-0.19999999999999996,0.6000000000000001,-0.4,813.7399999999999,2.34,0,0,1.0,816.0799999999999,0.026354319180087904,625.3,0,0,5.7359489803508765,19.718974318737846,-13.98302533838697,1864.6,1638.0,226.5999999999999,17,11,0,2.142857142857143,1.1142857142857143,1.0285714285714285,0.6571428571428571,0.9142857142857143,-0.2571428571428571,0.5,0.4,0.09999999999999998,0.35,0.35,0.0,3,2
Qatar,Senegal,-227,-54,0.3999999999999999,-0.19999999999999996,-0.20000000000000007,-89.36999999999995,75.91999999999999,0,0,0.5,-13.44999999999996,0.2896109746548613,-91.73999999999998,0,0,31.651533039134904,0.1398317552535353,31.51170128388137,1719.2,1683.4,35.799999999999955,20,-30,0,1.0285714285714285,1.5142857142857142,-0.48571428571428577,1.2285714285714286,0.6285714285714286,0.6000000000000001,0.35,0.5,-0.15000000000000002,0.35,0.4,-0.050000000000000044,1,3
Netherlands,Ecuador,17,3,0.8,1.4,0.8,76.59000000000015,30.57,37.39,0,0.6666666666666666,144.55000000000007,0.12140849760237349,224.16999999999996,0,0,45.93700988389912,-11.954628192225536,57.89163807612466,1773.4,1723.4,50.0,-38,51,0,2.4,0.9142857142857143,1.4857142857142858,0.8571428571428571,0.5142857142857142,0.34285714285714286,0.45,0.6,-0.14999999999999997,0.5,0.35,0.15000000000000002,1,1
Wales,Iran,-169,-31,-0.9999999999999999,0.0,-0.19999999999999996,-365.70000000000005,4.82,5.62,0,0.5,-355.26,-0.030159159566370275,-299.04,0,0,0.16246267010063242,-14.630964654700964,14.793427324801597,1846.2,1802.8,43.40000000000009,-41,-23,0,1.1714285714285715,1.5142857142857142,-0.34285714285714275,1.3428571428571427,1.0857142857142856,0.2571428571428571,0.25,0.6,-0.35,0.6,0.3,0.3,0,2
England,United States,169,20,-0.3999999999999999,0.40000000000000013,1.6,1227.4700000000003,-326.44,-172.2,0,0.8333333333333334,728.8300000000003,-0.2706948729214773,643.4300000000001,4,0,-40.147151548903594,-2.311975034583549,-37.83517651432005,1845.4,1623.4,222.0,-31,47,0,2.5142857142857142,1.6285714285714286,0.8857142857142857,1.1428571428571428,0.5428571428571428,0.6,0.45,0.5,-0.04999999999999999,0.4,0.35,0.050000000000000044,0,0
Poland,Saudi Arabia,11,9,-0.20000000000000018,-0.4,0.0,-19.010000000000048,75.83,-3.47,0,1.0,53.34999999999994,0.2865174982587261,49.339999999999975,0,0,35.56438745822343,22.211050846840685,13.353336611382744,1816.8,1780.6,36.200000000000045,-25,4,0,1.4,0.7142857142857143,0.6857142857142856,1.1714285714285715,0.5428571428571428,0.6285714285714287,0.3,0.55,-0.25000000000000006,0.6,0.25,0.35,2,0
Argentina,Mexico,201,19,1.0,1.7999999999999998,-0.6,491.81999999999994,-16.67,1.87,0,0.8666666666666667,477.0199999999999,0.10638682283206535,403.81,0,0,-4.988195079478566,-31.743280733935052,26.755085654456487,1618.8,1759.2,-140.4000000000001,9,1,0,2.342857142857143,1.2285714285714286,1.1142857142857143,0.42857142857142855,0.8857142857142857,-0.45714285714285713,0.65,0.55,0.09999999999999998,0.35,0.35,0.0,2,0
Tunisia,Australia,-112,-15,-0.3999999999999999,-0.3999999999999999,0.0,-222.91999999999993,5.99,0,0,0.5,-216.92999999999992,0.0158423697434541,-251.69000000000005,0,0,24.86590075674514,-5.883287211948893,30.749187968694034,1719.0,1769.6,-50.59999999999991,-30,40,0,1.1428571428571428,1.5714285714285714,-0.4285714285714286,0.6,0.9142857142857143,-0.3142857142857143,0.7,0.5,0.19999999999999996,0.1,0.4,-0.30000000000000004,0,1
France,Denmark,214,23,0.0,0.3999999999999999,0.4,929.4499999999998,-123.96000000000001,-125.0,0,0.4666666666666667,680.4899999999999,-0.19147008062838244,560.65,2,0,-41.38866881215882,17.186903605261193,-58.57557241742001,1841.2,1873.6,-32.399999999999864,0,8,0,1.9142857142857144,1.7142857142857142,0.20000000000000018,0.9714285714285714,0.8571428571428571,0.11428571428571432,0.3,0.5,-0.2,0.6,0.4,0.19999999999999996,2,1
Japan,Costa Rica,265,54,-0.6000000000000001,0.20000000000000018,-0.8,-0.3099999999998886,65.49000000000001,0,0,0.6666666666666666,65.18000000000009,0.251582404459334,76.10999999999999,0,0,2.1130055220476693,72.7304131782993,-70.61740765625163,1803.8,1864.4,-60.600000000000136,-22,20,0,2.257142857142857,1.2285714285714286,1.0285714285714285,0.7142857142857143,1.2285714285714286,-0.5142857142857143,0.45,0.45,0.0,0.35,0.35,0.0,0,1
Spain,Germany,188,7,1.0,0.7999999999999998,-1.0,82.1099999999999,-8.96,15.0,0,0.5333333333333333,88.14999999999986,0.010124845271631489,89.29000000000008,0,0,-14.748107746405502,-20.805491378345476,6.057383631939974,1786.8,1822.2,-35.40000000000009,-2,4,0,2.3714285714285714,2.257142857142857,0.11428571428571432,0.7714285714285715,1.1428571428571428,-0.37142857142857133,0.45,0.35,0.10000000000000003,0.55,0.55,0.0,1,1
Belgium,Morocco,-113,-14,-0.40000000000000013,-0.3999999999999999,0.8,275.0000000000001,78.56,-8.16,0,0.0,345.4000000000002,0.29010840411784033,227.09,0,0,-5.30307666192957,-26.209112180809647,20.906035518880078,1800.4,1696.0,104.40000000000009,19,22,0,1.7428571428571429,1.8285714285714285,-0.08571428571428563,1.1142857142857143,0.5714285714285714,0.5428571428571429,0.35,0.6,-0.25,0.6,0.35,0.25,0,2
Croatia,Canada,68,17,1.2000000000000002,0.19999999999999996,-0.7999999999999999,272.0,-3.02,0,0,0.5,268.98,0.0049031091190190335,231.76000000000002,0,0,36.69809403317884,-32.921477537900344,69.61957157107918,1880.4,1769.8,110.60000000000014,13,93,0,1.5714285714285714,1.542857142857143,0.02857142857142847,0.8,0.8571428571428571,-0.05714285714285705,0.45,0.45,0.0,0.5,0.35,0.15000000000000002,4,1
Cameroon,Serbia,-42,-9,-1.6,-2.2,0.0,-36.990000000000066,-3.9399999999999977,0,0,0.0,-40.930000000000064,-0.04796735601925539,50.769999999999996,0,0,-6.593451297567,33.55781023752486,-40.15126153509186,1795.0,1755.4,39.59999999999991,-2,17,0,1.1142857142857143,2.142857142857143,-1.0285714285714285,1.0,1.0285714285714285,-0.02857142857142847,0.3,0.3,0.0,0.5,0.55,-0.050000000000000044,3,3
Brazil,Switzerland,100,11,0.6000000000000001,2.0,-0.4,910.0699999999999,-117.69000000000001,-97.35,0,0.4444444444444444,695.03,-0.16977234856517276,603.79,2,0,36.90273911146259,-14.997765213849197,51.900504325311786,1769.2,1824.0,-54.799999999999955,41,-26,0,2.6285714285714286,1.2571428571428571,1.3714285714285714,0.2857142857142857,1.1142857142857143,-0.8285714285714286,0.75,0.35,0.4,0.25,0.5,-0.25,1,0
South Korea,Ghana,263,63,0.8000000000000003,0.40000000000000013,-0.7999999999999999,61.2,-6.390000000000001,0,0,0.25,54.81000000000002,-0.031849561078595934,73.19,0,0,9.141023029436731,19.482766070316604,-10.341743040879873,1725.0,1732.6,-7.599999999999909,24,-24,0,1.6571428571428573,1.1142857142857143,0.5428571428571429,0.8,1.1142857142857143,-0.3142857142857143,0.6,0.4,0.19999999999999996,0.35,0.35,0.0,2,3
Portugal,Uruguay,79,11,0.19999999999999996,0.8000000000000003,0.6000000000000001,732.5199999999999,16.57,8.55,0,0.0,757.6399999999999,0.14775601435209695,534.86,0,0,23.340125669947863,36.78668190126153,-13.446556231313668,1837.4,1829.8,7.600000000000136,-46,43,0,2.2285714285714286,1.4285714285714286,0.8,0.7714285714285715,0.5428571428571428,0.22857142857142865,0.45,0.6,-0.14999999999999997,0.4,0.2,0.2,2,0
Ecuador,Senegal,47,5,-0.19999999999999996,-0.5999999999999999,-0.6000000000000001,308.43000000000006,45.47999999999999,-37.39,0,0.0,316.5200000000001,0.1855912982304324,108.87,0,0,-13.119756669096912,3.0495655875326273,-16.16932225662954,1741.8,1716.0,25.799999999999955,58,-37,0,0.9142857142857143,1.542857142857143,-0.6285714285714287,0.5714285714285714,0.6571428571428571,-0.08571428571428574,0.55,0.45,0.10000000000000003,0.4,0.45,-0.04999999999999999,1,2
Qatar,Netherlands,-291,-62,-0.8,-0.8,0.6,-474.3900000000002,-0.1299999999999999,0,0,0.5,-474.52000000000015,-0.017388821177944602,-424.78,0,0,34.681738735150375,36.65110356612395,-1.969364830973575,1771.2,1817.0,-45.799999999999955,0,-44,0,0.9714285714285714,2.2857142857142856,-1.314285714285714,1.4,0.8285714285714286,0.5714285714285713,0.35,0.45,-0.10000000000000003,0.35,0.5,-0.15000000000000002,0,2
Wales,England,-315,-46,-0.8,-1.0,-0.19999999999999996,-1263.2900000000002,326.04,180.0,0,0.0,-757.2500000000002,0.3004858059395352,-656.12,-4,0,-18.748636020780257,-44.6897315441435,25.94109552336324,1847.6,1844.8,2.7999999999999545,-22,-34,0,1.0285714285714285,2.1714285714285713,-1.1428571428571428,1.457142857142857,1.1428571428571428,0.3142857142857143,0.2,0.45,-0.25,0.6,0.4,0.19999999999999996,0,3
Iran,United States,23,5,0.0,-0.19999999999999996,1.4,329.88000000000005,-5.220000000000001,2.1799999999999997,0,0.3333333333333333,326.84000000000003,0.05995009258442818,286.35,0,0,-16.158778637917436,-2.9255716690012523,-13.233206968916184,1768.0,1651.6,116.40000000000009,-12,36,0,1.542857142857143,1.5142857142857142,0.028571428571428692,1.0571428571428572,0.5142857142857142,0.5428571428571429,0.65,0.55,0.09999999999999998,0.25,0.3,-0.04999999999999999,0,1
Poland,Argentina,-344,-43,-0.3999999999999999,-1.9999999999999998,0.0,-469.27,53.0,-3.47,0,1.0,-419.74,0.06059641681941774,-360.42,0,0,43.25995181874359,1.7284665668540686,41.53148525188952,1783.8,1722.4,61.399999999999864,-59,13,0,1.5142857142857142,2.342857142857143,-0.8285714285714287,1.0571428571428572,0.4,0.6571428571428571,0.35,0.7,-0.35,0.55,0.3,0.25000000000000006,0,2
Saudi Arabia,Mexico,-154,-33,0.5999999999999999,-0.5999999999999999,-0.3999999999999999,41.559999999999974,-39.5,1.87,0,0.5,3.930000000000007,-0.11953425860724298,-5.949999999999989,0,0,23.303112393278816,-27.188386791841026,50.49149918511984,1790.0,1833.4,-43.40000000000009,-25,10,0,0.6857142857142857,1.1714285714285715,-0.48571428571428577,0.6857142857142857,0.9142857142857143,-0.22857142857142854,0.5,0.55,-0.050000000000000044,0.25,0.3,-0.04999999999999999,1,2
Australia,Denmark,-18,-5,0.6000000000000001,-0.19999999999999996,0.0,133.11999999999995,0.35999999999999943,0,0,0.3333333333333333,133.47999999999993,0.010078113561305502,246.35000000000002,0,0,-0.9454166448263592,24.463533222096807,-25.408949866923166,1771.4,1907.8,-136.39999999999986,20,-27,0,1.4,1.6857142857142857,-0.2857142857142858,0.8857142857142857,0.9142857142857143,-0.02857142857142858,0.5,0.5,0.0,0.4,0.4,0.0,1,0
Tunisia,France,-344,-43,-0.40000000000000013,-0.8,0.19999999999999996,-1019.2499999999998,130.31,125.0,0,0.2222222222222222,-763.9399999999998,0.21739056393314204,-565.99,-2,0,4.506787117226601,-37.56846114712947,42.07524826435607,1810.2,1844.6,-34.399999999999864,-10,5,0,1.0857142857142856,1.9714285714285715,-0.8857142857142859,0.6857142857142857,1.0285714285714285,-0.34285714285714275,0.65,0.25,0.4,0.1,0.65,-0.55,1,0
Japan,Spain,-201,-9,-0.8,-1.2000000000000002,0.3999999999999999,-570.02,12.89,0,0,0.0,-557.1299999999999,0.008662041123728481,-480.27000000000004,0,0,-15.361352423280824,-20.66740628193022,5.3060538586493955,1851.4,1832.0,19.40000000000009,15,-32,0,2.2,2.2,0.0,0.7142857142857143,0.7428571428571429,-0.02857142857142858,0.45,0.45,0.0,0.35,0.55,-0.20000000000000007,2,1
Costa Rica,Germany,-278,-56,1.0,0.19999999999999996,0.6000000000000001,-487.60000000000014,-61.56,15.0,0,0.0,-534.1600000000002,-0.23279551806397403,-467.0899999999999,0,0,75.28348428460023,-18.013699749643532,93.29718403424377,1912.2,1880.4,31.799999999999955,35,-48,0,1.2571428571428571,2.0285714285714285,-0.7714285714285714,1.2,1.1142857142857143,0.08571428571428563,0.5,0.35,0.15000000000000002,0.35,0.55,-0.20000000000000007,2,4
Croatia,Belgium,22,5,1.4000000000000001,1.2,-0.6,-219.97000000000014,0.7199999999999998,8.16,0,0.26666666666666666,-211.0900000000002,0.011569532823187068,-181.96999999999997,0,0,50.22830882859871,-7.669938075337274,57.898246903935984,1832.6,1853.8,-21.200000000000045,4,7,0,1.8285714285714285,1.6,0.22857142857142843,0.8285714285714286,1.2285714285714286,-0.4,0.45,0.3,0.15000000000000002,0.5,0.6,-0.09999999999999998,0,0
Canada,Morocco,-159,-26,-1.4000000000000001,-0.3999999999999999,2.0,-216.97000000000003,82.3,0,1,0.0,-134.67000000000002,0.29677482782200837,-186.64,0,0,-27.115135743345554,-5.28378584111465,-21.831349902230905,1816.2,1786.2,30.0,10,-64,0,1.542857142857143,1.8571428571428572,-0.3142857142857143,1.1428571428571428,0.5142857142857142,0.6285714285714286,0.45,0.6,-0.14999999999999997,0.35,0.35,0.0,1,2
Serbia,Switzerland,-141,-24,0.19999999999999996,1.7999999999999998,0.3999999999999999,-7.659999999999883,-36.4,2.65,0,0.4444444444444444,-41.40999999999988,-0.13989552199389288,-103.35000000000001,0,0,23.642817137695232,-15.79787873253592,39.44069587023115,1761.4,1830.2,-68.79999999999995,-10,-5,0,2.257142857142857,1.1142857142857143,1.1428571428571428,1.1714285714285715,1.1142857142857143,0.05714285714285716,0.3,0.35,-0.04999999999999999,0.55,0.45,0.10000000000000003,2,3
Cameroon,Brazil,-283,-44,-2.4,-1.4,1.2,-954.7199999999999,77.35000000000001,100.0,0,0.0,-777.3699999999999,-0.018090529447975512,-656.37,-2,0,-8.81526000924558,42.168855649289405,-50.98411565853499,1787.2,1775.4,11.799999999999955,-53,38,0,1.3428571428571427,2.5428571428571427,-1.2,1.1428571428571428,0.2571428571428571,0.8857142857142857,0.3,0.75,-0.45,0.5,0.25,0.25,1,0
Ghana,Uruguay,-284,-66,0.40000000000000013,0.20000000000000018,1.0,-81.21999999999998,14.23,8.55,0,0.3333333333333333,-58.43999999999998,0.12140169517200905,-90.43999999999998,0,0,37.91884422370472,20.53583096441141,17.383013259293307,1841.8,1851.2,-9.400000000000091,-63,32,0,1.3142857142857143,1.4,-0.08571428571428563,1.2,0.7142857142857143,0.48571428571428565,0.4,0.55,-0.15000000000000002,0.4,0.2,0.2,0,2
South Korea,Portugal,-100,-14,-0.7999999999999998,-1.4000000000000001,0.4,-752.5399999999998,-8.73,0,0,1.0,-761.2699999999999,-0.05820388025868384,-552.11,0,0,-17.7120850064083,23.037299120442057,-40.74938412685036,1678.0,1835.4,-157.4000000000001,7,-35,0,1.6571428571428573,2.257142857142857,-0.5999999999999999,1.0285714285714285,0.6,0.4285714285714285,0.55,0.5,0.050000000000000044,0.4,0.35,0.050000000000000044,2,1
Netherlands,United States,97,15,1.2000000000000002,1.0,-0.2,475.0100000000002,4.8500000000000005,7.8,0,0.75,487.6600000000002,0.09335473072627176,409.10999999999996,0,0,32.66019149336785,7.591554574506537,25.06863691886131,1807.4,1750.8,56.600000000000136,-35,46,0,2.2,1.3428571428571427,0.8571428571428574,0.7142857142857143,0.4857142857142857,0.2285714285714286,0.45,0.6,-0.14999999999999997,0.5,0.25,0.25,3,1
Argentina,Australia,229,27,0.0,1.4000000000000001,-0.4,323.71999999999997,-47.01,0,0,1.0,276.71,-0.05967556932924256,123.91999999999996,0,0,1.603059615332234,15.23375084119055,-13.630691225858317,1731.8,1803.4,-71.60000000000014,34,3,0,2.3142857142857145,1.2857142857142858,1.0285714285714287,0.37142857142857144,0.8,-0.4285714285714286,0.7,0.55,0.1499999999999999,0.3,0.35,-0.04999999999999999,2,1
France,Poland,347,44,-0.19999999999999996,0.8,0.6,941.8799999999999,-130.31,-121.53,0,0.7777777777777778,690.04,-0.20246904167986313,550.8,2,0,-58.732656025638036,31.09303374083789,-89.82568976647593,1810.0,1805.6,4.400000000000091,5,19,0,1.8857142857142857,1.4285714285714286,0.4571428571428571,1.0285714285714285,1.1428571428571428,-0.11428571428571432,0.25,0.35,-0.09999999999999998,0.6,0.5,0.09999999999999998,3,1
England,Senegal,136,13,-0.3999999999999999,0.7999999999999998,0.19999999999999996,1137.4800000000002,-255.24,-180.0,0,0.5,702.2400000000002,-0.057049807814943176,567.36,4,0,-48.283488418562975,10.683814224485914,-58.96730264304889,1845.2,1816.8,28.40000000000009,24,15,0,2.257142857142857,1.5142857142857142,0.7428571428571429,1.0,0.6857142857142857,0.3142857142857143,0.45,0.45,0.0,0.4,0.45,-0.04999999999999999,3,0
Japan,Croatia,55,5,-1.0000000000000002,-0.6000000000000001,0.7999999999999999,-60.019999999999925,1.23,0,0,0.3333333333333333,-58.789999999999964,0.0019679913580721298,-52.72000000000003,0,0,-2.633357230678108,48.315678358700836,-50.949035589378944,1915.2,1836.8,78.40000000000009,16,-20,0,2.142857142857143,1.6285714285714286,0.5142857142857142,0.7714285714285715,0.7428571428571429,0.02857142857142858,0.4,0.5,-0.09999999999999998,0.4,0.45,-0.04999999999999999,1,1
Brazil,South Korea,131,16,0.3999999999999999,1.0000000000000002,-0.4,1010.0799999999999,-111.28,-100.0,0,1.0,798.8,-0.13144846830648893,692.36,2,0,27.10202483773307,9.180906842903822,17.921117994829245,1727.8,1733.8,-6.0,24,-23,0,2.4285714285714284,1.7428571428571429,0.6857142857142855,0.3142857142857143,1.0285714285714285,-0.7142857142857142,0.7,0.5,0.19999999999999996,0.25,0.45,-0.2,4,1
Morocco,Spain,-165,-5,0.20000000000000018,-1.2000000000000002,-0.6000000000000001,-565.03,-67.62,0,0,0.3333333333333333,-632.65,-0.29498388717537105,-472.6700000000001,0,0,6.250598163123107,-36.49982688779936,42.750425050922466,1805.8,1843.0,-37.200000000000045,-24,-41,0,1.8,2.085714285714286,-0.2857142857142858,0.5714285714285714,0.8285714285714286,-0.25714285714285723,0.55,0.45,0.10000000000000003,0.4,0.55,-0.15000000000000002,0,0
Portugal,Switzerland,69,9,0.0,0.8,-0.19999999999999996,652.53,2.32,2.65,0,0.6,657.4999999999999,0.01988000000000001,463.53999999999996,0,0,8.379397847438653,-4.8184761247402825,13.197873972178936,1860.8,1750.8,110.0,10,32,0,2.1142857142857143,1.2,0.9142857142857144,0.7142857142857143,1.1428571428571428,-0.4285714285714285,0.5,0.35,0.15000000000000002,0.35,0.45,-0.10000000000000003,6,1
Croatia,Brazil,-100,-10,-0.5999999999999999,-1.2,-0.19999999999999996,-840.06,116.18,100.0,0,0.08333333333333333,-623.8799999999999,0.17768397257692248,-546.96,-2,0,61.595586979031886,27.87574792096428,33.719839058067606,1859.8,1780.4,79.39999999999986,-40,46,0,1.542857142857143,2.5142857142857142,-0.9714285714285713,0.5714285714285714,0.4,0.17142857142857137,0.5,0.65,-0.15000000000000002,0.45,0.3,0.15000000000000002,1,1
Netherlands,Argentina,-109,-6,0.20000000000000018,-0.5999999999999999,-0.19999999999999996,-61.80999999999972,49.29,0,0,0.5555555555555556,-12.519999999999754,0.06972115464745321,-30.940000000000055,0,0,39.67967060175294,-0.954699923943696,40.63437052569663,1835.0,1758.2,76.79999999999995,-51,38,0,2.2857142857142856,2.342857142857143,-0.057142857142857384,0.7714285714285715,0.42857142857142855,0.3428571428571429,0.4,0.7,-0.29999999999999993,0.55,0.3,0.25000000000000006,2,2
Morocco,Portugal,22,1,-0.19999999999999973,-1.8000000000000003,-0.8,-637.5499999999998,-83.11,0,0,0.0,-720.6599999999999,-0.3136463129292777,-451.83000000000004,0,0,6.488125083019074,11.502658365041793,-5.014533282022718,1869.6,1809.6,60.0,-32,-41,0,1.6,2.6,-1.0,0.5428571428571428,0.7142857142857143,-0.17142857142857149,0.55,0.5,0.050000000000000044,0.4,0.4,0.0,1,0
England,France,-40,-2,0.40000000000000013,1.2,-0.19999999999999996,218.04000000000042,-204.69,-55.0,0,0.26666666666666666,-41.649999999999636,-0.15245582413985048,13.0,2,0,-46.32841989447293,-58.21941033511595,11.890990440643023,1851.2,1786.8,64.40000000000009,7,7,0,2.3714285714285714,1.8857142857142857,0.48571428571428577,0.9428571428571428,1.0571428571428572,-0.11428571428571432,0.5,0.25,0.25,0.35,0.6,-0.25,1,2
Argentina,Croatia,168,12,0.6000000000000001,0.6000000000000001,0.4,381.80999999999995,-49.17,0,0,0.3333333333333333,332.63999999999993,-0.06354956308444637,309.58,0,0,-5.9898033754273525,59.837456704205664,-65.82726007963302,1806.4,1917.2,-110.79999999999995,51,-35,0,2.2285714285714286,1.5714285714285714,0.6571428571428573,0.5428571428571428,0.6285714285714286,-0.08571428571428574,0.7,0.45,0.24999999999999994,0.3,0.5,-0.2,3,0
France,Morocco,80,4,0.19999999999999973,1.2000000000000002,0.8,909.4499999999998,-47.2,-125.0,0,0.3333333333333333,737.2499999999999,0.09625574899613565,545.08,2,0,-33.882683456325196,29.40697072815894,-63.289654184484135,1821.6,1933.0,-111.40000000000009,20,26,0,1.9428571428571428,1.4857142857142858,0.4571428571428571,0.9428571428571428,0.42857142857142855,0.5142857142857142,0.25,0.6,-0.35,0.6,0.35,0.25,2,0
Croatia,Morocco,-91,-9,-0.8,0.19999999999999996,0.6,55.02999999999997,79.28,0,0,0.3333333333333333,134.31,0.3016779369410274,45.12000000000003,0,0,45.55958034052931,18.850967178755273,26.708613161774036,1932.6,1967.2,-34.600000000000136,23,29,0,1.5142857142857142,1.3428571428571427,0.17142857142857149,0.8857142857142857,0.5714285714285714,0.3142857142857143,0.4,0.55,-0.15000000000000002,0.5,0.35,0.15000000000000002,2,1
Argentina,France,-3,-1,0.20000000000000018,0.40000000000000013,-0.20000000000000007,-472.6099999999999,77.31,125.0,0,0.6666666666666666,-270.29999999999995,0.14187262486044538,-190.38,-2,0,2.994955525488368,-21.58598958850413,24.5809451139925,1843.8,1852.0,-8.200000000000045,54,-32,0,2.342857142857143,1.9428571428571428,0.40000000000000013,0.42857142857142855,0.8571428571428571,-0.42857142857142855,0.75,0.3,0.45,0.25,0.55,-0.30000000000000004,3,3
Suriname,Mexico,-282,-68,-0.5999999999999999,-0.5999999999999999,0.8,-167.51000000000005,36.33,-3.8,1,0.0,-134.98000000000002,0.04846159880756262,-157.26,0,0,3.5381991861838773,-23.477471033173597,27.015670219357474,1658.2,1785.6,-127.39999999999986,-94,-93,0,1.8571428571428572,1.2285714285714286,0.6285714285714286,1.4,0.8571428571428571,0.5428571428571428,0.3,0.55,-0.25000000000000006,0.45,0.3,0.15000000000000002,0,2
Barbados,Cuba,-184,-49,-2.2,-1.8,1.0,-29.339999999999996,-1.5699999999999998,0,1,0.2,-30.909999999999993,-0.13964577115744747,-34.71,0,0,-21.736176707537666,14.765225214379463,-36.50140192191713,1451.2,1331.6,119.60000000000014,0,2,0,0.8,1.6571428571428573,-0.8571428571428572,2.142857142857143,1.1714285714285715,0.9714285714285713,0.2,0.4,-0.2,0.4,0.25,0.15000000000000002,0,1
Guadeloupe,Antigua and Barbuda,360,177,0.6000000000000001,0.4,-0.6000000000000001,46.07000000000001,0.01,0.19,1,0.16666666666666666,46.27,0.15384615384615374,66.96,0,0,-15.735343778000104,48.350887076365225,-64.08623085436533,1337.4,1409.8,-72.39999999999986,-32,-34,0,2.085714285714286,1.1142857142857143,0.9714285714285715,1.1428571428571428,2.085714285714286,-0.9428571428571431,0.15,0.2,-0.05000000000000002,0.55,0.45,0.10000000000000003,0,1
French Guiana,Dominican Republic,-133,-113,2.2,0.8,-1.4000000000000001,-13.089999999999995,1.7499999999999996,1.24,1,1.0,-10.099999999999996,0.04455991135632942,-38.260000000000005,0,0,28.13915646837625,-37.720230708988844,65.8593871773651,1431.4,1489.8,-58.399999999999864,-23,-23,0,1.4857142857142858,1.2285714285714286,0.2571428571428571,1.0285714285714285,1.457142857142857,-0.4285714285714286,0.35,0.4,-0.050000000000000044,0.4,0.3,0.10000000000000003,1,1
Saint Martin,Saint Kitts and Nevis,14,8,0.8,0.3999999999999999,-0.6000000000000001,7.500000000000002,-1.69,0,1,0.16666666666666666,5.810000000000002,-0.10412815773259387,2.6100000000000003,0,0,-38.185369455693916,-6.435182698402203,-31.750186757291715,1259.6,1320.0,-60.40000000000009,-32,-31,0,1.4285714285714286,1.2857142857142858,0.1428571428571428,1.542857142857143,1.542857142857143,0.0,0.25,0.3,-0.04999999999999999,0.55,0.45,0.10000000000000003,1,3
British Virgin Islands,Puerto Rico,-402,-96,-2.2,-3.4,4.0,-91.08,18.43,0,1,0.0,-72.64999999999999,0.19496456151486308,-27.990000000000002,0,0,-19.592912879430667,12.240598171550602,-31.83351105098127,1368.8,1275.2,93.59999999999991,-3,-2,0,0.7142857142857143,2.057142857142857,-1.3428571428571425,3.4,1.2571428571428571,2.142857142857143,0.1,0.4,-0.30000000000000004,0.45,0.25,0.2,1,3
Grenada,United States,-473,-203,0.6000000000000001,1.6,0.19999999999999996,-160.71,8.5,7.77,1,0.0,-144.44,0.07817249417249428,-133.35999999999999,0,0,-32.25278189800982,-16.44171910615516,-15.811062791854663,1298.2,1903.2,-605.0,-94,-93,0,1.4,1.1142857142857143,0.2857142857142856,1.542857142857143,0.7142857142857143,0.8285714285714286,0.3,0.6,-0.3,0.5,0.3,0.2,1,7
Bahamas,Trinidad and Tobago,-432,-190,-2.0,-1.2000000000000002,1.6,-20.990000000000006,-0.08,-0.04,1,0.16666666666666666,-21.110000000000007,-0.13793103448275856,-63.58,0,0,8.264178939452526,18.313052521324476,-10.04887358187195,1423.4,1472.4,-49.0,-70,-70,0,1.1428571428571428,1.9714285714285715,-0.8285714285714287,2.2285714285714286,1.0857142857142856,1.142857142857143,0.3,0.5,-0.2,0.25,0.2,0.04999999999999999,0,3
Nicaragua,Saint Vincent and the Grenadines,102,100,-0.20000000000000007,-0.7999999999999999,-1.4,28.13000000000001,-6.96,0,1,0.2,21.17000000000001,-0.09172945759122364,-48.51,0,0,-11.962164547492922,-75.6184103058623,63.65624575836938,1624.0,1478.6,145.4000000000001,-21,-21,0,1.4857142857142858,1.0,0.48571428571428577,1.0571428571428572,2.4857142857142858,-1.4285714285714286,0.4,0.2,0.2,0.35,0.45,-0.10000000000000003,4,1
Belize,Guatemala,-293,-167,-0.6000000000000001,-1.0,-0.19999999999999996,-187.51999999999995,13.14,0,1,0.06666666666666667,-174.37999999999997,0.06855175292153581,-184.85,0,0,-24.80298087641216,-11.532414908252404,-13.270565968159756,1469.0,1707.8,-238.79999999999995,-39,-37,0,0.6857142857142857,1.5142857142857142,-0.8285714285714285,1.7142857142857142,1.1142857142857143,0.5999999999999999,0.3,0.55,-0.25000000000000006,0.25,0.35,-0.09999999999999998,1,2
Anguilla,Saint Lucia,-294,-49,-1.6,-1.0,3.0,-7.02,0.64,0,1,0.0,-6.379999999999999,0.05551163364022016,-11.67,0,0,-7.14847460769233,1.8522246904281898,-9.00069929812052,1346.8,1105.8,241.0,-6,-7,0,0.3142857142857143,0.7714285714285715,-0.4571428571428572,4.2,1.1714285714285715,3.0285714285714285,0.05,0.25,-0.2,0.25,0.25,0.0,1,2
Martinique,Costa Rica,-155,-52,-1.4,-1.2,-0.5999999999999999,-224.27999999999994,67.9,-1.98,1,0.0,-158.35999999999996,0.2013384803721331,-112.49000000000001,0,0,14.295449288060139,67.34696630895886,-53.051517020898714,1703.2,1932.0,-228.79999999999995,-119,-120,0,0.9428571428571428,1.2857142857142858,-0.34285714285714297,1.2,1.4285714285714286,-0.22857142857142865,0.45,0.5,-0.04999999999999999,0.35,0.35,0.0,1,2
Curaçao,Canada,-173,-41,-0.20000000000000007,-0.19999999999999996,0.20000000000000018,157.22000000000003,-17.44,0,1,0.0,139.78000000000003,-0.0720531360494816,162.18,0,0,-56.6588507968363,-39.38336482493885,-17.275485971897446,1644.8,1836.4,-191.60000000000014,-40,-39,0,1.1714285714285715,1.4285714285714286,-0.2571428571428571,1.5714285714285714,1.2571428571428571,0.3142857142857143,0.35,0.4,-0.050000000000000044,0.5,0.4,0.09999999999999998,0,2
Bermuda,Guyana,-122,-60,-0.9999999999999999,-0.5999999999999999,-0.6000000000000001,-65.78999999999999,-1.48,-0.08,1,0.3333333333333333,-67.35,-0.21250045059557476,-66.60999999999999,0,0,-11.040410423963023,-20.832449903296123,9.7920394793331,1433.4,1508.6,-75.19999999999982,4,1,0,1.1428571428571428,1.5714285714285714,-0.4285714285714286,2.3142857142857145,2.1714285714285713,0.14285714285714324,0.3,0.15,0.15,0.55,0.55,0.0,0,2
Montserrat,Haiti,-419,-200,-0.19999999999999996,-0.8000000000000003,0.40000000000000013,-179.2,-0.19,0,1,0.0,-179.39,-0.03901437371663252,-118.04,0,0,39.07841541284108,-19.64968320377972,58.7280986166208,1380.2,1437.2,-57.0,-26,-25,0,1.542857142857143,2.085714285714286,-0.5428571428571429,2.142857142857143,1.4,0.7428571428571429,0.15,0.3,-0.15,0.65,0.45,0.2,0,4
Sint Maarten,Bonaire,58,13,-1.2000000000000002,0.19999999999999973,1.5999999999999999,9.260000000000003,-0.99,-0.12,1,0.3333333333333333,8.150000000000002,-0.06179123190164215,-1.6899999999999995,0,0,-68.48769508814839,1.7444671214162604,-70.23216220956465,1187.0,1117.8,69.20000000000005,0,0,0,1.9,2.4285714285714284,-0.5285714285714285,2.566666666666667,1.2380952380952381,1.3285714285714287,0.13333333333333333,0.25,-0.11666666666666667,0.8,0.75,0.050000000000000044,6,1
Turks and Caicos Islands,United States Virgin Islands,64,9,0.3999999999999999,1.0,0.40000000000000036,-2.099999999999998,0.03,0.2,1,0.0,-1.869999999999998,0.06534090909090906,-0.7799999999999998,0,0,-7.811638423333493,-8.460026638441004,0.6483882151075111,1227.4,1296.4,-69.0,-6,-8,0,1.2571428571428571,0.5142857142857142,0.7428571428571429,4.6,2.7714285714285714,1.8285714285714283,0.05,0.05,0.0,0.5,0.25,0.25,1,0
Mexico,Jamaica,160,35,0.7999999999999999,0.6,-0.19999999999999996,27.670000000000044,-36.33,36.04,1,0.7333333333333333,27.380000000000024,0.0260149441227705,92.06,0,0,-23.477471033173597,-14.951963330662343,-8.525507702511254,1747.0,1745.2,1.7999999999999545,53,53,0,1.1428571428571428,0.8,0.34285714285714275,0.8285714285714286,1.3714285714285714,-0.5428571428571428,0.6,0.15,0.44999999999999996,0.25,0.55,-0.30000000000000004,2,2
Antigua and Barbuda,Barbados,-32,-4,1.4,0.0,-0.3999999999999999,-12.66,2.12,-0.19,1,0.3333333333333333,-10.730000000000002,-0.0012673572845491865,-1.31,0,0,54.911568776164835,-26.885465528676264,81.7970343048411,1426.8,1451.2,-24.40000000000009,0,0,0,1.1142857142857143,0.7142857142857143,0.4,1.9142857142857144,2.0285714285714285,-0.1142857142857141,0.25,0.2,0.04999999999999999,0.45,0.35,0.10000000000000003,1,2
Cuba,Guadeloupe,-144,-124,0.8,1.2000000000000002,0.0,-4.070000000000007,-0.56,0,1,0.0,-4.63000000000001,-0.012933025404157084,-30.939999999999998,0,0,26.566145598053605,-19.3119357704625,45.878081368516106,1331.6,1246.0,85.59999999999991,32,32,0,1.6571428571428573,2.0285714285714285,-0.3714285714285712,1.0857142857142856,1.0857142857142856,0.0,0.45,0.15,0.30000000000000004,0.25,0.5,-0.25,1,0
Puerto Rico,Cayman Islands,274,77,2.4,3.4000000000000004,-1.6,92.91,-18.419999999999998,0.23,1,1.0,74.72,-0.04681641336671494,27.57,0,0,19.412282618532508,-4.154689266375918,23.566971884908426,1172.6,1224.2,-51.600000000000136,0,-2,0,2.257142857142857,0.6857142857142857,1.5714285714285714,1.1142857142857143,2.4857142857142858,-1.3714285714285714,0.4,0.15,0.25,0.25,0.4,-0.15000000000000002,5,1
United States,El Salvador,383,163,0.9999999999999999,1.2,-0.6000000000000001,100.22000000000001,-7.78,-7.8,1,0.7333333333333333,84.64,-0.08711076183258959,103.07999999999998,0,0,-16.01306540905314,-11.11696161937086,-4.8961037896822805,1774.8,1619.2,155.5999999999999,38,38,0,1.6571428571428573,0.8,0.8571428571428572,0.8,1.7142857142857142,-0.9142857142857141,0.55,0.05,0.5,0.35,0.5,-0.15000000000000002,1,0
Saint Vincent and the Grenadines,Bahamas,299,70,0.0,1.0,1.2000000000000002,43.10999999999999,-0.46,0.04,1,0.0,42.68999999999999,0.12565272616079404,77.52,0,0,-77.87452657063383,11.008460499867372,-88.8829870705012,1478.6,1519.0,-40.40000000000009,24,26,0,1.0,1.1142857142857143,-0.11428571428571432,2.4571428571428573,2.142857142857143,0.3142857142857145,0.2,0.3,-0.09999999999999998,0.45,0.25,0.2,1,1
Trinidad and Tobago,Nicaragua,31,20,1.4000000000000001,0.8,-1.0,-50.24999999999999,7.5,0,1,0.3333333333333333,-42.74999999999999,0.10400776591318817,34.57,0,0,26.322805525411745,0.3574664787917854,25.96533904661996,1472.4,1594.8,-122.39999999999986,67,65,0,2.2,1.7428571428571429,0.4571428571428573,0.8857142857142857,1.0285714285714285,-0.1428571428571428,0.55,0.4,0.15000000000000002,0.2,0.35,-0.14999999999999997,1,1
Dominican Republic,Belize,200,136,0.39999999999999997,0.6,0.19999999999999996,18.019999999999996,-3.1399999999999997,-1.24,1,0.3333333333333333,13.639999999999997,-0.19747520288548237,36.64,0,0,-44.303745976246645,-25.6448747696433,-18.658871206603344,1489.8,1512.0,-22.200000000000045,-3,-3,0,1.2285714285714286,0.7714285714285715,0.4571428571428572,1.457142857142857,1.7428571428571429,-0.2857142857142858,0.35,0.25,0.09999999999999998,0.35,0.3,0.04999999999999999,2,0
Guatemala,French Guiana,226,144,-0.8000000000000003,-0.20000000000000018,0.5999999999999999,182.58999999999995,-11.75,0,1,0.0,170.83999999999997,0.08436353860761714,186.47,0,0,-14.243036616901943,23.695424970903126,-37.938461587805065,1585.8,1466.6,119.20000000000005,65,63,0,1.6285714285714286,1.3428571428571427,0.2857142857142858,1.0857142857142856,1.0571428571428572,0.02857142857142847,0.5,0.35,0.15000000000000002,0.4,0.4,0.0,4,0
Saint Kitts and Nevis,Aruba,120,28,0.0,-0.20000000000000018,-0.8000000000000003,-0.7100000000000026,0,0,1,1.0,-0.7100000000000026,0.0,-9.05,0,0,12.736192962841207,-7.331107255471119,20.067300218312326,1300.2,1415.0,-114.79999999999995,14,14,0,1.4857142857142858,1.2571428571428571,0.22857142857142865,1.4,2.7714285714285714,-1.3714285714285714,0.3,0.2,0.09999999999999998,0.45,0.4,0.04999999999999999,2,0
Saint Lucia,Dominica,89,21,0.3999999999999999,0.0,0.19999999999999996,3.099999999999997,-0.22000000000000008,0,1,0.6666666666666666,2.8799999999999972,-0.002801683638404162,2.83,0,0,10.798106360203477,28.571301271555964,-17.773194911352487,1105.8,1239.0,-133.20000000000005,0,0,0,0.8857142857142857,1.0571428571428572,-0.17142857142857149,1.1714285714285715,1.2571428571428571,-0.08571428571428563,0.25,0.2,0.04999999999999999,0.3,0.45,-0.15000000000000002,3,1
Costa Rica,Panama,-81,-26,1.0,0.3999999999999999,1.0,153.13,-58.27,13.59,1,0.26666666666666666,108.44999999999999,-0.04314479338175792,-0.6999999999999886,0,0,58.57767443902854,-29.82909788904319,88.40677232807172,1879.4,1749.8,129.60000000000014,30,32,0,1.3428571428571427,1.2857142857142858,0.05714285714285694,1.4857142857142858,1.4,0.08571428571428585,0.45,0.25,0.2,0.4,0.55,-0.15000000000000002,0,1
Canada,Honduras,155,38,-0.19999999999999996,0.6,0.6000000000000001,-167.64999999999998,9.61,10.42,1,0.4666666666666667,-147.62,0.07976210480277413,-48.03999999999999,0,0,-22.25037262330533,1.5068987264459448,-23.757271349751278,1862.6,1698.6,164.0,-34,-36,0,1.5142857142857142,0.6857142857142857,0.8285714285714285,1.1428571428571428,1.3428571428571427,-0.19999999999999996,0.45,0.2,0.25,0.35,0.4,-0.050000000000000044,4,1
Haiti,Bermuda,332,176,2.2,3.0,-0.8,174.63,1.99,0.08,1,0.3333333333333333,176.7,0.2192796610169493,127.12,0,0,-23.76992509291259,-16.607495261838224,-7.162429831074366,1366.0,1414.0,-48.0,13,14,0,2.3714285714285714,1.1142857142857143,1.2571428571428571,1.3142857142857143,2.142857142857143,-0.8285714285714285,0.35,0.3,0.04999999999999999,0.45,0.55,-0.10000000000000003,3,1
Guyana,Montserrat,209,84,0.6000000000000001,0.0,0.3999999999999999,70.35999999999999,-0.32,0,1,1.0,70.03999999999999,0.032235163295257996,57.529999999999994,0,0,-16.583593358368788,31.040191498935272,-47.62378485730406,1467.4,1513.8,-46.399999999999864,9,10,0,1.5714285714285714,1.4285714285714286,0.1428571428571428,2.1142857142857143,2.1142857142857143,0.0,0.2,0.15,0.05000000000000002,0.5,0.65,-0.15000000000000002,0,0
Bonaire,Turks and Caicos Islands,213,36,0.8,0.6000000000000001,-1.2,4.919999999999997,-0.06,-0.04,1,1.0,4.819999999999998,-0.01577287066246047,10.799999999999999,0,0,-6.601495179299139,1.6197974794453818,-8.22129265874452,1162.8,1205.4,-42.600000000000136,-13,-13,0,2.3043478260869565,1.2857142857142858,1.0186335403726707,1.8695652173913044,4.228571428571429,-2.359006211180124,0.2222222222222222,0.1,0.1222222222222222,0.7777777777777778,0.5,0.2777777777777778,1,2
United States Virgin Islands,Sint Maarten,-335,-58,-0.5999999999999999,-2.5999999999999996,-0.7999999999999998,-12.080000000000002,1.02,-0.04000000000000001,1,0.3333333333333333,-11.100000000000001,0.012223193473193561,-8.33,0,0,-10.872965198997242,-63.33589267032795,52.46292747133071,1219.4,1242.4,-23.0,19,21,0,0.5142857142857142,2.3548387096774195,-1.8405529953917052,2.342857142857143,2.5161290322580645,-0.17327188940092153,0.05,0.125,-0.075,0.25,0.8125,-0.5625,1,2
Netherlands,Croatia,59,6,0.3999999999999999,0.8,0.19999999999999996,320.0000000000002,0.1200000000000001,0,1,1.0,320.1200000000002,0.00617159156300684,278.63999999999993,0,0,30.17989362062162,31.680449590314996,-1.5005559696933766,1735.2,1921.2,-186.0,-2,1,0,2.2285714285714286,1.4,0.8285714285714287,1.0571428571428572,0.8857142857142857,0.17142857142857149,0.4,0.35,0.050000000000000044,0.55,0.55,0.0,2,4
Panama,Canada,-61,-6,0.40000000000000013,-0.40000000000000013,-0.40000000000000013,59.15999999999997,-9.01,-13.59,1,0.4666666666666667,36.55999999999996,-0.20156651060048492,103.63,0,0,-15.302770269217413,-21.832556969332114,6.5297867001147,1716.2,1807.0,-90.79999999999995,21,21,0,1.2571428571428571,1.6857142857142857,-0.4285714285714286,1.2571428571428571,1.2,0.05714285714285716,0.3,0.4,-0.10000000000000003,0.5,0.4,0.09999999999999998,0,2
United States,Mexico,-5,-2,-0.19999999999999996,0.19999999999999996,-0.19999999999999996,-45.00000000000003,27.769999999999996,-5.93,1,0.5333333333333333,-23.160000000000025,0.0827532467532468,-36.24000000000001,0,0,-7.101982038449049,-10.524945381866495,3.422963343417446,1675.2,1687.2,-12.0,-6,-6,0,1.542857142857143,1.4857142857142858,0.05714285714285716,0.7428571428571429,0.9714285714285714,-0.22857142857142854,0.55,0.45,0.10000000000000003,0.35,0.4,-0.050000000000000044,3,0
Spain,Italy,291,22,-0.8,-0.6000000000000001,0.0,320.03,117.38000000000001,0,1,0.5333333333333333,437.40999999999997,0.24187720325115236,255.03000000000003,0,0,-45.1747219978818,15.249252255142366,-60.42397425302416,1911.0,1690.8,220.20000000000005,7,5,0,1.7428571428571429,1.4285714285714286,0.3142857142857143,0.8,1.0857142857142856,-0.2857142857142856,0.5,0.35,0.15000000000000002,0.45,0.55,-0.10000000000000003,2,1
Panama,Mexico,-96,-16,0.19999999999999996,-0.3999999999999999,-0.20000000000000018,-102.83000000000006,26.509999999999998,-11.719999999999999,1,0.06666666666666667,-88.04000000000005,-0.03653323380299223,-33.900000000000006,0,0,-17.65447179538057,-28.16181914989679,10.50734735451622,1739.2,1742.6,-3.3999999999998636,-34,-36,0,1.2,1.2571428571428571,-0.05714285714285716,1.3714285714285714,1.2285714285714286,0.1428571428571428,0.3,0.4,-0.10000000000000003,0.45,0.4,0.04999999999999999,0,1
United States,Canada,30,8,0.40000000000000013,0.3999999999999999,-0.9999999999999999,116.99,-7.75,-7.8,1,0.3333333333333333,101.43999999999998,-0.08228003004424589,101.28999999999999,0,0,7.085571637542396,0.6166351750611492,6.468936462481246,1696.8,1785.6,-88.79999999999995,49,51,0,1.7428571428571429,1.7142857142857142,0.028571428571428692,0.6857142857142857,1.0857142857142856,-0.3999999999999999,0.55,0.45,0.10000000000000003,0.35,0.35,0.0,2,0
Netherlands,Italy,94,14,0.19999999999999996,0.6000000000000001,0.8000000000000003,130.0300000000002,129.16,0,1,0.13333333333333333,259.19000000000017,0.25474284457981555,106.11999999999995,0,0,14.537807326636724,9.213748628105025,5.324058698531699,1781.6,1779.2,2.3999999999998636,7,-3,0,2.085714285714286,1.4,0.6857142857142859,1.3142857142857143,1.2,0.11428571428571432,0.4,0.35,0.050000000000000044,0.55,0.55,0.0,2,3
Croatia,Spain,-256,-14,0.6000000000000001,0.6000000000000001,0.3999999999999999,-510.0,11.66,0,1,0.4,-498.34,0.006694049765656351,-427.55,0,0,38.27893293359854,-43.70918891322479,81.98812184682333,1913.0,1890.4,22.59999999999991,2,-9,0,1.4857142857142858,1.7714285714285714,-0.2857142857142856,1.0,0.8571428571428571,0.1428571428571429,0.35,0.45,-0.10000000000000003,0.55,0.5,0.050000000000000044,0,0
Trinidad and Tobago,Curaçao,-87,-19,1.6,0.4,-2.5999999999999996,-183.37000000000003,18.25,0,1,0.5833333333333334,-165.12000000000003,0.08892462115675093,-138.32,0,0,36.66055262587227,-58.441536528054485,95.10208915392676,1530.2,1725.6,-195.39999999999986,60,62,0,1.4285714285714286,0.9714285714285714,0.4571428571428572,0.7714285714285715,2.057142857142857,-1.2857142857142856,0.6,0.35,0.25,0.25,0.4,-0.15000000000000002,1,0
Panama,Martinique,236,78,1.4,0.7999999999999999,-0.8,71.14999999999998,-9.63,-11.61,1,0.7777777777777778,49.909999999999954,-0.15819368699037517,113.19,0,0,-8.054560053399934,-2.3502121542598644,-5.704347899140069,1712.0,1705.8,6.2000000000000455,89,91,0,1.1714285714285715,0.8857142857142857,0.2857142857142858,1.3142857142857143,1.3142857142857143,0.0,0.3,0.4,-0.10000000000000003,0.45,0.4,0.04999999999999999,3,0
Guatemala,El Salvador,156,108,0.6000000000000001,0.0,-1.2,126.89999999999996,-12.360000000000001,0,1,0.5333333333333333,114.53999999999998,-0.05651099960261019,155.70999999999998,0,0,-2.2923120647592423,-5.477277843563018,3.1849657788037753,1684.4,1766.8,-82.39999999999986,-14,-14,0,1.0571428571428572,0.6857142857142857,0.37142857142857144,0.9142857142857143,1.9142857142857144,-1.0,0.4,0.05,0.35000000000000003,0.35,0.5,-0.15000000000000002,2,0
Sint Maarten,Saint Lucia,40,8,-0.5999999999999999,1.7999999999999998,1.2000000000000002,5.190000000000003,-0.38,-0.16,1,0.5,4.650000000000002,-0.013202911401758666,-3.8000000000000007,0,0,-55.97126271827045,2.7480163877582218,-58.71927910602867,1187.0,1174.0,13.0,-20,-20,0,2.375,1.0857142857142856,1.2892857142857144,2.3125,1.0857142857142856,1.2267857142857144,0.11764705882352941,0.25,-0.1323529411764706,0.8235294117647058,0.35,0.47352941176470587,1,5
Saint Kitts and Nevis,Guadeloupe,-198,-140,0.8,1.2000000000000002,0.19999999999999996,-38.64000000000001,0,0,1,0.5,-38.64000000000001,0.0,-65.84,0,0,6.745250469755414,-38.06061877611738,44.80586924587279,1253.6,1246.0,7.599999999999909,32,32,0,1.6,1.8285714285714285,-0.22857142857142843,1.3428571428571427,1.0857142857142856,0.2571428571428571,0.3,0.15,0.15,0.45,0.5,-0.04999999999999999,1,2
Anguilla,Saint Martin,-349,-68,-0.6,-0.6,1.8,-12.840000000000002,1.66,0,1,0.0,-11.180000000000001,0.09527860021047008,-3.5900000000000003,0,0,-8.705494254504119,-34.66552848781825,25.960034233314133,1364.6,1326.8,37.799999999999955,14,12,0,0.34285714285714286,1.4285714285714286,-1.0857142857142859,4.085714285714285,1.6571428571428573,2.428571428571428,0.05,0.2,-0.15000000000000002,0.3,0.6,-0.3,0,6
United States Virgin Islands,Cayman Islands,-157,-23,0.0,0.0,-0.40000000000000013,1.8999999999999984,-0.019999999999999997,0.03,1,0.0,1.9099999999999984,0.08280723905723908,0.1599999999999997,0,0,-11.05825349493068,-22.624636183404046,11.566382688473366,1219.4,1267.2,-47.799999999999955,2,4,0,0.5428571428571428,0.6857142857142857,-0.1428571428571429,2.342857142857143,2.7142857142857144,-0.37142857142857144,0.05,0.15,-0.09999999999999999,0.3,0.4,-0.10000000000000003,2,2
Haiti,Cuba,278,159,1.2000000000000002,3.1999999999999997,-0.6,140.76999999999998,0.56,0,1,0.4166666666666667,141.32999999999998,0.012933025404157084,94.27000000000001,0,0,-12.021057386516489,39.773655916536974,-51.79471330305346,1424.6,1579.2,-154.60000000000014,7,7,0,2.5142857142857142,1.3714285714285714,1.1428571428571428,1.1428571428571428,1.1428571428571428,0.0,0.4,0.4,0.0,0.45,0.25,0.2,0,0
Grenada,Suriname,-196,-137,0.19999999999999996,0.5999999999999999,0.3999999999999999,-38.19999999999999,-0.06,5.64,1,0.5,-32.61999999999998,0.11246414211817846,-12.34,0,0,-16.461184209088696,-2.2446707947170275,-14.216513414371668,1382.8,1723.8,-341.0,-6,-6,0,1.2857142857142858,1.6571428571428573,-0.37142857142857144,2.057142857142857,1.457142857142857,0.5999999999999999,0.3,0.3,0.0,0.5,0.4,0.09999999999999998,1,1
Jamaica,Honduras,30,13,-0.6,0.4,0.3999999999999999,-33.33000000000001,10.42,-27.489999999999995,1,0.4666666666666667,-50.400000000000034,-0.11128611611748906,-2.569999999999993,0,0,-28.71017936494576,-10.575401148531139,-18.13477821641462,1662.4,1655.0,7.400000000000091,-32,-32,0,0.9714285714285714,0.6571428571428571,0.3142857142857143,1.4857142857142858,1.4,0.08571428571428585,0.1,0.2,-0.1,0.65,0.45,0.2,1,0
Barbados,Montserrat,-43,-8,0.19999999999999996,0.0,-0.8000000000000003,9.09,-1.94,0,1,0.5,7.150000000000002,-0.11356442284497203,-10.94,0,0,-15.438691171124084,41.22677143464397,-56.665462605768056,1379.2,1533.6,-154.39999999999986,19,20,0,0.8571428571428571,1.3714285714285714,-0.5142857142857143,2.057142857142857,1.8571428571428572,0.19999999999999973,0.15,0.2,-0.05000000000000002,0.4,0.65,-0.25,2,3
Dominican Republic,Nicaragua,1,2,0.19999999999999996,-0.40000000000000013,0.0,-49.93000000000001,4.36,-1.24,1,1.0,-46.81,-0.0934674369722942,16.42,0,0,-38.40872195767705,-20.053078121615798,-18.355643836061255,1451.0,1687.8,-236.79999999999995,2,2,0,1.1428571428571428,1.457142857142857,-0.3142857142857143,1.6,1.6,0.0,0.4,0.3,0.10000000000000003,0.3,0.5,-0.2,0,2
Bermuda,French Guiana,-43,-15,-1.4000000000000001,-0.3999999999999999,0.3999999999999999,0.3499999999999961,-0.5999999999999999,-0.08,1,0.5,-0.3300000000000036,-0.06636436948779634,-3.0500000000000007,0,0,-25.678445562670483,20.646715796019198,-46.325161358689684,1516.2,1466.6,49.600000000000136,26,23,0,1.1142857142857143,1.2,-0.08571428571428563,2.257142857142857,1.2857142857142858,0.9714285714285713,0.3,0.35,-0.04999999999999999,0.55,0.35,0.20000000000000007,0,0
Belize,Saint Vincent and the Grenadines,-97,-34,-0.6000000000000001,-0.9999999999999999,-1.4,-39.81999999999999,0.54,0,1,0.6666666666666666,-39.279999999999994,0.012278308321964526,-68.73,0,0,-34.31938578034199,-74.29382848475821,39.97444270441622,1512.0,1392.2,119.79999999999995,-16,-16,0,0.6,1.0857142857142856,-0.48571428571428565,1.8571428571428572,2.4285714285714284,-0.5714285714285712,0.2,0.2,0.0,0.3,0.5,-0.2,1,2
Antigua and Barbuda,Guyana,-284,-96,0.3999999999999999,0.0,-1.4,-73.92999999999999,0.5,-0.19,1,0.6,-73.61999999999999,-0.14706694342477922,-69.77999999999999,0,0,47.373975361462115,-11.16401929721104,58.537994658673156,1426.8,1467.6,-40.799999999999955,10,10,0,1.0857142857142856,1.4285714285714286,-0.34285714285714297,1.8,2.0,-0.19999999999999996,0.25,0.25,0.0,0.45,0.45,0.0,1,5
Bahamas,Puerto Rico,-321,-84,-2.8,-3.5999999999999996,1.8000000000000003,-93.66,18.35,-0.04,1,0.0,-75.35,0.057033527032104514,-28.040000000000003,0,0,20.35132620304764,21.283739874859485,-0.9324136718118439,1519.0,1182.0,337.0,1,3,0,1.0571428571428572,2.3714285714285714,-1.3142857142857143,2.1142857142857143,1.2,0.9142857142857144,0.25,0.35,-0.09999999999999998,0.3,0.3,0.0,1,6
British Virgin Islands,Turks and Caicos Islands,-35,-5,-1.4,-1.2000000000000002,1.4,2.0299999999999985,0,0,1,0.5,2.0299999999999985,0.0,0.19999999999999973,0,0,-13.682181703371498,18.50034162415539,-32.18252332752689,1377.0,1205.4,171.5999999999999,1,-1,0,0.7714285714285715,1.4285714285714286,-0.6571428571428571,3.3142857142857145,3.8857142857142857,-0.5714285714285712,0.1,0.1,0.0,0.45,0.55,-0.10000000000000003,3,1
Guatemala,Panama,-136,-41,-0.40000000000000013,-1.0,-0.7999999999999999,84.50999999999998,-3.3200000000000003,13.59,1,0.06666666666666667,94.78,0.14988624278621843,50.28999999999999,0,0,12.54991732692671,-2.310920360370174,14.860837687296884,1606.8,1681.0,-74.20000000000005,-24,-24,0,1.2,1.3714285714285714,-0.17142857142857149,0.8,1.2571428571428571,-0.4571428571428571,0.4,0.35,0.050000000000000044,0.35,0.45,-0.10000000000000003,1,1
El Salvador,Trinidad and Tobago,-93,-95,-2.0,-1.0,2.0,42.91999999999998,-0.78,0,1,0.13333333333333333,42.13999999999998,-0.012040753318925623,-25.65,0,0,-5.477277843563014,60.003448003277676,-65.48072584684068,1785.6,1520.6,265.0,-9,-9,0,0.6571428571428571,1.4857142857142858,-0.8285714285714286,1.9142857142857144,0.6,1.3142857142857145,0.05,0.65,-0.6,0.45,0.25,0.2,2,3
Martinique,Curaçao,-124,-43,0.0,0.0,0.0,-169.21000000000004,18.06,-1.98,1,0.5,-153.13000000000005,0.028680312439371858,-171.74,0,0,-7.500752051394273,-57.2931269290553,49.792374877661025,1724.6,1729.2,-4.600000000000136,-28,-28,0,0.8,0.8857142857142857,-0.08571428571428563,1.4857142857142858,1.9428571428571428,-0.4571428571428571,0.4,0.3,0.10000000000000003,0.35,0.4,-0.050000000000000044,1,0
Guadeloupe,Sint Maarten,199,143,0.6000000000000001,-1.0,-1.9999999999999998,31.770000000000003,1.05,0.16,1,1.0,32.980000000000004,0.07756410256410262,58.95,0,0,-34.46635010244016,-50.590424314635676,16.124074212195517,1278.4,1233.2,45.200000000000045,0,0,0,1.8857142857142857,2.090909090909091,-0.20519480519480515,1.0857142857142856,2.484848484848485,-1.3991341991341992,0.15,0.1111111111111111,0.03888888888888889,0.5,0.8333333333333334,-0.33333333333333337,4,0
Saint Lucia,Saint Kitts and Nevis,-41,-11,0.3999999999999999,0.3999999999999999,0.0,1.6799999999999997,-0.67,0,1,0.3333333333333333,1.0099999999999998,-0.06436119116234396,10.690000000000001,0,0,25.21055312438874,-2.3820339873564045,27.592587111745143,1268.0,1349.2,-81.20000000000005,-12,-12,0,1.4857142857142858,1.542857142857143,-0.05714285714285716,1.1428571428571428,1.4285714285714286,-0.2857142857142858,0.2,0.3,-0.09999999999999998,0.4,0.45,-0.04999999999999999,2,0
Dominican Republic,Montserrat,263,152,-0.3999999999999999,-0.8,-0.40000000000000013,17.309999999999995,-2.9499999999999997,-1.24,1,0.5833333333333334,13.119999999999997,-0.15846082916884985,32.230000000000004,0,0,-44.2152455560632,38.67910859378639,-82.89435414984959,1475.2,1483.2,-8.0,10,11,0,1.0571428571428572,1.542857142857143,-0.48571428571428577,1.5714285714285714,1.7714285714285714,-0.19999999999999996,0.35,0.2,0.14999999999999997,0.3,0.65,-0.35000000000000003,3,0
Nicaragua,Barbados,305,158,-0.19999999999999996,-0.19999999999999996,0.3999999999999999,58.15,-5.37,0,1,0.5,52.78,0.04857103064841639,26.75,0,0,-1.2839904495046568,-21.681540810552793,20.397550361048136,1708.4,1322.2,386.20000000000005,-11,-11,0,1.4285714285714286,0.8857142857142857,0.5428571428571429,1.457142857142857,2.0,-0.5428571428571429,0.35,0.1,0.24999999999999997,0.45,0.45,0.0,5,1
Saint Martin,Bonaire,73,24,0.0,0.6000000000000001,-0.19999999999999996,9.890000000000002,-1.63,0.04,1,0.5,8.300000000000002,-0.0883552870701334,-5.969999999999999,0,0,-14.653549733717568,-22.064293440834486,7.410743707116918,1283.8,1162.8,121.0,0,1,0,1.8857142857142857,2.08,-0.1942857142857144,1.4285714285714286,1.92,-0.4914285714285713,0.25,0.2,0.04999999999999999,0.55,0.8,-0.25,2,1
Cayman Islands,Aruba,-59,-10,-0.20000000000000007,0.0,0.0,-7.820000000000001,-0.01,-0.23,1,0.0,-8.06,-0.14814814814814814,-10.649999999999999,0,0,-32.62463618340405,-12.693128232097912,-19.931507951306138,1200.0,1450.8,-250.79999999999995,-1,0,0,0.8,1.1142857142857143,-0.3142857142857143,2.8285714285714287,2.6285714285714286,0.20000000000000018,0.15,0.2,-0.05000000000000002,0.45,0.35,0.10000000000000003,1,2
Cuba,Suriname,-165,-131,0.5999999999999999,-0.4,-1.0,0.8100000000000094,-0.56,5.67,1,0.6666666666666666,5.920000000000009,0.12051013769304231,16.98,0,0,52.492277318551636,-11.772236019751572,64.2645133383032,1610.4,1660.2,-49.799999999999955,3,3,0,1.3142857142857143,1.542857142857143,-0.22857142857142865,0.9428571428571428,1.457142857142857,-0.5142857142857142,0.45,0.3,0.15000000000000002,0.25,0.45,-0.2,1,0
Jamaica,Haiti,9,5,-1.2000000000000002,-1.6,1.0,-1.740000000000009,0,-37.91,1,0.5333333333333333,-39.650000000000006,-0.2079197060275325,-46.05000000000001,0,0,-16.197610079243358,-4.125652751588532,-12.071957327654825,1683.4,1411.0,272.4000000000001,31,31,0,0.9714285714285714,2.3142857142857145,-1.342857142857143,1.4285714285714286,0.8857142857142857,0.5428571428571429,0.1,0.45,-0.35,0.65,0.45,0.2,2,2
Honduras,Grenada,288,157,-0.19999999999999996,-0.9999999999999999,-1.2,211.37,-10.36,-10.39,1,0.5,190.62000000000003,-0.07565456893102251,80.10999999999999,0,0,-9.196452690263524,-3.8847882009993997,-5.311664489264124,1653.8,1452.6,201.20000000000005,79,79,0,0.5714285714285714,1.3142857142857143,-0.7428571428571429,1.3428571428571427,2.0285714285714285,-0.6857142857142857,0.2,0.25,-0.04999999999999999,0.4,0.55,-0.15000000000000002,4,0
Saint Vincent and the Grenadines,Bermuda,73,26,1.2,0.8,0.3999999999999999,34.53999999999999,1.45,0.08,1,0.5,36.06999999999999,0.20700135269498476,73.4,0,0,-51.75766687241076,-23.388070747219395,-28.369596125191364,1346.2,1458.4,-112.20000000000005,16,19,0,1.1714285714285715,1.0285714285714285,0.14285714285714302,2.3142857142857145,2.1714285714285713,0.14285714285714324,0.2,0.35,-0.14999999999999997,0.5,0.5,0.0,4,3
French Guiana,Belize,67,23,1.0,0.0,-0.40000000000000013,4.930000000000002,-1.3900000000000001,0,1,0.5833333333333334,3.540000000000002,-0.15291529152915295,-1.6199999999999992,0,0,19.99036829439165,-36.77174018952146,56.76210848391311,1431.4,1472.8,-41.399999999999864,-26,-26,0,1.0571428571428572,0.6571428571428571,0.4,1.1428571428571428,1.8571428571428572,-0.7142857142857144,0.4,0.2,0.2,0.3,0.3,0.0,0,2
Guyana,Bahamas,348,104,1.2,0.9999999999999999,-1.4000000000000001,74.35999999999999,-0.43,0.04,1,1.0,73.96999999999998,0.13115182406138404,70.72999999999999,0,0,-0.622176611026573,20.35132620304764,-20.973502814074216,1368.8,1496.8,-128.0,4,6,0,1.7428571428571429,0.9714285714285714,0.7714285714285715,1.8571428571428572,2.4,-0.5428571428571427,0.2,0.2,0.0,0.5,0.35,0.15000000000000002,3,2
Puerto Rico,Antigua and Barbuda,257,76,2.4,3.8,-1.7999999999999998,93.23,-18.419999999999998,0.19,1,0.5,75.0,-0.041118407668709334,27.09,0,0,11.716283127851174,41.98483820581145,-30.268555077960276,1112.4,1411.6,-299.1999999999998,-15,-19,0,2.8,1.0571428571428572,1.7428571428571427,1.2285714285714286,2.142857142857143,-0.9142857142857141,0.35,0.25,0.09999999999999998,0.35,0.45,-0.10000000000000003,5,0
Turks and Caicos Islands,Dominica,-142,-20,0.8,0.6000000000000001,1.2,-5.890000000000001,0.44999999999999996,0,1,0.5,-5.44,0.061559507523939794,-10.08,0,0,11.3658041027425,5.820629531601615,5.545174571140885,1211.2,1216.2,-5.0,-7,-6,0,1.457142857142857,0.9714285714285714,0.48571428571428565,3.742857142857143,1.4285714285714286,2.314285714285714,0.1,0.2,-0.1,0.6,0.45,0.14999999999999997,0,3
Suriname,Haiti,-113,-28,-1.0,-1.2000000000000002,1.0,-141.58,0,-5.67,1,0.3333333333333333,-147.25,-0.1334431630971994,-111.25000000000001,0,0,-22.30635476457578,-14.010571487912284,-8.295783276663496,1602.8,1454.8,148.0,-10,-10,0,1.4285714285714286,2.2285714285714286,-0.8,1.2857142857142858,1.0285714285714285,0.25714285714285734,0.3,0.45,-0.15000000000000002,0.4,0.45,-0.04999999999999999,1,1
Grenada,Jamaica,-318,-170,-0.19999999999999996,-0.3999999999999999,1.1999999999999997,-178.04,-0.06,37.879999999999995,1,0.5,-140.22,0.18694068504851158,-77.53999999999999,0,0,-9.619755941638969,-23.082693850953998,13.462937909315029,1540.8,1708.6,-167.79999999999995,-47,-47,0,1.1714285714285715,1.0285714285714285,0.14285714285714302,2.257142857142857,1.542857142857143,0.7142857142857142,0.2,0.1,0.1,0.55,0.65,-0.09999999999999998,1,4
Cuba,Honduras,-257,-151,0.5999999999999999,-0.6,-0.19999999999999996,-172.36,9.86,10.42,1,0.0,-152.08000000000004,0.08370056450588637,-50.78999999999999,0,0,61.764553361364236,-20.182559194933862,81.9471125562981,1680.2,1635.8,44.40000000000009,-70,-70,0,1.2857142857142858,0.8,0.48571428571428577,0.9142857142857143,1.2571428571428571,-0.34285714285714286,0.5,0.25,0.25,0.25,0.35,-0.09999999999999998,0,0
Sint Maarten,Saint Kitts and Nevis,-1,-3,-0.19999999999999996,0.6000000000000001,2.0,6.870000000000003,-1.05,-0.16,1,0.5,5.660000000000002,-0.07756410256410262,6.89,0,0,-50.59042431463568,-26.930560499998254,-23.65986381463743,1327.2,1365.0,-37.799999999999955,-32,-32,0,2.0,1.3428571428571427,0.6571428571428573,2.6470588235294117,1.457142857142857,1.1899159663865546,0.10526315789473684,0.3,-0.19473684210526315,0.7894736842105263,0.4,0.3894736842105263,2,3
Saint Lucia,Guadeloupe,-239,-151,0.5999999999999999,0.7999999999999998,0.19999999999999996,-36.96000000000001,-0.67,0,1,0.0,-37.63000000000001,-0.06436119116234396,-55.15,0,0,40.27262663001096,-34.46635010244016,74.73897673245112,1263.4,1304.2,-40.799999999999955,20,20,0,1.6,1.9142857142857144,-0.3142857142857143,1.0285714285714285,1.0285714285714285,0.0,0.25,0.2,0.04999999999999999,0.4,0.45,-0.04999999999999999,2,1
Bonaire,Anguilla,276,44,0.7999999999999999,0.9999999999999999,-0.20000000000000018,2.949999999999999,-0.03,-0.04,1,0.5,2.879999999999999,-0.006923313140336673,9.559999999999999,0,0,-33.86301661396877,-10.220238716544992,-23.642777897423777,1165.8,1286.4,-120.60000000000014,-14,-12,0,1.8846153846153846,0.34285714285714286,1.5417582417582416,1.9230769230769231,3.7714285714285714,-1.8483516483516482,0.18181818181818182,0.05,0.13181818181818183,0.8181818181818182,0.3,0.5181818181818183,2,0
Dominica,British Virgin Islands,177,25,0.0,-0.19999999999999996,-1.4,3.860000000000002,-0.44999999999999996,0,1,0.8666666666666667,3.410000000000002,-0.061559507523939794,9.88,0,0,14.87897876092467,1.1912549053570842,13.687723855567587,1147.2,1264.0,-116.79999999999995,6,8,0,1.1428571428571428,0.9428571428571428,0.19999999999999996,1.3714285714285714,3.0,-1.6285714285714286,0.2,0.1,0.1,0.45,0.5,-0.04999999999999999,1,1
Curaçao,Panama,-112,-35,-1.2,-1.2,1.2000000000000002,98.06000000000007,-8.43,13.59,1,0.16666666666666666,103.22000000000008,0.1295133745510033,58.55000000000001,0,0,-62.343968112750225,-3.6380983331459587,-58.705869779604264,1725.4,1699.8,25.600000000000136,-61,-63,0,0.8,1.2857142857142858,-0.48571428571428577,1.8857142857142857,1.2,0.6857142857142857,0.3,0.35,-0.04999999999999999,0.35,0.45,-0.10000000000000003,1,2
Martinique,El Salvador,56,71,0.6000000000000001,-0.19999999999999996,-0.6000000000000001,-28.759999999999984,0.5900000000000001,-1.98,1,0.5,-30.149999999999977,-0.048203555398453446,-7.770000000000003,0,0,-0.600416677311193,-20.328690437904335,19.72827376059314,1718.4,1764.6,-46.19999999999982,-79,-81,0,0.8,0.7142857142857143,0.08571428571428574,1.4285714285714286,2.057142857142857,-0.6285714285714283,0.4,0.05,0.35000000000000003,0.35,0.45,-0.10000000000000003,1,0
Trinidad and Tobago,Guatemala,-63,-13,0.6000000000000001,0.3999999999999999,0.19999999999999996,-169.81999999999994,13.14,0,1,0.6,-156.67999999999995,0.06855175292153581,-130.06,0,0,65.85305583701162,8.91732272259443,56.9357331144172,1588.4,1646.6,-58.19999999999982,23,23,0,1.6285714285714286,1.1428571428571428,0.48571428571428577,0.5714285714285714,0.8,-0.22857142857142865,0.65,0.4,0.25,0.3,0.35,-0.04999999999999999,3,2
Montserrat,Nicaragua,-262,-150,0.19999999999999996,-0.8,0.20000000000000018,-67.24,7.31,0,1,0.5,-59.93,0.06499339219655564,-15.81,0,0,37.197781359388735,9.813225897686483,27.384555461702252,1452.0,1641.2,-189.20000000000005,-8,-9,0,1.3714285714285714,1.8285714285714285,-0.4571428571428571,1.7428571428571429,1.4,0.34285714285714297,0.2,0.35,-0.14999999999999997,0.6,0.5,0.09999999999999998,0,3
Barbados,Dominican Republic,-306,-160,-0.5999999999999999,0.19999999999999996,0.7999999999999998,-8.219999999999995,1.0099999999999998,1.24,1,0.3333333333333333,-5.969999999999995,0.04489640632387781,-43.17,0,0,-20.829984941525698,-45.41322331299783,24.58323837147213,1352.6,1447.0,-94.40000000000009,9,9,0,0.9428571428571428,1.1428571428571428,-0.19999999999999996,2.2285714285714286,1.542857142857143,0.6857142857142857,0.1,0.35,-0.24999999999999997,0.5,0.3,0.2,0,5
Saint Vincent and the Grenadines,French Guiana,30,11,0.3999999999999999,1.4,1.4,34.889999999999986,0.8500000000000001,0,1,0.5,35.73999999999999,0.14063698320718843,70.35,0,0,-28.570693636829237,18.66051877920558,-47.23121241603482,1341.6,1431.4,-89.80000000000018,42,42,0,1.3714285714285714,1.0285714285714285,0.34285714285714297,2.4571428571428573,1.2571428571428571,1.2000000000000002,0.15,0.35,-0.19999999999999998,0.55,0.3,0.25000000000000006,1,4
Belize,Bermuda,-24,-8,0.39999999999999997,-0.3999999999999999,-1.0,-5.2799999999999985,1.99,0.08,1,0.5,-3.209999999999998,0.2192796610169493,4.67,0,0,-20.040771799427134,-30.037079863360113,9.996308063932979,1472.8,1448.6,24.200000000000045,0,3,0,0.7714285714285715,1.1714285714285715,-0.4,1.7142857142857142,2.2285714285714286,-0.5142857142857145,0.2,0.35,-0.14999999999999997,0.3,0.5,-0.2,0,1
Puerto Rico,Guyana,-27,-20,1.0,3.0,-0.4,19.30000000000001,-17.919999999999998,0,1,1.0,1.3800000000000097,-0.18818535109348855,-42.68999999999999,0,0,20.79905422096916,-2.0430291100054037,22.842083330974564,1115.8,1257.2,-141.4000000000001,-5,-9,0,3.1142857142857143,1.8571428571428572,1.2571428571428571,1.1142857142857143,1.7428571428571429,-0.6285714285714286,0.4,0.2,0.2,0.3,0.55,-0.25000000000000006,1,3
Bahamas,Antigua and Barbuda,-64,-8,-0.39999999999999997,0.0,0.3999999999999999,-0.42999999999999994,-0.07,0.15,1,0.5,-0.35,0.01591511936339518,-0.9500000000000002,0,0,9.509868268063611,32.90206711269346,-23.392198844629846,1486.2,1419.8,66.40000000000009,-14,-16,0,1.1428571428571428,0.9714285714285714,0.17142857142857137,2.4571428571428573,2.4571428571428573,0.0,0.2,0.25,-0.04999999999999999,0.4,0.45,-0.04999999999999999,1,4
Aruba,United States Virgin Islands,216,33,1.2,0.7999999999999999,-0.6000000000000001,5.920000000000003,0.03,0.2,1,0.5,6.150000000000002,0.06534090909090906,10.49,0,0,-0.39676620495038506,-1.45136016486334,1.054593959912955,1321.8,1238.0,83.79999999999995,-1,-3,0,1.1714285714285715,0.6,0.5714285714285715,2.342857142857143,2.2,0.1428571428571428,0.2,0.05,0.15000000000000002,0.35,0.3,0.04999999999999999,3,1
Honduras,Cuba,257,151,0.0,0.6000000000000001,-0.6,172.36,-9.86,-10.42,1,0.8333333333333334,152.08000000000004,-0.08370056450588637,50.78999999999999,0,0,-24.566581550671753,63.5773166182951,-88.14389816896686,1553.4,1702.8,-149.39999999999986,70,70,0,0.7428571428571429,1.1714285714285715,-0.4285714285714286,1.0,0.8571428571428571,0.1428571428571429,0.3,0.55,-0.25000000000000006,0.3,0.2,0.09999999999999998,4,0
Haiti,Jamaica,-9,-5,0.0,-0.6000000000000001,-0.5999999999999999,1.740000000000009,0,37.91,1,0.3333333333333333,39.650000000000006,0.2079197060275325,46.05000000000001,0,0,-5.359275154854853,-24.62430582353632,19.26503066868147,1516.0,1613.0,-97.0,-31,-31,0,2.142857142857143,1.2571428571428571,0.8857142857142857,1.0285714285714285,1.5142857142857142,-0.48571428571428577,0.45,0.1,0.35,0.45,0.65,-0.2,2,3
Suriname,Grenada,196,137,0.19999999999999996,-0.19999999999999996,-2.0,38.19999999999999,0.06,-5.64,1,0.3333333333333333,32.61999999999998,-0.11246414211817846,12.34,0,0,-21.529193847996062,-11.150380726463684,-10.378813121532378,1569.0,1617.2,-48.200000000000045,6,6,0,1.4285714285714286,1.2285714285714286,0.19999999999999996,1.2571428571428571,2.4,-1.1428571428571428,0.3,0.15,0.15,0.4,0.6,-0.19999999999999996,4,0
Guadeloupe,Saint Lucia,239,151,-1.8,-1.4,0.19999999999999996,36.96000000000001,0.67,0,1,0.6666666666666666,37.63000000000001,0.06436119116234396,55.15,0,0,-51.68559281461745,48.745949379261255,-100.4315421938787,1322.0,1298.4,23.59999999999991,-20,-20,0,1.5714285714285714,1.7428571428571429,-0.17142857142857149,1.1142857142857143,1.0285714285714285,0.08571428571428585,0.2,0.25,-0.04999999999999999,0.45,0.45,0.0,2,0
Saint Kitts and Nevis,Sint Maarten,1,3,0.6000000000000001,-0.40000000000000013,-1.4,-6.870000000000003,1.05,0.16,1,1.0,-5.660000000000002,0.07756410256410262,-6.89,0,0,-12.279236149511085,-44.034571001571976,31.75533485206089,1362.0,1304.4,57.59999999999991,32,32,0,1.457142857142857,2.0285714285714285,-0.5714285714285714,1.457142857142857,2.6,-1.142857142857143,0.3,0.1,0.19999999999999998,0.4,0.8,-0.4,0,1
Dominican Republic,Barbados,306,160,1.2000000000000002,1.0,-1.6,8.219999999999995,-1.0099999999999998,-1.24,1,0.6666666666666666,5.969999999999995,-0.04489640632387781,43.17,0,0,-28.829708045740027,-12.843654043678388,-15.986054002061639,1412.4,1383.2,29.200000000000045,-9,-9,0,1.4857142857142858,0.8,0.6857142857142857,1.4285714285714286,2.5714285714285716,-1.142857142857143,0.35,0.05,0.3,0.3,0.5,-0.2,5,2
Nicaragua,Montserrat,262,150,1.0,1.6,-1.0,67.24,-7.31,0,1,1.0,59.93,-0.06499339219655564,15.81,0,0,15.863261070763148,28.378708629115888,-12.51544755835274,1542.8,1487.0,55.799999999999955,8,9,0,1.9714285714285715,1.2285714285714286,0.7428571428571429,1.2857142857142858,1.8285714285714285,-0.5428571428571427,0.35,0.2,0.14999999999999997,0.5,0.55,-0.050000000000000044,3,0
French Guiana,Saint Vincent and the Grenadines,-30,-11,-0.3999999999999999,-0.8,-1.0,-34.889999999999986,-0.8500000000000001,0,1,1.0,-35.73999999999999,-0.14063698320718843,-70.35,0,0,41.426709412681255,-22.466402103019234,63.89311151570049,1450.8,1345.6,105.20000000000005,-42,-42,0,1.3428571428571427,1.3714285714285714,-0.028571428571428692,1.2571428571428571,2.5714285714285716,-1.3142857142857145,0.35,0.15,0.19999999999999998,0.35,0.55,-0.20000000000000007,3,2
Saint Martin,Anguilla,349,68,1.8,2.2,-1.2000000000000002,12.840000000000002,-1.66,0,1,1.0,11.180000000000001,-0.09527860021047008,3.5900000000000003,0,0,-11.677976232127481,-12.059150700892738,0.3811744687652574,1296.0,1300.6,-4.599999999999909,-14,-12,0,1.9714285714285715,0.34285714285714286,1.6285714285714286,1.4,3.7142857142857144,-2.3142857142857145,0.25,0.05,0.2,0.6,0.3,0.3,8,0
Turks and Caicos Islands,British Virgin Islands,35,5,0.8,0.0,-1.0,-2.0299999999999985,0,0,1,0.0,-2.0299999999999985,0.0,-0.19999999999999973,0,0,5.839094214372128,13.59636947151686,-7.757275257144732,1185.4,1273.8,-88.39999999999986,-1,1,0,1.3428571428571427,0.9714285714285714,0.37142857142857133,3.3142857142857145,2.914285714285714,0.40000000000000036,0.1,0.1,0.0,0.55,0.5,0.050000000000000044,2,2
El Salvador,Martinique,-56,-71,-1.2,0.0,1.6,28.759999999999984,-0.5900000000000001,1.98,1,0.0,30.149999999999977,0.048203555398453446,7.770000000000003,0,0,-26.196713597412064,6.740650212141927,-32.93736380955399,1699.2,1660.0,39.200000000000045,79,81,0,0.6285714285714286,0.8,-0.17142857142857149,2.0285714285714285,1.2571428571428571,0.7714285714285714,0.05,0.4,-0.35000000000000003,0.4,0.35,0.050000000000000044,0,0
Panama,Guatemala,136,41,1.0,0.6000000000000001,-0.19999999999999996,-84.50999999999998,3.3200000000000003,-13.59,1,0.7333333333333333,-94.78,-0.14988624278621843,-50.28999999999999,0,0,4.787341065112718,-6.602352493870821,11.38969355898354,1665.2,1623.0,42.200000000000045,24,24,0,1.4,1.1428571428571428,0.2571428571428571,1.0571428571428572,1.0285714285714285,0.028571428571428692,0.35,0.35,0.0,0.45,0.4,0.04999999999999999,3,0
Curaçao,Trinidad and Tobago,87,19,-2.4,-1.4000000000000001,1.4000000000000001,183.37000000000003,-18.25,0,1,0.26666666666666666,165.12000000000003,-0.08892462115675093,138.32,0,0,-59.74517661232569,71.29813360930606,-131.04331022163177,1713.2,1607.2,106.0,-60,-62,0,0.8857142857142857,1.7142857142857142,-0.8285714285714285,1.9714285714285715,0.7142857142857143,1.2571428571428571,0.25,0.6,-0.35,0.4,0.35,0.050000000000000044,5,3
Bermuda,Belize,24,8,0.20000000000000007,0.19999999999999996,0.40000000000000013,5.2799999999999985,-1.99,-0.08,1,1.0,3.209999999999998,-0.2192796610169493,-4.67,0,0,-27.4039702662343,-34.52498530782762,7.121015041593321,1461.2,1464.2,-3.0,0,-3,0,1.0,0.7428571428571429,0.2571428571428571,2.057142857142857,1.6571428571428573,0.3999999999999997,0.4,0.2,0.2,0.45,0.3,0.15000000000000002,1,1
Antigua and Barbuda,Bahamas,64,8,1.0,0.3999999999999999,-0.7999999999999998,0.42999999999999994,0.07,-0.15,1,1.0,0.35,-0.01591511936339518,0.9500000000000002,0,0,26.20786474624804,-7.3523157442528575,33.5601804905009,1363.8,1418.8,-55.0,14,16,0,1.1714285714285715,1.1142857142857143,0.05714285714285716,2.342857142857143,2.5428571428571427,-0.19999999999999973,0.25,0.2,0.04999999999999999,0.45,0.45,0.0,2,2
Guyana,Puerto Rico,27,20,-0.3999999999999999,-1.7999999999999998,0.0,-19.30000000000001,17.919999999999998,0,1,0.5,-1.3800000000000097,0.18818535109348855,42.68999999999999,0,0,4.80972660707055,24.242770063535946,-19.4330434564654,1276.2,1201.6,74.60000000000014,5,9,0,2.0,3.0285714285714285,-1.0285714285714285,1.7428571428571429,1.2,0.5428571428571429,0.2,0.4,-0.2,0.55,0.35,0.20000000000000007,3,1
Cayman Islands,United States Virgin Islands,157,23,0.2,0.19999999999999996,0.6000000000000001,-1.8999999999999984,0.019999999999999997,-0.03,1,0.7777777777777778,-1.9099999999999984,-0.08280723905723908,-0.1599999999999997,0,0,-32.34367347881025,-3.6804938552238156,-28.663179623586437,1237.4,1225.8,11.600000000000136,-2,-4,0,0.8571428571428571,0.6857142857142857,0.17142857142857137,2.7714285714285714,2.3142857142857145,0.45714285714285685,0.15,0.05,0.09999999999999999,0.5,0.35,0.15000000000000002,2,1
Sint Maarten,Guadeloupe,-199,-143,-0.6000000000000001,-0.6000000000000001,1.8,-31.770000000000003,-1.05,-0.16,1,0.0,-32.980000000000004,-0.07756410256410262,-58.95,0,0,-26.544311122383533,-40.37342569147464,13.829114569091104,1316.2,1346.2,-30.0,0,0,0,1.9142857142857144,1.7428571428571429,0.17142857142857149,2.5428571428571427,0.9714285714285714,1.5714285714285712,0.1,0.25,-0.15,0.8,0.45,0.35000000000000003,0,2
Saint Kitts and Nevis,Saint Lucia,41,11,-1.2,-1.2,0.3999999999999999,-1.6799999999999997,0.67,0,1,0.4666666666666667,-1.0099999999999998,0.06436119116234396,-10.690000000000001,0,0,-15.450392113435713,41.603034826961505,-57.053426940397216,1359.0,1405.0,-46.0,12,12,0,1.3428571428571427,1.542857142857143,-0.20000000000000018,1.3428571428571427,1.1428571428571428,0.19999999999999996,0.3,0.25,0.04999999999999999,0.35,0.4,-0.050000000000000044,0,0
United States Virgin Islands,Aruba,-216,-33,-1.6,-1.0,0.6000000000000001,-5.920000000000003,-0.03,-0.2,1,0.0,-6.150000000000002,-0.06534090909090906,-10.49,0,0,-5.594527001794294,15.283145192851055,-20.87767219464535,1201.8,1251.8,-50.0,1,4,0,0.7428571428571429,1.3142857142857143,-0.5714285714285714,2.3142857142857145,2.342857142857143,-0.02857142857142847,0.0,0.15,-0.15,0.4,0.4,0.0,1,4
British Virgin Islands,Dominica,-177,-25,0.0,0.19999999999999996,1.4000000000000001,-3.860000000000002,0.44999999999999996,0,1,0.13333333333333333,-3.410000000000002,0.061559507523939794,-9.88,0,0,15.301071233227328,11.062879016580045,4.238192216647283,1255.2,1152.8,102.40000000000009,-6,-7,0,1.0857142857142856,1.2,-0.11428571428571432,2.9714285714285715,1.3428571428571427,1.6285714285714288,0.05,0.2,-0.15000000000000002,0.55,0.5,0.050000000000000044,1,2
Costa Rica,Panama,-81,-26,-1.8,-1.2000000000000002,1.2000000000000002,153.13,-58.27,13.59,1,0.26666666666666666,108.44999999999999,-0.04314479338175792,-0.6999999999999886,0,0,-4.902034552089074,14.787341065112722,-19.689375617201797,1719.4,1618.8,100.60000000000014,30,26,0,1.1428571428571428,1.6,-0.4571428571428573,1.6857142857142857,1.0,0.6857142857142857,0.4,0.35,0.050000000000000044,0.4,0.45,-0.04999999999999999,0,3
United States,Trinidad and Tobago,290,68,0.3999999999999999,0.7999999999999998,-1.2000000000000002,143.14,-8.56,-7.8,1,0.8,126.77999999999997,-0.09915151515151521,77.42999999999999,0,0,33.95122286363259,57.40254523454675,-23.451322370914163,1750.0,1612.0,138.0,29,27,0,2.257142857142857,1.8,0.4571428571428571,0.5714285714285714,1.0857142857142856,-0.5142857142857142,0.65,0.6,0.050000000000000044,0.35,0.35,0.0,3,0
Montserrat,Dominican Republic,-263,-152,-1.0,-2.0,0.40000000000000013,-17.309999999999995,2.9499999999999997,1.24,1,0.26666666666666666,-13.119999999999997,0.15846082916884985,-32.230000000000004,0,0,20.903058065227775,-28.512206260301717,49.41526432552949,1455.6,1391.2,64.39999999999986,-10,-11,0,1.0857142857142856,1.8285714285714285,-0.7428571428571429,1.9142857142857144,1.542857142857143,0.37142857142857144,0.2,0.35,-0.14999999999999997,0.5,0.35,0.15000000000000002,2,1
Barbados,Nicaragua,-305,-158,-1.7999999999999998,-1.2000000000000002,3.1999999999999997,-58.15,5.37,0,1,0.0,-52.78,-0.04857103064841639,-26.75,0,0,-10.626472780302148,11.253194705340093,-21.87966748564224,1407.6,1420.6,-13.0,11,11,0,0.9428571428571428,2.1142857142857143,-1.1714285714285715,2.7714285714285714,1.1714285714285715,1.5999999999999999,0.05,0.35,-0.3,0.5,0.5,0.0,0,4
Bermuda,Saint Vincent and the Grenadines,-73,-26,-0.3999999999999999,-0.8,-0.7999999999999998,-34.53999999999999,-1.45,-0.08,1,0.0,-36.06999999999999,-0.20700135269498476,-73.4,0,0,-23.676461577160325,-36.18199332011588,12.505531742955554,1432.0,1319.2,112.79999999999995,-16,-19,0,1.0857142857142856,1.4285714285714286,-0.34285714285714297,1.9142857142857144,2.657142857142857,-0.7428571428571427,0.35,0.1,0.24999999999999997,0.5,0.6,-0.09999999999999998,3,1
Belize,French Guiana,-67,-23,-0.5999999999999999,-0.5999999999999999,-0.6000000000000001,-4.930000000000002,1.3900000000000001,0,1,0.4666666666666667,-3.540000000000002,0.15291529152915295,1.6199999999999992,0,0,-26.043354855184766,43.51939803259841,-69.56275288778318,1410.4,1430.2,-19.799999999999955,26,26,0,0.7714285714285715,1.4857142857142858,-0.7142857142857143,1.542857142857143,1.3428571428571427,0.20000000000000018,0.2,0.35,-0.14999999999999997,0.3,0.4,-0.10000000000000003,1,0
Honduras,Mexico,-190,-48,-0.19999999999999996,-0.3999999999999999,-1.2,5.659999999999968,25.909999999999997,-8.55,1,0.26666666666666666,23.02000000000001,0.08527117199471856,-89.49000000000001,0,0,-29.653250396127937,-3.4857920739043644,-26.167458322223574,1500.2,1782.4,-282.20000000000005,-21,-19,0,1.0285714285714285,1.6285714285714286,-0.6000000000000001,0.8857142857142857,1.3428571428571427,-0.4571428571428571,0.35,0.35,0.0,0.3,0.5,-0.2,2,0
Antigua and Barbuda,Puerto Rico,-257,-76,-1.0,-2.0,1.4,-93.23,18.419999999999998,-0.19,1,0.0,-75.0,0.041118407668709334,-27.09,0,0,27.793696351322303,11.927932017030056,15.865764334292248,1279.0,1287.4,-8.400000000000091,15,19,0,1.3142857142857143,2.9714285714285715,-1.6571428571428573,2.257142857142857,1.2857142857142858,0.9714285714285713,0.25,0.4,-0.15000000000000002,0.5,0.35,0.15000000000000002,2,3
Anguilla,Bonaire,-276,-44,-1.2,-1.2,2.0,-2.949999999999999,0.03,0.04,1,0.0,-2.879999999999999,0.006923313140336673,-9.559999999999999,0,0,-13.42161775267149,-16.0041574522501,2.5825396995786107,1329.4,1166.0,163.4000000000001,14,13,0,0.3142857142857143,1.9259259259259258,-1.6116402116402115,4.114285714285714,1.7777777777777777,2.336507936507936,0.05,0.25,-0.2,0.3,0.75,-0.45,0,3
Jamaica,Canada,-125,-25,0.40000000000000013,0.19999999999999996,-0.3999999999999999,134.32,0.81,-37.91,1,0.4666666666666667,97.21999999999998,-0.1910482209202632,45.47,0,0,-14.98928718056148,-12.378312286766516,-2.610974893794964,1605.4,1770.8,-165.39999999999986,2,6,0,1.4,1.6,-0.20000000000000018,1.3142857142857143,1.3428571428571427,-0.02857142857142847,0.15,0.4,-0.25,0.65,0.35,0.30000000000000004,1,2
Guadeloupe,Saint Kitts and Nevis,198,140,1.5999999999999999,1.4000000000000001,-0.7999999999999999,38.64000000000001,0,0,1,0.6666666666666666,38.64000000000001,0.0,65.84,0,0,-41.624742685819754,-9.767393229672503,-31.85734945614725,1335.2,1374.8,-39.59999999999991,-32,-32,0,1.8285714285714285,1.2285714285714286,0.5999999999999999,0.8857142857142857,1.2285714285714286,-0.34285714285714297,0.3,0.35,-0.04999999999999999,0.4,0.3,0.10000000000000003,5,0
Saint Lucia,Sint Maarten,-40,-8,1.4,1.0,-1.9999999999999998,-5.190000000000003,0.38,0.16,1,1.0,-4.650000000000002,0.013202911401758666,3.8000000000000007,0,0,51.22547242486922,-29.716381020161815,80.94185344503103,1431.0,1423.0,8.0,20,20,0,1.4,1.7714285714285714,-0.37142857142857144,0.9714285714285714,2.5428571428571427,-1.5714285714285712,0.3,0.1,0.19999999999999998,0.35,0.75,-0.4,1,2
Montserrat,Barbados,43,8,1.2,0.0,-2.0000000000000004,-9.09,1.94,0,1,1.0,-7.150000000000002,0.11356442284497203,10.94,0,0,24.231631010744167,-10.943833738696952,35.17546474944112,1466.4,1475.0,-8.599999999999909,-19,-20,0,1.1428571428571428,0.8571428571428571,0.2857142857142857,1.9142857142857144,2.942857142857143,-1.0285714285714287,0.2,0.05,0.15000000000000002,0.5,0.45,0.04999999999999999,4,2
Aruba,Cayman Islands,59,10,1.0,1.0000000000000002,-1.0,7.820000000000001,0.01,0.23,1,1.0,8.06,0.14814814814814814,10.649999999999999,0,0,22.247980313194574,-24.740822680301502,46.98880299349608,1181.8,1231.6,-49.799999999999955,1,1,0,1.5714285714285714,1.0,0.5714285714285714,2.2,2.6285714285714286,-0.4285714285714284,0.15,0.15,0.0,0.45,0.55,-0.10000000000000003,5,1
Dominica,Turks and Caicos Islands,142,20,0.0,0.19999999999999996,-0.6000000000000001,5.890000000000001,-0.44999999999999996,0,1,1.0,5.44,-0.061559507523939794,10.08,0,0,11.666962501302898,13.518803087916726,-1.8518405866138288,1158.4,1124.2,34.200000000000045,7,7,0,1.2571428571428571,1.3428571428571427,-0.08571428571428563,1.2857142857142858,3.2,-1.9142857142857144,0.2,0.1,0.1,0.55,0.55,0.0,2,0
Panama,Costa Rica,81,26,2.0,1.4,-2.0,-153.13,58.27,-13.59,1,0.6666666666666666,-108.44999999999999,0.04314479338175792,0.6999999999999886,0,0,25.561445783487954,-11.331742818582192,36.89318860207015,1616.8,1741.8,-125.0,-30,-26,0,1.7428571428571429,1.1142857142857143,0.6285714285714286,0.9142857142857143,1.7428571428571429,-0.8285714285714286,0.35,0.35,0.0,0.45,0.4,0.04999999999999999,3,1
Trinidad and Tobago,United States,-290,-68,-0.5999999999999999,-1.0,1.7999999999999998,-143.14,8.56,7.8,1,0.2,-126.77999999999997,0.09915151515151521,-77.42999999999999,0,0,40.53120039314457,34.58739389183311,5.943806501311464,1644.8,1698.0,-53.200000000000045,-29,-27,0,1.7714285714285714,2.3714285714285714,-0.6000000000000001,1.3428571428571427,0.5714285714285714,0.7714285714285714,0.55,0.65,-0.09999999999999998,0.35,0.35,0.0,2,1
Nicaragua,Dominican Republic,-1,-2,1.2,0.6000000000000001,-1.0,49.93000000000001,-4.36,1.24,1,0.3333333333333333,46.81,0.0934674369722942,-16.42,0,0,21.55833542221639,-37.51972832251954,59.07806374473593,1300.4,1300.2,0.20000000000004547,-2,-2,0,2.3142857142857145,1.9142857142857144,0.40000000000000013,1.0285714285714285,1.457142857142857,-0.4285714285714286,0.35,0.35,0.0,0.5,0.4,0.09999999999999998,0,0
French Guiana,Bermuda,43,15,-0.20000000000000018,-0.20000000000000018,0.0,-0.3499999999999961,0.5999999999999999,0.08,1,0.3333333333333333,0.3300000000000036,0.06636436948779634,3.0500000000000007,0,0,15.894605193923827,-6.865839995822971,22.760445189746797,1371.6,1380.2,-8.600000000000136,-26,-23,0,1.3714285714285714,1.2857142857142858,0.08571428571428563,1.2285714285714286,1.7428571428571429,-0.5142857142857142,0.35,0.35,0.0,0.35,0.55,-0.20000000000000007,3,0
Saint Vincent and the Grenadines,Belize,97,34,-0.19999999999999996,1.0,1.9999999999999998,39.81999999999999,-0.54,0,1,0.3333333333333333,39.279999999999994,-0.012278308321964526,68.73,0,0,-41.90412740013488,-9.33343259511249,-32.57069480502239,1364.4,1383.8,-19.399999999999864,16,16,0,1.457142857142857,0.8571428571428571,0.6,2.8285714285714287,1.3142857142857143,1.5142857142857145,0.05,0.25,-0.2,0.65,0.3,0.35000000000000003,3,0
Guyana,Antigua and Barbuda,284,96,1.5999999999999999,0.9999999999999998,-1.8000000000000003,73.92999999999999,-0.5,0.19,1,0.4,73.61999999999999,0.14706694342477922,69.77999999999999,0,0,9.415683234594976,13.164929645806875,-3.7492464112118995,1312.6,1324.0,-11.400000000000091,-10,-11,0,2.057142857142857,1.3714285714285714,0.6857142857142855,1.7714285714285714,2.4285714285714284,-0.657142857142857,0.2,0.25,-0.04999999999999999,0.55,0.5,0.050000000000000044,6,0
Puerto Rico,Bahamas,321,84,1.4,1.8000000000000003,-1.4000000000000001,93.66,-18.35,0.04,1,1.0,75.35,-0.057033527032104514,28.040000000000003,0,0,12.91568979377297,5.7855002434306755,7.130189550342294,1290.8,1345.2,-54.40000000000009,-1,-2,0,2.8857142857142857,1.0857142857142856,1.8,1.4285714285714286,2.5428571428571427,-1.114285714285714,0.35,0.2,0.14999999999999997,0.4,0.45,-0.04999999999999999,6,1
Bonaire,Saint Martin,-73,-24,-1.2,-2.4,0.8,-9.890000000000002,1.63,-0.04,1,0.0,-8.300000000000002,0.0883552870701334,5.969999999999999,0,0,-16.482505222972687,5.733536453148019,-22.216041676120707,1166.2,1229.0,-62.799999999999955,0,0,0,1.9642857142857142,2.5428571428571427,-0.5785714285714285,1.6071428571428572,1.3428571428571427,0.26428571428571446,0.3076923076923077,0.25,0.05769230769230771,0.6923076923076923,0.6,0.09230769230769231,0,4
Canada,Jamaica,125,25,0.19999999999999996,-0.19999999999999996,0.20000000000000018,-134.32,-0.81,37.91,1,0.6666666666666666,-97.21999999999998,0.1910482209202632,-45.47,0,0,1.2104617635852613,-7.837902133994771,9.048363897580032,1780.4,1636.4,144.0,-2,-6,0,1.6,1.4,0.20000000000000018,1.3714285714285714,1.3714285714285714,0.0,0.35,0.15,0.19999999999999998,0.4,0.65,-0.25,2,3
Mexico,Honduras,190,48,-0.8,-0.19999999999999996,1.6,-5.659999999999968,-25.909999999999997,8.55,1,0.4666666666666667,-23.02000000000001,-0.08527117199471856,89.49000000000001,0,0,-14.162398310471104,-4.412606240719947,-9.749792069751157,1763.6,1546.6,217.0,21,19,0,1.5142857142857142,1.2,0.3142857142857143,1.4285714285714286,0.8,0.6285714285714286,0.35,0.4,-0.050000000000000044,0.45,0.3,0.15000000000000002,2,0
Qatar,Lebanon,194,119,1.2000000000000002,1.8,-0.5999999999999999,111.59000000000003,-0.8199999999999998,0.46,1,0.8666666666666667,111.23000000000002,0.041223056251337264,109.36000000000001,0,0,-13.608046239376474,-52.16912876433494,38.561082524958465,1551.2,1515.4,35.799999999999955,19,31,0,1.6857142857142857,0.5714285714285714,1.1142857142857143,1.2571428571428571,1.542857142857143,-0.2857142857142858,0.3,0.15,0.15,0.5,0.4,0.09999999999999998,3,0
China PR,Tajikistan,40,45,-0.8,-1.2,0.6000000000000001,-30.19999999999999,-10.26,13.27,1,1.0,-27.18999999999999,-0.025635340940242224,-12.780000000000001,0,0,-8.501146681510374,27.441794966038735,-35.942941647549105,1579.8,1378.0,201.79999999999995,37,68,0,1.2285714285714286,1.6857142857142857,-0.4571428571428571,1.3714285714285714,0.8,0.5714285714285714,0.2,0.5,-0.3,0.55,0.35,0.20000000000000007,0,0
Australia,India,540,224,0.6000000000000001,1.2,-0.7999999999999999,362.29999999999995,-5.890000000000001,0.14,1,1.0,356.54999999999995,-0.00065249632573261,445.80000000000007,0,0,10.237810850149131,21.89398222205066,-11.656171371901529,1622.8,1438.6,184.20000000000005,65,71,0,1.6857142857142857,1.0571428571428572,0.6285714285714286,0.9714285714285714,1.457142857142857,-0.48571428571428565,0.4,0.2,0.2,0.4,0.45,-0.04999999999999999,2,0
Uzbekistan,Syria,233,61,1.6,1.0,-1.2,220.73999999999995,1.7,-4.3,1,0.4666666666666667,218.13999999999993,0.06082859660241524,74.28,0,0,12.747368120937054,-15.224102797829902,27.971470918766954,1557.6,1575.2,-17.600000000000136,26,43,0,1.7714285714285714,0.9714285714285714,0.7999999999999999,0.9428571428571428,1.4857142857142858,-0.5428571428571429,0.5,0.2,0.3,0.35,0.4,-0.050000000000000044,0,0
United Arab Emirates,Hong Kong,407,205,1.5999999999999999,0.8,-1.8000000000000003,188.58,-35.809999999999995,-11.34,1,0.7777777777777778,141.43000000000004,-0.16683693212115835,154.26999999999998,0,0,16.800186848128565,-3.9870946941114367,20.787281542240002,1433.4,1601.8,-168.39999999999986,47,55,0,1.457142857142857,1.5142857142857142,-0.05714285714285716,0.7142857142857143,1.6,-0.8857142857142858,0.45,0.25,0.2,0.25,0.3,-0.04999999999999999,3,1
Iran,Palestine,334,86,2.2,3.4,-0.20000000000000007,452.9200000000001,-4.540000000000001,-4.86,1,0.6666666666666666,443.52000000000004,0.19912078906303698,350.90000000000003,0,0,3.3573743176131323,-21.268074462682968,24.6254487802961,1564.6,1641.2,-76.60000000000014,71,97,0,2.085714285714286,0.8285714285714286,1.2571428571428571,0.8,0.9142857142857143,-0.11428571428571421,0.5,0.5,0.0,0.35,0.15,0.19999999999999998,4,1
Japan,Vietnam,503,195,2.4,4.4,-1.8000000000000003,207.00000000000006,2.1199999999999997,0,1,0.8666666666666667,209.12000000000003,0.07907302544719486,161.44,0,0,27.900836763512103,24.810741785407572,3.0900949781045313,1554.8,1649.2,-94.40000000000009,56,70,0,3.6285714285714286,0.9428571428571428,2.685714285714286,0.8,1.4,-0.5999999999999999,0.25,0.4,-0.15000000000000002,0.65,0.2,0.45,4,2
Indonesia,Iraq,-224,-63,-1.2,-0.6,2.8,-80.32000000000002,-1.49,0.8800000000000001,1,0.26666666666666666,-80.93000000000002,-0.048927724358987845,-27.790000000000006,0,0,-24.95574613278917,-23.865091976446823,-1.090654156342346,1604.0,1685.0,-81.0,-46,-60,0,1.8,0.8857142857142857,0.9142857142857144,1.8285714285714285,1.0,0.8285714285714285,0.35,0.35,0.0,0.45,0.3,0.15000000000000002,1,3
South Korea,Bahrain,341,109,1.8,3.1999999999999997,-1.4,103.32,-6.0200000000000005,0,1,0.6666666666666666,97.3,-0.00013659935017729108,101.88,0,0,-11.374122122639706,-8.830545309411464,-2.543576813228242,1560.8,1559.6,1.2000000000000455,26,17,0,2.2857142857142856,1.0,1.2857142857142856,0.6571428571428571,1.4,-0.7428571428571428,0.5,0.35,0.15000000000000002,0.45,0.45,0.0,3,1
Malaysia,Jordan,-151,-44,1.0,1.0,-0.7999999999999998,-107.24000000000004,-8.16,-2.01,1,0.08333333333333333,-117.41000000000003,-0.2597701149425289,-168.32000000000002,0,0,36.50366766987935,-28.91935671269445,65.4230243825738,1448.4,1624.6,-176.19999999999982,-20,-35,0,2.6285714285714286,1.542857142857143,1.0857142857142856,1.1714285714285715,1.8857142857142857,-0.7142857142857142,0.45,0.4,0.04999999999999999,0.5,0.45,0.04999999999999999,0,4
Thailand,Kyrgyzstan,35,43,-0.5999999999999999,-0.3999999999999999,2.0,-31.119999999999997,-1.25,0,1,1.0,-32.37,-0.03379909088442634,-14.530000000000001,0,0,-54.62784188714474,0.8072972203371069,-55.435139107481845,1560.6,1496.4,64.19999999999982,28,53,0,1.2,1.4857142857142858,-0.2857142857142858,2.085714285714286,1.457142857142857,0.6285714285714288,0.35,0.15,0.19999999999999998,0.35,0.65,-0.30000000000000004,2,0
Saudi Arabia,Oman,97,27,0.8,0.6000000000000001,-1.2,67.98999999999995,-64.87,0,1,0.5333333333333333,3.119999999999976,-0.24173427572799888,41.410000000000025,0,0,-21.391081719530938,32.41907451079856,-53.8101562303295,1416.6,1538.4,-121.80000000000018,28,28,0,1.2857142857142858,1.2571428571428571,0.028571428571428692,0.9142857142857143,0.8857142857142857,0.02857142857142858,0.4,0.45,-0.04999999999999999,0.45,0.3,0.15000000000000002,2,1
Lebanon,China PR,-77,-86,-0.4,-0.4,-0.20000000000000018,-4.580000000000005,7.24,-0.46,1,0.08333333333333333,2.1999999999999886,0.1106467894336507,-34.18,0,0,-49.66230332106149,-4.06894422070743,-45.593359100354064,1557.4,1591.6,-34.19999999999982,-13,-28,0,0.45714285714285713,1.1428571428571428,-0.6857142857142857,1.542857142857143,1.2857142857142858,0.2571428571428571,0.15,0.25,-0.1,0.35,0.55,-0.20000000000000007,0,0
Qatar,Tajikistan,157,78,-0.20000000000000018,0.7999999999999998,0.0,76.81000000000003,-3.84,13.27,1,0.6666666666666666,86.24000000000002,0.12623450474474573,62.400000000000006,0,0,-5.2521207501742815,25.65592008352223,-30.90804083369651,1485.2,1395.0,90.20000000000005,43,71,0,1.9142857142857144,1.4857142857142858,0.4285714285714286,1.0571428571428572,0.6571428571428571,0.4,0.35,0.55,-0.20000000000000007,0.5,0.3,0.2,1,0
Syria,Australia,-274,-66,-1.2,-1.5999999999999999,1.4000000000000001,-353.06999999999994,4.29,-0.29,1,0.1111111111111111,-349.06999999999994,-0.06366222474316185,-424.1700000000001,0,0,-18.623228770984674,0.5753604552564653,-19.19858922624114,1641.6,1509.2,132.39999999999986,-37,-35,0,0.8571428571428571,1.7142857142857142,-0.8571428571428571,1.3428571428571427,0.8571428571428571,0.48571428571428565,0.25,0.45,-0.2,0.4,0.35,0.050000000000000044,0,1
India,Uzbekistan,-499,-219,-1.4000000000000001,-1.2000000000000002,1.0,-229.96999999999994,-0.1,4.45,1,0.5,-225.61999999999995,0.0034861244664792235,-95.91,0,0,25.261072634916843,6.720763721000033,18.54030891391681,1544.2,1580.2,-36.0,-54,-79,0,0.8857142857142857,1.5714285714285714,-0.6857142857142857,1.542857142857143,0.9142857142857143,0.6285714285714287,0.2,0.55,-0.35000000000000003,0.4,0.3,0.10000000000000003,0,3
Palestine,United Arab Emirates,-167,-58,-2.0,-1.8,0.7999999999999999,-150.77000000000004,26.589999999999996,10.89,1,0.16666666666666666,-113.29000000000003,0.008032792780190867,-83.92999999999999,0,0,-28.968671211106383,15.458730016379292,-44.427401227485674,1727.8,1400.8,327.0,-50,-63,0,0.7714285714285715,1.5714285714285714,-0.7999999999999999,1.1428571428571428,0.7428571428571429,0.3999999999999999,0.5,0.4,0.09999999999999998,0.15,0.3,-0.15,1,1
Hong Kong,Iran,-574,-233,-1.8,-2.2,1.2,-490.7300000000001,13.760000000000002,5.3100000000000005,1,0.0,-471.66,-0.0403166497220695,-421.24,0,0,-1.4982970115502194,0.42239517033367946,-1.920692181883899,1568.4,1556.4,12.0,-68,-89,0,1.6,2.2285714285714286,-0.6285714285714286,1.6,0.8857142857142857,0.7142857142857144,0.25,0.45,-0.2,0.35,0.4,-0.050000000000000044,0,1
Iraq,Japan,-177,-27,-1.0,-3.2,0.0,-148.00000000000006,2.6,-1.31,1,0.06666666666666667,-146.71000000000004,-0.001697088358481591,-127.92999999999999,0,0,-14.083367392667775,39.03471006920155,-53.118077461869326,1605.4,1478.8,126.60000000000014,-20,-24,0,1.1142857142857143,3.7714285714285714,-2.657142857142857,0.9428571428571428,0.8857142857142857,0.05714285714285716,0.35,0.2,0.14999999999999997,0.35,0.7,-0.35,2,1
Vietnam,Indonesia,-102,-105,0.39999999999999997,0.4,-0.3999999999999999,21.32,-3.2299999999999995,0.43,1,0.7333333333333333,18.52,-0.02844821272972542,-5.719999999999992,0,0,16.162040455709786,-29.18832765993167,45.35036811564146,1680.6,1604.0,76.59999999999991,10,14,0,1.0571428571428572,1.7428571428571429,-0.6857142857142857,1.6,1.9142857142857144,-0.3142857142857143,0.4,0.35,0.050000000000000044,0.2,0.45,-0.25,0,1
Jordan,South Korea,-166,-38,-1.6,-2.0,1.8,-3.599999999999966,8.73,0,1,0.13333333333333333,5.130000000000024,0.05820388025868384,90.72000000000001,0,0,-21.638129896347756,0.48513897566631314,-22.12326887201407,1665.8,1521.0,144.79999999999995,-42,-38,0,1.7142857142857142,2.342857142857143,-0.6285714285714288,1.7428571428571429,0.6285714285714286,1.1142857142857143,0.4,0.5,-0.09999999999999998,0.45,0.45,0.0,2,2
Bahrain,Malaysia,-24,-27,-1.0,-1.0,0.0,7.52000000000001,5.45,2.01,1,0.7333333333333333,14.980000000000011,0.20170283403402234,-24.279999999999998,0,0,-1.954527885484346,29.001457136580953,-30.9559850220653,1660.0,1476.0,184.0,36,56,0,1.0,2.4857142857142858,-1.4857142857142858,1.5142857142857142,1.3428571428571427,0.17142857142857149,0.35,0.45,-0.10000000000000003,0.45,0.5,-0.04999999999999999,1,0
Oman,Thailand,77,33,-0.19999999999999996,-0.3999999999999999,-0.40000000000000013,128.00000000000006,-7.960000000000001,0,1,0.8,120.04000000000005,-0.005718781134554929,95.66,0,0,27.47004674342741,-27.339013794205222,54.80906053763263,1570.8,1531.0,39.799999999999955,8,11,0,1.2571428571428571,1.3714285714285714,-0.11428571428571432,0.9142857142857143,1.8,-0.8857142857142858,0.45,0.4,0.04999999999999999,0.3,0.35,-0.04999999999999999,0,0
Kyrgyzstan,Saudi Arabia,-209,-103,-1.2000000000000002,0.0,1.4000000000000001,-164.87,74.08,0,1,0.5,-90.79000000000002,0.28125214774698015,-122.54000000000002,0,0,-11.223094340337916,-3.738624154697403,-7.484470185640513,1530.8,1517.0,13.799999999999955,-64,-92,0,1.3714285714285714,1.2857142857142858,0.08571428571428563,1.5714285714285714,0.9428571428571428,0.6285714285714286,0.15,0.35,-0.19999999999999998,0.6,0.5,0.09999999999999998,0,2
Qatar,China PR,117,33,1.4,2.6,-0.6,107.01000000000002,6.42,0,1,0.4666666666666667,113.43,0.15186984568498796,75.18,0,0,4.774163175181231,-8.651062528579889,13.42522570376112,1431.8,1526.8,-95.0,6,3,0,1.9142857142857144,0.9142857142857143,1.0,0.9142857142857143,1.1714285714285715,-0.25714285714285723,0.4,0.3,0.10000000000000003,0.45,0.5,-0.04999999999999999,1,0
Tajikistan,Lebanon,37,41,1.0,1.6,-0.19999999999999996,34.779999999999994,3.02,-12.809999999999999,1,0.5,24.990000000000002,-0.08501144849340847,46.96,0,0,13.837272142174399,-45.765456439168354,59.60272858134275,1455.4,1524.0,-68.59999999999991,-24,-40,0,1.4,0.4,0.9999999999999999,0.6857142857142857,1.3714285714285714,-0.6857142857142857,0.55,0.2,0.35000000000000003,0.3,0.3,0.0,2,1
Australia,Uzbekistan,41,5,0.7999999999999998,0.8,-0.6,132.33,-5.99,4.59,1,0.8333333333333334,130.93,0.0028336281407466135,349.89000000000004,0,0,8.22126613596786,0.5395536767004621,7.681712459267397,1416.0,1529.8,-113.79999999999995,11,-8,0,1.7714285714285714,1.7428571428571429,0.02857142857142847,0.7142857142857143,0.8,-0.08571428571428574,0.5,0.6,-0.09999999999999998,0.35,0.3,0.04999999999999999,1,1
Syria,India,266,158,0.0,0.39999999999999997,-0.40000000000000013,9.230000000000004,-1.5999999999999999,-0.14999999999999997,1,0.5,7.480000000000006,-0.06431472106889446,21.630000000000003,0,0,-10.985937912509911,29.273986047096116,-40.25992395960603,1715.6,1630.6,85.0,28,36,0,0.8285714285714286,0.8285714285714286,0.0,1.3428571428571427,1.6571428571428573,-0.3142857142857145,0.25,0.2,0.04999999999999999,0.4,0.35,0.050000000000000044,1,0
Hong Kong,Palestine,-240,-147,0.19999999999999996,0.4,0.40000000000000013,-37.809999999999995,9.22,0.45,1,0.16666666666666666,-28.13999999999999,0.1588041393409675,-70.34,0,0,2.1915419683511255,-33.83988594463415,36.03142791298527,1661.6,1776.6,-115.0,3,8,0,1.5142857142857142,0.8,0.7142857142857142,1.542857142857143,1.2,0.34285714285714297,0.25,0.45,-0.2,0.35,0.2,0.14999999999999997,0,3
Iran,United Arab Emirates,167,28,0.6000000000000001,0.7999999999999998,0.20000000000000007,302.15000000000003,22.049999999999997,6.03,1,1.0,330.23,0.20715358184322785,266.97,0,0,11.791964187064194,7.049156030672201,4.742808156391993,1556.4,1417.8,138.60000000000014,21,34,0,2.1714285714285713,1.542857142857143,0.6285714285714283,0.8571428571428571,0.8285714285714286,0.02857142857142847,0.45,0.35,0.10000000000000003,0.4,0.35,0.050000000000000044,2,1
Iraq,Vietnam,326,168,1.7999999999999998,1.2000000000000002,-0.8,59.00000000000002,4.72,-1.31,1,0.8666666666666667,62.41000000000002,0.07737593708871326,33.51,0,0,8.104746527512425,2.865569683952547,5.2391768435598784,1662.8,1617.6,45.200000000000045,36,46,0,1.2857142857142858,1.0285714285714285,0.25714285714285734,0.9142857142857143,1.4857142857142858,-0.5714285714285715,0.3,0.4,-0.10000000000000003,0.4,0.2,0.2,3,2
Japan,Indonesia,401,90,1.7999999999999998,3.6,-1.7999999999999998,228.32000000000005,-1.11,0.43,1,0.5,227.64000000000004,0.050624812717469436,155.72,0,0,23.12657711268266,-21.056164659261682,44.18274177194434,1593.4,1621.0,-27.59999999999991,66,84,0,3.5142857142857142,1.7142857142857142,1.8,1.0285714285714285,1.8285714285714285,-0.8,0.2,0.35,-0.14999999999999997,0.7,0.45,0.24999999999999994,3,1
Jordan,Bahrain,175,71,0.7999999999999999,1.4,0.20000000000000018,99.72000000000003,2.71,0,1,0.5333333333333333,102.43000000000002,0.05806728090850655,192.60000000000002,0,0,-19.71923080446272,-2.3257868943369626,-17.393443910125754,1737.4,1700.0,37.40000000000009,-16,-21,0,1.6571428571428573,0.9428571428571428,0.7142857142857144,1.8857142857142857,1.5142857142857142,0.37142857142857144,0.35,0.35,0.0,0.5,0.45,0.04999999999999999,0,1
South Korea,Malaysia,317,82,1.2000000000000002,1.4,-1.4,110.84,-0.5700000000000003,2.01,1,0.5,112.28,0.20156623468384505,77.6,0,0,10.622647560637951,11.963185951539764,-1.3405383909018127,1571.2,1471.4,99.79999999999995,62,73,0,2.2285714285714286,2.4,-0.17142857142857126,0.7428571428571429,1.2571428571428571,-0.5142857142857142,0.5,0.45,0.04999999999999999,0.45,0.45,0.0,3,3
Kyrgyzstan,Oman,-112,-76,0.0,-0.19999999999999996,0.6,-96.88000000000005,9.21,0,1,0.5,-87.67000000000004,0.03951787201898127,-81.13,0,0,-16.04302481021883,18.865733071237756,-34.90875788145659,1563.0,1506.2,56.799999999999955,-36,-64,0,1.2571428571428571,1.1142857142857143,0.1428571428571428,1.542857142857143,0.7714285714285715,0.7714285714285715,0.15,0.5,-0.35,0.55,0.25,0.30000000000000004,1,1
Saudi Arabia,Thailand,174,60,1.2000000000000002,0.19999999999999996,-1.4000000000000001,195.99,-72.83,0,1,0.8666666666666667,123.16000000000003,-0.2474530568625538,137.07000000000002,0,0,11.540885254323557,-15.905308069450289,27.446193323773848,1477.2,1584.4,-107.20000000000005,36,39,0,1.3428571428571427,1.2571428571428571,0.08571428571428563,0.8285714285714286,1.6857142857142857,-0.8571428571428571,0.4,0.4,0.0,0.45,0.35,0.10000000000000003,0,0
Australia,Indonesia,285,70,2.0,0.5999999999999999,-2.4,346.42999999999995,-4.5,0.43,1,0.7777777777777778,342.35999999999996,0.0447828276041935,394.1,0,0,-5.834038326973215,-29.163661863246006,23.32962353627279,1534.2,1706.0,-171.79999999999995,67,66,0,1.5714285714285714,1.7428571428571429,-0.17142857142857149,0.7428571428571429,1.9714285714285715,-1.2285714285714286,0.5,0.3,0.2,0.4,0.5,-0.09999999999999998,4,0
Tajikistan,United Arab Emirates,-207,-102,0.6000000000000001,0.6000000000000001,-0.19999999999999996,-103.92000000000002,35.83,-1.6199999999999992,1,0.16666666666666666,-69.71000000000002,0.0969348940623811,-97.44999999999999,0,0,22.97778317733392,6.857411782356037,16.12037139497788,1409.6,1564.2,-154.60000000000014,-45,-71,0,1.5142857142857142,1.5142857142857142,0.0,0.7428571428571429,0.9714285714285714,-0.22857142857142854,0.5,0.35,0.15000000000000002,0.35,0.4,-0.050000000000000044,1,1
Iraq,Jordan,75,22,1.0,0.0,-1.0,-34.39999999999999,0,-1.31,1,0.5333333333333333,-35.709999999999994,-0.011697472988659752,-125.97000000000001,0,0,6.361948489218512,-25.967371806733702,32.329320295952215,1642.4,1700.4,-58.0,22,17,0,1.3428571428571427,1.542857142857143,-0.20000000000000018,1.0,1.8285714285714285,-0.8285714285714285,0.3,0.3,0.0,0.4,0.5,-0.09999999999999998,2,3
Qatar,Palestine,117,34,1.4,0.8,-0.7999999999999999,123.66000000000004,5.4,0.76,1,0.7333333333333333,129.82000000000005,0.21513660602693596,48.88000000000001,0,0,14.683233777154943,-29.91103056147331,44.59426433862825,1493.6,1671.0,-177.4000000000001,48,63,0,1.7142857142857142,1.0571428571428572,0.657142857142857,0.8,1.1428571428571428,-0.34285714285714275,0.45,0.5,-0.04999999999999999,0.4,0.2,0.2,2,1
Saudi Arabia,South Korea,-156,-34,0.0,-1.2,-1.0,101.57000000000002,-67.1,0,1,0.13333333333333333,34.47000000000003,-0.24323514025332116,45.22000000000001,0,0,12.70252785013904,11.484231734889368,1.2182961152496716,1490.2,1608.4,-118.20000000000005,0,-4,0,1.3142857142857143,2.257142857142857,-0.9428571428571428,0.8,0.9142857142857143,-0.11428571428571421,0.4,0.5,-0.09999999999999998,0.45,0.45,0.0,1,1
Uzbekistan,Thailand,259,80,0.19999999999999996,0.3999999999999999,-0.6,190.19999999999996,3.0,-4.59,1,0.6,188.60999999999996,0.03530996576525047,73.02000000000001,0,0,4.830591181443584,-6.017646123476309,10.848237304919893,1613.8,1616.8,-3.0,26,36,0,1.7142857142857142,1.2,0.5142857142857142,0.8,1.5714285714285714,-0.7714285714285714,0.6,0.4,0.19999999999999996,0.35,0.35,0.0,2,1
Bahrain,Japan,-427,-120,-1.2,-3.1999999999999997,0.40000000000000013,-213.32000000000008,-0.10999999999999988,0,1,0.2,-213.43000000000006,-0.048066896278328386,-194.56,0,0,24.09015833803964,21.242302802199994,2.8478555358396456,1697.0,1591.2,105.79999999999995,-26,-20,0,0.9428571428571428,3.4,-2.4571428571428573,1.3428571428571427,1.0571428571428572,0.2857142857142856,0.4,0.2,0.2,0.4,0.7,-0.29999999999999993,1,3
Iran,Syria,320,77,1.8,1.9999999999999998,-0.20000000000000007,469.85,-12.080000000000002,-5.33,1,0.8666666666666667,452.44,0.040303171919528924,394.39,0,0,19.61423401845194,5.7127435941616165,13.901490424290323,1540.4,1584.4,-44.0,42,65,0,2.257142857142857,0.8285714285714286,1.4285714285714284,0.8,1.1714285714285715,-0.37142857142857144,0.45,0.25,0.2,0.45,0.4,0.04999999999999999,1,1
Australia,South Korea,-30,-9,0.8,0.0,-1.2,228.10999999999999,2.74,0,1,0.4666666666666667,230.84999999999997,0.04236151051522974,331.06000000000006,0,0,4.532975429152986,11.41293738366343,-6.879961954510444,1534.8,1640.8,-106.0,1,-15,0,1.8,2.2285714285714286,-0.4285714285714286,0.6571428571428571,1.0,-0.34285714285714286,0.55,0.45,0.10000000000000003,0.35,0.5,-0.15000000000000002,1,2
Tajikistan,Jordan,-192,-90,0.20000000000000018,-1.0,-1.4000000000000001,-57.58000000000001,0,-13.27,1,0.26666666666666666,-70.85000000000001,-0.1494201103479338,-153.86,0,0,21.442636581748495,-23.956739499248037,45.39937608099653,1530.4,1722.4,-192.0,-18,-52,0,1.3428571428571427,1.6857142857142857,-0.34285714285714297,0.8,1.9142857142857144,-1.1142857142857143,0.45,0.3,0.15000000000000002,0.4,0.55,-0.15000000000000002,0,1
Iran,Japan,-70,-9,0.20000000000000018,-0.7999999999999998,-0.7999999999999999,234.89,-11.180000000000001,-5.62,1,0.3333333333333333,218.08999999999997,-0.02920103793690887,208.60000000000002,0,0,10.773275928314398,12.445403105810563,-1.672127177496165,1525.8,1589.0,-63.200000000000045,6,12,0,2.1714285714285713,3.4,-1.2285714285714286,0.8285714285714286,1.0857142857142856,-0.257142857142857,0.4,0.2,0.2,0.5,0.75,-0.25,2,1
Qatar,Uzbekistan,-130,-36,0.19999999999999973,0.20000000000000018,0.19999999999999996,-80.14999999999992,-3.84,4.59,1,0.2,-79.39999999999992,-0.004509607718987341,18.090000000000003,0,0,10.319658606200104,16.68474132363266,-6.365082717432557,1544.0,1544.6,-0.599999999999909,-7,-12,0,1.7428571428571429,1.7428571428571429,0.0,0.8571428571428571,0.7428571428571429,0.11428571428571421,0.4,0.55,-0.15000000000000002,0.45,0.4,0.04999999999999999,1,1
Jordan,South Korea,-166,-38,0.19999999999999996,-0.20000000000000018,-0.6000000000000001,-3.599999999999966,8.73,0,1,0.13333333333333333,5.130000000000024,0.05820388025868384,90.72000000000001,0,0,-14.464514923958859,14.762407790615946,-29.226922714574805,1633.6,1653.0,-19.40000000000009,-42,-38,0,1.6571428571428573,2.3142857142857145,-0.6571428571428573,1.542857142857143,1.0857142857142856,0.4571428571428573,0.35,0.4,-0.050000000000000044,0.5,0.55,-0.050000000000000044,2,0
Qatar,Iran,-217,-52,0.0,-0.3999999999999999,-0.4,-329.26,9.940000000000001,5.62,1,0.0,-313.7,0.016015816963898977,-302.02,0,0,29.297930535314876,21.37349861286463,7.924431922450246,1563.0,1606.0,-43.0,-23,-34,0,1.7714285714285714,2.142857142857143,-0.37142857142857144,0.7714285714285715,0.8571428571428571,-0.08571428571428563,0.4,0.4,0.0,0.5,0.5,0.0,3,2
Qatar,Jordan,-35,-12,0.6000000000000001,0.0,-0.19999999999999996,19.230000000000018,-3.84,0,1,0.8,15.390000000000015,-0.023185605603188053,-91.46000000000001,0,0,41.11498748794314,17.709328222303558,23.40565926563958,1645.2,1697.0,-51.799999999999955,25,19,0,1.8571428571428572,1.6285714285714286,0.22857142857142865,0.8571428571428571,1.4857142857142858,-0.6285714285714287,0.4,0.35,0.050000000000000044,0.5,0.5,0.0,3,1
Panama,Mexico,-96,-16,1.2000000000000002,0.7999999999999998,-0.7999999999999999,-102.83000000000006,26.509999999999998,-11.719999999999999,1,0.06666666666666667,-88.04000000000005,-0.03653323380299223,-33.900000000000006,0,0,25.561445783487947,-20.766354002786635,46.32779978627458,1647.8,1762.0,-114.20000000000005,-34,-32,0,1.7428571428571429,1.6,0.1428571428571428,1.0,1.4857142857142858,-0.48571428571428577,0.3,0.35,-0.04999999999999999,0.5,0.5,0.0,0,3
United States,Jamaica,155,33,-0.40000000000000013,0.8,0.3999999999999999,-17.329999999999984,-8.56,30.109999999999996,1,0.6666666666666666,4.219999999999999,0.1087681908760173,55.81999999999999,0,0,-0.11195678551488797,18.723862754191014,-18.835819539705902,1667.0,1674.6,-7.599999999999909,47,45,0,1.8857142857142857,1.3714285714285714,0.5142857142857142,0.8,1.1142857142857143,-0.3142857142857143,0.55,0.25,0.30000000000000004,0.4,0.65,-0.25,3,1
Gibraltar,Lithuania,-212,-33,-0.8,-1.0,5.0,-10.529999999999998,1.4,0,1,0.5,-9.129999999999997,-0.06539954472174747,-9.84,0,0,-7.064235614198629,20.74451324904378,-27.80874886324241,1828.0,1522.4,305.5999999999999,-36,-66,0,0.17142857142857143,0.7428571428571429,-0.5714285714285714,4.085714285714285,1.6,2.4857142857142853,0.2,0.1,0.1,0.15,0.4,-0.25,0,1
Jamaica,Panama,-64,-19,-1.0,-1.0000000000000002,0.3999999999999999,75.16000000000001,9.82,-24.319999999999997,1,0.06666666666666667,60.660000000000025,0.010518289680221726,-58.16,0,0,23.02607953438918,14.053196079696896,8.972883454692283,1720.0,1694.2,25.799999999999955,-19,-19,0,1.3714285714285714,1.6285714285714286,-0.2571428571428571,1.2857142857142858,1.0285714285714285,0.25714285714285734,0.25,0.3,-0.04999999999999999,0.65,0.5,0.15000000000000002,1,0
United States,Mexico,-5,-2,0.40000000000000013,0.40000000000000013,-0.5999999999999999,-45.00000000000003,27.769999999999996,-5.93,1,0.7333333333333333,-23.160000000000025,0.0827532467532468,-36.24000000000001,0,0,5.557048968328816,-9.393520634396397,14.950569602725214,1614.8,1795.0,-180.20000000000005,-6,-6,0,2.057142857142857,1.6857142857142857,0.3714285714285712,0.7428571428571429,1.3428571428571427,-0.5999999999999999,0.55,0.4,0.15000000000000002,0.4,0.45,-0.04999999999999999,2,0
Lithuania,Gibraltar,212,33,1.4,1.0,-4.8,10.529999999999998,-1.4,0,1,1.0,9.129999999999997,0.06539954472174747,9.84,0,0,26.55488760874984,-11.22373640702763,37.77862401577747,1386.0,1735.0,-349.0,36,66,0,0.8,0.17142857142857143,0.6285714285714286,1.4285714285714286,3.942857142857143,-2.5142857142857142,0.15,0.15,0.0,0.4,0.15,0.25,1,0
Germany,Scotland,174,28,1.0,-0.19999999999999996,-1.2,635.5500000000001,-5.67,-15.0,1,0.8333333333333334,614.8800000000001,-0.021132620380233336,520.43,0,0,2.7265247154385595,-36.3637068985307,39.09023161396926,1859.4,1594.2,265.20000000000005,27,39,0,1.5714285714285714,1.542857142857143,0.02857142857142847,1.457142857142857,1.7142857142857142,-0.2571428571428571,0.2,0.35,-0.14999999999999997,0.65,0.45,0.2,5,1
Hungary,Switzerland,-186,-38,0.7999999999999998,0.8,0.19999999999999996,-83.12999999999997,-8.62,0.5099999999999998,1,0.0,-91.23999999999995,-0.05850437106729778,-53.48000000000002,0,0,33.7479873444141,-38.50889234897976,72.25687969339386,1663.2,1661.8,1.400000000000091,-23,-15,0,1.8285714285714285,1.6285714285714286,0.19999999999999996,0.8285714285714286,1.0,-0.17142857142857137,0.45,0.35,0.10000000000000003,0.5,0.5,0.0,1,3
Spain,Croatia,256,14,-0.3999999999999999,1.4000000000000001,0.6,510.0,-11.66,0,1,0.4666666666666667,498.34,-0.006694049765656351,427.55,0,0,-10.041871291961503,10.835737531165035,-20.877608823126536,1642.8,1572.8,70.0,-2,9,0,2.9714285714285715,1.6857142857142857,1.2857142857142858,0.8285714285714286,0.6571428571428571,0.17142857142857149,0.45,0.5,-0.04999999999999999,0.45,0.4,0.04999999999999999,3,0
Italy,Albania,224,54,0.8000000000000003,-0.19999999999999996,-0.8,260.57,-132.87,0,1,1.0,127.69999999999999,-0.260539629005059,311.3,0,0,16.625856048863128,7.053896404826577,9.57195964403655,1758.8,1412.0,346.79999999999995,16,52,0,1.6,1.3428571428571427,0.25714285714285734,0.8857142857142857,0.8285714285714286,0.05714285714285705,0.45,0.4,0.04999999999999999,0.5,0.4,0.09999999999999998,2,1
Slovenia,Denmark,-170,-41,0.20000000000000018,0.20000000000000018,0.0,-60.91000000000005,-19.590000000000003,0,1,0.08333333333333333,-80.50000000000006,-0.11500416492689136,-90.17000000000002,0,0,30.62341614779774,13.411810194776795,17.211605953020946,1574.2,1692.6,-118.39999999999986,-8,-11,0,1.8,1.6571428571428573,0.1428571428571428,0.8285714285714286,0.8,0.02857142857142858,0.35,0.4,-0.050000000000000044,0.6,0.5,0.09999999999999998,1,1
Serbia,England,-272,-36,0.3999999999999999,0.19999999999999996,0.0,-1150.13,296.28,180.0,1,0.0,-673.8500000000001,0.21007086607909964,-673.14,-4,0,-37.19685164182912,-32.89478669154331,-4.302064950285811,1622.8,1706.0,-83.20000000000005,-17,-31,0,1.8285714285714285,1.9714285714285715,-0.14285714285714302,1.2,0.8285714285714286,0.37142857142857133,0.25,0.45,-0.2,0.65,0.45,0.2,0,1
Poland,Netherlands,-235,-37,0.20000000000000018,-1.4,0.19999999999999996,-407.46000000000026,3.71,-3.47,1,0.06666666666666667,-407.22000000000025,-0.009124737828035467,-329.47999999999996,0,0,13.774970217571754,14.480821626102038,-0.7058514085302843,1587.4,1631.6,-44.19999999999982,-9,-26,0,1.6571428571428573,2.6,-0.9428571428571428,0.8,0.7714285714285715,0.02857142857142858,0.5,0.55,-0.050000000000000044,0.4,0.4,0.0,1,2
Austria,France,-231,-27,1.0,1.0,-0.6,-499.15999999999985,125.01,125.0,1,0.26666666666666666,-249.14999999999986,0.20954185156623706,-401.08,-2,0,30.94555332678808,-23.479371516051398,54.424924842839474,1827.4,1723.4,104.0,-21,-43,0,2.0285714285714285,2.6,-0.5714285714285716,0.8571428571428571,0.9428571428571428,-0.08571428571428574,0.35,0.45,-0.10000000000000003,0.55,0.45,0.10000000000000003,0,1
Romania,Ukraine,-120,-39,-0.8,-1.0,-0.19999999999999996,0.15000000000000568,-13.3,-16.9,1,0.5,-30.05000000000001,-0.13121157279279116,-13.340000000000003,0,0,17.013729734463432,17.857316473939957,-0.8435867394765246,1547.6,1608.6,-61.0,-9,3,0,1.3714285714285714,1.6571428571428573,-0.2857142857142858,0.7428571428571429,0.9714285714285714,-0.22857142857142854,0.5,0.45,0.04999999999999999,0.45,0.45,0.0,3,0
Belgium,Slovakia,199,48,0.20000000000000018,0.19999999999999973,-0.4,276.9600000000002,37.790000000000006,-8.16,1,0.5555555555555556,306.59000000000026,0.1374384427968054,235.23,0,0,16.41302712592573,22.975301088727587,-6.562273962801857,1574.8,1578.0,-3.2000000000000455,9,17,0,2.057142857142857,1.8285714285714285,0.22857142857142843,0.6,0.9142857142857143,-0.3142857142857143,0.55,0.45,0.10000000000000003,0.35,0.45,-0.10000000000000003,0,1
Turkey,Georgia,249,61,-1.2000000000000002,-1.0,0.8,340.28000000000003,-58.940000000000005,6.93,1,0.6666666666666666,288.27000000000004,-0.05840261486252596,286.01,0,0,-42.29489217580098,13.05379340231806,-55.348685578119046,1757.8,1698.2,59.59999999999991,18,33,0,1.4285714285714286,2.2,-0.7714285714285716,1.6,1.4,0.20000000000000018,0.3,0.4,-0.10000000000000003,0.6,0.5,0.09999999999999998,3,1
Portugal,Czech Republic,227,36,-1.2,-0.6000000000000001,0.8,751.0799999999999,0,0,1,1.0,751.0799999999999,0.0,545.3199999999999,0,0,-12.30649550736378,10.5821657868453,-22.88866129420908,1687.2,1473.6,213.60000000000014,24,28,0,3.085714285714286,2.085714285714286,1.0,0.9714285714285714,1.0857142857142856,-0.11428571428571421,0.55,0.25,0.30000000000000004,0.35,0.55,-0.20000000000000007,2,1
Germany,Hungary,254,46,0.8,0.6000000000000001,-0.4,581.0300000000001,4.409999999999999,-12.86,1,0.5333333333333333,572.5800000000002,0.049597100041759656,448.56999999999994,0,0,18.472963117241967,17.35458567690637,1.1183774403355962,1850.2,1751.6,98.60000000000014,26,32,0,1.8857142857142857,1.7428571428571429,0.1428571428571428,1.2857142857142858,1.0,0.2857142857142858,0.2,0.45,-0.25,0.65,0.5,0.15000000000000002,2,0
Scotland,Switzerland,-106,-20,-1.4000000000000001,-0.8,2.0,-137.64999999999998,1.46,2.65,1,0.0,-133.53999999999996,0.012225349354695214,-125.34,0,0,-42.942598426036696,-28.574830026894457,-14.36776839914224,1604.4,1680.0,-75.59999999999991,-24,-22,0,1.457142857142857,1.7714285714285714,-0.3142857142857143,1.9714285714285715,0.9714285714285714,1.0,0.35,0.35,0.0,0.5,0.5,0.0,1,1
Croatia,Albania,259,62,1.2,0.20000000000000018,-0.5999999999999999,70.59999999999997,-3.83,0,1,0.5,66.76999999999998,-0.01196837598825029,138.78000000000003,0,0,-4.574037434996791,-0.09283215652948762,-4.4812052784673035,1660.8,1503.6,157.20000000000005,25,48,0,1.5142857142857142,1.4,0.11428571428571432,0.8,0.9714285714285714,-0.17142857142857137,0.45,0.35,0.10000000000000003,0.4,0.45,-0.04999999999999999,2,2
Spain,Italy,291,22,-0.6000000000000001,1.8000000000000003,0.6,320.03,117.38000000000001,0,1,0.7333333333333333,437.40999999999997,0.24187720325115236,255.03000000000003,0,0,-7.3559444886207315,27.80522165938755,-35.16116614800828,1692.4,1738.4,-46.0,7,5,0,2.914285714285714,1.7428571428571429,1.1714285714285713,0.7714285714285715,0.9428571428571428,-0.17142857142857137,0.45,0.4,0.04999999999999999,0.45,0.55,-0.10000000000000003,1,0
Slovenia,Serbia,-72,-26,0.40000000000000013,0.20000000000000018,0.0,-58.270000000000095,12.779999999999998,0,1,0.4,-45.490000000000094,0.018850873762241926,9.320000000000007,0,0,34.95276211500317,-33.32215842677552,68.2749205417787,1573.2,1653.4,-80.20000000000005,0,5,0,1.6857142857142857,1.6857142857142857,0.0,0.8571428571428571,1.2,-0.34285714285714286,0.35,0.25,0.09999999999999998,0.6,0.6,0.0,1,1
Denmark,England,-174,-21,0.8000000000000003,0.40000000000000013,-0.20000000000000007,-1147.4900000000002,328.65,180.0,1,0.26666666666666666,-638.8400000000003,0.3439259047682329,-573.65,-4,0,8.796807283179868,-22.639333138111034,31.4361404212909,1711.2,1743.2,-32.0,-9,-15,0,1.5714285714285714,1.9142857142857144,-0.34285714285714297,0.8285714285714286,0.6857142857142857,0.1428571428571429,0.35,0.5,-0.15000000000000002,0.55,0.4,0.15000000000000002,1,1
Poland,Austria,-116,-17,0.0,0.0,0.19999999999999996,-442.72,5.3,-3.47,1,0.7333333333333333,-440.8900000000001,-0.007072809886373932,-149.72000000000003,0,0,6.889427231437207,36.02898655921191,-29.139559327774702,1719.6,1848.0,-128.4000000000001,13,23,0,1.6,1.9142857142857144,-0.3142857142857143,0.9714285714285714,0.8857142857142857,0.08571428571428574,0.45,0.35,0.10000000000000003,0.45,0.5,-0.04999999999999999,1,3
Netherlands,France,-112,-7,0.3999999999999999,1.6,-0.20000000000000007,-534.4199999999996,126.60000000000001,125.0,1,0.2,-282.8199999999997,0.2115937795078986,-221.32000000000005,-2,0,13.888408596431232,-21.520240659642596,35.40864925607383,1761.0,1740.6,20.40000000000009,1,6,0,2.4857142857142858,2.5142857142857142,-0.02857142857142847,0.8571428571428571,0.8571428571428571,0.0,0.5,0.5,0.0,0.45,0.4,0.04999999999999999,0,0
Slovakia,Ukraine,-64,-26,0.6000000000000001,0.6000000000000001,-0.7999999999999999,33.019999999999925,-39.800000000000004,0,1,0.4666666666666667,-6.780000000000086,-0.14993287334737326,26.28,0,0,41.31934615319987,-2.2644859104175543,43.58383206361742,1635.2,1614.8,20.40000000000009,-5,1,0,1.8285714285714285,1.542857142857143,0.2857142857142856,0.8571428571428571,1.1714285714285715,-0.3142857142857144,0.45,0.4,0.04999999999999999,0.45,0.45,0.0,1,2
Belgium,Romania,255,61,0.40000000000000013,0.19999999999999996,-0.20000000000000007,309.83000000000015,11.29,8.739999999999998,1,0.5,329.86000000000024,0.1187171422422233,274.85,0,0,0.34546453555267087,30.997546103814695,-30.652081568262023,1641.4,1516.2,125.20000000000005,13,15,0,1.8285714285714285,1.542857142857143,0.2857142857142856,0.6571428571428571,0.7142857142857143,-0.05714285714285716,0.55,0.5,0.050000000000000044,0.3,0.45,-0.15000000000000002,2,0
Georgia,Czech Republic,-90,-32,-1.0,-1.4,0.19999999999999996,-29.969999999999914,-2.01,-6.93,1,0.5,-38.90999999999991,-0.0735923608824498,15.569999999999993,0,0,15.328518707304337,9.149233613747043,6.179285093557294,1719.6,1613.0,106.59999999999991,-12,-29,0,2.1142857142857143,2.057142857142857,0.057142857142857384,1.542857142857143,1.1714285714285715,0.37142857142857144,0.35,0.25,0.09999999999999998,0.55,0.6,-0.04999999999999993,1,1
Turkey,Portugal,-68,-7,-1.0,-1.0,0.6000000000000001,-440.7699999999998,-60.95,0,1,0.25,-501.7199999999998,-0.13199497574497576,-243.74,0,0,-29.38233478134468,-8.770208461942289,-20.612126319402392,1745.0,1692.6,52.40000000000009,-18,-24,0,1.5714285714285714,2.7714285714285714,-1.2,1.6285714285714286,0.9428571428571428,0.6857142857142857,0.25,0.55,-0.30000000000000004,0.65,0.35,0.30000000000000004,0,3
Germany,Switzerland,68,8,0.3999999999999999,0.20000000000000018,0.0,497.90000000000015,-4.210000000000001,-12.35,1,0.5333333333333333,481.34000000000015,-0.008907271025538122,395.0899999999999,0,0,9.35508607412038,-31.717317862405086,41.07240393652546,1778.8,1667.4,111.39999999999986,3,17,0,1.9142857142857144,1.7714285714285714,0.14285714285714302,1.2571428571428571,1.0,0.2571428571428571,0.2,0.35,-0.14999999999999997,0.65,0.55,0.09999999999999998,1,1
Scotland,Hungary,80,18,-0.19999999999999996,-0.19999999999999996,0.40000000000000013,-54.519999999999996,10.08,2.14,1,0.5,-42.30000000000001,0.07072972042199299,-71.85999999999999,0,0,-35.912032155265095,12.78762107710719,-48.699653232372285,1592.6,1765.0,-172.4000000000001,-1,-7,0,1.4,1.5714285714285714,-0.17142857142857149,1.8285714285714285,1.1428571428571428,0.6857142857142857,0.35,0.4,-0.050000000000000044,0.5,0.5,0.0,0,1
Albania,Spain,-515,-76,-1.2000000000000002,-1.5999999999999999,0.3999999999999999,-580.5999999999999,15.49,0,1,0.0,-565.1099999999999,0.018662425753906642,-566.33,0,0,-6.112994843116352,-4.359634316912005,-1.7533605262043475,1536.8,1675.0,-138.20000000000005,-23,-57,0,1.4857142857142858,2.742857142857143,-1.2571428571428571,1.0,0.7142857142857143,0.2857142857142857,0.35,0.5,-0.15000000000000002,0.45,0.4,0.04999999999999999,0,1
Croatia,Italy,35,8,0.0,0.6000000000000001,0.7999999999999999,-189.97000000000003,129.04,0,1,0.6,-60.93000000000001,0.2485712530168087,-172.51999999999998,0,0,-17.17061957662058,18.024294234942694,-35.194913811563275,1729.4,1832.4,-103.0,9,-4,0,1.6285714285714286,1.5714285714285714,0.05714285714285716,0.9714285714285714,0.8285714285714286,0.1428571428571428,0.4,0.4,0.0,0.45,0.5,-0.04999999999999999,1,1
England,Slovenia,344,62,-0.19999999999999996,0.0,0.0,1208.4000000000003,-309.06,-180.0,1,0.8666666666666667,719.3400000000003,-0.22892173984134156,663.8199999999999,4,0,-31.337796300664277,32.04222385061115,-63.38002015127543,1714.6,1665.4,49.19999999999982,17,26,0,1.7428571428571429,1.5714285714285714,0.17142857142857149,0.6571428571428571,0.8571428571428571,-0.19999999999999996,0.5,0.35,0.15000000000000002,0.4,0.6,-0.19999999999999996,0,0
Denmark,Serbia,98,15,0.8000000000000003,0.6000000000000001,0.0,2.639999999999958,32.37,0,1,1.0,35.00999999999996,0.1338550386891333,99.49000000000002,0,0,11.222121283590292,-24.07731048546144,35.29943176905173,1737.4,1704.0,33.40000000000009,8,16,0,1.6,1.6285714285714286,-0.02857142857142847,0.8571428571428571,1.1714285714285715,-0.3142857142857144,0.35,0.2,0.14999999999999997,0.55,0.65,-0.09999999999999998,0,0
Netherlands,Austria,119,20,0.0,-0.19999999999999973,-0.4,-35.25999999999976,1.5899999999999999,0,1,1.0,-33.669999999999845,0.0020519279416615355,179.75999999999993,0,0,13.153302348104713,36.25919760098445,-23.105895252879737,1816.4,1857.0,-40.59999999999991,22,49,0,2.257142857142857,2.0285714285714285,0.22857142857142865,0.8285714285714286,0.8857142857142857,-0.05714285714285705,0.5,0.35,0.15000000000000002,0.45,0.55,-0.10000000000000003,2,3
France,Poland,347,44,0.8000000000000003,0.0,-0.9999999999999999,941.8799999999999,-130.31,-121.53,1,0.8333333333333334,690.04,-0.20246904167986313,550.8,2,0,-11.755973701444644,12.453909674463299,-24.209883375907943,1738.8,1817.8,-79.0,8,20,0,2.4857142857142858,1.5142857142857142,0.9714285714285715,0.7142857142857143,1.1428571428571428,-0.4285714285714285,0.55,0.4,0.15000000000000002,0.4,0.5,-0.09999999999999998,1,1
Slovakia,Romania,56,13,1.0,1.2000000000000002,-0.4,32.86999999999992,-26.500000000000004,16.9,1,0.3333333333333333,23.269999999999925,-0.0187213005545821,39.620000000000005,0,0,32.879154497683906,14.61089949454392,18.268255003139984,1615.8,1573.0,42.799999999999955,4,-2,0,1.8,1.457142857142857,0.34285714285714297,0.9142857142857143,0.7714285714285715,0.1428571428571428,0.45,0.5,-0.04999999999999999,0.45,0.45,0.0,1,1
Ukraine,Belgium,-135,-22,-0.6000000000000001,-0.40000000000000013,0.7999999999999999,-309.98000000000013,2.01,8.16,1,0.5,-299.8100000000002,0.01249443055056787,-261.51,0,0,12.540103037136946,3.1821807092650864,9.35792232787186,1639.2,1624.0,15.200000000000045,-4,-18,0,1.542857142857143,1.8571428571428572,-0.3142857142857143,1.1714285714285715,0.6285714285714286,0.5428571428571429,0.35,0.6,-0.25,0.5,0.3,0.2,0,0
Georgia,Portugal,-317,-68,-0.7999999999999998,-1.2000000000000002,0.0,-781.0499999999998,-2.01,-6.93,1,0.0,-789.9899999999998,-0.0735923608824498,-529.75,0,0,18.90432932718647,-3.8729445895929326,22.777273916779404,1636.8,1735.4,-98.60000000000014,-36,-57,0,2.0,2.8857142857142857,-0.8857142857142857,1.2857142857142858,0.8285714285714286,0.4571428571428572,0.35,0.55,-0.20000000000000007,0.55,0.35,0.20000000000000007,2,0
Czech Republic,Turkey,-159,-29,1.2,1.6,-1.2,-310.3100000000001,60.95,0,1,0.4,-249.36000000000013,0.13199497574497576,-301.58,0,0,7.419416546887314,-28.991600831735788,36.4110173786231,1560.0,1796.0,-236.0,-6,-4,0,2.057142857142857,1.457142857142857,0.5999999999999999,1.1428571428571428,1.7428571428571429,-0.6000000000000001,0.25,0.2,0.04999999999999999,0.65,0.65,0.0,1,2
Switzerland,Italy,35,7,0.19999999999999996,1.2,0.20000000000000007,-259.9800000000001,130.55,-2.65,1,0.26666666666666666,-132.08000000000007,0.240659629005059,-229.35,0,0,-21.474027862224098,18.291679293545826,-39.765707155769924,1719.0,1824.0,-105.0,5,-27,0,1.7142857142857142,1.457142857142857,0.2571428571428571,1.0,0.9142857142857143,0.08571428571428574,0.3,0.35,-0.04999999999999999,0.6,0.55,0.04999999999999993,2,0
Germany,Denmark,111,17,0.40000000000000013,0.6000000000000001,-0.20000000000000007,502.9200000000001,-0.1800000000000006,-15.0,1,0.4,487.7400000000001,-0.0028667877207785297,398.94999999999993,0,0,0.38216287301101204,6.954411678645288,-6.572248805634276,1767.0,1807.8,-40.799999999999955,6,9,0,1.8285714285714285,1.4,0.4285714285714286,1.2285714285714286,0.8285714285714286,0.4,0.2,0.35,-0.14999999999999997,0.65,0.55,0.09999999999999998,2,0
England,Slovakia,352,64,-0.3999999999999999,-1.2000000000000002,-0.19999999999999996,1129.4500000000003,-292.65999999999997,-180.0,1,0.8666666666666667,656.7900000000003,-0.20887003646474978,566.22,4,0,-43.88707945422709,34.45131195206144,-78.33839140628854,1676.4,1557.0,119.40000000000009,19,30,0,1.6571428571428573,1.7714285714285714,-0.1142857142857141,0.6,0.8285714285714286,-0.22857142857142865,0.5,0.45,0.04999999999999999,0.4,0.45,-0.04999999999999999,2,1
Spain,Georgia,504,74,1.4,1.6,-0.8,708.53,-13.48,6.93,1,0.8,701.98,0.05492993512854316,550.59,0,0,-5.59214393574721,39.70031860558711,-45.29246254133432,1603.2,1750.8,-147.5999999999999,27,56,0,2.4857142857142858,2.0,0.48571428571428577,0.6285714285714286,1.2285714285714286,-0.6000000000000001,0.5,0.35,0.15000000000000002,0.4,0.55,-0.15000000000000002,4,1
France,Belgium,193,18,-0.19999999999999996,-0.3999999999999999,0.0,634.4499999999997,-125.76,-116.84,1,0.5333333333333333,391.8499999999997,-0.1938526551217047,317.99,2,0,-26.250234828144766,-9.4296239901684,-16.820610837976368,1736.8,1566.4,170.39999999999986,5,8,0,2.342857142857143,1.6857142857142857,0.6571428571428573,0.6857142857142857,0.45714285714285713,0.2285714285714286,0.55,0.65,-0.09999999999999998,0.4,0.25,0.15000000000000002,1,0
Portugal,Slovenia,282,59,0.40000000000000013,0.8,0.19999999999999996,718.4599999999999,25.94,0,1,0.0,744.3999999999999,0.14092464823165096,557.5699999999999,0,0,-23.14496102015932,32.23092864717223,-55.37588966733155,1767.0,1677.8,89.20000000000005,22,36,0,2.6,1.457142857142857,1.142857142857143,0.8857142857142857,0.8285714285714286,0.05714285714285705,0.55,0.4,0.15000000000000002,0.3,0.55,-0.25000000000000006,0,0
Romania,Netherlands,-336,-72,-0.8,-1.5999999999999999,-0.20000000000000007,-409.86000000000024,-12.129999999999999,-16.9,1,0.2,-438.8900000000002,-0.1364582666284172,-371.52,0,0,19.959659665948383,6.739732658761517,13.219927007186865,1518.4,1790.8,-272.39999999999986,-19,-29,0,1.457142857142857,2.342857142857143,-0.8857142857142859,0.7428571428571429,0.9428571428571428,-0.19999999999999996,0.5,0.5,0.0,0.45,0.45,0.0,0,3
Austria,Turkey,-61,-15,0.6000000000000001,0.6000000000000001,-0.19999999999999996,213.50999999999993,55.650000000000006,0,1,0.4666666666666667,269.15999999999997,0.12414626337807078,-64.08999999999997,0,0,58.46696969164622,-33.244396649259734,91.71136634090595,1868.6,1776.4,92.19999999999982,-13,-34,0,2.057142857142857,1.4857142857142858,0.5714285714285712,0.8857142857142857,1.5714285714285714,-0.6857142857142857,0.35,0.2,0.14999999999999997,0.6,0.65,-0.050000000000000044,1,2
Germany,Spain,-188,-7,-0.3999999999999999,-0.3999999999999999,0.19999999999999996,-82.1099999999999,8.96,-15.0,1,0.4,-88.14999999999986,-0.010124845271631489,-89.29000000000008,0,0,10.119565224474053,-8.584020066100166,18.703585290574217,1789.8,1716.4,73.39999999999986,1,-15,0,1.9142857142857144,2.6285714285714286,-0.7142857142857142,1.1428571428571428,0.6857142857142857,0.4571428571428571,0.25,0.5,-0.25,0.6,0.4,0.19999999999999996,1,2
Portugal,France,-102,-5,0.19999999999999996,1.0,0.39999999999999997,-271.9,130.31,125.0,1,0.3333333333333333,-16.590000000000032,0.21739056393314204,-93.25,-2,0,-29.899842598029995,-24.671456387217486,-5.228386210812509,1724.4,1832.6,-108.19999999999982,10,15,0,2.342857142857143,2.1714285714285713,0.1714285714285717,0.8,0.6285714285714286,0.17142857142857149,0.6,0.6,0.0,0.25,0.35,-0.09999999999999998,0,0
England,Switzerland,131,12,-0.19999999999999996,-0.8,-0.20000000000000007,1142.4700000000003,-332.68,-177.35,1,0.8666666666666667,632.4400000000003,-0.3499663880729925,569.79,4,0,-47.112954542372464,-5.4976060715213,-41.61534847085116,1693.8,1822.2,-128.4000000000001,6,23,0,1.5714285714285714,1.7428571428571429,-0.17142857142857149,0.6571428571428571,0.9428571428571428,-0.2857142857142857,0.45,0.35,0.10000000000000003,0.45,0.6,-0.14999999999999997,1,1
Netherlands,Turkey,58,5,0.19999999999999996,0.6000000000000001,-0.8,178.25000000000017,57.24,0,1,0.4666666666666667,235.49000000000012,0.1261981913197323,115.66999999999996,0,0,4.564749510913676,-25.585185700856364,30.14993521177004,1749.0,1771.4,-22.40000000000009,9,15,0,2.4,1.5142857142857142,0.8857142857142857,0.9428571428571428,1.6,-0.6571428571428573,0.5,0.2,0.3,0.45,0.65,-0.2,2,1
Spain,France,85,1,1.2,1.6,0.2,-344.41999999999985,114.82000000000001,125.0,1,0.4666666666666667,-104.59999999999991,0.1987281381792354,-72.40999999999997,-2,0,-3.680794873561789,-27.590972298199546,23.91017742463776,1791.2,1860.0,-68.79999999999995,1,14,0,2.5428571428571427,1.7142857142857142,0.8285714285714285,0.6571428571428571,0.6285714285714286,0.02857142857142858,0.5,0.6,-0.09999999999999998,0.4,0.35,0.050000000000000044,2,1
Netherlands,England,-72,-5,0.19999999999999996,0.8,0.4,-752.46,331.29,180.0,1,0.6666666666666666,-241.17000000000007,0.3640496036477491,-234.32000000000005,-4,0,9.059195445054655,-51.00422899191166,60.063424436966315,1817.8,1762.4,55.399999999999864,-4,1,0,2.342857142857143,1.5142857142857142,0.8285714285714287,1.0,0.7142857142857143,0.2857142857142857,0.5,0.4,0.09999999999999998,0.45,0.5,-0.04999999999999999,1,2
Spain,England,125,3,1.2,0.8,-0.20000000000000007,-562.4600000000003,319.51,180.0,1,0.4666666666666667,-62.95000000000027,0.3511839623190859,-85.40999999999997,-4,0,2.8785489590002484,-34.38396014679937,37.262509105799616,1825.4,1802.4,23.0,-4,9,0,2.5428571428571427,1.6,0.9428571428571426,0.7142857142857143,0.7142857142857143,0.0,0.45,0.4,0.04999999999999999,0.45,0.5,-0.04999999999999999,2,1
United States Virgin Islands,Bahamas,-110,-16,0.2,-0.19999999999999996,-2.0,2.6499999999999986,0.05,-0.16,1,0.5,2.5399999999999983,0.0725901253918495,0.6299999999999999,0,0,-26.2862617066399,-16.37407017449193,-9.912191532147968,1145.4,1347.4,-202.0,1,2,0,0.6571428571428571,0.8571428571428571,-0.19999999999999996,2.1142857142857143,3.342857142857143,-1.2285714285714286,0.05,0.1,-0.05,0.45,0.5,-0.04999999999999999,3,3
Turks and Caicos Islands,Anguilla,63,8,0.19999999999999996,0.39999999999999997,-1.6,-1.9699999999999986,0.03,0,1,0.3333333333333333,-1.9399999999999988,0.008849557522123797,-1.2399999999999998,0,0,8.847630894136888,-16.487472157415347,25.335103051552235,1104.6,1294.2,-189.60000000000014,-3,-1,0,1.1428571428571428,0.22857142857142856,0.9142857142857143,2.742857142857143,3.942857142857143,-1.2000000000000002,0.15,0.1,0.04999999999999999,0.55,0.2,0.35000000000000003,0,2
Cayman Islands,British Virgin Islands,128,19,0.7999999999999999,0.6,0.20000000000000018,-1.829999999999999,-0.01,-0.23,1,0.3333333333333333,-2.069999999999999,-0.14814814814814814,0.4200000000000004,0,0,-22.66138658477294,4.265669178973751,-26.927055763746694,1215.2,1280.6,-65.39999999999986,1,3,0,0.9714285714285714,0.7714285714285715,0.19999999999999996,2.3714285714285714,2.6285714285714286,-0.2571428571428571,0.2,0.05,0.15000000000000002,0.5,0.5,0.0,1,0
Guyana,Suriname,-97,-88,-1.0000000000000002,-0.7999999999999998,0.7999999999999999,32.74,-0.51,5.67,1,0.25,37.9,0.12666395267582486,50.739999999999995,0,0,1.4975744351006384,-3.9583881116660296,5.455962546766668,1478.2,1404.4,73.79999999999995,-7,-4,0,2.085714285714286,2.0,0.08571428571428585,1.542857142857143,1.0285714285714285,0.5142857142857145,0.2,0.3,-0.09999999999999998,0.55,0.45,0.10000000000000003,1,3
Costa Rica,Guadeloupe,126,33,-0.3999999999999999,-0.7999999999999998,0.19999999999999996,212.92999999999995,-68.09,0,1,0.5,144.83999999999995,-0.26158278908951216,74.74000000000001,0,0,-4.331759729926887,-19.013841578627122,14.682081848700236,1624.4,1335.2,289.20000000000005,121,117,0,1.5142857142857142,2.1714285714285713,-0.657142857142857,1.542857142857143,0.7142857142857143,0.8285714285714286,0.35,0.35,0.0,0.45,0.35,0.10000000000000003,3,0
Guatemala,Martinique,100,37,-0.20000000000000018,1.6,0.3999999999999999,155.65999999999994,-12.950000000000001,1.98,1,0.5,144.68999999999994,-0.008307444204156744,163.48,0,0,-21.221831831759868,11.637221121323368,-32.859052953083236,1532.4,1580.6,-48.19999999999982,67,69,0,1.2857142857142858,0.7142857142857143,0.5714285714285715,1.0571428571428572,1.2,-0.1428571428571428,0.4,0.35,0.050000000000000044,0.25,0.4,-0.15000000000000002,3,1
Montserrat,El Salvador,-200,-75,-0.40000000000000013,0.6000000000000001,2.0,-59.90999999999999,0.5900000000000001,0,1,0.1111111111111111,-59.319999999999986,-0.0269736203977069,-24.730000000000004,0,0,22.074726938392406,22.975310734952938,-0.9005837965605323,1512.2,1567.8,-55.59999999999991,-66,-63,0,1.3142857142857143,0.7142857142857143,0.6,2.142857142857143,1.2857142857142858,0.857142857142857,0.2,0.15,0.05000000000000002,0.55,0.4,0.15000000000000002,1,4
Bonaire,Saint Vincent and the Grenadines,-132,-41,0.19999999999999996,-0.40000000000000013,-0.6000000000000001,-37.63999999999999,0.48000000000000004,-0.04,1,0.5,-37.19999999999999,-0.0034945623404959436,-66.87,0,0,-19.899023944175315,-24.58466692826642,4.685642984091103,1246.2,1418.2,-172.0,-44,-48,0,1.7,1.6285714285714286,0.0714285714285714,1.6666666666666667,2.257142857142857,-0.5904761904761904,0.26666666666666666,0.1,0.16666666666666666,0.6666666666666666,0.75,-0.08333333333333337,1,1
Portugal,Croatia,69,8,0.0,-0.6000000000000001,-0.7999999999999999,582.5199999999999,3.83,0,1,0.6666666666666666,586.3499999999999,0.01196837598825029,406.71,0,0,-28.752766063367332,-18.78087023404515,-9.971895829322182,1796.6,1826.8,-30.200000000000045,7,12,0,2.2,1.4285714285714286,0.7714285714285716,0.7714285714285715,1.0285714285714285,-0.257142857142857,0.65,0.4,0.25,0.25,0.45,-0.2,2,1
Scotland,Poland,70,10,-0.3999999999999999,-0.40000000000000013,0.19999999999999996,-120.19999999999997,-0.86,3.47,1,0.4666666666666667,-117.58999999999997,0.007266871607974124,-131.32999999999998,0,0,-45.9612188325469,17.28739963255219,-63.248618465099085,1616.6,1888.8,-272.20000000000005,-17,-20,0,1.3142857142857143,1.542857142857143,-0.22857142857142865,1.8285714285714285,1.2285714285714286,0.5999999999999999,0.3,0.35,-0.04999999999999999,0.5,0.55,-0.050000000000000044,2,3
Denmark,Switzerland,-43,-9,-0.6000000000000001,-0.6000000000000001,0.19999999999999996,-5.019999999999925,-4.029999999999999,2.65,1,0.5555555555555556,-6.39999999999992,-0.006040483304759592,-3.859999999999985,0,0,-0.03358989976769777,2.932477902609122,-2.96606780237682,1858.4,1860.4,-2.0,-3,7,0,1.2857142857142858,1.6857142857142857,-0.3999999999999999,0.9428571428571428,0.9142857142857143,0.02857142857142858,0.3,0.35,-0.04999999999999999,0.55,0.6,-0.04999999999999993,2,0
Serbia,Spain,-397,-39,-2.0,-1.2000000000000002,0.0,-587.67,-23.229999999999997,0,1,0.16666666666666666,-610.8999999999999,-0.14111309623998625,-587.73,0,0,-22.582090779649484,24.706850075197323,-47.28894085484681,1812.0,1858.6,-46.59999999999991,-13,-44,0,1.3714285714285714,2.6,-1.2285714285714286,1.1142857142857143,0.7714285714285715,0.34285714285714286,0.25,0.4,-0.15000000000000002,0.6,0.5,0.09999999999999998,0,0
Azerbaijan,Sweden,-369,-192,0.0,0.19999999999999996,0.0,-122.81000000000002,2.33,0,1,0.25,-120.48000000000002,-0.007193398469997447,-201.27,0,0,49.82994103143465,-24.981182751216522,74.81112378265118,1685.4,1701.0,-15.599999999999909,-19,-41,0,1.2571428571428571,1.5714285714285714,-0.3142857142857143,1.7142857142857142,1.6571428571428573,0.05714285714285694,0.25,0.3,-0.04999999999999999,0.4,0.5,-0.09999999999999998,1,3
Estonia,Slovakia,-330,-175,-1.4,-1.0,2.0,-255.1899999999999,41.470000000000006,-0.08,1,0.0,-213.79999999999993,0.039648126831742125,-209.55,0,0,-22.565728411811147,28.795127096858984,-51.36085550867013,1695.6,1784.2,-88.60000000000014,-8,-18,0,0.6571428571428571,1.6857142857142857,-1.0285714285714285,2.4285714285714284,0.9714285714285714,1.4571428571428569,0.15,0.45,-0.30000000000000004,0.45,0.45,0.0,0,1
Northern Ireland,Luxembourg,195,139,0.8,0.3999999999999999,-0.6000000000000001,49.72999999999998,-3.81,0.38,1,0.6666666666666666,46.29999999999998,-0.004699299044493399,5.09,0,0,-9.097460123556308,40.42050509385808,-49.51796521741439,1689.2,1610.2,79.0,0,3,0,1.1428571428571428,1.0571428571428572,0.08571428571428563,1.457142857142857,1.9142857142857144,-0.4571428571428573,0.3,0.3,0.0,0.35,0.3,0.04999999999999999,2,0
Belarus,Bulgaria,52,35,0.0,-0.8,0.6000000000000001,-33.030000000000015,0.21999999999999975,0,1,0.4,-32.81000000000002,-0.022159534294693417,-22.340000000000003,0,0,-10.65548801615817,-0.7362500142215715,-9.919238001936598,1561.4,1670.8,-109.39999999999986,-2,-1,0,0.5428571428571428,0.9428571428571428,-0.4,1.6,1.3428571428571427,0.25714285714285734,0.3,0.25,0.04999999999999999,0.35,0.5,-0.15000000000000002,0,0
San Marino,Liechtenstein,-33,-1,-0.2,0.39999999999999997,0.8,-0.13999999999999999,0.02,0.02,1,0.26666666666666666,-0.09999999999999998,0.13793103448275867,-0.18,0,0,3.4257389936945923,13.062543897832537,-9.636804904137945,1430.4,1459.6,-29.199999999999818,-2,-2,0,0.4,0.17142857142857143,0.2285714285714286,2.6285714285714286,2.2285714285714286,0.3999999999999999,0.1,0.05,0.05,0.3,0.15,0.15,1,0
French Guiana,Nicaragua,-132,-111,0.40000000000000013,0.19999999999999996,0.19999999999999996,-63.019999999999996,6.109999999999999,0,1,0.5,-56.91,-0.048907525615964786,-21.84,0,0,11.011838704955467,5.124206392876337,5.8876323120791305,1371.6,1460.6,-89.0,-23,-23,0,1.457142857142857,1.9714285714285715,-0.5142857142857145,1.1714285714285715,0.9428571428571428,0.22857142857142865,0.35,0.35,0.0,0.35,0.4,-0.050000000000000044,0,1
Jamaica,Cuba,287,164,0.8,0.19999999999999996,-2.0,139.02999999999997,0.56,-37.91,1,0.6,101.67999999999999,-0.19498668062337543,48.22,0,0,30.029100412113415,31.378266479678782,-1.349166067565367,1582.6,1563.2,19.399999999999864,38,42,0,1.3142857142857143,1.0285714285714285,0.2857142857142858,1.1714285714285715,1.7714285714285714,-0.5999999999999999,0.35,0.5,-0.15000000000000002,0.55,0.25,0.30000000000000004,0,0
Honduras,Trinidad and Tobago,105,22,-0.8000000000000003,-0.3999999999999999,0.5999999999999999,193.79999999999998,-10.42,-10.42,1,1.0,172.96,-0.09663358991004345,24.179999999999993,0,0,-4.892631967332581,27.272504066202714,-32.1651360335353,1538.8,1428.4,110.39999999999986,14,14,0,1.6857142857142857,2.0285714285714285,-0.34285714285714275,1.0571428571428572,1.1428571428571428,-0.08571428571428563,0.35,0.45,-0.10000000000000003,0.35,0.45,-0.10000000000000003,4,0
Saint Lucia,Curaçao,-334,-175,-1.8000000000000003,-1.8,0.40000000000000013,-194.82000000000005,17.58,0,1,0.5,-177.24000000000004,0.02456342999440697,-189.14000000000001,0,0,32.849144390655105,-32.27413315613007,65.12327754678518,1433.8,1388.4,45.399999999999864,-8,-4,0,1.3714285714285714,1.3714285714285714,0.0,1.1428571428571428,1.7428571428571429,-0.6000000000000001,0.3,0.15,0.15,0.45,0.5,-0.04999999999999999,2,1
Grenada,Saint Martin,9,2,-2.1999999999999997,-3.6,2.4000000000000004,-11.94,1.63,-0.03,1,0.5,-10.34,0.08314913675357294,2.9700000000000006,0,0,-17.36644614462482,7.585385491216451,-24.951831635841273,1584.6,1194.4,390.1999999999998,25,25,0,0.9142857142857143,2.6857142857142855,-1.7714285714285714,2.742857142857143,1.2571428571428571,1.4857142857142858,0.1,0.3,-0.19999999999999998,0.6,0.55,0.04999999999999993,2,0
Sint Maarten,Aruba,119,25,-0.19999999999999996,-1.2000000000000002,0.3999999999999999,6.16,-1.05,-0.16,1,0.5,4.949999999999999,-0.07756410256410262,-2.16,0,0,-24.335542616527036,23.36977614644927,-47.705318762976304,1423.0,1334.6,88.40000000000009,-20,-18,0,1.6285714285714286,1.7428571428571429,-0.11428571428571432,2.4285714285714284,2.1142857142857143,0.31428571428571406,0.05,0.1,-0.05,0.8,0.5,0.30000000000000004,2,0
Puerto Rico,Haiti,-237,-136,0.0,1.0,-0.6000000000000001,-89.53999999999999,-18.43,0,1,0.5,-107.97,-0.19496456151486308,-103.20000000000002,0,0,-20.10758960735564,-10.520638129789704,-9.586951477565934,1252.8,1498.0,-245.20000000000005,-22,-22,0,3.0,2.2857142857142856,0.7142857142857144,1.0857142857142856,1.2,-0.11428571428571432,0.4,0.4,0.0,0.45,0.5,-0.04999999999999999,1,4
Belgium,Israel,278,65,0.19999999999999996,-0.6000000000000001,-1.4,472.4300000000002,0.16999999999999993,2.9800000000000004,1,1.0,475.58000000000027,0.21125113634030224,388.40999999999997,0,0,-10.008187520079108,-10.87857988339744,0.8703923633183326,1689.0,1479.2,209.79999999999995,19,38,0,1.5714285714285714,1.4857142857142858,0.08571428571428563,0.5142857142857142,1.5142857142857142,-1.0,0.6,0.15,0.44999999999999996,0.25,0.7,-0.44999999999999996,3,1
France,Italy,206,21,-0.19999999999999996,-0.20000000000000007,-0.4,664.4499999999998,2.5600000000000023,-125.0,1,0.6666666666666666,542.0099999999999,0.04314906507191696,327.44,2,0,-27.96932640416821,14.850975685633152,-42.82030208980136,1923.2,1823.8,99.40000000000009,6,-7,0,1.6285714285714286,1.3714285714285714,0.2571428571428571,0.6571428571428571,1.0,-0.34285714285714286,0.6,0.3,0.3,0.35,0.55,-0.20000000000000007,1,3
Kazakhstan,Norway,-494,-207,-0.4,-0.6000000000000001,0.5999999999999999,-481.53,-0.5,32.09,1,0.5,-449.93999999999994,0.04971408929509835,-255.61000000000004,0,0,-1.779323083299956,-25.22434712091591,23.44502403761595,1502.8,1743.8,-241.0,-4,-7,0,1.3142857142857143,1.9142857142857144,-0.6000000000000001,1.7714285714285714,1.3142857142857143,0.4571428571428571,0.2,0.25,-0.04999999999999999,0.6,0.6,0.0,0,0
Slovenia,Austria,-153,-37,-0.3999999999999999,-1.0,-0.7999999999999999,-491.20000000000005,-20.64,0,1,0.0,-511.84000000000003,-0.13307593586474598,-249.74,0,0,44.39938384791683,49.10470470857692,-4.705320860660088,1796.0,1897.0,-101.0,9,22,0,1.3142857142857143,2.0285714285714285,-0.7142857142857142,0.7142857142857143,0.9428571428571428,-0.22857142857142854,0.45,0.35,0.10000000000000003,0.5,0.6,-0.09999999999999998,1,1
Iceland,Montenegro,99,101,0.6000000000000001,0.6000000000000001,-0.20000000000000018,34.72000000000001,2.38,9.39,1,0.0,46.490000000000016,0.20758715084705337,-39.2,0,0,36.56132511893441,31.439877757488915,5.121447361445497,1788.0,1646.6,141.4000000000001,23,51,0,1.4857142857142858,1.2285714285714286,0.2571428571428571,1.4,1.5142857142857142,-0.11428571428571432,0.3,0.3,0.0,0.4,0.45,-0.04999999999999999,2,0
Wales,Turkey,-185,-36,-0.6000000000000001,-0.6000000000000001,-0.40000000000000013,-332.58000000000004,51.99,0,1,0.4444444444444444,-280.59000000000003,0.06263439361151846,-306.13,0,0,2.530395180692787,-45.836008794603195,48.36640397529598,1561.0,1818.4,-257.4000000000001,-11,-25,0,1.1714285714285715,1.4285714285714286,-0.2571428571428571,1.1714285714285715,1.6285714285714286,-0.4571428571428571,0.3,0.2,0.09999999999999998,0.45,0.65,-0.2,0,0
Kosovo,Romania,94,33,-0.19999999999999996,-0.4,0.19999999999999996,-45.390000000000015,7.82,15.629999999999999,1,0.16666666666666666,-21.940000000000026,0.09197360485318429,-56.0,0,0,-39.749764583012805,16.564450936622134,-56.31421551963494,1665.0,1623.4,41.59999999999991,-46,-102,0,0.9714285714285714,1.2285714285714286,-0.25714285714285723,1.3142857142857143,0.9714285714285714,0.34285714285714286,0.2,0.5,-0.3,0.5,0.4,0.09999999999999998,0,3
Lithuania,Cyprus,-28,-9,0.0,-0.8,-0.19999999999999996,2.9199999999999946,-1.7599999999999998,0,1,0.0,1.159999999999993,-0.13483178109798,1.0899999999999999,0,0,22.399494020013805,-7.150277910944414,29.54977193095822,1314.6,1288.6,26.0,-4,-6,0,0.8,1.0571428571428572,-0.2571428571428571,1.4,2.342857142857143,-0.9428571428571431,0.2,0.1,0.1,0.35,0.5,-0.15000000000000002,0,1
Bermuda,Dominican Republic,-176,-128,-0.3999999999999999,-0.19999999999999996,1.4,-12.739999999999998,1.1499999999999997,1.16,1,0.5,-10.43,-0.02180445813146692,-41.31,0,0,-11.190984073384211,-24.1235439542844,12.93255988090019,1400.2,1436.0,-35.799999999999955,3,0,0,1.1428571428571428,1.7142857142857142,-0.5714285714285714,2.2285714285714286,1.3428571428571427,0.8857142857142859,0.25,0.35,-0.09999999999999998,0.6,0.4,0.19999999999999996,2,3
Antigua and Barbuda,Dominica,-32,-5,-0.9999999999999999,-0.3999999999999999,0.3999999999999999,-6.010000000000002,0.43999999999999995,-0.19,1,0.8,-5.760000000000001,-0.09228664632221395,-8.98,0,0,-5.045393410828719,-15.796118230525003,10.750724819696284,1314.4,1296.8,17.600000000000136,12,16,0,1.1714285714285715,1.2285714285714286,-0.05714285714285716,2.4285714285714284,1.7142857142857142,0.7142857142857142,0.25,0.25,0.0,0.45,0.5,-0.04999999999999999,1,2
Bahamas,Barbados,-96,-12,0.4,0.19999999999999996,-0.20000000000000018,-13.09,2.05,-0.04,1,0.5,-11.080000000000002,0.014647762078845994,-2.2600000000000002,0,0,-17.62972413501801,-28.281314299800194,10.651590164782185,1312.6,1529.8,-217.20000000000005,-14,-16,0,1.0571428571428572,0.9428571428571428,0.11428571428571432,3.342857142857143,3.3142857142857145,0.02857142857142847,0.1,0.0,0.1,0.5,0.55,-0.050000000000000044,2,3
Turks and Caicos Islands,Belize,-248,-43,-0.20000000000000007,-0.4,-0.8000000000000003,-2.7399999999999984,0,0,1,0.0,-2.7399999999999984,0.0,-8.94,0,0,0.5268897524572473,6.371539436139578,-5.844649683682331,1063.6,1464.0,-400.4000000000001,-13,-16,0,0.9428571428571428,0.8,0.1428571428571428,2.5428571428571427,1.7714285714285714,0.7714285714285714,0.15,0.15,0.0,0.5,0.35,0.15000000000000002,0,4
Cayman Islands,Saint Kitts and Nevis,-179,-38,0.40000000000000013,0.19999999999999996,-0.19999999999999996,-7.1099999999999985,-0.01,-0.23,1,0.5,-7.349999999999998,-0.14814814814814814,-1.5999999999999996,0,0,-12.661386584772941,-28.010984392455356,15.349597807682414,1177.8,1222.8,-45.0,-15,-16,0,0.9428571428571428,1.0285714285714285,-0.08571428571428563,2.2857142857142856,1.6285714285714286,0.657142857142857,0.2,0.3,-0.09999999999999998,0.5,0.3,0.2,1,4
Germany,Hungary,254,46,0.8,1.0000000000000002,-0.5999999999999999,581.0300000000001,4.409999999999999,-12.86,1,0.5333333333333333,572.5800000000002,0.049597100041759656,448.56999999999994,0,0,16.96268444608436,13.762347675361628,3.200336770722732,1870.2,1780.4,89.79999999999995,26,34,0,1.7714285714285714,1.5142857142857142,0.2571428571428571,1.1428571428571428,1.1142857142857143,0.02857142857142847,0.25,0.4,-0.15000000000000002,0.6,0.5,0.09999999999999998,5,0
Netherlands,Bosnia and Herzegovina,367,79,1.4,1.0,-1.2,552.1400000000002,10.120000000000001,0,1,0.6666666666666666,562.2600000000002,0.151594816803845,508.34999999999997,0,0,0.9783836086058963,-60.66435087673682,61.642734485342714,1879.2,1729.4,149.79999999999995,22,45,0,2.142857142857143,0.8285714285714286,1.314285714285714,1.0857142857142856,1.9142857142857144,-0.8285714285714287,0.5,0.25,0.25,0.45,0.4,0.04999999999999999,5,2
Georgia,Czech Republic,-90,-32,0.0,-0.7999999999999998,0.40000000000000013,-29.969999999999914,-2.01,-6.93,1,0.3333333333333333,-38.90999999999991,-0.0735923608824498,15.569999999999993,0,0,31.800863348781178,14.528796837706679,17.2720665110745,1831.2,1664.6,166.60000000000014,-12,-28,0,1.8571428571428572,2.085714285714286,-0.22857142857142865,1.5714285714285714,1.0857142857142856,0.48571428571428577,0.3,0.25,0.04999999999999999,0.6,0.7,-0.09999999999999998,4,1
Ukraine,Albania,102,35,0.0,-0.40000000000000013,0.19999999999999996,-19.410000000000025,-2.54,0,1,0.8333333333333334,-21.950000000000017,-0.011043478260869488,59.24000000000001,0,0,10.777896662538572,-19.921837189174568,30.69973385171314,1621.2,1625.0,-3.7999999999999545,13,17,0,1.457142857142857,1.3714285714285714,0.08571428571428563,1.1428571428571428,1.0285714285714285,0.11428571428571432,0.4,0.35,0.050000000000000044,0.45,0.4,0.04999999999999999,1,2
Republic of Ireland,England,-321,-52,-0.6000000000000001,-0.6,0.19999999999999996,-1128.0700000000002,335.0,176.43,1,0.2222222222222222,-616.6400000000002,0.3563441187840364,-568.31,-4,0,-12.073975878673657,-30.043875818439503,17.969899939765845,1821.4,1862.2,-40.799999999999955,-19,-36,0,1.0285714285714285,1.6,-0.5714285714285716,1.2571428571428571,0.8,0.4571428571428571,0.25,0.4,-0.15000000000000002,0.45,0.5,-0.04999999999999999,0,2
Greece,Finland,260,128,0.20000000000000018,0.19999999999999996,-1.5999999999999999,61.57999999999997,4.75,-14.68,1,0.4,51.64999999999998,-0.020229293802414117,132.05,0,0,12.43980655299266,9.686626435723586,2.753180117269075,1668.4,1530.6,137.80000000000018,15,22,0,1.8285714285714285,1.542857142857143,0.2857142857142856,0.8,1.6285714285714286,-0.8285714285714285,0.5,0.3,0.2,0.3,0.5,-0.2,3,0
Faroe Islands,North Macedonia,-166,-133,0.4,0.20000000000000007,-0.6000000000000001,-53.97000000000001,-0.09,4.609999999999999,1,0.0,-49.45000000000002,0.057536375178489974,-13.420000000000002,0,0,-23.796915654907107,-13.07876365586933,-10.718151999037776,1603.0,1666.6,-63.59999999999991,-2,-7,0,0.6571428571428571,1.0285714285714285,-0.37142857142857133,1.5714285714285714,1.7428571428571429,-0.17142857142857149,0.1,0.15,-0.04999999999999999,0.35,0.5,-0.15000000000000002,1,1
Armenia,Latvia,80,24,0.19999999999999996,0.4,-0.6000000000000001,-3.629999999999998,0.15000000000000008,-0.76,1,0.3333333333333333,-4.2399999999999975,-0.1473401133237937,6.070000000000001,0,0,1.2185815489945035,-8.46150501846865,9.680086567463153,1679.8,1540.0,139.79999999999995,2,-5,0,0.9142857142857143,0.9142857142857143,0.0,1.8,1.8285714285714285,-0.02857142857142847,0.0,0.25,-0.25,0.65,0.45,0.2,4,1
Moldova,Malta,-26,-9,0.6,0.4,-0.3999999999999999,12.639999999999999,-2.26,0,1,0.6666666666666666,10.379999999999999,-0.031962214446939474,6.6899999999999995,0,0,72.4082233867127,7.298916198913208,65.1093071877995,1589.2,1726.0,-136.79999999999995,0,4,0,1.1142857142857143,0.6285714285714286,0.48571428571428577,1.8,2.142857142857143,-0.34285714285714275,0.2,0.2,0.0,0.6,0.4,0.19999999999999996,2,0
Saint Vincent and the Grenadines,Montserrat,160,50,0.19999999999999996,0.0,-1.1999999999999997,39.10999999999999,-0.35000000000000003,0,1,0.5,38.75999999999999,0.026736065394667996,64.32,0,0,-21.245482257340058,18.91497309536359,-40.16045535270365,1406.4,1499.8,-93.39999999999986,29,30,0,1.6571428571428573,1.4,0.25714285714285734,2.2,2.2857142857142856,-0.08571428571428541,0.1,0.15,-0.04999999999999999,0.8,0.6,0.20000000000000007,2,0
Bonaire,El Salvador,-172,-66,-0.3999999999999999,-0.20000000000000018,0.6,-58.43999999999999,0.72,-0.04,1,0.3333333333333333,-57.75999999999999,-0.0037321173435348465,-27.28,0,0,-17.926624940132044,23.018191551185414,-40.944816491317454,1258.0,1488.2,-230.20000000000005,-81,-81,0,1.6451612903225807,0.9714285714285714,0.6737327188940093,1.5806451612903225,1.2,0.38064516129032255,0.25,0.15,0.1,0.6875,0.4,0.2875,1,2
Portugal,Scotland,175,29,1.2000000000000002,-0.19999999999999996,-1.7999999999999998,790.1799999999998,0.86,0,1,1.0,791.0399999999998,0.007654650645304795,588.88,0,0,-24.475841412078474,-54.57423307977296,30.098391667694486,1828.2,1746.0,82.20000000000005,35,57,0,2.057142857142857,1.3428571428571427,0.7142857142857142,0.7714285714285715,1.9428571428571428,-1.1714285714285713,0.6,0.3,0.3,0.3,0.5,-0.2,2,1
Croatia,Poland,176,31,-0.3999999999999999,-0.40000000000000013,0.0,87.46000000000004,-3.83,3.47,1,0.4444444444444444,87.10000000000005,0.0029531462650286278,50.84000000000003,0,0,-27.764718670946408,37.89503795937367,-65.65975663032008,1906.0,1899.0,7.0,11,25,0,1.4,1.6285714285714286,-0.22857142857142865,1.2,1.3428571428571427,-0.1428571428571428,0.35,0.3,0.04999999999999999,0.5,0.6,-0.09999999999999998,1,0
Denmark,Serbia,98,15,0.0,0.0,0.4,2.639999999999958,32.37,0,1,0.8333333333333334,35.00999999999996,0.1338550386891333,99.49000000000002,0,0,5.734370325239844,-3.141009610967419,8.875379936207263,1855.0,1875.2,-20.200000000000045,8,17,0,1.2857142857142858,1.3142857142857143,-0.02857142857142847,0.8285714285714286,0.9428571428571428,-0.11428571428571421,0.35,0.3,0.04999999999999999,0.5,0.6,-0.09999999999999998,2,0
Switzerland,Spain,-256,-15,-1.4000000000000001,-1.0,0.19999999999999996,-580.01,13.17,-2.65,1,0.3333333333333333,-569.49,-0.001217574246093367,-484.38,0,0,8.326197436177129,20.76457895872044,-12.43838152254331,1889.0,1882.2,6.7999999999999545,-2,-34,0,1.5714285714285714,2.4857142857142858,-0.9142857142857144,0.8571428571428571,0.6285714285714286,0.22857142857142854,0.35,0.45,-0.10000000000000003,0.55,0.5,0.050000000000000044,1,4
Slovakia,Azerbaijan,333,176,0.19999999999999996,-0.6000000000000001,-1.6,258.4799999999999,-42.220000000000006,0,1,0.6,216.25999999999993,-0.13454463354656876,210.87,0,0,24.77202724151944,49.82994103143464,-25.057913789915204,1710.8,1660.4,50.399999999999864,10,23,0,1.4857142857142858,1.3428571428571427,0.14285714285714302,0.8571428571428571,1.7714285714285714,-0.9142857142857143,0.5,0.25,0.25,0.4,0.45,-0.04999999999999999,2,0
Sweden,Estonia,366,191,1.2,0.7999999999999999,-0.5999999999999996,119.52000000000002,-1.58,0.08,1,0.8666666666666667,118.02000000000002,0.10208990518482408,199.95000000000002,0,0,-16.295913874432053,-23.000102767792296,6.704188893360243,1700.4,1688.4,12.0,17,36,0,1.7142857142857142,0.6,1.1142857142857143,1.6,2.2857142857142856,-0.6857142857142855,0.3,0.15,0.15,0.5,0.4,0.09999999999999998,3,0
Luxembourg,Belarus,-87,-45,0.19999999999999996,0.2,0.0,-46.64,3.3900000000000006,-0.38,1,0.26666666666666666,-43.629999999999995,0.0007664512022167447,-25.39,0,0,20.463286060588164,-3.9592739074304815,24.422559968018646,1610.6,1504.8,105.79999999999995,4,4,0,0.8857142857142857,0.4857142857142857,0.39999999999999997,2.0,1.5714285714285714,0.4285714285714286,0.3,0.35,-0.04999999999999999,0.3,0.3,0.0,0,1
Bulgaria,Northern Ireland,-160,-129,-1.0,-0.3999999999999999,-0.19999999999999996,29.940000000000033,0.19999999999999973,0,1,0.8666666666666667,30.14000000000003,0.02609238213697007,42.64,0,0,4.696255630665984,3.198853265275913,1.4974023653900712,1639.8,1597.6,42.200000000000045,-2,-6,0,0.8857142857142857,1.2,-0.3142857142857143,1.2285714285714286,1.3142857142857143,-0.08571428571428563,0.3,0.35,-0.04999999999999999,0.45,0.35,0.10000000000000003,1,0
Gibraltar,Liechtenstein,149,8,0.4,0.0,-1.0,1.9699999999999989,-0.45999999999999996,0.02,1,0.6666666666666666,1.529999999999999,-0.07445834604821489,2.68,0,0,8.744235352863797,2.543758201924444,6.200477150939353,1420.8,1358.8,62.0,-40,-71,0,0.22857142857142856,0.14285714285714285,0.08571428571428572,2.914285714285714,2.2,0.714285714285714,0.2,0.05,0.15000000000000002,0.1,0.15,-0.04999999999999999,2,2
Guadeloupe,Suriname,-21,-7,-0.8,-1.2000000000000002,0.4,4.880000000000017,0,5.67,1,0.5,10.550000000000018,0.1334431630971994,47.92,0,0,-28.16749782134364,6.615017248297105,-34.782515069640745,1400.2,1362.4,37.799999999999955,-31,-29,0,1.9714285714285715,2.1714285714285713,-0.19999999999999973,0.9142857142857143,0.9714285714285714,-0.05714285714285716,0.35,0.3,0.04999999999999999,0.3,0.45,-0.15000000000000002,1,0
Martinique,Guyana,47,62,1.0,-0.19999999999999996,-1.2,-39.20999999999999,0.32,-1.98,1,0.3333333333333333,-40.869999999999976,-0.05346509829600454,-40.56999999999999,0,0,0.5647627889417599,7.567480866322736,-7.002718077380976,1553.4,1554.4,-1.0,-24,-29,0,0.7428571428571429,2.0,-1.2571428571428571,1.3142857142857143,1.6857142857142857,-0.37142857142857144,0.35,0.2,0.14999999999999997,0.4,0.6,-0.19999999999999996,2,2
Guatemala,Costa Rica,-55,-15,-0.6000000000000001,-0.6000000000000001,0.7999999999999999,-68.62,54.95,0,1,0.8,-13.669999999999987,0.19303103616797634,50.98999999999998,0,0,-16.066293691311913,5.990813340211535,-22.057107031523447,1592.2,1641.4,-49.200000000000045,-54,-52,0,1.2571428571428571,1.6285714285714286,-0.37142857142857144,1.1428571428571428,1.4,-0.2571428571428571,0.35,0.4,-0.050000000000000044,0.3,0.4,-0.10000000000000003,0,0
Curaçao,Saint Martin,279,156,-0.7999999999999998,-2.2,0.4,189.00000000000006,-16.56,0,1,0.5,172.44000000000005,0.015203536575842946,197.22,0,0,-47.98848111197762,-4.508865669987446,-43.47961544199018,1339.0,1199.0,140.0,30,28,0,1.2857142857142858,2.5142857142857142,-1.2285714285714284,1.5714285714285714,1.2857142857142858,0.2857142857142856,0.15,0.3,-0.15,0.5,0.5,0.0,4,0
Grenada,Saint Lucia,64,21,-0.19999999999999996,-0.3999999999999999,1.0,-6.119999999999997,0.6100000000000001,-0.03,1,0.5,-5.539999999999997,0.04338217018332302,-5.109999999999999,0,0,4.19608288381677,47.188627027971,-42.99254414415423,1519.2,1452.8,66.40000000000009,3,1,0,1.0,1.4857142857142858,-0.48571428571428577,2.5142857142857142,1.0857142857142856,1.4285714285714286,0.15,0.3,-0.15,0.55,0.5,0.050000000000000044,1,2
Haiti,Sint Maarten,333,178,0.19999999999999996,1.0,0.19999999999999996,168.47,1.05,0.16,1,0.5,169.68,0.07756410256410262,122.28000000000002,0,0,-11.04779859080458,-1.1056311087416955,-9.942167482062885,1448.8,1359.4,89.39999999999986,41,39,0,2.1142857142857143,1.7142857142857142,0.40000000000000013,1.2285714285714286,2.1142857142857143,-0.8857142857142857,0.35,0.1,0.24999999999999997,0.55,0.75,-0.19999999999999996,6,0
Puerto Rico,Aruba,215,67,0.19999999999999996,0.6000000000000001,-0.19999999999999996,85.09,-18.43,0,1,0.16666666666666666,66.66,-0.19496456151486308,16.92,0,0,-26.90106608628397,2.990609433671384,-29.891675519955353,1364.4,1401.6,-37.19999999999982,-1,-1,0,2.7142857142857144,1.5142857142857142,1.2000000000000002,1.3714285714285714,2.2,-0.8285714285714287,0.35,0.1,0.24999999999999997,0.5,0.45,0.04999999999999999,1,0
France,Belgium,193,18,-0.3999999999999999,-0.19999999999999996,0.6,634.4499999999997,-125.76,-116.84,1,0.6666666666666666,391.8499999999997,-0.1938526551217047,317.99,2,0,-30.40854274305213,-13.352224759590483,-17.056317983461646,1904.4,1729.2,175.20000000000005,5,10,0,1.6,1.7142857142857142,-0.1142857142857141,0.8571428571428571,0.5428571428571428,0.3142857142857143,0.55,0.6,-0.04999999999999993,0.4,0.3,0.10000000000000003,2,0
Israel,Italy,-265,-62,-0.19999999999999996,0.40000000000000013,0.8,-442.43000000000006,128.15,-11.14,1,0.0,-325.4200000000001,0.02575058385331941,-378.96000000000004,0,0,-15.223807450113165,27.031308389243655,-42.25511583935682,1530.2,1919.6,-389.39999999999986,-18,-55,0,1.4285714285714286,1.3714285714285714,0.05714285714285716,1.6285714285714286,1.0,0.6285714285714286,0.15,0.3,-0.15,0.7,0.55,0.1499999999999999,1,2
Norway,Austria,77,16,-0.3999999999999999,-0.40000000000000013,-0.19999999999999996,-149.63,5.3,-32.09,1,0.4444444444444444,-176.42000000000007,-0.05320067504653392,-87.20999999999998,0,0,-38.641222116228,43.84694070216707,-82.48816281839507,1669.6,1854.4,-184.80000000000018,-1,5,0,1.6571428571428573,2.0,-0.34285714285714275,1.2285714285714286,1.0,0.22857142857142865,0.25,0.3,-0.04999999999999999,0.6,0.65,-0.050000000000000044,2,1
Slovenia,Kazakhstan,264,154,0.19999999999999996,-0.4,-1.4,139.95999999999995,-25.44,0,1,1.0,114.51999999999995,-0.1295893501133104,93.08000000000001,0,0,44.94879388981612,15.104946548248524,29.8438473415676,1877.2,1548.8,328.4000000000001,14,24,0,1.2857142857142858,1.2571428571428571,0.028571428571428692,0.7428571428571429,1.6571428571428573,-0.9142857142857144,0.4,0.25,0.15000000000000002,0.55,0.55,0.0,3,0
Montenegro,Wales,-258,-149,0.0,0.0,0.3999999999999999,-71.04,5.780000000000001,-9.39,1,0.6666666666666666,-74.65,-0.14684168824837962,-57.879999999999995,0,0,28.728345665159154,3.263579724668521,25.464765940490633,1615.2,1561.0,54.200000000000045,-23,-54,0,1.1142857142857143,1.0857142857142856,0.028571428571428692,1.5142857142857142,1.0571428571428572,0.4571428571428571,0.3,0.35,-0.04999999999999999,0.4,0.4,0.0,1,2
Turkey,Iceland,344,84,-0.40000000000000013,-0.6000000000000001,0.0,368.90000000000003,-60.150000000000006,0,1,0.26666666666666666,308.75000000000006,-0.12337985621019221,403.21,0,0,-45.836008794603195,48.044613284808996,-93.88062207941219,1831.2,1744.2,87.0,11,28,0,1.2571428571428571,1.5714285714285714,-0.3142857142857143,1.542857142857143,1.3428571428571427,0.20000000000000018,0.25,0.35,-0.09999999999999998,0.6,0.4,0.19999999999999996,3,1
Cyprus,Kosovo,-400,-202,0.7999999999999999,1.4000000000000001,-0.6000000000000001,-174.89,7.8999999999999995,1.27,1,0.0,-165.71999999999997,0.038123391489230274,-112.41,0,0,3.2520062068744373,-36.57520276906952,39.82720897594396,1288.6,1609.6,-321.0,42,81,0,1.1142857142857143,0.9142857142857143,0.20000000000000007,2.1714285714285713,1.457142857142857,0.7142857142857142,0.15,0.2,-0.05000000000000002,0.5,0.5,0.0,0,4
Romania,Lithuania,334,178,0.19999999999999996,0.9999999999999999,0.3999999999999999,217.36,-13.96,-16.9,1,0.8,186.5,0.004734784755565435,167.32,0,0,19.866879056312428,9.256757014691653,10.610122041620775,1781.2,1235.2,546.0,8,27,0,1.4,0.6571428571428571,0.7428571428571428,0.8857142857142857,1.3714285714285714,-0.48571428571428577,0.55,0.2,0.35000000000000003,0.35,0.3,0.04999999999999999,3,1
Cuba,Nicaragua,-121,-109,-0.6000000000000001,-1.0,1.6,-28.810000000000002,6.9399999999999995,0,1,0.6,-21.870000000000005,0.09107474050903108,7.960000000000001,0,0,40.98051278919882,8.55122873067069,32.429284058528125,1569.2,1403.0,166.20000000000005,11,7,0,1.0285714285714285,1.9142857142857144,-0.8857142857142859,1.542857142857143,0.8285714285714286,0.7142857142857143,0.55,0.4,0.15000000000000002,0.25,0.4,-0.15000000000000002,1,1
Trinidad and Tobago,French Guiana,163,131,0.19999999999999996,0.6000000000000001,0.6000000000000001,12.770000000000005,1.3900000000000001,0,1,0.5,14.160000000000005,0.15291529152915295,56.41,0,0,8.412210849916008,6.543136201314779,1.869074648601229,1422.4,1411.4,11.0,90,88,0,1.8857142857142857,1.4285714285714286,0.4571428571428571,1.4285714285714286,1.0857142857142856,0.34285714285714297,0.4,0.35,0.050000000000000044,0.45,0.35,0.10000000000000003,0,0
Honduras,Jamaica,-30,-13,0.0,1.8,0.0,33.33000000000001,-10.42,27.489999999999995,1,0.26666666666666666,50.400000000000034,0.11128611611748906,2.569999999999993,0,0,-1.0269949211498037,13.504576952917171,-14.531571874066975,1541.8,1552.2,-10.400000000000091,32,30,0,1.8571428571428572,1.2285714285714286,0.6285714285714286,0.9714285714285714,1.0285714285714285,-0.05714285714285705,0.4,0.4,0.0,0.3,0.55,-0.25000000000000006,1,2
Dominican Republic,Dominica,306,159,0.0,0.3999999999999999,-0.8000000000000003,14.869999999999994,-2.6899999999999995,-1.24,1,1.0,10.939999999999996,-0.13591569536154258,35.5,0,0,-8.767435768377492,-1.415331415080895,-7.352104353296597,1401.0,1325.8,75.20000000000005,3,7,0,1.9714285714285715,1.3428571428571427,0.6285714285714288,1.3714285714285714,1.6857142857142857,-0.3142857142857143,0.35,0.25,0.09999999999999998,0.45,0.5,-0.04999999999999999,2,0
Antigua and Barbuda,Bermuda,-162,-36,-0.6000000000000001,-0.5999999999999999,-0.19999999999999973,-8.139999999999997,1.98,-0.11,1,0.5,-6.269999999999997,0.06543350717079555,-3.1699999999999995,0,0,-31.890639559656705,-9.892209151254697,-21.998430408402008,1333.6,1440.2,-106.60000000000014,6,9,0,1.0857142857142856,1.2571428571428571,-0.17142857142857149,2.4857142857142858,2.257142857142857,0.22857142857142865,0.25,0.25,0.0,0.45,0.6,-0.14999999999999997,0,1
United States Virgin Islands,Barbados,-206,-28,0.0,-0.19999999999999996,-1.4,-10.440000000000001,2.1,-0.2,1,0.25,-8.540000000000003,0.0872378874706955,-1.6300000000000003,0,0,-19.846996675303437,-15.826892179707926,-4.020104495595511,1124.2,1449.4,-325.20000000000005,-13,-15,0,0.8857142857142857,1.1142857142857143,-0.22857142857142865,2.2,3.2857142857142856,-1.0857142857142854,0.05,0.0,0.05,0.5,0.55,-0.050000000000000044,0,3
Belize,Anguilla,311,51,0.3999999999999999,1.2000000000000002,-1.0,0.77,0.03,0,1,0.5,0.7999999999999998,0.008849557522123797,7.699999999999999,0,0,17.519450986039782,-1.5845926592170447,19.104043645256827,1395.0,1251.6,143.4000000000001,10,16,0,1.1142857142857143,0.4,0.7142857142857143,1.542857142857143,3.657142857142857,-2.114285714285714,0.2,0.15,0.05000000000000002,0.35,0.2,0.14999999999999997,1,0
Saint Kitts and Nevis,British Virgin Islands,307,57,1.6,1.4000000000000001,-0.6000000000000001,5.279999999999999,0,0,1,1.0,5.279999999999999,0.0,2.02,0,0,-17.903663100514173,-0.40905582740183566,-17.494607273112337,1147.4,1270.8,-123.39999999999986,16,20,0,1.2285714285714286,0.6857142857142857,0.5428571428571429,1.5142857142857142,2.3714285714285714,-0.8571428571428572,0.25,0.05,0.2,0.35,0.45,-0.10000000000000003,2,0
Hungary,Bosnia and Herzegovina,122,34,1.2,0.19999999999999996,-0.6000000000000001,78.99999999999999,2.8900000000000006,-2.14,1,0.7777777777777778,79.75,0.07900723016179068,119.39999999999999,0,0,18.40564525548455,-47.77557272575862,66.18121798124318,1832.0,1841.4,-9.400000000000091,-3,3,0,1.4285714285714286,0.9428571428571428,0.48571428571428577,1.3714285714285714,2.1714285714285713,-0.7999999999999998,0.4,0.2,0.2,0.5,0.45,0.04999999999999999,0,0
Netherlands,Germany,-9,-1,-0.19999999999999996,0.3999999999999999,1.0,-107.88999999999987,2.8200000000000003,15.0,1,0.3333333333333333,-90.06999999999994,0.02299048660029468,-59.620000000000005,0,0,-2.44252980630744,34.25151786926337,-36.69404767557081,1783.4,1854.2,-70.79999999999995,-1,8,0,2.4571428571428573,2.0,0.4571428571428573,1.1428571428571428,1.0571428571428572,0.08571428571428563,0.5,0.25,0.25,0.5,0.6,-0.09999999999999998,2,2
Albania,Georgia,-11,-2,0.0,-0.19999999999999996,-0.40000000000000013,127.93,2.01,6.93,1,0.2,136.87,0.0735923608824498,-15.740000000000009,0,0,-11.727077449621735,41.79632262712121,-53.523400076742945,1788.0,1888.0,-100.0,4,-2,0,1.3714285714285714,1.9428571428571428,-0.5714285714285714,1.0857142857142856,1.6285714285714286,-0.5428571428571429,0.35,0.25,0.09999999999999998,0.4,0.65,-0.25,0,1
Czech Republic,Ukraine,-1,-1,-0.5999999999999999,-0.19999999999999996,0.8,-78.55000000000007,2.54,0,1,0.3333333333333333,-76.01000000000008,0.011043478260869488,-59.06999999999999,0,0,-0.5437071506225717,-3.5093510738449094,2.9656439232223377,1735.4,1604.6,130.80000000000018,-5,13,0,1.9142857142857144,1.4285714285714286,0.48571428571428577,1.3428571428571427,1.1142857142857143,0.22857142857142843,0.25,0.4,-0.15000000000000002,0.7,0.5,0.19999999999999996,3,2
England,Finland,537,165,1.2,0.20000000000000018,-1.7999999999999998,1315.0400000000002,-330.25,-175.8,1,0.6666666666666666,808.9900000000002,-0.2542581147939017,765.5,4,0,-23.181799449105842,-1.9562319624767106,-21.22556748662913,1866.8,1702.4,164.39999999999986,31,48,0,1.6571428571428573,1.4285714285714286,0.22857142857142865,0.7428571428571429,1.8285714285714285,-1.0857142857142856,0.4,0.3,0.10000000000000003,0.5,0.45,0.04999999999999999,2,0
Republic of Ireland,Greece,-44,-15,-1.2,-1.8000000000000003,0.9999999999999999,125.39000000000007,0,15.309999999999999,1,0.06666666666666667,140.70000000000007,0.1223152977925488,65.13999999999999,0,0,-12.571639264190068,20.799004597939398,-33.37064386212947,1884.4,1553.0,331.4000000000001,-3,-10,0,0.9142857142857143,1.9428571428571428,-1.0285714285714285,1.3428571428571427,0.6571428571428571,0.6857142857142856,0.2,0.5,-0.3,0.45,0.3,0.15000000000000002,0,2
Latvia,Faroe Islands,-109,-32,-0.6,-0.4,1.0,-4.069999999999997,-0.4700000000000001,0.07,1,0.26666666666666666,-4.469999999999997,-0.048472161236853495,-1.4700000000000006,0,0,-15.595880031391168,-16.813702626929082,1.217822595537914,1435.4,1569.2,-133.79999999999995,0,5,0,0.9142857142857143,0.7428571428571429,0.17142857142857137,1.9428571428571428,1.4285714285714286,0.5142857142857142,0.25,0.1,0.15,0.45,0.4,0.04999999999999999,1,0
North Macedonia,Armenia,195,141,-0.7999999999999999,-1.0,0.20000000000000018,61.67000000000001,0.41,-3.92,1,0.6666666666666666,58.16000000000001,0.13827589938215723,8.82,0,0,-24.383893617133467,-0.1051958819502411,-24.278697735183226,1541.8,1559.4,-17.600000000000136,0,7,0,0.9428571428571428,1.2285714285714286,-0.2857142857142858,1.7714285714285714,1.7428571428571429,0.02857142857142847,0.1,0.0,0.1,0.55,0.7,-0.1499999999999999,2,0
Andorra,Malta,-212,-35,-0.4,-0.6,-0.3999999999999999,-2.560000000000003,0.5299999999999999,-0.03,1,0.2222222222222222,-2.0600000000000027,0.06633444555184831,-2.1300000000000003,0,0,-8.497397797294921,-2.015043784685572,-6.482354012609349,1568.6,1574.2,-5.600000000000136,2,5,0,0.2857142857142857,0.6,-0.3142857142857143,1.9428571428571428,2.1714285714285713,-0.22857142857142843,0.15,0.2,-0.05000000000000002,0.3,0.35,-0.04999999999999999,0,1
Barbados,United States Virgin Islands,206,28,0.6,1.0,0.3999999999999999,10.440000000000001,-2.1,0.2,1,0.8,8.540000000000003,-0.0872378874706955,1.6300000000000003,0,0,-20.228347139428028,-21.152181573014587,0.9238344335865598,1347.2,1134.0,213.20000000000005,13,15,0,1.3142857142857143,0.8571428571428571,0.4571428571428572,3.1142857142857143,2.2285714285714286,0.8857142857142857,0.05,0.05,0.0,0.55,0.5,0.050000000000000044,5,0
Belize,Anguilla,311,51,1.0,1.2000000000000002,-1.4,0.77,0.03,0,1,1.0,0.7999999999999998,0.008849557522123797,7.699999999999999,0,0,8.475407407719377,-1.3362004385287762,9.811607846248153,1309.0,1301.2,7.7999999999999545,10,16,0,1.1142857142857143,0.3142857142857143,0.8,1.4,3.6,-2.2,0.25,0.15,0.1,0.35,0.15,0.19999999999999998,1,0
Saint Kitts and Nevis,British Virgin Islands,307,57,1.8,1.4,-1.0,5.279999999999999,0,0,1,1.0,5.279999999999999,0.0,2.02,0,0,-3.8113029529314417,-1.5275469847196739,-2.283755968211768,1180.2,1338.0,-157.79999999999995,16,20,0,1.2285714285714286,0.6285714285714286,0.6000000000000001,1.4285714285714286,2.3142857142857145,-0.8857142857142859,0.25,0.05,0.2,0.35,0.45,-0.10000000000000003,3,1
Cuba,Trinidad and Tobago,-152,-129,0.0,-1.0000000000000002,-0.5999999999999999,21.43999999999999,-0.56,0,1,0.0,20.87999999999999,-0.012933025404157084,-26.61,0,0,45.581829055741025,11.584070336195122,33.9977587195459,1516.6,1406.6,110.0,-56,-58,0,1.0285714285714285,1.6285714285714286,-0.6000000000000001,1.3428571428571427,1.2285714285714286,0.1142857142857141,0.5,0.45,0.04999999999999999,0.3,0.4,-0.10000000000000003,2,2
French Guiana,Honduras,-268,-153,-0.40000000000000013,-1.8,-0.3999999999999999,-206.57,9.03,10.42,1,0.5,-187.12000000000003,-0.0562817016191095,-80.58999999999999,0,0,2.8231335923218546,-3.875993330611323,6.699126922933178,1438.0,1587.4,-149.4000000000001,-104,-102,0,1.2285714285714286,1.9142857142857144,-0.6857142857142857,1.0571428571428572,1.0285714285714285,0.028571428571428692,0.35,0.4,-0.050000000000000044,0.35,0.35,0.0,2,3
Nicaragua,Jamaica,-166,-55,-0.3999999999999999,0.8000000000000003,0.0,-110.21999999999998,-7.5,37.91,1,0.5,-79.80999999999999,0.10391194011434435,-56.18,0,0,1.578726095892537,24.68640897596727,-23.107682880074734,1403.0,1515.2,-112.20000000000005,-49,-49,0,1.9142857142857144,1.3428571428571427,0.5714285714285716,0.8571428571428571,1.0,-0.1428571428571429,0.4,0.4,0.0,0.45,0.55,-0.10000000000000003,0,2
Bonaire,Montserrat,28,9,0.4,-0.19999999999999996,-1.4,1.469999999999998,0.13,-0.04,1,0.5,1.5599999999999987,0.023241503054172052,-2.5500000000000007,0,0,-26.719347369136067,7.838509647679706,-34.557857016815774,1347.6,1479.2,-131.60000000000014,-15,-18,0,1.5625,1.3428571428571427,0.21964285714285725,1.71875,2.4,-0.6812499999999999,0.23529411764705882,0.15,0.08529411764705883,0.7058823529411765,0.6,0.10588235294117654,0,1
Saint Vincent and the Grenadines,El Salvador,-40,-25,-1.0,-0.3999999999999999,0.8,-20.799999999999997,0.24,0,1,0.0,-20.559999999999995,-0.00023755500303890287,39.589999999999996,0,0,-22.828999284566393,23.67381164242198,-46.502810926988374,1393.8,1457.4,-63.600000000000136,-37,-33,0,1.6571428571428573,1.1142857142857143,0.5428571428571429,2.1142857142857143,1.2285714285714286,0.8857142857142857,0.15,0.15,0.0,0.75,0.45,0.3,2,3
Israel,France,-471,-83,-0.7999999999999999,0.3999999999999999,1.4,-1106.8799999999999,125.59,113.86,1,0.16666666666666666,-867.43,-0.01739848121859755,-706.4,-2,0,-19.458005893061753,-27.967958078794858,8.509952185733106,1686.0,1935.2,-249.20000000000005,-24,-48,0,1.3714285714285714,1.6285714285714286,-0.2571428571428571,1.7428571428571429,0.7714285714285715,0.9714285714285714,0.15,0.55,-0.4,0.7,0.4,0.29999999999999993,1,4
Italy,Belgium,-13,-3,0.0,0.19999999999999996,0.3999999999999999,-30.000000000000114,-128.32,8.16,1,0.8,-150.1600000000002,-0.23700172019362165,-9.449999999999989,0,0,33.978378080650046,-19.19959507491278,53.177973155562825,1911.4,1807.6,103.80000000000018,-1,17,0,1.4857142857142858,1.5714285714285714,-0.08571428571428563,1.0,0.6857142857142857,0.3142857142857143,0.3,0.55,-0.25000000000000006,0.6,0.3,0.3,2,2
England,Greece,277,37,0.0,0.0,0.4,1253.4600000000003,-335.0,-161.12,1,0.7777777777777778,757.3400000000003,-0.23402882099148758,633.45,4,0,-23.79200135513269,29.141384298068154,-52.933385653200844,1829.8,1610.4,219.39999999999986,16,26,0,1.5714285714285714,1.7714285714285714,-0.19999999999999996,0.7142857142857143,0.6571428571428571,0.05714285714285716,0.4,0.5,-0.09999999999999998,0.5,0.3,0.2,1,2
Finland,Republic of Ireland,-216,-113,0.20000000000000007,0.7999999999999999,0.5999999999999999,-186.97000000000003,-4.75,-0.6300000000000003,1,0.5,-192.35000000000005,-0.10208600399013468,-197.19,0,0,-0.6234059543272492,-17.46042833554374,16.83702238121649,1765.4,1859.6,-94.19999999999982,-12,-12,0,1.3428571428571427,0.8571428571428571,0.48571428571428565,1.8571428571428572,1.4285714285714286,0.4285714285714286,0.25,0.2,0.04999999999999999,0.45,0.4,0.04999999999999999,1,2
Austria,Kazakhstan,417,191,1.2,1.2000000000000002,-1.0,631.16,-4.8,0,1,0.6666666666666666,626.36,0.003486585751435567,342.82,0,0,22.501559380397122,-3.0445795769069353,25.54613895730406,1823.6,1602.4,221.19999999999982,5,2,0,1.9714285714285715,1.1142857142857143,0.8571428571428572,1.1428571428571428,1.8857142857142857,-0.7428571428571429,0.25,0.25,0.0,0.7,0.5,0.19999999999999996,4,0
Norway,Slovenia,230,53,0.20000000000000018,0.3999999999999999,0.6,341.57000000000005,25.94,-32.09,1,0.3333333333333333,335.41999999999996,0.07987526081821206,162.53000000000003,0,0,-34.39504474957255,33.88874394897431,-68.28378869854686,1689.2,1790.4,-101.20000000000005,-10,-17,0,1.6571428571428573,1.4285714285714286,0.22857142857142865,1.1714285714285715,0.6857142857142857,0.48571428571428577,0.25,0.45,-0.2,0.6,0.5,0.09999999999999998,3,0
Latvia,North Macedonia,-275,-165,0.19999999999999996,0.0,0.20000000000000018,-58.04000000000001,-0.56,4.68,1,0.0,-53.920000000000016,0.009064213941636479,-14.89,0,0,5.179624363039244,-22.88031798735033,28.059942350389576,1336.8,1563.0,-226.20000000000005,-2,-2,0,0.9428571428571428,1.0285714285714285,-0.08571428571428563,1.8285714285714285,1.6857142857142857,0.1428571428571428,0.25,0.15,0.1,0.45,0.55,-0.10000000000000003,0,3
Faroe Islands,Armenia,29,8,-0.19999999999999996,-0.6000000000000001,-0.8,7.699999999999995,0.31999999999999995,0.69,1,0.5,8.709999999999994,0.1958122745606472,-4.6000000000000005,0,0,-25.724758288185736,-4.0719912908183815,-21.652766997367355,1445.4,1530.6,-85.19999999999982,-2,0,0,0.7142857142857143,1.2,-0.48571428571428565,1.3428571428571427,1.7428571428571429,-0.40000000000000013,0.1,0.0,0.1,0.4,0.65,-0.25,2,2
Gibraltar,San Marino,182,9,0.19999999999999996,0.19999999999999996,-0.8,2.109999999999999,-0.48,0.0,1,0.6666666666666666,1.629999999999999,-0.21238938053097356,2.86,0,0,5.098509048852705,12.609168581577864,-7.510659532725159,1348.6,1298.4,50.19999999999982,-38,-68,0,0.4,0.42857142857142855,-0.028571428571428525,2.8,2.2857142857142856,0.5142857142857142,0.2,0.15,0.05000000000000002,0.15,0.3,-0.15,1,0
Moldova,Andorra,186,26,2.0,1.4,-0.8000000000000003,15.200000000000003,-2.79,0.03,1,0.6666666666666666,12.440000000000001,-0.09829665999878778,8.82,0,0,57.31719387835267,-12.068399950600854,69.38559382895352,1351.2,1531.0,-179.79999999999995,-2,-2,0,1.1714285714285715,0.2571428571428571,0.9142857142857144,1.4857142857142858,1.9428571428571428,-0.4571428571428571,0.25,0.1,0.15,0.55,0.3,0.25000000000000006,2,0
Guadeloupe,Martinique,29,19,1.2,1.0,-0.6,11.350000000000001,0.19,1.98,1,0.26666666666666666,13.519999999999996,0.06024430871737907,37.75,0,0,-20.192984221748567,5.033093290107448,-25.226077511856015,1452.2,1519.2,-67.0,0,4,0,1.9714285714285715,0.8857142857142857,1.0857142857142859,0.8,1.3714285714285714,-0.5714285714285714,0.4,0.35,0.050000000000000044,0.3,0.45,-0.15000000000000002,0,1
Suriname,Costa Rica,-105,-26,-0.20000000000000018,0.3999999999999999,0.8,-217.80999999999997,68.09,-5.67,1,0.0,-155.38999999999996,0.12813962599231277,-122.66000000000001,0,0,-12.728981789709024,-6.240149584372141,-6.488832205336884,1397.4,1554.8,-157.39999999999986,-90,-88,0,1.9142857142857144,1.457142857142857,0.4571428571428573,1.0285714285714285,1.2571428571428571,-0.22857142857142865,0.25,0.45,-0.2,0.45,0.35,0.10000000000000003,1,1
Guyana,Guatemala,-147,-99,-0.19999999999999996,0.19999999999999996,0.6000000000000001,-116.44999999999996,12.63,0,1,0.0,-103.81999999999998,0.06177254250016129,-122.91,0,0,5.648677073239671,-2.288310202523274,7.936987275762945,1547.0,1718.4,-171.4000000000001,-43,-40,0,1.9714285714285715,1.1714285714285715,0.8,1.7142857142857142,1.0571428571428572,0.657142857142857,0.2,0.4,-0.2,0.6,0.3,0.3,1,3
Grenada,Curaçao,-270,-154,-1.2,-1.4,1.2,-200.94000000000005,18.19,-0.03,1,0.5,-182.78000000000006,0.06794560017772999,-194.25,0,0,-15.803917116183229,-45.535626378845365,29.731709262662136,1467.2,1319.2,148.0,-5,-3,0,1.0285714285714285,1.6,-0.5714285714285716,2.5714285714285716,1.542857142857143,1.0285714285714287,0.1,0.15,-0.04999999999999999,0.6,0.5,0.09999999999999998,0,0
Saint Lucia,Saint Martin,-55,-19,-0.40000000000000013,-1.1999999999999997,0.20000000000000018,-5.820000000000002,1.02,0,1,0.5,-4.8000000000000025,0.03976696657024992,8.08,0,0,51.5171668204206,-4.175285580906683,55.69245240132728,1457.4,1324.6,132.80000000000018,22,24,0,1.542857142857143,2.2285714285714286,-0.6857142857142857,1.1428571428571428,1.5714285714285714,-0.4285714285714286,0.25,0.3,-0.04999999999999999,0.55,0.45,0.10000000000000003,2,1
Sint Maarten,Puerto Rico,-96,-42,0.40000000000000013,-1.0,0.40000000000000013,-78.93,17.38,-0.16,1,0.5,-61.709999999999994,0.11740045895076046,-19.080000000000002,0,0,3.1360605690262258,-26.114451649183408,29.250512218209636,1425.8,1345.2,80.59999999999991,-19,-17,0,1.6,2.6285714285714286,-1.0285714285714285,2.3714285714285714,1.3142857142857143,1.0571428571428572,0.1,0.4,-0.30000000000000004,0.7,0.5,0.19999999999999996,3,2
Aruba,Haiti,-452,-203,-2.1999999999999997,-3.0,0.6000000000000001,-174.63,0,0,1,0.5,-174.63,0.0,-120.12,0,0,5.170878255002629,-10.128957775479485,15.299836030482114,1456.4,1404.8,51.600000000000136,-21,-21,0,1.3142857142857143,2.4571428571428573,-1.142857142857143,2.1142857142857143,1.2,0.9142857142857144,0.1,0.35,-0.24999999999999997,0.45,0.55,-0.10000000000000003,1,3
Bosnia and Herzegovina,Germany,-376,-80,-1.4000000000000001,-1.6,1.2000000000000002,-660.0300000000001,-7.3,15.0,1,0.16666666666666666,-652.3300000000002,-0.12860433020355033,-567.9699999999999,0,0,-44.8298582646212,21.111857894960238,-65.94171615958143,1848.4,1903.2,-54.799999999999955,-23,-37,0,0.8285714285714286,2.0,-1.1714285714285713,2.057142857142857,1.1428571428571428,0.9142857142857141,0.25,0.25,0.0,0.4,0.6,-0.19999999999999996,1,2
Hungary,Netherlands,-245,-45,-1.2,-2.2,0.6000000000000001,-473.1400000000002,-7.2299999999999995,-2.14,1,0.0,-482.5100000000002,-0.07258758664205434,-388.94999999999993,0,0,21.70499551300668,7.557470193692562,14.147525319314116,1830.4,1809.0,21.40000000000009,-25,-42,0,1.2285714285714286,2.4571428571428573,-1.2285714285714286,1.2571428571428571,1.1714285714285715,0.08571428571428563,0.45,0.45,0.0,0.45,0.55,-0.10000000000000003,1,1
Czech Republic,Albania,101,34,0.0,0.3999999999999999,0.8000000000000003,-97.9600000000001,0,0,1,0.4444444444444444,-97.9600000000001,0.0,0.17000000000001592,0,0,10.002693701383869,-13.54603948781121,23.54873318919508,1769.4,1849.2,-79.79999999999995,8,30,0,1.9428571428571428,1.2571428571428571,0.6857142857142857,1.457142857142857,1.0857142857142856,0.37142857142857144,0.2,0.35,-0.14999999999999997,0.75,0.4,0.35,2,0
Ukraine,Georgia,91,33,-1.2,-0.8,0.6000000000000001,108.51999999999998,-0.5300000000000002,6.93,1,0.7333333333333333,114.91999999999999,0.06254888262158032,43.5,0,0,-16.9120324341746,47.6060645933872,-64.5180970275618,1698.6,1836.0,-137.4000000000001,17,15,0,1.3428571428571427,1.8857142857142857,-0.5428571428571429,1.3714285714285714,1.457142857142857,-0.08571428571428563,0.35,0.3,0.04999999999999999,0.55,0.6,-0.04999999999999993,1,0
Iceland,Wales,-159,-48,0.0,0.6,0.8,-36.31999999999999,8.16,0,1,0.0,-28.159999999999982,0.06074546259867375,-97.08,0,0,45.09744475628755,5.302522863202245,39.7949218930853,1804.4,1553.8,250.60000000000014,0,-3,0,1.4285714285714286,1.0571428571428572,0.37142857142857144,1.542857142857143,1.0571428571428572,0.48571428571428577,0.35,0.35,0.0,0.45,0.4,0.04999999999999999,2,2
Turkey,Montenegro,443,185,1.4,1.0,-0.8,403.62000000000006,-57.77,9.39,1,0.6666666666666666,355.24000000000007,0.08420729463686116,364.01,0,0,-28.493643651830237,15.725060865361797,-44.21870451719204,1748.8,1661.2,87.59999999999991,34,79,0,1.457142857142857,1.0,0.4571428571428571,1.4857142857142858,1.6571428571428573,-0.17142857142857149,0.25,0.25,0.0,0.6,0.45,0.14999999999999997,1,0
Estonia,Azerbaijan,3,1,-0.6,-0.6,0.0,3.2899999999999983,-0.75,-0.08,1,0.4166666666666667,2.459999999999998,-0.09489650671482663,1.3200000000000003,0,0,-24.260199236768074,47.17944779699633,-71.4396470337644,1688.4,1653.2,35.200000000000045,2,5,0,0.5714285714285714,1.2285714285714286,-0.6571428571428573,2.342857142857143,1.8571428571428572,0.48571428571428577,0.1,0.25,-0.15,0.4,0.45,-0.04999999999999999,3,1
Slovakia,Sweden,-36,-16,-0.40000000000000013,-0.40000000000000013,-0.19999999999999996,135.6699999999999,-39.89,0,1,0.2,95.7799999999999,-0.1417380320165662,9.599999999999994,0,0,19.789179596601798,-15.575665110430181,35.36484470703198,1604.4,1576.4,28.0,-9,-18,0,1.5714285714285714,1.7714285714285714,-0.19999999999999996,0.8285714285714286,1.4,-0.5714285714285713,0.5,0.35,0.15000000000000002,0.4,0.45,-0.04999999999999999,2,2
Antigua and Barbuda,Dominican Republic,-338,-164,-1.6,-1.6,0.8000000000000003,-20.879999999999995,3.13,1.05,1,0.5,-16.699999999999996,0.04362904903932863,-44.480000000000004,0,0,-28.457243551435756,-9.442411920721344,-19.01483163071441,1314.6,1399.0,-84.40000000000009,9,9,0,1.0,1.9428571428571428,-0.9428571428571428,2.2,1.3714285714285714,0.8285714285714287,0.25,0.35,-0.09999999999999998,0.45,0.45,0.0,0,5
Bermuda,Dominica,130,31,-0.3999999999999999,-0.19999999999999996,0.20000000000000018,2.1299999999999963,-1.54,-0.08,1,0.5,0.5099999999999962,-0.1577201534930095,-5.8100000000000005,0,0,-1.666999583176436,0.9517862982105285,-2.618785881386964,1393.2,1422.4,-29.200000000000045,6,7,0,1.2285714285714286,1.2571428571428571,-0.02857142857142847,2.142857142857143,1.6857142857142857,0.4571428571428571,0.25,0.25,0.0,0.6,0.5,0.09999999999999998,6,1
Bahamas,United States Virgin Islands,110,16,-0.39999999999999997,0.5999999999999999,1.6,-2.6499999999999986,-0.05,0.16,1,0.3333333333333333,-2.5399999999999983,-0.0725901253918495,-0.6299999999999999,0,0,-23.399071040029668,-17.653800083983683,-5.745270956045985,1319.0,1132.0,187.0,-1,-3,0,1.1714285714285715,0.8285714285714286,0.34285714285714286,3.342857142857143,2.4857142857142858,0.8571428571428572,0.1,0.05,0.05,0.55,0.5,0.050000000000000044,3,1
Turks and Caicos Islands,Anguilla,63,8,-0.19999999999999996,-0.2,-0.9999999999999998,-1.9699999999999986,0.03,0,1,0.2222222222222222,-1.9399999999999988,0.008849557522123797,-1.2399999999999998,0,0,-19.86963087008123,-1.8318048400779525,-18.037826030003277,1120.2,1350.8,-230.5999999999999,-3,-2,0,0.7428571428571429,0.2857142857142857,0.4571428571428572,2.7714285714285714,3.057142857142857,-0.2857142857142856,0.15,0.15,0.0,0.45,0.15,0.30000000000000004,2,1
Cayman Islands,British Virgin Islands,128,19,1.2,0.6000000000000001,-0.20000000000000018,-1.829999999999999,-0.01,-0.23,1,0.5555555555555556,-2.069999999999999,-0.14814814814814814,0.4200000000000004,0,0,-14.395457984104418,-15.449266810877923,1.0538088267735048,1245.0,1405.2,-160.20000000000005,1,2,0,0.8571428571428571,0.5428571428571428,0.3142857142857143,2.5142857142857142,2.4285714285714284,0.08571428571428585,0.2,0.05,0.15000000000000002,0.5,0.45,0.04999999999999999,1,0
Croatia,Scotland,106,21,0.8,0.0,-0.7999999999999998,207.66000000000003,-2.97,0,1,0.3333333333333333,204.69000000000003,-0.004313725342945496,182.17000000000002,0,0,-12.466174953405615,-56.0503289562203,43.584154002814685,1857.0,1841.0,16.0,28,45,0,1.4,1.3142857142857143,0.08571428571428563,1.1142857142857143,2.0,-0.8857142857142857,0.4,0.25,0.15000000000000002,0.45,0.55,-0.10000000000000003,2,1
Poland,Portugal,-245,-39,-0.8,0.3999999999999999,1.0,-669.9799999999999,0,-3.47,1,0.26666666666666666,-673.4499999999999,-0.014921522253278918,-457.55,0,0,32.050093389826436,-2.420930560912595,34.47102395073903,1898.8,1806.8,92.0,-18,-37,0,1.542857142857143,1.9714285714285715,-0.4285714285714286,1.3142857142857143,0.8,0.5142857142857142,0.3,0.55,-0.25000000000000006,0.6,0.35,0.25,1,3
Serbia,Switzerland,-141,-24,-0.4,-0.8,-0.8,-7.659999999999883,-36.4,2.65,1,0.3333333333333333,-41.40999999999988,-0.13989552199389288,-103.35000000000001,0,0,-13.397705039222805,5.8298004257617855,-19.22750546498459,1903.6,1961.4,-57.80000000000018,-11,-10,0,1.0571428571428572,1.4857142857142858,-0.4285714285714286,1.0,1.1714285714285715,-0.17142857142857149,0.3,0.3,0.0,0.55,0.6,-0.04999999999999993,2,0
Spain,Denmark,299,24,1.0,1.0,0.20000000000000007,585.03,-9.14,0,1,1.0,575.89,0.007258057550852959,488.24,0,0,24.450154116116433,29.37911908024394,-4.9289649641275055,1931.8,1869.4,62.399999999999864,5,27,0,2.5142857142857142,1.4285714285714286,1.0857142857142856,0.6571428571428571,0.7142857142857143,-0.05714285714285716,0.45,0.4,0.04999999999999999,0.5,0.5,0.0,1,0
Lithuania,Kosovo,-428,-211,0.0,-0.4,-0.6000000000000001,-171.97,6.14,1.27,1,0.0,-164.55999999999997,-0.09670838960874972,-111.32,0,0,8.29935147395966,-39.5856914102737,47.88504288423336,1268.2,1575.8,-307.5999999999999,38,75,0,0.7428571428571429,1.1142857142857143,-0.37142857142857144,1.4857142857142858,1.3142857142857143,0.17142857142857149,0.2,0.25,-0.04999999999999999,0.35,0.45,-0.10000000000000003,1,2
Cyprus,Romania,-306,-169,-0.19999999999999996,0.0,0.40000000000000013,-220.28,15.72,16.9,1,0.0,-187.66,0.13009699634241456,-168.41,0,0,1.5923407675753798,5.7931086705563,-4.200767902980921,1372.4,1690.4,-318.0,-4,-21,0,1.0285714285714285,1.4,-0.37142857142857144,2.257142857142857,0.9714285714285714,1.2857142857142856,0.15,0.5,-0.35,0.45,0.4,0.04999999999999999,0,3
Bulgaria,Luxembourg,35,10,1.4,0.8,-1.6,79.67000000000002,-3.6100000000000003,0.38,1,0.7333333333333333,76.44000000000001,0.021393083092476672,47.730000000000004,0,0,11.670177775859147,-1.3417531717756734,13.01193094763482,1615.8,1722.2,-106.40000000000009,-2,-3,0,0.8285714285714286,0.7142857142857143,0.11428571428571432,1.0,2.0,-1.0,0.35,0.3,0.04999999999999999,0.4,0.25,0.15000000000000002,0,0
Belarus,Northern Ireland,-108,-94,-0.8,-1.0,0.40000000000000013,-3.089999999999982,0.4199999999999995,0,1,0.0,-2.6699999999999875,0.003932847842276654,20.3,0,0,10.419431758486025,3.4532285151758617,6.966203243310163,1493.0,1559.8,-66.79999999999995,-4,-7,0,0.5714285714285714,1.1714285714285715,-0.6000000000000001,1.4285714285714286,1.3428571428571427,0.08571428571428585,0.4,0.3,0.10000000000000003,0.3,0.35,-0.04999999999999999,0,0
Montserrat,Bonaire,-28,-9,0.19999999999999996,0.20000000000000007,0.8,-1.469999999999998,-0.13,0.04,1,1.0,-1.5599999999999987,-0.023241503054172052,2.5500000000000007,0,0,9.874032993627539,-40.89843362257005,50.77246661619759,1493.4,1397.2,96.20000000000005,15,18,0,1.2,1.3636363636363635,-0.16363636363636358,2.2857142857142856,1.7575757575757576,0.528138528138528,0.15,0.2222222222222222,-0.07222222222222222,0.6,0.6666666666666666,-0.06666666666666665,0,1
Saint Vincent and the Grenadines,El Salvador,-40,-25,-1.5999999999999999,-0.6000000000000001,1.2000000000000002,-20.799999999999997,0.24,0,1,0.0,-20.559999999999995,-0.00023755500303890287,39.589999999999996,0,0,-39.61204023879698,37.10529375342419,-76.71733399222117,1411.8,1457.4,-45.600000000000136,-37,-33,0,1.6,1.2857142857142858,0.3142857142857143,2.2,1.2857142857142858,0.9142857142857144,0.15,0.15,0.0,0.75,0.5,0.25,2,1
Finland,England,-537,-165,-1.6,-0.6000000000000001,1.6,-1315.0400000000002,330.25,175.8,1,0.1111111111111111,-808.9900000000002,0.2542581147939017,-765.5,-4,0,-0.1466143196042804,-21.643255484605646,21.496641165001364,1837.6,1800.6,37.0,-31,-48,0,1.3428571428571427,1.4285714285714286,-0.08571428571428585,1.8857142857142857,0.8285714285714286,1.057142857142857,0.25,0.35,-0.09999999999999998,0.45,0.55,-0.10000000000000003,1,3
Greece,Republic of Ireland,44,15,1.2,1.2,-1.2000000000000002,-125.39000000000007,0,-15.309999999999999,1,0.8666666666666667,-140.70000000000007,-0.1223152977925488,-65.13999999999999,0,0,37.026157173181005,-4.243214404452269,41.26937157763327,1686.2,1778.4,-92.20000000000005,3,10,0,1.8857142857142857,1.0,0.8857142857142857,0.7142857142857143,1.3714285714285714,-0.6571428571428571,0.5,0.2,0.3,0.35,0.4,-0.050000000000000044,2,0
Kazakhstan,Slovenia,-264,-154,-1.0,-0.20000000000000007,1.5999999999999999,-139.95999999999995,25.44,0,1,0.0,-114.51999999999995,0.1295893501133104,-93.08000000000001,0,0,-3.1878129549370318,37.76003631117652,-40.94784926611355,1619.6,1822.0,-202.4000000000001,-14,-24,0,1.0285714285714285,1.2857142857142858,-0.25714285714285734,1.9714285714285715,0.8571428571428571,1.1142857142857143,0.25,0.4,-0.15000000000000002,0.45,0.5,-0.04999999999999999,0,1
Austria,Norway,-77,-16,-0.6000000000000001,0.19999999999999996,0.5999999999999999,149.63,-5.3,32.09,1,0.3333333333333333,176.42000000000007,0.05320067504653392,87.20999999999998,0,0,18.492808710541304,-30.804996945369478,49.29780565591078,1763.4,1690.8,72.60000000000014,1,-5,0,2.057142857142857,1.7428571428571429,0.31428571428571406,1.0857142857142856,1.0857142857142856,0.0,0.3,0.3,0.0,0.65,0.55,0.09999999999999998,5,1
Faroe Islands,Latvia,109,32,0.0,0.5999999999999999,-0.6000000000000001,4.069999999999997,0.4700000000000001,-0.07,1,0.26666666666666666,4.469999999999997,0.048472161236853495,1.4700000000000006,0,0,-23.780331055621872,2.378544424019944,-26.158875479641814,1392.8,1306.6,86.20000000000005,0,-5,0,0.8285714285714286,0.8571428571428571,-0.02857142857142847,1.4285714285714286,1.8857142857142857,-0.4571428571428571,0.1,0.2,-0.1,0.4,0.45,-0.04999999999999999,1,1
Armenia,North Macedonia,-195,-141,0.0,0.40000000000000013,0.40000000000000013,-61.67000000000001,-0.41,3.92,1,0.26666666666666666,-58.16000000000001,-0.13827589938215723,-8.82,0,0,9.023499166539752,-14.009575901511816,23.033075068051566,1463.6,1531.0,-67.40000000000009,0,-7,0,1.3428571428571427,1.2857142857142858,0.05714285714285694,1.6571428571428573,1.5714285714285714,0.08571428571428585,0.0,0.2,-0.2,0.7,0.55,0.1499999999999999,0,2
Liechtenstein,Gibraltar,-149,-8,-0.6000000000000001,-0.20000000000000007,0.3999999999999999,-1.9699999999999989,0.45999999999999996,-0.02,1,0.13333333333333333,-1.529999999999999,0.07445834604821489,-2.68,0,0,25.290759210366005,10.784767484226506,14.505991726139499,1295.4,1269.8,25.600000000000136,40,70,0,0.34285714285714286,0.45714285714285713,-0.11428571428571427,1.9714285714285715,2.5142857142857142,-0.5428571428571427,0.1,0.25,-0.15,0.15,0.1,0.04999999999999999,0,0
Malta,Moldova,26,9,-1.5999999999999999,-1.2000000000000002,1.0000000000000002,-12.639999999999999,2.26,0,1,0.13333333333333333,-10.379999999999999,0.031962214446939474,-6.6899999999999995,0,0,-1.835309199458019,48.72139356118497,-50.556702760642985,1454.0,1253.8,200.20000000000005,0,-4,0,0.5714285714285714,1.2285714285714286,-0.6571428571428573,2.1142857142857143,1.4285714285714286,0.6857142857142857,0.2,0.3,-0.09999999999999998,0.35,0.5,-0.15000000000000002,1,0
Nicaragua,French Guiana,132,111,1.2,1.0,-0.19999999999999996,63.019999999999996,-6.109999999999999,0,1,1.0,56.91,0.048907525615964786,21.84,0,0,-7.600717428437742,-4.351043547062135,-3.2496738813756068,1417.4,1485.6,-68.19999999999982,23,23,0,1.7714285714285714,1.2,0.5714285714285714,1.0,1.2285714285714286,-0.22857142857142865,0.35,0.3,0.04999999999999999,0.45,0.4,0.04999999999999999,3,2
Jamaica,Honduras,30,13,0.8,-1.4,-0.7999999999999999,-33.33000000000001,10.42,-27.489999999999995,1,0.8666666666666667,-50.400000000000034,-0.11128611611748906,-2.569999999999993,0,0,36.79152543628416,-4.0635521506285315,40.85507758691269,1469.2,1585.2,-116.0,-32,-30,0,1.457142857142857,1.9142857142857144,-0.4571428571428573,0.9142857142857143,1.1428571428571428,-0.22857142857142854,0.45,0.4,0.04999999999999999,0.55,0.35,0.20000000000000007,0,0
Trinidad and Tobago,Cuba,152,129,0.0,0.8000000000000003,0.6000000000000001,-21.43999999999999,0.56,0,1,0.8666666666666667,-20.87999999999999,0.012933025404157084,26.61,0,0,10.638595803490237,43.05625943937441,-32.41766363588417,1393.0,1522.8,-129.79999999999995,56,58,0,1.7142857142857142,1.1428571428571428,0.5714285714285714,1.3142857142857143,1.457142857142857,-0.1428571428571428,0.4,0.5,-0.09999999999999998,0.45,0.3,0.15000000000000002,3,1
Curaçao,Grenada,270,154,1.0,1.2000000000000002,-0.7999999999999999,200.94000000000005,-18.19,0.03,1,0.3333333333333333,182.78000000000006,-0.06794560017772999,194.25,0,0,-39.593142210323755,-8.060579105382667,-31.53256310494109,1301.2,1511.2,-210.0,5,3,0,1.5714285714285714,1.0,0.5714285714285714,1.3714285714285714,2.257142857142857,-0.8857142857142857,0.2,0.15,0.05000000000000002,0.5,0.6,-0.09999999999999998,1,0
Saint Lucia,Saint Martin,-55,-19,0.8,-0.8,-0.20000000000000018,-5.820000000000002,1.02,0,1,1.0,-4.8000000000000025,0.03976696657024992,8.08,0,0,51.94086919206961,-2.0688943439283674,54.00976353599798,1460.4,1328.2,132.20000000000005,22,24,0,1.542857142857143,2.2,-0.6571428571428573,1.1142857142857143,1.542857142857143,-0.4285714285714286,0.25,0.3,-0.04999999999999999,0.6,0.45,0.14999999999999997,0,4
Puerto Rico,Sint Maarten,96,42,-0.40000000000000013,1.0,-0.8000000000000003,78.93,-17.38,0.16,1,0.0,61.709999999999994,-0.11740045895076046,19.080000000000002,0,0,-29.584880191373173,7.484964969357165,-37.06984516073034,1349.8,1444.8,-95.0,19,17,0,2.7714285714285714,1.6285714285714286,1.1428571428571428,1.3714285714285714,2.4857142857142858,-1.1142857142857143,0.4,0.1,0.30000000000000004,0.55,0.7,-0.1499999999999999,2,1
Aruba,Haiti,-452,-203,-2.8,-3.0,1.2,-174.63,0,0,1,0.0,-174.63,0.0,-120.12,0,0,10.467792155976536,-11.325704200024722,21.793496356001256,1487.6,1312.6,175.0,-21,-21,0,1.4,2.5714285714285716,-1.1714285714285717,2.085714285714286,1.1428571428571428,0.9428571428571431,0.1,0.35,-0.24999999999999997,0.5,0.6,-0.09999999999999998,3,5
Belgium,France,-193,-18,-0.3999999999999999,-0.6000000000000001,0.0,-634.4499999999997,125.76,116.84,1,0.2,-391.8499999999997,0.1938526551217047,-317.99,-2,0,-15.082825776653227,-27.131061532082548,12.048235755429321,1856.0,1879.6,-23.59999999999991,-5,-10,0,1.6,1.7714285714285714,-0.17142857142857126,0.8571428571428571,0.8571428571428571,0.0,0.5,0.5,0.0,0.35,0.45,-0.10000000000000003,1,2
Italy,Israel,265,62,1.0,0.20000000000000018,-1.0,442.43000000000006,-128.15,11.14,1,1.0,325.4200000000001,-0.02575058385331941,378.96000000000004,0,0,29.092268850055003,-27.535919600200195,56.628188450255195,1855.8,1788.8,67.0,18,55,0,1.5714285714285714,1.3428571428571427,0.22857142857142865,1.0571428571428572,1.9142857142857144,-0.8571428571428572,0.3,0.15,0.15,0.6,0.7,-0.09999999999999998,4,1
Bosnia and Herzegovina,Hungary,-122,-34,-0.8,0.19999999999999996,0.6000000000000001,-78.99999999999999,-2.8900000000000006,2.14,1,0.16666666666666666,-79.75,-0.07900723016179068,-119.39999999999999,0,0,-35.885680672004995,24.0536101116121,-59.939290783617096,1893.4,1842.2,51.200000000000045,3,-3,0,0.8571428571428571,1.1428571428571428,-0.2857142857142857,2.142857142857143,1.2,0.9428571428571428,0.2,0.45,-0.25,0.45,0.45,0.0,0,2
Germany,Netherlands,9,1,0.3999999999999999,0.19999999999999973,-0.6000000000000001,107.88999999999987,-2.8200000000000003,-15.0,1,0.5333333333333333,90.06999999999994,-0.02299048660029468,59.620000000000005,0,0,13.430650265272053,-5.018096173995152,18.448746439267204,1841.6,1827.2,14.399999999999864,1,-8,0,2.0,2.2857142857142856,-0.2857142857142856,1.0857142857142856,1.1428571428571428,-0.05714285714285716,0.25,0.45,-0.2,0.6,0.55,0.04999999999999993,1,0
Georgia,Albania,11,2,1.0,0.8,-0.19999999999999996,-127.93,-2.01,-6.93,1,0.7333333333333333,-136.87,-0.0735923608824498,15.740000000000009,0,0,41.208789692373536,-14.845422384935473,56.05421207730901,1836.2,1824.6,11.600000000000136,-4,2,0,1.8285714285714285,1.2,0.6285714285714286,1.3428571428571427,1.1142857142857143,0.22857142857142843,0.3,0.35,-0.04999999999999999,0.6,0.35,0.25,0,1
Ukraine,Czech Republic,1,1,0.0,-0.40000000000000013,-0.6000000000000001,78.55000000000007,-2.54,0,1,0.5333333333333333,76.01000000000008,-0.011043478260869488,59.06999999999999,0,0,-15.381236693359014,15.92194363319377,-31.303180326552784,1704.4,1703.8,0.6000000000001364,5,-13,0,1.3714285714285714,1.9714285714285715,-0.6000000000000001,1.2571428571428571,1.3428571428571427,-0.08571428571428563,0.35,0.25,0.09999999999999998,0.55,0.7,-0.1499999999999999,1,1
Iceland,Turkey,-344,-84,-0.6000000000000001,-0.19999999999999996,1.0,-368.90000000000003,60.150000000000006,0,1,0.6666666666666666,-308.75000000000006,0.12337985621019221,-403.21,0,0,56.005123681847934,-15.307365285717438,71.31248896756537,1799.0,1692.0,107.0,-11,-28,0,1.4857142857142858,1.457142857142857,0.028571428571428692,1.5142857142857142,1.2285714285714286,0.2857142857142856,0.35,0.3,0.04999999999999999,0.45,0.6,-0.14999999999999997,2,4
Wales,Montenegro,258,149,1.2,0.4,-0.6000000000000001,71.04,-5.780000000000001,9.39,1,0.5,74.65,0.14684168824837962,57.879999999999995,0,0,0.5281179858248297,3.816491220879754,-3.2883732350549244,1520.4,1726.8,-206.39999999999986,23,54,0,1.1142857142857143,0.8857142857142857,0.22857142857142865,1.2,1.6571428571428573,-0.4571428571428573,0.35,0.25,0.09999999999999998,0.45,0.45,0.0,1,0
Azerbaijan,Slovakia,-333,-176,-1.0,-0.19999999999999996,1.6,-258.4799999999999,42.220000000000006,0,1,0.2,-216.25999999999993,0.13454463354656876,-210.87,0,0,38.15946277953347,26.493176660762234,11.666286118771236,1547.4,1598.8,-51.399999999999864,-10,-23,0,1.3142857142857143,1.7142857142857142,-0.3999999999999999,1.9428571428571428,0.8857142857142857,1.0571428571428572,0.2,0.45,-0.25,0.5,0.45,0.04999999999999999,1,3
Estonia,Sweden,-366,-191,-0.7999999999999999,-1.0,0.6000000000000001,-119.52000000000002,1.58,-0.08,1,0.0,-118.02000000000002,-0.10208990518482408,-199.95000000000002,0,0,-4.260199236768074,-20.98327265462503,16.723073417856956,1612.8,1584.0,28.799999999999955,-17,-36,0,0.7428571428571429,1.8285714285714285,-1.0857142857142856,2.2,1.542857142857143,0.6571428571428573,0.1,0.3,-0.19999999999999998,0.4,0.5,-0.09999999999999998,0,3
Costa Rica,Guatemala,55,15,0.6000000000000001,0.8000000000000003,-0.6000000000000001,68.62,-54.95,0,1,0.26666666666666666,13.669999999999987,-0.19303103616797634,-50.98999999999998,0,0,0.022309002640655606,6.6340344933230755,-6.61172549068242,1493.8,1602.4,-108.60000000000014,54,52,0,1.457142857142857,1.4,0.05714285714285716,1.2285714285714286,0.9428571428571428,0.2857142857142858,0.4,0.4,0.0,0.4,0.35,0.050000000000000044,3,0
Guadeloupe,Martinique,29,19,0.6000000000000001,0.6000000000000001,-0.3999999999999999,11.350000000000001,0.19,1.98,1,0.06666666666666667,13.519999999999996,0.06024430871737907,37.75,0,0,-13.262053671606173,19.95544933814788,-33.217503009754054,1494.2,1536.2,-42.0,0,4,0,1.9142857142857144,0.9142857142857143,1.0,0.8,1.1714285714285715,-0.37142857142857144,0.4,0.4,0.0,0.3,0.4,-0.10000000000000003,0,0
Suriname,Guyana,97,88,1.2,1.0,-1.4000000000000001,-32.74,0.51,-5.67,1,0.8,-37.9,-0.12666395267582486,-50.739999999999995,0,0,-6.500661589475959,-2.7331791904452025,-3.767482399030756,1428.4,1559.6,-131.19999999999982,7,4,0,1.8,1.8285714285714285,-0.02857142857142847,1.0285714285714285,1.8571428571428572,-0.8285714285714287,0.2,0.15,0.05000000000000002,0.5,0.65,-0.15000000000000002,5,1
Dominican Republic,Antigua and Barbuda,338,164,2.1999999999999997,2.4,-1.4,20.879999999999995,-3.13,-1.05,1,1.0,16.699999999999996,-0.04362904903932863,44.480000000000004,0,0,-9.874025618450988,-27.69435673152637,17.820331113075383,1300.4,1325.4,-25.0,-9,-9,0,2.142857142857143,0.9142857142857143,1.2285714285714286,1.1714285714285715,2.257142857142857,-1.0857142857142856,0.4,0.25,0.15000000000000002,0.4,0.4,0.0,5,0
Bermuda,Dominica,130,31,0.7999999999999999,1.2000000000000002,-1.4,2.1299999999999963,-1.54,-0.08,1,1.0,0.5099999999999962,-0.1577201534930095,-5.8100000000000005,0,0,3.525303241455509,2.021096827954924,1.5042064135005848,1358.6,1476.8,-118.20000000000005,6,7,0,1.7142857142857142,1.2857142857142858,0.4285714285714284,2.085714285714286,2.057142857142857,0.028571428571428914,0.25,0.25,0.0,0.6,0.55,0.04999999999999993,3,2
Barbados,Bahamas,96,12,1.0,0.8,-1.2,13.09,-2.05,0.04,1,1.0,11.080000000000002,-0.014647762078845994,2.2600000000000002,0,0,-6.779599334230724,-23.4290357586613,16.649436424430576,1297.4,1232.8,64.60000000000014,14,17,0,1.6285714285714286,1.3714285714285714,0.2571428571428571,2.657142857142857,3.1142857142857143,-0.4571428571428573,0.1,0.1,0.0,0.55,0.6,-0.04999999999999993,6,2
Belize,Turks and Caicos Islands,248,43,0.8,0.7999999999999999,-0.20000000000000018,2.7399999999999984,0,0,1,1.0,2.7399999999999984,0.0,8.94,0,0,20.646545727893777,-19.841789006581365,40.488334734475146,1223.0,1079.2,143.79999999999995,13,17,0,1.0857142857142856,0.8857142857142857,0.19999999999999996,1.3428571428571427,2.5142857142857142,-1.1714285714285715,0.3,0.15,0.15,0.3,0.5,-0.2,3,0
Saint Kitts and Nevis,Cayman Islands,179,38,0.5999999999999999,1.2,-0.19999999999999996,7.1099999999999985,0.01,0.23,1,1.0,7.349999999999998,0.14814814814814814,1.5999999999999996,0,0,-10.864787957660873,-4.49784432904467,-6.366943628616203,1213.0,1207.6,5.400000000000091,15,17,0,1.4,0.9142857142857143,0.48571428571428565,1.4,2.2,-0.8000000000000003,0.25,0.25,0.0,0.4,0.5,-0.09999999999999998,1,1
Scotland,Portugal,-175,-29,-2.0,-0.3999999999999999,1.2000000000000002,-790.1799999999998,-0.86,0,1,0.0,-791.0399999999998,-0.007654650645304795,-588.88,0,0,-66.49004896928385,0.2831322174346038,-66.77318118671845,1827.4,1821.2,6.2000000000000455,-35,-57,0,1.2571428571428571,2.0285714285714285,-0.7714285714285714,1.8857142857142857,0.7714285714285715,1.1142857142857143,0.25,0.5,-0.25,0.55,0.4,0.15000000000000002,0,0
Poland,Croatia,-176,-31,-0.8,-0.19999999999999996,0.8,-87.46000000000004,3.83,-3.47,1,0.3333333333333333,-87.10000000000005,-0.0029531462650286278,-50.84000000000003,0,0,26.540985005695994,9.424875960449665,17.11610904524633,1900.8,1784.6,116.20000000000005,-11,-25,0,1.5142857142857142,1.5142857142857142,0.0,1.4285714285714286,1.0285714285714285,0.40000000000000013,0.3,0.4,-0.10000000000000003,0.6,0.45,0.14999999999999997,3,3
Spain,Serbia,397,39,1.4000000000000001,1.2000000000000002,0.0,587.67,23.229999999999997,0,1,0.6,610.8999999999999,0.14111309623998625,587.73,0,0,26.72723600956446,7.154403241272252,19.57283276829221,1909.6,1877.4,32.19999999999982,13,44,0,2.4,1.1714285714285715,1.2285714285714284,0.6,0.8571428571428571,-0.2571428571428571,0.45,0.35,0.10000000000000003,0.5,0.5,0.0,3,0
Switzerland,Denmark,43,9,-0.5999999999999999,0.0,1.2000000000000002,5.019999999999925,4.029999999999999,-2.65,1,0.16666666666666666,6.39999999999992,0.006040483304759592,3.859999999999985,0,0,-13.03780616827785,25.113381675025252,-38.151187843303106,1919.6,1894.4,25.199999999999818,3,-7,0,1.3428571428571427,1.3142857142857143,0.02857142857142847,1.3142857142857143,0.7428571428571429,0.5714285714285714,0.25,0.4,-0.15000000000000002,0.6,0.45,0.14999999999999997,2,2
Kosovo,Cyprus,400,202,0.0,-0.19999999999999996,-0.40000000000000013,174.89,-7.8999999999999995,-1.27,1,1.0,165.71999999999997,-0.038123391489230274,112.41,0,0,-25.37553766941179,-0.7266981895526745,-24.648839479859117,1558.0,1345.2,212.79999999999995,-42,-81,0,1.2571428571428571,1.0,0.2571428571428571,1.2857142857142858,2.3714285714285714,-1.0857142857142856,0.25,0.1,0.15,0.5,0.45,0.04999999999999999,3,0
Lithuania,Romania,-334,-178,-0.8,-1.2,0.19999999999999996,-217.36,13.96,16.9,1,0.0,-186.5,-0.004734784755565435,-167.32,0,0,2.2168850496634853,9.557970282613933,-7.341085232950448,1348.2,1578.2,-230.0,-8,-27,0,0.7714285714285715,1.5714285714285714,-0.7999999999999999,1.5142857142857142,0.8857142857142857,0.6285714285714286,0.2,0.5,-0.3,0.4,0.4,0.0,1,2
Northern Ireland,Bulgaria,160,129,0.0,0.6,1.0,-29.940000000000033,-0.19999999999999973,0,1,0.06666666666666667,-30.14000000000003,-0.02609238213697007,-42.64,0,0,0.08971222413034852,12.053903960423316,-11.964191736292968,1498.2,1543.8,-45.59999999999991,2,6,0,1.0,0.7428571428571429,0.2571428571428571,1.2571428571428571,0.8857142857142857,0.37142857142857144,0.35,0.4,-0.050000000000000044,0.3,0.35,-0.04999999999999999,5,0
Belarus,Luxembourg,87,45,0.8,0.2,-0.19999999999999996,46.64,-3.3900000000000006,0.38,1,0.6666666666666666,43.629999999999995,-0.0007664512022167447,25.39,0,0,9.680759352916642,0.3866812600841927,9.29407809283245,1552.2,1678.6,-126.39999999999986,-4,-4,0,0.5428571428571428,0.6285714285714286,-0.08571428571428574,1.3714285714285714,1.6,-0.22857142857142865,0.45,0.35,0.10000000000000003,0.25,0.2,0.04999999999999999,1,1
Belgium,Italy,13,3,-1.2,-1.0000000000000002,0.20000000000000018,30.000000000000114,128.32,-8.16,1,0.26666666666666666,150.1600000000002,0.23700172019362165,9.449999999999989,0,0,-24.176031800710398,20.48478734722997,-44.66081914794037,1921.6,1795.8,125.79999999999995,1,-17,0,1.542857142857143,1.7714285714285714,-0.22857142857142843,0.9142857142857143,1.1142857142857143,-0.20000000000000007,0.5,0.25,0.25,0.35,0.65,-0.30000000000000004,0,1
France,Israel,471,83,1.2000000000000002,0.3999999999999999,-1.2000000000000002,1106.8799999999999,-125.59,-113.86,1,0.7333333333333333,867.43,0.01739848121859755,706.4,2,0,-16.211066521096647,-24.354846114077738,8.14377959298109,1861.4,1819.0,42.40000000000009,24,48,0,1.9142857142857144,1.3714285714285714,0.5428571428571429,0.9428571428571428,2.1142857142857143,-1.1714285714285715,0.45,0.15,0.30000000000000004,0.5,0.7,-0.19999999999999996,0,0
Republic of Ireland,Finland,216,113,0.39999999999999997,-0.4,-0.3999999999999999,186.97000000000003,4.75,0.6300000000000003,1,0.6,192.35000000000005,0.10208600399013468,197.19,0,0,-13.493224291872,10.99953344996806,-24.49275774184006,1786.4,1850.0,-63.59999999999991,12,12,0,0.7428571428571429,1.3142857142857143,-0.5714285714285714,1.457142857142857,1.9428571428571428,-0.48571428571428577,0.2,0.25,-0.04999999999999999,0.35,0.45,-0.10000000000000003,1,0
Greece,England,-277,-37,1.2,0.40000000000000013,-0.8,-1253.4600000000003,335.0,161.12,1,0.3333333333333333,-757.3400000000003,0.23402882099148758,-633.45,-4,0,50.467237340055306,-24.230277997114975,74.69751533717027,1634.6,1707.6,-73.0,-16,-26,0,1.9428571428571428,1.5714285714285714,0.37142857142857144,0.6,0.8571428571428571,-0.2571428571428571,0.55,0.35,0.20000000000000007,0.3,0.55,-0.25000000000000006,0,3
Kazakhstan,Austria,-417,-191,-1.2,-2.0,1.0000000000000002,-631.16,4.8,0,1,0.13333333333333333,-626.36,-0.003486585751435567,-342.82,0,0,-18.79347372700879,18.935560311044092,-37.72903403805289,1681.4,1755.0,-73.59999999999991,-5,-2,0,0.9428571428571428,2.1714285714285713,-1.2285714285714284,1.8857142857142857,1.0571428571428572,0.8285714285714285,0.25,0.3,-0.04999999999999999,0.45,0.65,-0.2,0,2
Slovenia,Norway,-230,-53,0.20000000000000018,-0.3999999999999999,-1.0,-341.57000000000005,-25.94,32.09,1,0.3333333333333333,-335.41999999999996,-0.07987526081821206,-162.53000000000003,0,0,24.645075519168827,-38.951943896553814,63.59701941572264,1700.4,1715.4,-15.0,10,17,0,1.3142857142857143,1.7428571428571429,-0.4285714285714286,0.8,1.4285714285714286,-0.6285714285714286,0.45,0.3,0.15000000000000002,0.5,0.6,-0.09999999999999998,1,4
North Macedonia,Latvia,275,165,1.0,1.0,-1.2000000000000002,58.04000000000001,0.56,-4.68,1,1.0,53.920000000000016,-0.009064213941636479,14.89,0,0,-14.009575901511816,7.070805777313485,-21.0803816788253,1426.6,1324.6,102.0,2,2,0,1.3714285714285714,0.8857142857142857,0.48571428571428577,1.4285714285714286,1.8857142857142857,-0.4571428571428571,0.25,0.15,0.1,0.55,0.5,0.050000000000000044,1,0
Armenia,Faroe Islands,-29,-8,0.7999999999999999,0.8,0.20000000000000018,-7.699999999999995,-0.31999999999999995,-0.69,1,0.3333333333333333,-8.709999999999994,-0.1958122745606472,4.6000000000000005,0,0,9.02349916653975,-13.117379673248138,22.140878839787888,1440.8,1466.8,-26.0,2,0,0,1.2285714285714286,0.7428571428571429,0.48571428571428577,1.6,1.4285714285714286,0.17142857142857149,0.0,0.1,-0.1,0.65,0.4,0.25,0,1
Montserrat,Saint Vincent and the Grenadines,-160,-50,-0.7999999999999999,-1.0,0.3999999999999999,-39.10999999999999,0.35000000000000003,0,1,0.0,-38.75999999999999,-0.026736065394667996,-64.32,0,0,4.285281270208669,-17.604477723106886,21.889758993315553,1446.6,1390.6,56.0,-29,-30,0,1.1142857142857143,1.7142857142857142,-0.5999999999999999,2.1142857142857143,2.0285714285714285,0.08571428571428585,0.15,0.15,0.0,0.55,0.8,-0.25,1,2
El Salvador,Bonaire,172,66,1.4,1.4000000000000001,0.19999999999999996,58.43999999999999,-0.72,0.04,1,0.6666666666666666,57.75999999999999,0.0037321173435348465,27.28,0,0,30.54126033613338,-23.35663588832956,53.89789622446294,1405.8,1377.0,28.799999999999955,81,81,0,1.3428571428571427,1.3823529411764706,-0.03949579831932781,1.3714285714285714,1.411764705882353,-0.04033613445378159,0.15,0.2631578947368421,-0.1131578947368421,0.55,0.631578947368421,-0.08157894736842097,1,0
Belize,French Guiana,-67,-23,1.5999999999999999,0.6000000000000001,-0.7999999999999999,-4.930000000000002,1.3900000000000001,0,1,0.6666666666666666,-3.540000000000002,0.15291529152915295,1.6199999999999992,0,0,23.82631637701499,-6.4445388893774105,30.270855266392402,1133.6,1525.4,-391.8000000000002,28,28,0,1.3142857142857143,1.3142857142857143,0.0,1.1142857142857143,1.2857142857142858,-0.17142857142857149,0.35,0.3,0.04999999999999999,0.3,0.4,-0.10000000000000003,2,1
Saint Kitts and Nevis,Cuba,-54,-16,1.4000000000000001,0.8000000000000003,-0.6,-34.57,0.56,0,1,0.5,-34.01,0.012933025404157084,-34.9,0,0,-5.575900934291605,22.750321769663252,-28.326222703954855,1112.4,1501.8,-389.39999999999986,0,2,0,1.4857142857142858,1.0857142857142856,0.40000000000000013,1.2285714285714286,1.6285714285714286,-0.3999999999999999,0.25,0.45,-0.2,0.45,0.35,0.10000000000000003,2,1
Costa Rica,Panama,-81,-26,1.0000000000000002,0.8,-1.0,153.13,-58.27,13.59,1,0.2,108.44999999999999,-0.04314479338175792,-0.6999999999999886,0,0,16.162346735574637,-19.04986556278216,35.212212298356796,1547.6,1645.6,-98.0,30,28,0,1.6,1.4,0.20000000000000018,0.9428571428571428,1.0857142857142856,-0.1428571428571428,0.45,0.3,0.15000000000000002,0.4,0.35,0.050000000000000044,0,1
Jamaica,United States,-155,-33,1.2000000000000002,0.3999999999999999,-0.6,17.329999999999984,8.56,-30.109999999999996,1,0.26666666666666666,-4.219999999999999,-0.1087681908760173,-55.81999999999999,0,0,22.480002729140217,-36.46322795172603,58.94323068086625,1496.2,1823.2,-327.0,-45,-39,0,1.3428571428571427,1.6571428571428573,-0.3142857142857145,0.8571428571428571,1.1714285714285715,-0.3142857142857144,0.45,0.45,0.0,0.55,0.45,0.10000000000000003,0,1
Portugal,Poland,245,39,1.2000000000000002,-0.20000000000000018,-1.4,669.9799999999999,0,3.47,1,0.6,673.4499999999999,0.014921522253278918,457.55,0,0,7.5932617377081275,29.14318921193586,-21.54992747422773,1842.6,1912.8,-70.20000000000005,18,37,0,1.9714285714285715,1.5714285714285714,0.40000000000000013,0.7142857142857143,1.4857142857142858,-0.7714285714285715,0.5,0.3,0.2,0.4,0.6,-0.19999999999999996,5,1
Scotland,Croatia,-106,-21,-1.4000000000000001,-0.8,0.20000000000000018,-207.66000000000003,2.97,0,1,0.4666666666666667,-204.69000000000003,0.004313725342945496,-182.17000000000002,0,0,-56.2614680381217,4.145938319819687,-60.40740635794138,1841.2,1801.2,40.0,-28,-45,0,1.1428571428571428,1.6571428571428573,-0.5142857142857145,1.7428571428571429,1.1428571428571428,0.6000000000000001,0.25,0.4,-0.15000000000000002,0.55,0.5,0.050000000000000044,1,0
Denmark,Spain,-299,-24,-1.2000000000000002,-0.8,0.6,-585.03,9.14,0,1,0.0,-575.89,-0.007258057550852959,-488.24,0,0,24.949574707320046,24.84640885580256,0.1031658515174847,1922.6,1847.2,75.39999999999986,-5,-27,0,1.3714285714285714,2.3142857142857145,-0.9428571428571431,0.8285714285714286,0.5428571428571428,0.2857142857142858,0.4,0.5,-0.09999999999999998,0.45,0.45,0.0,1,2
Switzerland,Serbia,141,24,-0.6,0.4,1.2000000000000002,7.659999999999883,36.4,-2.65,1,0.4666666666666667,41.40999999999988,0.13989552199389288,103.35000000000001,0,0,-15.073973260378292,12.638607480936697,-27.712580741314987,1918.0,1971.2,-53.200000000000045,11,10,0,1.2857142857142858,1.0285714285714285,0.25714285714285734,1.457142857142857,1.0,0.4571428571428571,0.25,0.35,-0.09999999999999998,0.6,0.45,0.14999999999999997,1,1
Cyprus,Lithuania,28,9,0.6,0.19999999999999996,0.6000000000000001,-2.9199999999999946,1.7599999999999998,0,1,1.0,-1.159999999999993,0.13483178109798,-1.0899999999999999,0,0,-0.006357652739884478,0.9185249514564209,-0.9248826041963054,1434.2,1457.4,-23.200000000000045,4,6,0,0.9142857142857143,0.8,0.11428571428571421,2.2857142857142856,1.4285714285714286,0.857142857142857,0.1,0.2,-0.1,0.4,0.45,-0.04999999999999999,2,1
Romania,Kosovo,-94,-33,0.5999999999999999,0.40000000000000013,-0.3999999999999999,45.390000000000015,-7.82,-15.629999999999999,1,0.7777777777777778,21.940000000000026,-0.09197360485318429,56.0,0,0,14.72534090079766,-24.072810286915853,38.798151187713515,1500.2,1478.6,21.600000000000136,46,102,0,1.6,1.4,0.20000000000000018,0.8285714285714286,1.1714285714285715,-0.34285714285714286,0.5,0.3,0.2,0.4,0.45,-0.04999999999999999,0,0
Northern Ireland,Belarus,108,94,0.8,1.4,-0.8,3.089999999999982,-0.4199999999999995,0,1,0.8333333333333334,2.6699999999999875,-0.003932847842276654,-20.3,0,0,13.170051430822332,-1.0829510968941132,14.253002527716445,1353.8,1471.2,-117.40000000000009,4,7,0,1.3428571428571427,0.5142857142857142,0.8285714285714285,1.0285714285714285,1.2285714285714286,-0.20000000000000018,0.4,0.45,-0.04999999999999999,0.25,0.25,0.0,2,0
Luxembourg,Bulgaria,-35,-10,-0.7999999999999999,-0.2,0.19999999999999996,-79.67000000000002,3.6100000000000003,-0.38,1,0.2,-76.44000000000001,-0.021393083092476672,-47.730000000000004,0,0,-1.4183579722796429,15.669280086870657,-17.0876380591503,1561.6,1538.0,23.59999999999991,2,3,0,0.6571428571428571,0.7142857142857143,-0.05714285714285716,1.5714285714285714,1.2571428571428571,0.3142857142857143,0.3,0.35,-0.04999999999999999,0.25,0.35,-0.09999999999999998,0,1
San Marino,Gibraltar,-182,-9,-1.2000000000000002,-0.4,1.2000000000000002,-2.109999999999999,0.48,0.0,1,0.1111111111111111,-1.629999999999999,0.21238938053097356,-2.86,0,0,2.8488318068776795,7.250819891907741,-4.401988085030062,1122.0,1096.6,25.40000000000009,38,67,0,0.4,0.42857142857142855,-0.028571428571428525,2.1714285714285713,2.2857142857142856,-0.11428571428571432,0.1,0.3,-0.19999999999999998,0.3,0.05,0.25,1,1
Saint Lucia,Grenada,-64,-21,1.2,1.0,0.6000000000000001,6.119999999999997,-0.6100000000000001,0.03,1,0.6,5.539999999999997,-0.04338217018332302,5.109999999999999,0,0,32.33617685246924,-16.66043699958297,48.99661385205221,1396.8,1528.6,-131.79999999999995,-3,-1,0,1.457142857142857,0.8857142857142857,0.5714285714285714,1.3714285714285714,2.1714285714285713,-0.7999999999999998,0.25,0.15,0.1,0.6,0.55,0.04999999999999993,0,4
Curaçao,Saint Martin,279,156,0.8,-0.19999999999999996,-1.2000000000000002,189.00000000000006,-16.56,0,1,1.0,172.44000000000005,0.015203536575842946,197.22,0,0,-22.678850341230753,6.7639050498931095,-29.44275539112386,1331.8,1387.0,-55.200000000000045,30,28,0,1.5142857142857142,2.2285714285714286,-0.7142857142857144,1.2571428571428571,1.4857142857142858,-0.22857142857142865,0.25,0.35,-0.09999999999999998,0.45,0.4,0.04999999999999999,5,0
Puerto Rico,Aruba,215,67,1.6,1.5999999999999999,-1.0,85.09,-18.43,0,1,0.4444444444444444,66.66,-0.19496456151486308,16.92,0,0,-13.055308733562935,0.7695137248864405,-13.824822458449376,1327.0,1495.4,-168.4000000000001,-1,-1,0,2.8857142857142857,1.542857142857143,1.3428571428571427,1.3428571428571427,2.3142857142857145,-0.9714285714285718,0.4,0.1,0.30000000000000004,0.55,0.5,0.050000000000000044,5,1
Sint Maarten,Haiti,-333,-178,-1.2,-2.6,1.0000000000000002,-168.47,-1.05,-0.16,1,0.0,-169.68,-0.07756410256410262,-122.28000000000002,0,0,-2.35869068459111,-6.469882834894626,4.111192150303515,1424.2,1296.8,127.40000000000009,-41,-39,0,1.6285714285714286,2.942857142857143,-1.3142857142857145,2.4285714285714284,1.2857142857142858,1.1428571428571426,0.1,0.35,-0.24999999999999997,0.7,0.65,0.04999999999999993,0,8
Barbados,Guyana,-252,-92,1.5999999999999999,2.0,-1.4,-61.26999999999999,-1.6199999999999999,0,1,0.06666666666666667,-62.889999999999986,-0.14579958614023003,-68.47,0,0,3.47207492360071,-19.236079355544135,22.708154279144843,1193.6,1522.4,-328.8000000000002,10,11,0,2.085714285714286,1.8,0.2857142857142858,2.4285714285714284,2.1714285714285713,0.2571428571428571,0.1,0.15,-0.04999999999999999,0.6,0.65,-0.050000000000000044,1,4
Cayman Islands,Guadeloupe,-377,-178,0.0,-0.3999999999999999,0.8,-45.75000000000001,-0.01,-0.23,1,0.5,-45.99,-0.14814814814814814,-67.44,0,0,3.665697926683599,-0.17223231730944555,3.8379302439930445,1240.0,1528.2,-288.20000000000005,19,17,0,0.9142857142857143,1.7142857142857142,-0.7999999999999999,2.142857142857143,0.7428571428571429,1.4,0.2,0.45,-0.25,0.55,0.25,0.30000000000000004,0,6
Honduras,Mexico,-190,-48,0.0,0.40000000000000013,-0.19999999999999996,5.659999999999968,25.909999999999997,-8.55,1,0.26666666666666666,23.02000000000001,0.08527117199471856,-89.49000000000001,0,0,-18.183883567735005,-0.8165047659929492,-17.367378801742056,1653.4,1846.0,-192.5999999999999,-19,-15,0,1.6857142857142857,1.4857142857142858,0.19999999999999996,1.0857142857142856,1.3142857142857143,-0.22857142857142865,0.45,0.45,0.0,0.35,0.35,0.0,2,0
Suriname,Canada,-247,-58,0.3999999999999999,1.8,-0.3999999999999999,-5.520000000000017,0.81,-5.67,1,0.0,-10.380000000000017,-0.11657167798993007,-19.73,0,0,5.888178058190343,5.216939259370999,0.6712387988193438,1438.2,1892.0,-453.79999999999995,-37,-31,0,1.9142857142857144,1.1714285714285715,0.7428571428571429,1.0571428571428572,1.5142857142857142,-0.4571428571428571,0.15,0.25,-0.1,0.55,0.55,0.0,0,1
Germany,Bosnia and Herzegovina,376,80,1.8,1.6,-1.0,660.0300000000001,7.3,-15.0,1,0.7777777777777778,652.3300000000002,0.12860433020355033,567.9699999999999,0,0,28.872202107378214,-42.939966210867574,71.8121683182458,1862.0,1830.0,32.0,23,37,0,2.0285714285714285,0.7714285714285715,1.2571428571428571,1.0571428571428572,2.2,-1.142857142857143,0.3,0.2,0.09999999999999998,0.6,0.4,0.19999999999999996,7,0
Netherlands,Hungary,245,45,-0.6000000000000001,1.0,0.40000000000000013,473.1400000000002,7.2299999999999995,2.14,1,0.8666666666666667,482.5100000000002,0.07258758664205434,388.94999999999993,0,0,-16.55835487990755,15.763246818455482,-32.32160169836303,1840.6,1767.0,73.59999999999991,25,42,0,2.057142857142857,1.2571428571428571,0.7999999999999998,1.1142857142857143,1.1428571428571428,-0.02857142857142847,0.45,0.45,0.0,0.5,0.45,0.04999999999999999,4,0
Albania,Czech Republic,-101,-34,-0.19999999999999996,-1.0,-0.8,97.9600000000001,0,0,1,0.3333333333333333,97.9600000000001,0.0,-0.17000000000001592,0,0,2.8564715480351808,1.3005800722634802,1.5558914757717006,1775.0,1722.0,53.0,-8,-30,0,1.1714285714285715,1.8857142857142857,-0.7142857142857142,0.9714285714285714,1.3428571428571427,-0.37142857142857133,0.35,0.25,0.09999999999999998,0.35,0.7,-0.35,0,0
Georgia,Ukraine,-91,-33,0.19999999999999996,0.19999999999999996,0.19999999999999996,-108.51999999999998,0.5300000000000002,-6.93,1,0.13333333333333333,-114.91999999999999,-0.06254888262158032,-43.5,0,0,27.111873149477788,-20.515410790241376,47.62728393971916,1770.6,1717.0,53.59999999999991,-17,-15,0,1.542857142857143,1.3428571428571427,0.20000000000000018,1.4,1.2285714285714286,0.17142857142857126,0.3,0.35,-0.04999999999999999,0.55,0.6,-0.04999999999999993,1,1
Montenegro,Iceland,-99,-101,-0.8,-0.9999999999999999,-0.8,-34.72000000000001,-2.38,-9.39,1,0.5,-46.490000000000016,-0.20758715084705337,39.2,0,0,3.1283904896908403,55.286407548074706,-52.15801705838386,1694.4,1773.0,-78.59999999999991,-23,-51,0,0.8571428571428571,1.6,-0.742857142857143,1.542857142857143,1.7428571428571429,-0.19999999999999996,0.25,0.35,-0.09999999999999998,0.45,0.45,0.0,0,2
Turkey,Wales,185,36,0.3999999999999999,0.8,-0.3999999999999999,332.58000000000004,-51.99,0,1,0.4166666666666667,280.59000000000003,-0.06263439361151846,306.13,0,0,-11.848993363735255,-10.62962949870258,-1.2193638650326761,1635.4,1596.6,38.80000000000018,11,25,0,1.6571428571428573,1.1142857142857143,0.5428571428571429,1.3142857142857143,1.1428571428571428,0.17142857142857149,0.3,0.4,-0.10000000000000003,0.6,0.4,0.19999999999999996,0,0
Azerbaijan,Estonia,-3,-1,0.0,0.6,0.20000000000000018,-3.2899999999999983,0.75,0.08,1,0.3333333333333333,-2.459999999999998,0.09489650671482663,-1.3200000000000003,0,0,17.866161866917338,-11.410487156851453,29.27664902376879,1555.0,1657.0,-102.0,-2,-5,0,1.3142857142857143,0.5714285714285714,0.7428571428571429,2.057142857142857,2.3714285714285714,-0.3142857142857145,0.2,0.05,0.15000000000000002,0.55,0.4,0.15000000000000002,0,0
Sweden,Slovakia,36,16,0.0,0.40000000000000013,0.19999999999999996,-135.6699999999999,39.89,0,1,0.6,-95.7799999999999,0.1417380320165662,-9.599999999999994,0,0,-0.9501077355765402,23.109598819545276,-24.059706555121817,1482.4,1543.4,-61.0,9,18,0,2.0,1.8571428571428572,0.1428571428571428,1.4,0.9142857142857143,0.48571428571428565,0.3,0.4,-0.10000000000000003,0.5,0.5,0.0,2,1
Andorra,Moldova,-186,-26,-1.2000000000000002,-0.6,0.19999999999999996,-15.200000000000003,2.79,-0.03,1,0.26666666666666666,-12.440000000000001,0.09829665999878778,-8.82,0,0,-20.176052061186663,40.91671780304562,-61.09276986423228,1213.2,1250.0,-36.799999999999955,2,1,0,0.34285714285714286,1.0571428571428572,-0.7142857142857143,1.7428571428571429,1.3428571428571427,0.40000000000000013,0.15,0.3,-0.15,0.2,0.45,-0.25,0,1
Bermuda,Antigua and Barbuda,162,36,1.8,2.4,-0.3999999999999999,8.139999999999997,-1.98,0.11,1,0.4,6.269999999999997,-0.06543350717079555,3.1699999999999995,0,0,17.878238475036813,-26.48452234165333,44.36276081669014,1365.0,1360.6,4.400000000000091,-6,-9,0,1.8285714285714285,0.8,1.0285714285714285,1.9714285714285715,2.5142857142857142,-0.5428571428571427,0.25,0.2,0.04999999999999999,0.6,0.4,0.19999999999999996,2,1
Dominican Republic,Dominica,306,159,2.4,2.4,-2.6,14.869999999999994,-2.6899999999999995,-1.24,1,1.0,10.939999999999996,-0.13591569536154258,35.5,0,0,-10.305639316180628,3.09040735769932,-13.396046673879948,1199.8,1423.0,-223.20000000000005,3,7,0,2.4,1.4,1.0,1.0571428571428572,2.057142857142857,-0.9999999999999998,0.45,0.2,0.25,0.35,0.6,-0.25,6,1
Israel,Belgium,-278,-65,-0.6000000000000001,-0.3999999999999999,1.0,-472.4300000000002,-0.16999999999999993,-2.9800000000000004,1,0.0,-475.58000000000027,-0.21125113634030224,-388.40999999999997,0,0,-22.581459095327965,-36.186663854404614,13.60520475907665,1936.0,1880.4,55.59999999999991,-19,-38,0,1.2,1.457142857142857,-0.2571428571428571,2.0285714285714285,0.9428571428571428,1.0857142857142856,0.2,0.5,-0.3,0.65,0.3,0.35000000000000003,1,0
Italy,France,-206,-21,0.6000000000000001,0.5999999999999999,0.0,-664.4499999999998,-2.5600000000000023,125.0,1,0.4,-542.0099999999999,-0.04314906507191696,-327.44,-2,0,29.82631195960193,-29.148900339675183,58.97521229927712,1791.4,1750.2,41.200000000000045,-6,7,0,1.8285714285714285,1.8,0.02857142857142847,1.0,0.8857142857142857,0.11428571428571432,0.3,0.45,-0.15000000000000002,0.6,0.5,0.09999999999999998,1,3
England,Republic of Ireland,321,52,1.2,1.6,-0.7999999999999999,1128.0700000000002,-335.0,-176.43,1,0.6666666666666666,616.6400000000002,-0.3563441187840364,568.31,4,0,-16.22779915336814,-5.164799432134198,-11.06299972123394,1627.2,1691.4,-64.20000000000005,19,36,0,1.6857142857142857,0.8,0.8857142857142857,0.7428571428571429,1.2857142857142858,-0.5428571428571429,0.4,0.25,0.15000000000000002,0.5,0.3,0.2,5,0
Finland,Greece,-260,-128,-2.4,-1.4,1.4000000000000001,-61.57999999999997,-4.75,14.68,1,0.4,-51.64999999999998,0.020229293802414117,-132.05,0,0,-6.278675039253028,38.18170313352975,-44.46037817278278,1833.2,1781.2,52.0,-15,-22,0,1.1428571428571428,1.7714285714285714,-0.6285714285714286,1.9142857142857144,0.8,1.1142857142857143,0.25,0.55,-0.30000000000000004,0.45,0.25,0.2,0,2
Norway,Kazakhstan,494,207,1.8,2.0,-0.6000000000000001,481.53,0.5,-32.09,1,0.3333333333333333,449.93999999999994,-0.04971408929509835,255.61000000000004,0,0,-35.757070335975946,-21.36978479588744,-14.387285540088506,1681.4,1780.2,-98.79999999999995,4,7,0,1.9428571428571428,0.8,1.1428571428571428,1.4,1.8857142857142857,-0.48571428571428577,0.3,0.25,0.04999999999999999,0.6,0.45,0.14999999999999997,5,0
Austria,Slovenia,153,37,0.6000000000000001,1.4000000000000001,-0.8,491.20000000000005,20.64,0,1,0.8333333333333334,511.84000000000003,0.13307593586474598,249.74,0,0,12.888362979300652,17.552800612185386,-4.664437632884734,1659.4,1690.0,-30.59999999999991,-9,-22,0,2.2285714285714286,1.3142857142857143,0.9142857142857144,0.9428571428571428,1.0857142857142856,-0.1428571428571428,0.35,0.45,-0.10000000000000003,0.6,0.5,0.09999999999999998,1,1
North Macedonia,Faroe Islands,166,133,1.4000000000000001,0.8,-0.8,53.97000000000001,0.09,-4.609999999999999,1,0.6666666666666666,49.45000000000002,-0.057536375178489974,13.420000000000002,0,0,-7.46267165841941,-1.1729524406842717,-6.289719217735138,1337.8,1371.0,-33.200000000000045,2,7,0,1.3428571428571427,0.8,0.5428571428571427,1.2,1.2857142857142858,-0.08571428571428585,0.3,0.15,0.15,0.5,0.35,0.15000000000000002,1,0
Latvia,Armenia,-80,-24,0.0,-0.6,0.19999999999999996,3.629999999999998,-0.15000000000000008,0.76,1,0.4666666666666667,4.2399999999999975,0.1473401133237937,-6.070000000000001,0,0,-8.59927415712251,-7.64325291913226,-0.9560212379902504,1453.6,1437.6,16.0,-2,5,0,0.6857142857142857,1.0857142857142856,-0.3999999999999999,1.8857142857142857,1.5714285714285714,0.3142857142857143,0.15,0.0,0.15,0.45,0.6,-0.14999999999999997,1,2
Saint Vincent and the Grenadines,Bonaire,132,41,1.2,1.2000000000000002,0.19999999999999996,37.63999999999999,-0.48000000000000004,0.04,1,0.3333333333333333,37.19999999999999,0.0034945623404959436,66.87,0,0,-1.0482029036466223,-13.311638368839164,12.263435465192542,1350.6,1377.0,-26.40000000000009,44,48,0,1.7428571428571429,1.2857142857142858,0.4571428571428571,1.8857142857142857,1.3714285714285714,0.5142857142857142,0.15,0.25,-0.1,0.8,0.6,0.20000000000000007,3,1
El Salvador,Montserrat,200,75,1.7999999999999998,1.6,-0.6000000000000001,59.90999999999999,-0.5900000000000001,0,1,0.8333333333333334,59.319999999999986,0.0269736203977069,24.730000000000004,0,0,36.610899136594234,2.2144704885063344,34.3964286480879,1340.2,1380.2,-40.0,66,63,0,1.4,1.1428571428571428,0.2571428571428571,1.1142857142857143,2.085714285714286,-0.9714285714285715,0.2,0.15,0.05000000000000002,0.55,0.55,0.0,1,0
Croatia,Portugal,-69,-8,-1.2000000000000002,-1.0,0.5999999999999999,-582.5199999999999,-3.83,0,1,0.26666666666666666,-586.3499999999999,-0.01196837598825029,-406.71,0,0,-9.757845697474558,7.841229280726496,-17.599074978201052,1787.0,1773.2,13.799999999999955,-7,-12,0,1.542857142857143,2.2857142857142856,-0.7428571428571427,1.1714285714285715,0.8,0.37142857142857144,0.4,0.45,-0.04999999999999999,0.45,0.45,0.0,1,1
Poland,Scotland,-70,-10,0.0,0.6000000000000001,1.4,120.19999999999997,0.86,-3.47,1,0.4,117.58999999999997,-0.007266871607974124,131.32999999999998,0,0,25.449777424785374,-28.106869240156428,53.5566466649418,1892.4,1878.4,14.0,17,20,0,1.6,1.1714285714285715,0.4285714285714286,1.8857142857142857,1.6857142857142857,0.19999999999999996,0.25,0.25,0.0,0.65,0.55,0.09999999999999998,1,2
Serbia,Denmark,-98,-15,-0.3999999999999999,-0.7999999999999999,0.19999999999999996,-2.639999999999958,-32.37,0,1,0.06666666666666667,-35.00999999999996,-0.1338550386891333,-99.49000000000002,0,0,15.03174463457506,15.78895441001359,-0.757209775438529,1979.8,1960.2,19.59999999999991,-8,-17,0,1.0285714285714285,1.3714285714285714,-0.34285714285714297,1.0857142857142856,0.9142857142857143,0.17142857142857137,0.3,0.35,-0.04999999999999999,0.5,0.5,0.0,0,0
Spain,Switzerland,256,15,2.2,1.2,-1.8000000000000003,580.01,-13.17,2.65,1,0.5333333333333333,569.49,0.001217574246093367,484.38,0,0,24.72596093095683,-17.213267538532453,41.93922846948928,1812.4,1863.6,-51.19999999999982,2,34,0,2.2285714285714286,1.2571428571428571,0.9714285714285715,0.6,1.4285714285714286,-0.8285714285714286,0.45,0.25,0.2,0.5,0.6,-0.09999999999999998,3,2
Kosovo,Lithuania,428,211,2.0,1.0,-1.2,171.97,-6.14,-1.27,1,1.0,164.55999999999997,0.09670838960874972,111.32,0,0,-33.46845458029954,-22.224212053865735,-11.244242526433808,1419.8,1505.4,-85.60000000000014,-38,-75,0,1.2285714285714286,0.7714285714285715,0.4571428571428572,1.0571428571428572,1.542857142857143,-0.48571428571428577,0.35,0.2,0.14999999999999997,0.4,0.45,-0.04999999999999999,1,0
Romania,Cyprus,306,169,1.4000000000000001,1.6,-1.8000000000000003,220.28,-15.72,-16.9,1,1.0,187.66,-0.13009699634241456,168.41,0,0,22.326731966720214,9.347994159667964,12.97873780705225,1451.8,1513.0,-61.200000000000045,4,21,0,1.6,0.9428571428571428,0.6571428571428573,0.7428571428571429,2.2,-1.4571428571428573,0.5,0.1,0.4,0.4,0.45,-0.04999999999999999,4,1
Luxembourg,Northern Ireland,-195,-139,-1.6,-1.6,0.8,-49.72999999999998,3.81,-0.38,1,0.26666666666666666,-46.29999999999998,0.004699299044493399,-5.09,0,0,-7.087620290877663,32.95925886820258,-40.04687915908025,1472.8,1433.8,39.0,0,-3,0,0.6,1.4,-0.7999999999999999,1.4857142857142858,0.8857142857142857,0.6000000000000001,0.3,0.45,-0.15000000000000002,0.2,0.2,0.0,2,2
Bulgaria,Belarus,-52,-35,0.40000000000000013,0.0,0.4,33.030000000000015,-0.21999999999999975,0,1,0.4666666666666667,32.81000000000002,0.022159534294693417,22.340000000000003,0,0,38.61219459359699,-9.88904035639848,48.50123494999547,1480.4,1470.0,10.400000000000091,2,1,0,0.6285714285714286,0.45714285714285713,0.17142857142857143,1.1428571428571428,1.2857142857142858,-0.14285714285714302,0.4,0.4,0.0,0.3,0.25,0.04999999999999999,1,1
Liechtenstein,San Marino,33,1,0.19999999999999996,0.19999999999999996,0.0,0.13999999999999999,-0.02,-0.02,1,0.6666666666666666,0.09999999999999998,-0.13793103448275867,0.18,0,0,27.78099734008926,8.568935817967533,19.21206152212173,1117.6,1074.0,43.59999999999991,2,2,0,0.34285714285714286,0.4,-0.05714285714285716,1.7714285714285714,2.0285714285714285,-0.2571428571428571,0.15,0.1,0.04999999999999999,0.15,0.3,-0.15,1,3
Grenada,Saint Martin,9,2,0.7999999999999999,0.3999999999999999,-2.0,-11.94,1.63,-0.03,1,1.0,-10.34,0.08314913675357294,2.9700000000000006,0,0,-5.280962818576906,-9.380141140957004,4.099178322380098,1455.6,1457.4,-1.800000000000182,25,25,0,1.1714285714285715,1.9428571428571428,-0.7714285714285714,1.9142857142857144,1.7428571428571429,0.17142857142857149,0.2,0.35,-0.14999999999999997,0.5,0.35,0.15000000000000002,0,3
Saint Lucia,Curaçao,-334,-175,-0.19999999999999996,-1.0000000000000002,1.8000000000000003,-194.82000000000005,17.58,0,1,1.0,-177.24000000000004,0.02456342999440697,-189.14000000000001,0,0,8.191393895668554,-12.45251426468624,20.643908160354794,1425.4,1358.6,66.80000000000018,-8,-4,0,1.3142857142857143,1.8571428571428572,-0.5428571428571429,1.6285714285714286,1.1714285714285715,0.4571428571428571,0.2,0.3,-0.09999999999999998,0.6,0.45,0.14999999999999997,1,4
Aruba,Sint Maarten,-119,-25,-1.2,-0.19999999999999996,-0.3999999999999999,-6.16,1.05,0.16,1,0.0,-4.949999999999999,0.07756410256410262,2.16,0,0,-8.204337455283262,6.223393551317631,-14.427731006600894,1522.6,1498.8,23.799999999999955,20,18,0,1.4285714285714286,1.4857142857142858,-0.05714285714285716,2.5714285714285716,2.8,-0.2285714285714282,0.1,0.1,0.0,0.5,0.65,-0.15000000000000002,0,1
Puerto Rico,Haiti,-237,-136,-1.2,-3.0,0.8,-89.53999999999999,-18.43,0,1,0.0,-107.97,-0.19496456151486308,-103.20000000000002,0,0,-12.268694296462375,2.7354624150491578,-15.004156711511532,1370.0,1322.6,47.40000000000009,-22,-22,0,2.8,3.5142857142857142,-0.7142857142857144,1.3714285714285714,1.0857142857142856,0.2857142857142858,0.35,0.4,-0.050000000000000044,0.6,0.6,0.0,0,3
Cuba,Saint Kitts and Nevis,54,16,-2.0,-1.4,0.8,34.57,-0.56,0,1,0.0,34.01,-0.012933025404157084,34.9,0,0,4.91880050306243,7.140575968710193,-2.221775465647763,1537.6,1168.4,369.1999999999998,0,-2,0,1.0285714285714285,1.6285714285714286,-0.6000000000000001,1.8,1.2571428571428571,0.5428571428571429,0.4,0.25,0.15000000000000002,0.4,0.5,-0.09999999999999998,4,0
Panama,Costa Rica,81,26,-0.40000000000000013,-0.3999999999999999,0.7999999999999999,-153.13,58.27,-13.59,1,1.0,-108.44999999999999,0.04314479338175792,0.6999999999999886,0,0,-19.049865562782166,16.162346735574644,-35.21221229835681,1686.0,1624.0,62.0,-30,-28,0,1.3428571428571427,1.457142857142857,-0.11428571428571432,1.0285714285714285,0.9428571428571428,0.08571428571428563,0.35,0.4,-0.050000000000000044,0.35,0.4,-0.050000000000000044,2,2
United States,Jamaica,155,33,-0.20000000000000018,0.19999999999999996,0.6,-17.329999999999984,-8.56,30.109999999999996,1,0.8666666666666667,4.219999999999999,0.1087681908760173,55.81999999999999,0,0,-13.82047322523646,10.368287520982493,-24.188760746218954,1764.6,1621.4,143.19999999999982,45,39,0,1.4857142857142858,1.1714285714285715,0.3142857142857143,1.0571428571428572,0.8285714285714286,0.22857142857142854,0.5,0.45,0.04999999999999999,0.4,0.5,-0.09999999999999998,4,2
Bosnia and Herzegovina,Netherlands,-367,-79,-1.4000000000000001,-1.7999999999999998,2.0,-552.1400000000002,-10.120000000000001,0,1,0.1111111111111111,-562.2600000000002,-0.151594816803845,-508.34999999999997,0,0,-42.950577965896585,-16.743086967676646,-26.20749099821994,1850.6,1777.2,73.39999999999986,-22,-45,0,0.6857142857142857,2.2285714285714286,-1.542857142857143,2.5714285714285716,1.0285714285714285,1.5428571428571431,0.2,0.45,-0.25,0.35,0.5,-0.15000000000000002,1,1
Hungary,Germany,-254,-46,-1.6,-2.8,1.4,-581.0300000000001,-4.409999999999999,12.86,1,0.3333333333333333,-572.5800000000002,-0.049597100041759656,-448.56999999999994,0,0,1.75327241184797,26.414971133869365,-24.661698722021395,1800.0,1749.2,50.799999999999955,-26,-34,0,1.0857142857142856,2.5428571428571427,-1.457142857142857,1.4857142857142858,0.9142857142857143,0.5714285714285715,0.4,0.35,0.050000000000000044,0.45,0.6,-0.14999999999999997,1,1
Albania,Ukraine,-102,-35,0.3999999999999999,-0.6,-0.5999999999999999,19.410000000000025,2.54,0,1,0.26666666666666666,21.950000000000017,0.011043478260869488,-59.24000000000001,0,0,13.586015746988407,-28.776841642643646,42.362857389632055,1692.2,1671.8,20.40000000000009,-13,-17,0,1.1714285714285715,1.3428571428571427,-0.17142857142857126,0.8857142857142857,1.2285714285714286,-0.34285714285714297,0.4,0.35,0.050000000000000044,0.35,0.6,-0.25,1,2
Czech Republic,Georgia,90,32,0.20000000000000018,0.19999999999999996,0.5999999999999999,29.969999999999914,2.01,6.93,1,0.16666666666666666,38.90999999999991,0.0735923608824498,-15.569999999999993,0,0,-3.718209392390387,26.818507885264218,-30.536717277654606,1670.0,1688.0,-18.0,12,28,0,1.8,1.5714285714285714,0.22857142857142865,1.2571428571428571,1.3428571428571427,-0.08571428571428563,0.25,0.3,-0.04999999999999999,0.7,0.55,0.1499999999999999,2,1
Wales,Iceland,159,48,0.40000000000000013,-0.8,-1.2000000000000002,36.31999999999999,-8.16,0,1,0.7777777777777778,28.159999999999982,-0.06074546259867375,97.08,0,0,1.7425670814112566,50.30360412394643,-48.56103704253517,1641.0,1672.8,-31.799999999999955,0,3,0,1.0857142857142856,1.7428571428571429,-0.6571428571428573,0.9428571428571428,1.542857142857143,-0.6000000000000001,0.45,0.4,0.04999999999999999,0.4,0.45,-0.04999999999999999,4,1
Montenegro,Turkey,-443,-185,-2.2,-1.4000000000000001,1.0,-403.62000000000006,57.77,-9.39,1,0.13333333333333333,-355.24000000000007,-0.08420729463686116,-364.01,0,0,-9.583141602638927,-2.0265420175508795,-7.556599585088048,1675.4,1586.8,88.60000000000014,-34,-79,0,0.7142857142857143,1.542857142857143,-0.8285714285714286,1.5714285714285714,1.2,0.37142857142857144,0.25,0.3,-0.04999999999999999,0.4,0.6,-0.19999999999999996,3,1
Slovakia,Estonia,330,175,1.2,1.2000000000000002,-0.6000000000000001,255.1899999999999,-41.470000000000006,0.08,1,1.0,213.79999999999993,-0.039648126831742125,209.55,0,0,13.925152576222862,-10.378573841713612,24.303726417936474,1480.2,1546.2,-66.0,8,18,0,1.7428571428571429,0.5428571428571428,1.2000000000000002,1.0,2.1714285714285713,-1.1714285714285713,0.4,0.1,0.30000000000000004,0.5,0.35,0.15000000000000002,1,0
Sweden,Azerbaijan,369,192,2.4,2.0,-1.4000000000000001,122.81000000000002,-2.33,0,1,0.8,120.48000000000002,0.007193398469997447,201.27,0,0,5.84879465567158,7.86616186691734,-2.0173672112457597,1466.4,1540.2,-73.79999999999995,19,41,0,2.057142857142857,1.1142857142857143,0.9428571428571426,1.3714285714285714,2.0,-0.6285714285714286,0.3,0.2,0.09999999999999998,0.5,0.55,-0.050000000000000044,6,0
Malta,Andorra,212,35,1.2000000000000002,0.4,-0.19999999999999996,2.560000000000003,-0.5299999999999999,0.03,1,0.6666666666666666,2.0600000000000027,-0.06633444555184831,2.1300000000000003,0,0,13.686196391489938,-24.765989488200095,38.452185879690035,1248.4,1148.8,99.60000000000014,-2,-6,0,0.7142857142857143,0.2857142857142857,0.4285714285714286,1.6571428571428573,1.6857142857142857,-0.02857142857142847,0.3,0.1,0.19999999999999998,0.25,0.2,0.04999999999999999,0,0
Antigua and Barbuda,Dominica,-32,-5,-0.6,-0.7999999999999999,-0.6000000000000001,-6.010000000000002,0.43999999999999995,-0.19,1,0.8,-5.760000000000001,-0.09228664632221395,-8.98,0,0,-40.311175951523836,-5.967941871623739,-34.3432340799001,1396.4,1390.0,6.400000000000091,12,16,0,0.7428571428571429,1.3428571428571427,-0.5999999999999999,2.6285714285714286,2.4571428571428573,0.17142857142857126,0.15,0.2,-0.05000000000000002,0.45,0.65,-0.2,0,0
Dominican Republic,Bermuda,176,128,0.6000000000000001,1.4000000000000004,-0.7999999999999999,12.739999999999998,-1.1499999999999997,-1.16,1,1.0,10.43,0.02180445813146692,41.31,0,0,9.019384531475517,14.216082905742816,-5.196698374267299,1235.2,1270.4,-35.200000000000045,-3,0,0,2.7714285714285714,1.8,0.9714285714285713,1.0285714285714285,1.8857142857142857,-0.8571428571428572,0.45,0.2,0.25,0.4,0.65,-0.25,6,1
French Guiana,Belize,67,23,-2.8,-1.2000000000000002,1.6,4.930000000000002,-1.3900000000000001,0,1,0.26666666666666666,3.540000000000002,-0.15291529152915295,-1.6199999999999992,0,0,-17.118040902935928,23.82631637701499,-40.94435727995092,1520.6,1117.8,402.79999999999995,-28,-28,0,1.3142857142857143,1.4285714285714286,-0.11428571428571432,1.457142857142857,1.0571428571428572,0.3999999999999999,0.25,0.35,-0.09999999999999998,0.45,0.35,0.10000000000000003,2,2
Guadeloupe,Cayman Islands,377,178,0.0,0.5999999999999999,-1.4000000000000001,45.75000000000001,0.01,0.23,1,1.0,45.99,0.14814814814814814,67.44,0,0,-2.9702511026388896,5.850950696113184,-8.821201798752075,1492.4,1268.8,223.60000000000014,-19,-17,0,1.9428571428571428,0.8285714285714286,1.1142857142857143,0.7142857142857143,2.5142857142857142,-1.7999999999999998,0.45,0.15,0.30000000000000004,0.25,0.55,-0.30000000000000004,1,0
Guyana,Barbados,252,92,-1.5999999999999999,-1.8,1.1999999999999997,61.26999999999999,1.6199999999999999,0,1,0.8666666666666667,62.889999999999986,0.14579958614023003,68.47,0,0,-24.662420686495835,2.6060856534582104,-27.268506339954044,1501.2,1151.6,349.60000000000014,-10,-11,0,1.9142857142857144,2.142857142857143,-0.22857142857142843,2.1714285714285713,2.5142857142857142,-0.34285714285714297,0.15,0.1,0.04999999999999999,0.65,0.65,0.0,5,3
Canada,Suriname,247,58,0.8000000000000003,-0.8,-0.6,5.520000000000017,-0.81,5.67,1,1.0,10.380000000000017,0.11657167798993007,19.73,0,0,0.8422858460799922,16.422296803014547,-15.580010956934554,1817.2,1598.4,218.79999999999995,37,31,0,1.1714285714285715,1.8,-0.6285714285714286,1.3428571428571427,1.0,0.34285714285714275,0.3,0.15,0.15,0.5,0.55,-0.050000000000000044,3,0
Mexico,Honduras,190,48,-0.6000000000000001,-0.6000000000000001,0.19999999999999996,-5.659999999999968,-25.909999999999997,8.55,1,0.6,-23.02000000000001,-0.08527117199471856,89.49000000000001,0,0,-20.81650476599295,1.816116432264998,-22.632621198257947,1803.4,1638.4,165.0,19,15,0,1.4,1.8285714285714285,-0.4285714285714286,1.3428571428571427,0.9714285714285714,0.37142857142857133,0.45,0.45,0.0,0.3,0.35,-0.04999999999999999,4,0
Canada,Mexico,-35,-10,0.6000000000000001,-0.19999999999999996,0.0,-161.99,35.519999999999996,1.87,1,0.3333333333333333,-124.60000000000001,0.1650332767974927,-137.53,0,0,13.868402124762754,-8.19699320443413,22.065395329196882,1720.0,1738.8,-18.799999999999955,-55,-59,0,1.3714285714285714,1.5714285714285714,-0.19999999999999996,1.2857142857142858,1.1714285714285715,0.11428571428571432,0.3,0.45,-0.15000000000000002,0.5,0.3,0.2,0,2
United States,Panama,91,14,1.5999999999999999,1.2000000000000002,-1.4,57.83000000000003,1.2599999999999998,5.79,1,0.8,64.88000000000002,0.11928648055623903,-2.3400000000000034,0,0,1.4308976294646678,-32.80567016721775,34.236567796682415,1717.4,1747.6,-30.199999999999818,26,24,0,1.9428571428571428,1.3142857142857143,0.6285714285714286,1.1428571428571428,1.4857142857142858,-0.34285714285714297,0.45,0.3,0.15000000000000002,0.45,0.4,0.04999999999999999,0,1
Croatia,France,-171,-13,-1.0,-0.8000000000000003,0.6,-854.4199999999998,126.48,125.0,1,0.26666666666666666,-602.9399999999998,0.20542218794489175,-499.96,-2,0,-10.439923466874966,-21.35238363675706,10.912460169882095,1787.0,1750.2,36.799999999999955,3,2,0,1.4857142857142858,2.0,-0.5142857142857142,1.1714285714285715,0.8285714285714286,0.34285714285714286,0.4,0.45,-0.04999999999999999,0.45,0.5,-0.04999999999999999,2,0
Denmark,Portugal,-112,-18,-1.2000000000000002,-1.2000000000000002,0.19999999999999996,-657.5499999999998,-6.35,0,1,0.2,-663.8999999999999,-0.0259204833047596,-467.4,0,0,1.3308133016877095,1.6202195531290062,-0.2894062514412967,1932.0,1773.2,158.79999999999995,-14,-26,0,1.2,2.0,-0.8,0.8571428571428571,0.8285714285714286,0.02857142857142847,0.4,0.4,0.0,0.45,0.5,-0.04999999999999999,1,0
Italy,Germany,-103,-15,-0.20000000000000018,-0.6000000000000001,0.5999999999999999,-237.92000000000007,-126.34,15.0,1,0.2,-349.2600000000001,-0.23175235797952087,-165.73999999999995,0,0,21.7061929801551,14.805328323981405,6.900864656173697,1791.4,1749.2,42.200000000000045,-8,9,0,1.7142857142857142,2.3142857142857145,-0.6000000000000003,1.1714285714285715,0.8571428571428571,0.3142857142857144,0.3,0.35,-0.04999999999999999,0.6,0.6,0.0,1,2
Netherlands,Spain,-197,-8,-1.8,-1.0,0.19999999999999996,-189.99999999999977,11.780000000000001,0,1,0.6666666666666666,-178.2199999999998,0.012865641328663191,-148.91000000000008,0,0,-27.701975364789085,27.47267661389924,-55.174651978688324,1777.2,1840.6,-63.399999999999864,0,-9,0,2.1142857142857143,2.4,-0.2857142857142856,1.0285714285714285,0.7714285714285715,0.257142857142857,0.45,0.4,0.04999999999999999,0.5,0.55,-0.050000000000000044,2,2
Austria,Serbia,81,11,1.0,2.0,-0.3999999999999999,432.92999999999995,33.42,0,1,0.4,466.34999999999997,0.1519268096269879,259.06,0,0,7.038883509693641,25.489884949293597,-18.451001439599956,1659.4,1920.0,-260.5999999999999,-9,-16,0,2.2,0.9428571428571428,1.2571428571428573,0.9714285714285714,1.0285714285714285,-0.05714285714285705,0.3,0.3,0.0,0.65,0.5,0.15000000000000002,1,1
Greece,Scotland,-40,-5,1.0,0.6000000000000001,-0.19999999999999996,26.659999999999982,0.86,-18.88,1,0.5,8.639999999999986,-0.12816291643620015,61.68000000000001,0,0,34.6173077363894,-20.412187585173857,55.02949532156326,1781.2,1878.4,-97.20000000000005,14,23,0,1.7714285714285714,1.1714285714285715,0.5999999999999999,0.6857142857142857,1.6571428571428573,-0.9714285714285715,0.6,0.25,0.35,0.2,0.55,-0.35000000000000003,0,1
Turkey,Hungary,187,40,0.8,1.0,0.0,294.8900000000001,-50.010000000000005,2.14,1,0.06666666666666667,247.02000000000007,-0.053610604677677975,273.28,0,0,-24.429680485594496,18.1055965467466,-42.5352770323411,1535.2,1800.0,-264.79999999999995,16,26,0,1.5142857142857142,1.1428571428571428,0.37142857142857144,1.4,1.3714285714285714,0.02857142857142847,0.3,0.35,-0.04999999999999999,0.6,0.5,0.09999999999999998,3,1
Ukraine,Belgium,-135,-22,1.4000000000000001,0.7999999999999999,-0.40000000000000013,-309.98000000000013,2.01,8.16,1,0.3333333333333333,-299.8100000000002,0.01249443055056787,-261.51,0,0,-11.0847835591662,-54.02132333758954,42.936539778423345,1671.8,1880.4,-208.60000000000014,-4,-19,0,1.3714285714285714,1.2,0.17142857142857149,1.1142857142857143,1.0,0.11428571428571432,0.35,0.45,-0.10000000000000003,0.6,0.3,0.3,3,1
Armenia,Georgia,-274,-157,0.0,0.20000000000000007,0.6000000000000001,-115.85000000000002,1.5999999999999999,6.17,1,0.4166666666666667,-108.08000000000001,-0.13422291442838497,-139.45,0,0,1.038134430093009,14.420211074311148,-13.382076644218138,1437.6,1688.0,-250.4000000000001,6,-2,0,1.1428571428571428,1.4,-0.2571428571428571,1.542857142857143,1.4285714285714286,0.11428571428571432,0.0,0.3,-0.3,0.65,0.55,0.09999999999999998,0,3
Bulgaria,Republic of Ireland,-276,-159,0.40000000000000013,0.0,-0.8,-178.29000000000002,-3.64,3.57,1,0.26666666666666666,-178.36,-0.028769243891859086,-156.75,0,0,44.75730030378705,-8.060046621718694,52.817346925505746,1480.4,1691.4,-211.0,-10,-18,0,0.6857142857142857,0.7428571428571429,-0.05714285714285716,1.1714285714285715,1.6285714285714286,-0.4571428571428571,0.35,0.2,0.14999999999999997,0.35,0.3,0.04999999999999999,1,2
Kosovo,Iceland,160,50,1.8,0.3999999999999999,-2.4,91.89999999999998,-7.22,-1.27,1,0.0,83.40999999999995,-0.04166632666569281,91.36,0,0,-36.728371540825094,31.262393683990993,-67.99076522481609,1353.0,1724.4,-371.4000000000001,-45,-89,0,1.2285714285714286,1.5142857142857142,-0.2857142857142856,0.8857142857142857,1.8857142857142857,-1.0,0.4,0.35,0.050000000000000044,0.35,0.5,-0.15000000000000002,2,1
Slovakia,Slovenia,-8,-2,0.6000000000000001,0.6000000000000001,-0.6000000000000001,78.94999999999996,-16.400000000000002,0,1,0.3333333333333333,62.549999999999955,-0.02005170337659179,97.6,0,0,5.46721569134743,27.911889670755162,-22.44467397940773,1480.2,1690.0,-209.79999999999995,-2,-4,0,1.6571428571428573,1.2285714285714286,0.4285714285714286,1.0,1.0571428571428572,-0.05714285714285716,0.4,0.45,-0.04999999999999999,0.5,0.5,0.0,0,0
United States,Canada,30,8,0.3999999999999999,1.0000000000000002,0.20000000000000007,116.99,-7.75,-7.8,1,0.4666666666666667,101.43999999999998,-0.08228003004424589,101.28999999999999,0,0,-3.66398011630881,11.47300891176383,-15.136989028072641,1698.2,1721.0,-22.799999999999955,49,53,0,1.8571428571428572,1.2857142857142858,0.5714285714285714,1.0285714285714285,1.2571428571428571,-0.22857142857142865,0.4,0.3,0.10000000000000003,0.45,0.5,-0.04999999999999999,1,2
Panama,Mexico,-96,-16,-0.6000000000000001,-0.40000000000000013,1.6,-102.83000000000006,26.509999999999998,-11.719999999999999,1,0.06666666666666667,-88.04000000000005,-0.03653323380299223,-33.900000000000006,0,0,-8.423262128480046,-6.506113568458533,-1.9171485600215128,1747.6,1762.0,-14.400000000000091,-32,-30,0,1.4,1.5142857142857142,-0.11428571428571432,1.3428571428571427,1.1142857142857143,0.22857142857142843,0.35,0.5,-0.15000000000000002,0.4,0.25,0.15000000000000002,1,2
France,Croatia,171,13,0.3999999999999999,0.19999999999999996,-0.19999999999999996,854.4199999999998,-126.48,-125.0,1,0.4666666666666667,602.9399999999998,-0.20542218794489175,499.96,2,0,-28.301142662692964,-7.8407685113779175,-20.460374151315047,1754.6,1856.4,-101.80000000000018,-3,-2,0,1.8571428571428572,1.5142857142857142,0.34285714285714297,0.9428571428571428,1.1428571428571428,-0.19999999999999996,0.45,0.4,0.04999999999999999,0.45,0.45,0.0,2,0
Germany,Italy,103,15,1.2000000000000002,0.8,-1.0,237.92000000000007,126.34,-15.0,1,0.6,349.2600000000001,0.23175235797952087,165.73999999999995,0,0,18.161851214211282,10.267943734357262,7.89390747985402,1730.4,1865.0,-134.5999999999999,8,-9,0,2.3142857142857145,1.6571428571428573,0.6571428571428573,0.8571428571428571,1.2571428571428571,-0.4,0.35,0.3,0.04999999999999999,0.6,0.6,0.0,3,3
Portugal,Denmark,112,18,0.6000000000000001,1.0,-0.19999999999999996,657.5499999999998,6.35,0,1,0.6,663.8999999999999,0.0259204833047596,467.4,0,0,-19.56360709900341,18.98382486547023,-38.54743196447364,1785.8,1974.0,-188.20000000000005,14,26,0,1.7714285714285714,1.0857142857142856,0.6857142857142857,0.8285714285714286,0.8285714285714286,0.0,0.4,0.4,0.0,0.45,0.45,0.0,5,2
Spain,Netherlands,197,8,1.4000000000000001,0.6000000000000001,0.0,189.99999999999977,-11.780000000000001,0,1,0.3333333333333333,178.2199999999998,-0.012865641328663191,148.91000000000008,0,0,21.299235741450694,-9.273203907792734,30.572439649243428,1852.4,1814.8,37.600000000000136,0,9,0,2.3142857142857145,2.142857142857143,0.1714285714285717,0.8857142857142857,1.0,-0.11428571428571432,0.35,0.45,-0.10000000000000003,0.6,0.5,0.09999999999999998,3,3
Belgium,Ukraine,135,22,-2.0,-0.8,1.0,309.98000000000013,-2.01,-8.16,1,0.16666666666666666,299.8100000000002,-0.01249443055056787,261.51,0,0,-52.54862311451943,1.3702044952241046,-53.91882760974353,1814.8,1699.0,115.79999999999995,4,19,0,1.2571428571428571,1.4285714285714286,-0.17142857142857149,1.1714285714285715,1.1142857142857143,0.05714285714285716,0.4,0.3,0.10000000000000003,0.35,0.65,-0.30000000000000004,3,0
Hungary,Turkey,-187,-40,-1.0,-0.8,0.6000000000000001,-294.8900000000001,50.010000000000005,-2.14,1,0.6666666666666666,-247.02000000000007,0.053610604677677975,-273.28,0,0,6.19035113209484,-11.278728118719966,17.469079250814808,1861.8,1566.6,295.20000000000005,-16,-26,0,1.0857142857142856,1.6285714285714286,-0.5428571428571429,1.6285714285714286,1.2571428571428571,0.37142857142857144,0.3,0.3,0.0,0.55,0.6,-0.04999999999999993,0,3
Scotland,Greece,40,5,0.19999999999999996,-0.19999999999999996,-0.4,-26.659999999999982,-0.86,18.88,1,1.0,-8.639999999999986,0.12816291643620015,-61.68000000000001,0,0,-4.578011404646176,23.173545566500646,-27.751556971146822,1835.4,1798.0,37.40000000000009,-14,-23,0,1.1142857142857143,1.4857142857142858,-0.37142857142857144,1.542857142857143,0.7714285714285715,0.7714285714285715,0.25,0.55,-0.30000000000000004,0.55,0.2,0.35000000000000003,0,3
Serbia,Austria,-81,-11,-1.0000000000000002,-1.8,0.4,-432.92999999999995,-33.42,0,1,0.4666666666666667,-466.34999999999997,-0.1519268096269879,-259.06,0,0,19.03960673153667,8.932894233577725,10.106712497958943,1916.6,1627.8,288.79999999999995,9,16,0,0.8571428571428571,2.2285714285714286,-1.3714285714285714,1.0,0.9428571428571428,0.05714285714285716,0.3,0.3,0.0,0.5,0.65,-0.15000000000000002,2,0
Georgia,Armenia,274,157,0.0,0.19999999999999996,-0.8,115.85000000000002,-1.5999999999999999,-6.17,1,0.5333333333333333,108.08000000000001,0.13422291442838497,139.45,0,0,21.69537448580005,0.10241401235865988,21.592960473441387,1635.4,1453.4,182.0,-6,2,0,1.6,1.1142857142857143,0.48571428571428577,1.2857142857142858,1.6571428571428573,-0.37142857142857144,0.35,0.0,0.35,0.55,0.6,-0.04999999999999993,6,1
Iceland,Kosovo,-160,-50,-1.8,0.0,2.0,-91.89999999999998,7.22,1.27,1,0.6666666666666666,-83.40999999999995,0.04166632666569281,-91.36,0,0,14.33608992550204,-15.21746450586431,29.55355443136635,1687.6,1401.0,286.5999999999999,45,89,0,1.4285714285714286,1.2571428571428571,0.17142857142857149,1.8857142857142857,0.9142857142857143,0.9714285714285714,0.35,0.4,-0.050000000000000044,0.5,0.35,0.15000000000000002,1,3
Republic of Ireland,Bulgaria,276,159,0.8,0.4,0.19999999999999996,178.29000000000002,3.64,-3.57,1,0.6,178.36,0.028769243891859086,156.75,0,0,-9.159709705634157,34.69294914718303,-43.852658852817186,1627.4,1503.6,123.80000000000018,10,18,0,0.8285714285714286,0.6285714285714286,0.20000000000000007,1.6,1.2857142857142858,0.3142857142857143,0.2,0.3,-0.09999999999999998,0.3,0.4,-0.10000000000000003,2,1
Slovenia,Slovakia,8,2,-0.6000000000000001,-0.7999999999999999,0.6000000000000001,-78.94999999999996,16.400000000000002,0,1,0.4,-62.549999999999955,0.02005170337659179,-97.6,0,0,23.145070400864707,-9.476458887233848,32.62152928809856,1741.2,1548.4,192.79999999999995,2,4,0,1.0,1.5714285714285714,-0.5714285714285714,1.0285714285714285,0.9714285714285714,0.05714285714285705,0.45,0.45,0.0,0.5,0.5,0.0,1,0
Germany,Portugal,-1,-1,0.6000000000000001,0.5999999999999996,0.0,-154.62999999999977,-6.53,-15.0,1,1.0,-176.15999999999974,-0.02878727102553813,-68.45000000000005,0,0,17.21375760388091,4.542801495889556,12.670956107991355,1785.0,1812.4,-27.40000000000009,-8,-16,0,2.4,1.9714285714285715,0.4285714285714284,1.0285714285714285,0.9142857142857143,0.11428571428571421,0.35,0.35,0.0,0.6,0.5,0.09999999999999998,1,2
Spain,France,85,1,0.20000000000000018,1.2000000000000002,0.8,-344.41999999999985,114.82000000000001,125.0,1,0.6,-104.59999999999991,0.1987281381792354,-72.40999999999997,-2,0,11.105882284128503,-27.814273061463236,38.92015534559174,1872.8,1814.6,58.200000000000045,1,15,0,2.4,1.7714285714285714,0.6285714285714286,1.0857142857142856,0.8857142857142857,0.19999999999999996,0.35,0.5,-0.15000000000000002,0.6,0.4,0.19999999999999996,5,4
Germany,France,-103,-6,0.20000000000000018,0.9999999999999998,-0.20000000000000018,-426.52999999999975,123.78,110.0,1,0.4666666666666667,-192.74999999999977,0.18860329290760391,-161.70000000000005,-2,0,0.33293972571329,-32.561184503920366,32.894124229633654,1787.0,1870.2,-83.20000000000005,2,-2,0,2.342857142857143,1.6571428571428573,0.6857142857142857,1.1428571428571428,1.2857142857142858,-0.14285714285714302,0.35,0.45,-0.10000000000000003,0.6,0.45,0.14999999999999997,0,2
Portugal,Spain,-187,-6,-0.20000000000000018,-0.3999999999999999,-1.2,72.51999999999987,15.49,0,1,0.26666666666666666,88.00999999999988,0.018662425753906642,-20.840000000000032,0,0,21.219075907985733,11.105882284128503,10.11319362385723,1847.2,1935.2,-88.0,9,-1,0,2.085714285714286,2.6,-0.5142857142857142,1.0,1.3714285714285714,-0.37142857142857144,0.3,0.35,-0.04999999999999999,0.55,0.6,-0.04999999999999993,2,2
